<?xml version="1.0" encoding="utf-8"?>
<COLLADA xmlns="http://www.collada.org/2005/11/COLLADASchema" version="1.4.1" xmlns:xsi="http://www.w3.org/2001/XMLSchema-instance">
  <asset>
    <contributor>
      <author>Blender User</author>
      <authoring_tool>Blender 4.4.3 commit date:2025-04-29, commit time:14:09, hash:802179c51ccc</authoring_tool>
    </contributor>
    <created>2026-06-21T21:28:29</created>
    <modified>2026-06-21T21:28:29</modified>
    <unit name="meter" meter="1"/>
    <up_axis>Z_UP</up_axis>
  </asset>
  <library_cameras>
    <camera id="Camera-camera" name="Camera">
      <optics>
        <technique_common>
          <perspective>
            <xfov sid="xfov">39.59775</xfov>
            <aspect_ratio>1.777778</aspect_ratio>
            <znear sid="znear">0.1</znear>
            <zfar sid="zfar">100</zfar>
          </perspective>
        </technique_common>
      </optics>
      <extra>
        <technique profile="blender">
          <shiftx sid="shiftx" type="float">0</shiftx>
          <shifty sid="shifty" type="float">0</shifty>
          <dof_distance sid="dof_distance" type="float">10</dof_distance>
        </technique>
      </extra>
    </camera>
  </library_cameras>
  <library_lights>
    <light id="Light-light" name="Light">
      <technique_common>
        <point>
          <color sid="color">1000 1000 1000</color>
          <constant_attenuation>1</constant_attenuation>
          <linear_attenuation>0</linear_attenuation>
          <quadratic_attenuation>0</quadratic_attenuation>
        </point>
      </technique_common>
      <extra>
        <technique profile="blender">
          <type sid="type" type="int">0</type>
          <flag sid="flag" type="int">0</flag>
          <mode sid="mode" type="int">2097153</mode>
          <red sid="red" type="float">1</red>
          <green sid="green" type="float">1</green>
          <blue sid="blue" type="float">1</blue>
          <energy sid="blender_energy" type="float">1000</energy>
          <spotsize sid="spotsize" type="float">75</spotsize>
          <spotblend sid="spotblend" type="float">0.15</spotblend>
          <clipsta sid="clipsta" type="float">0.04999995</clipsta>
          <clipend sid="clipend" type="float">40</clipend>
          <radius sid="radius" type="float">0.1</radius>
          <area_shape sid="area_shape" type="int">1</area_shape>
          <area_size sid="area_size" type="float">0.1</area_size>
          <area_sizey sid="area_sizey" type="float">0.1</area_sizey>
          <area_sizez sid="area_sizez" type="float">1</area_sizez>
        </technique>
      </extra>
    </light>
  </library_lights>
  <library_effects>
    <effect id="_60_160_160-effect">
      <profile_COMMON>
        <technique sid="common">
          <lambert>
            <emission>
              <color sid="emission">0 0 0 1</color>
            </emission>
            <diffuse>
              <color sid="diffuse">0.627451 0.627451 0.627451 1</color>
            </diffuse>
            <index_of_refraction>
              <float sid="ior">1.5</float>
            </index_of_refraction>
          </lambert>
        </technique>
      </profile_COMMON>
    </effect>
  </library_effects>
  <library_images/>
  <library_materials>
    <material id="_60_160_160-material" name="160,160,160">
      <instance_effect url="#_60_160_160-effect"/>
    </material>
  </library_materials>
  <library_geometries>
    <geometry id="Soporte_Camara-mesh" name="Soporte_Camara">
      <mesh>
        <source id="Soporte_Camara-mesh-positions">
          <float_array id="Soporte_Camara-mesh-positions-array" count="2955">0 -32.92163 16.83388 0 -32.19905 19.22718 0 -31.57588 19.56133 0 -5.497286 0.17276 0 -5.31589 -1.411137 0 -5.236371 8.475205 0 -4.687848 -2.876469 0 -4.6 0 0 -4.37486 -1.421478 0 -4.37486 1.421478 0 -3.721478 -2.703812 0 -3.721478 2.703812 0 -3.665929 -4.100117 0 -2.703812 -3.721477 0 -2.703812 3.721477 0 -2.335994 -4.979271 0 -1.421478 -4.374859 0 -1.421478 4.374863 0 -0.8097869 -5.440056 0 0 -4.599998 0 0 4.600002 0 0.7844591 -5.443768 0 1.421478 -4.374859 0 1.421478 4.374863 0 2.312794 -4.990086 0 2.703812 -3.721477 0 2.703812 3.721477 0 3.646806 -4.117134 0 3.721478 -2.703812 0 3.721478 2.703812 0 4.37486 -1.421478 0 4.37486 1.421478 0 4.6 0 0 4.67441 -2.898258 0 8.77882 3.721477 0 8.850014 3.699982 0 9.931905 3.895634 0 10.799 6.76759 0.5 -32.58749 16.2107 0.5 -30.9527 19.89546 0.5 -5.997039 0.1884651 0.5 -5.841473 -1.370102 0.5 -5.748176 8.107438 0.5 -5.287821 -2.835304 0.5 -4.373812 -4.107281 0.5 -4.1 0 0.5 -3.85274 -1.402279 0.5 -3.85274 1.402283 0.5 -3.161735 -5.099358 0.5 -3.140782 -2.635429 0.5 -3.140782 2.635429 0.5 -2.05 -3.550705 0.5 -2.05 3.550709 0.5 -1.734191 -5.743916 0.5 -0.7119579 -4.037712 0.5 -0.7119579 4.037712 0.5 -0.1884648 -5.997036 0.5 0.7119581 -4.037712 0.5 0.7119581 4.037712 0.5 1.370105 -5.841473 0.5 2.05 -3.550705 0.5 2.05 3.550709 0.5 2.835305 -5.287819 0.5 3.140782 -2.635429 0.5 3.140782 2.635429 0.5 3.85274 -1.402279 0.5 3.85274 1.402283 0.5 4.1 0 0.5 4.107283 -4.37381 0.5 5.099356 -3.161732 0.5 9.274365 3.571865 0.5 10.81209 7.285931 1.426327 9.274365 3.571865 1.5 -30.96121 15.7197 1.5 -6.886822 8.451214 2 -29.61274 15.83487 2 -29.17919 17.27084 2 -7.108527 9.040444 2 -6.674979 10.47642 2.087429 9.547137 4.011799 2.17242 9.838499 4.48172 2.215527 -31.63017 15.92167 2.92004 11.32277 5.04258 3.375483 -31.00699 16.25581 3.375483 -30.57345 17.6918 4.200001 -4.1 0 4.200001 -4 0 4.200001 -3.85274 -1.402279 4.200001 -3.85274 1.402283 4.200001 -3.758771 -1.368076 4.200001 -3.758771 1.36808 4.200001 -3.140782 -2.635429 4.200001 -3.140782 2.635429 4.200001 -3.064178 -2.571148 4.200001 -3.064178 2.571152 4.200001 -2.05 -3.550705 4.200001 -2.05 3.550709 4.200001 -2 -3.4641 4.200001 -2 3.464104 4.200001 -0.7119579 -4.037712 4.200001 -0.7119579 4.037712 4.200001 -0.6945929 -3.939232 4.200001 -0.6945929 3.939236 4.200001 0.6945931 -3.939232 4.200001 0.6945931 3.939236 4.200001 0.7119581 -4.037712 4.200001 0.7119581 4.037712 4.200001 2 -3.4641 4.200001 2 3.464104 4.200001 2.05 -3.550705 4.200001 2.05 3.550709 4.200001 3.064178 -2.571148 4.200001 3.064178 2.571152 4.200001 3.140782 -2.635429 4.200001 3.140782 2.635429 4.200001 3.758771 -1.368076 4.200001 3.758771 1.36808 4.200001 3.85274 -1.402279 4.200001 3.85274 1.402283 4.200001 4 0 4.200001 4.1 0 4.5 -5.997039 0.1884651 4.5 -5.841473 -1.370102 4.5 -5.748176 8.107438 4.5 -5.287821 -2.835304 4.5 -4.373812 -4.107281 4.5 -3.161735 -5.099358 4.5 -1.734191 -5.743916 4.5 -0.1884648 -5.997036 4.5 1.370105 -5.841473 4.5 2.835305 -5.287819 4.5 4.107283 -4.37381 4.5 5.099356 -3.161732 4.5 9.838499 4.48172 4.700001 -3.440406 -0.6431236 4.700001 -3.440406 0.6431275 4.700001 -2.97576 -1.84251 4.700001 -2.97576 1.842514 4.700001 -2.109221 -2.793056 4.700001 -2.109221 2.79306 4.700001 -0.9578199 -3.366386 4.700001 -0.9578199 3.36639 4.700001 0.3229391 -3.485069 4.700001 0.3229391 3.485073 4.700001 1.560084 -3.133072 4.700001 1.560084 3.133076 4.700001 2.586531 -2.357933 4.700001 2.586531 2.357937 4.700001 3.263653 -1.264347 4.700001 3.263653 1.264347 4.700001 3.5 0 5 -5.497286 0.17276 5 -5.31589 -1.411137 5 -5.252631 7.957821 5 -4.987083 7.877647 5 -4.687848 -2.876469 5 -3.665929 -4.100117 5 -3.440406 -0.6431236 5 -3.440406 0.6431275 5 -2.97576 -1.84251 5 -2.97576 1.842514 5 -2.335994 -4.979271 5 -2.109221 -2.793056 5 -2.109221 2.79306 5 -0.9578199 -3.366386 5 -0.9578199 3.36639 5 -0.8097869 -5.440056 5 0.3229391 -3.485069 5 0.3229391 3.485073 5 0.7844591 -5.443768 5 1.560084 -3.133072 5 1.560084 3.133076 5 2.312794 -4.990086 5 2.586531 -2.357933 5 2.586531 2.357937 5 3.263653 -1.264347 5 3.263653 1.264347 5 3.5 0 5 3.646806 -4.117134 5 4.67441 -2.898258 5 8.77882 3.721477 5.5 -4.216947 8.167424 7 -3.3943 9.485928 7 11.32277 5.04258 17.15332 33.83189 -3.320198 17.15332 34.26543 -1.88422 17.18659 34.67837 -4.098057 17.79049 35.6518 -4.391956 18.36114 35.77877 -3.907993 18.36114 36.21231 -2.472019 26.5003 -10.53175 11.64085 26.52673 3.518373 7.398865 26.59158 1.687744 7.951565 26.74747 -8.580963 11.05187 26.74884 -12.48238 12.22978 26.89123 5.31651 6.855976 27.11465 -0.1602548 8.50951 27.47594 -6.743783 10.4972 27.47859 -14.31909 12.78432 27.48864 -0.9311699 8.742264 27.66662 6.991044 6.350403 27.9446 -1.660532 8.962471 28.0517 1.63295 6.401234 28.47755 -2.340381 9.167733 28.5003 -11.97418 6.853428 28.5003 1.431959 2.805874 28.50989 2.636988 5.575806 28.56014 -11.94949 9.979722 28.56014 -10.26468 9.471051 28.57476 -0.2150489 6.959179 28.61435 1.138466 6.02824 28.64323 -5.127357 10.00917 28.64701 -15.93476 13.27211 28.68497 0.8263151 6.122482 28.74133 -13.65301 7.360298 28.74133 -10.29535 6.346561 28.74133 -0.2468718 3.312748 28.74133 3.11079 2.299007 28.77223 0.5180451 6.215557 28.78351 4.115826 5.129322 28.81359 8.457126 5.907772 28.87589 0.2144661 6.307209 29.03226 -13.57254 10.46975 29.03226 -8.641631 8.981019 29.04428 -2.002644 8.21019 29.21513 -0.5378889 6.534359 29.41927 5.488831 4.714787 29.44657 -15.20733 7.829571 29.44657 -8.74103 5.877281 29.44657 -1.801192 3.782021 29.44657 4.66511 1.829731 29.5003 -12.26321 5.896107 29.5003 1.142927 1.848556 29.51624 -1.72106 7.413872 29.65471 -1.241044 6.746651 29.74464 -13.81517 6.36467 29.74464 -10.71125 5.427544 29.74464 -0.4090349 2.31712 29.74464 2.694889 1.379993 29.93158 -3.655009 9.56464 29.9419 -15.01485 10.90521 29.9419 -7.19932 8.545563 30.01408 -3.712947 9.582131 30.09731 -3.769931 9.599335 30.18125 -3.825952 9.61625 30.18595 -17.23518 13.66473 30.18699 -1.882805 6.940414 30.27405 9.640472 5.550495 30.38014 6.676023 4.35635 30.41746 -2.113727 7.010132 30.45598 -15.22924 6.791603 30.45598 -9.297187 5.000614 30.45598 -1.823098 2.744053 30.45598 4.108952 0.9530602 30.49832 -3.317272 8.607098 30.5637 -16.52186 8.226452 30.5637 -7.426498 5.4804 30.5637 -3.115724 4.178902 30.5637 5.979642 1.43285 30.6491 8.699847 4.978916 30.66002 -2.333025 7.07634 30.7003 -12.26321 5.896107 30.7003 -9.950959 13.55466 30.7003 1.142927 1.848556 30.7003 3.455181 9.507115 30.914 -2.540119 7.13887 30.93328 -13.59983 6.299656 30.93328 -11.28757 13.95821 30.93328 -10.9266 5.492561 30.93328 -8.614341 13.15112 30.93328 -0.1936898 2.252102 30.93328 2.118565 9.91066 30.93328 2.479544 1.445011 30.93328 4.791798 9.103562 30.96143 7.916856 4.504009 30.97028 -3.035688 7.81078 31.2003 -12.1187 6.374767 31.2003 -10.09547 13.07601 31.2003 1.287443 2.327217 31.2003 3.310665 9.02845 31.22237 -16.17069 11.25418 31.22237 -6.043485 8.196595 31.42946 -13.3629 6.75042 31.42946 -11.33968 13.45166 31.42946 -10.87449 5.999119 31.42946 -8.851268 12.70036 31.42946 0.04323709 2.702862 31.42946 2.06646 9.404099 31.42946 2.531649 1.951569 31.42946 4.554871 8.652806 31.5711 -16.37976 7.138966 31.5711 -8.14667 4.653252 31.5711 -2.973617 3.091415 31.5711 5.259471 0.6056976 31.60699 -14.7916 6.659477 31.60699 -12.47935 14.31803 31.60699 -9.734823 5.132744 31.60699 -7.422568 12.7913 31.60699 -1.385463 2.611919 31.60699 0.9267911 10.27048 31.60699 3.671318 1.085194 31.60699 5.983572 8.743744 31.61015 7.608245 4.074894 31.79468 61.18183 -11.57764 31.79468 62.04893 -8.705677 31.89918 7.767776 4.02673 32.00506 -3.223494 7.345192 32.00565 -18.1445 13.93927 32.00987 -17.49911 8.521508 32.00987 -6.449247 5.185352 32.00987 -4.092975 4.473949 32.00987 6.956893 1.137802 32.01091 -4.082237 8.767392 32.05566 10.51045 5.287834 32.08932 -14.45704 7.080757 32.08932 -12.43382 13.78199 32.08932 -9.780356 5.668781 32.08932 -7.757132 12.37002 32.08932 -1.050899 3.033203 32.08932 0.9723241 9.73444 32.08932 3.625785 1.621231 32.08932 5.649008 8.322464 32.19637 7.9129 3.982914 32.23644 58.1444 -10.66058 32.23644 58.57795 -9.224598 32.33458 60.97021 -12.03603 32.33458 62.12634 -8.206753 32.43071 9.569828 4.716255 32.50096 8.043235 3.943565 32.55 61.59339 -11.70189 32.55 62.46048 -8.82993 32.60845 10.68553 5.234974 32.64842 -15.70939 6.936573 32.64842 -13.39713 14.59512 32.64842 -8.817039 4.855648 32.64842 -6.504784 12.5142 32.64842 -2.303247 2.889019 32.64842 0.009008109 10.54757 32.64842 4.589101 0.808094 32.64842 6.901355 8.466652 32.68414 59.65892 -11.64013 32.74304 8.786836 4.241348 32.77979 -16.95531 11.49107 32.77979 -5.258861 7.959702 32.99092 -17.1645 7.375896 32.99092 -7.361923 4.416321 32.99092 -3.758363 3.328346 32.99092 6.044217 0.3687668 33.08633 8.245754 3.88242 33.10029 -15.26914 7.325943 33.10029 -13.24591 14.02718 33.10029 -8.968257 5.423595 33.10029 -6.945035 12.12483 33.10029 -1.862996 3.278389 33.10029 0.1602261 9.979626 33.10029 4.437883 1.376045 33.10029 6.461105 8.077282 33.17246 10.82397 5.19318 33.21665 -3.68466 7.484425 33.67783 -18.06661 8.692837 33.67783 -5.881755 5.014015 33.67783 -4.660467 4.645287 33.67783 7.524385 0.966465 33.68925 8.393742 3.837738 33.74505 10.92511 5.162643 33.77005 9.898571 4.617001 33.79087 9.044031 4.163696 33.94471 -16.25372 7.100914 33.94471 -13.94147 14.75947 33.94471 -8.272703 4.691303 33.94471 -5.960447 12.34986 33.94471 -2.847584 3.05336 33.94471 -0.5353289 10.71192 33.94471 5.133438 0.6437531 33.94471 7.445692 8.302304 34 -31.00699 16.25581 34 -30.57345 17.6918 34 -18.6097 14.07973 34 -17.59503 12.2065 34 -4.330106 8.201588 34 -4.238399 8.250164 34 -4.188893 8.158951 34.3042 8.485846 3.809929 34.34043 -15.70124 7.456406 34.34043 -13.67802 14.15764 34.34043 -8.536149 5.293133 34.34043 -6.512927 11.99437 34.34043 -2.295104 3.408848 34.34043 -0.2718819 10.11009 34.34043 4.869991 1.245583 34.34043 6.893213 7.946819 34.5 -31.63017 15.92167 34.5 -17.3112 11.59852 34.5 -4.902968 7.852253 34.5 -3.905063 7.550968 34.58928 -17.51375 7.481338 34.58928 -7.012678 4.310875 34.58928 -4.107607 3.433788 34.58928 6.393462 0.2633247 34.70218 8.515084 3.801105 34.83319 -17.32761 11.60347 34.83319 -4.886566 7.847301 34.83319 -3.921466 7.55592 35.10128 8.52088 3.799355 35.16681 -17.32762 11.60348 35.16681 -4.886551 7.847298 35.16681 -3.92148 7.555927 35.35538 -16.36563 7.134701 35.35538 -14.05337 14.79325 35.35538 -8.160799 4.65752 35.35538 -5.848544 12.31607 35.35538 -2.959487 3.087151 35.35538 -0.6472319 10.7457 35.35538 5.245341 0.6099625 35.35538 7.557595 8.268521 35.44387 -18.18225 8.727757 35.44387 -5.76611 4.979103 35.44387 -4.776112 4.680202 35.44387 7.640029 0.9315491 35.5 -31.63017 15.92167 35.5 -17.31125 11.59853 35.5 -4.902924 7.852241 35.5 -3.905107 7.55098 35.5 8.503215 3.804684 35.5 60.01289 -11.747 35.66016 -15.70124 7.456406 35.66016 -13.67802 14.15764 35.66016 -8.536149 5.293133 35.66016 -6.512927 11.99437 35.66016 -2.295104 3.408848 35.66016 -0.2718819 10.11009 35.66016 4.869991 1.245583 35.66016 6.893213 7.946819 36 -31.00699 16.25581 36 -30.57345 17.6918 36 -18.60976 14.07975 36 -17.59512 12.20653 36 -4.330025 8.201561 36 -4.238423 8.250081 36 -4.188974 8.158978 36 8.59211 4.30014 36 9.025658 5.736118 36 59.67875 -11.12382 36 60.11229 -9.687848 36.19597 8.993512 5.745827 36.22416 -17.39646 7.445927 36.22416 -7.129966 4.346291 36.22416 -3.990319 3.398373 36.22416 6.276174 0.2987404 36.39082 8.95564 5.757259 36.58436 8.478535 4.334431 36.58436 8.912083 5.770409 36.72758 -16.03297 7.034267 36.72758 -13.72071 14.69283 36.72758 -8.493456 4.75795 36.72758 -6.181201 12.41651 36.72758 -2.62683 2.986713 36.72758 -0.3145748 10.64527 36.72758 4.912684 0.7103996 36.72758 7.224938 8.368958 36.78354 -3.684769 7.484455 36.90029 -15.26914 7.325943 36.90029 -13.24591 14.02718 36.90029 -8.968257 5.423595 36.90029 -6.945035 12.12483 36.90029 -1.862996 3.278389 36.90029 0.1602261 9.979626 36.90029 4.437883 1.376045 36.90029 6.461105 8.077282 37.06744 8.198575 3.896664 37.17701 -17.83747 8.623661 37.17701 -6.11089 5.083195 37.17701 -4.431332 4.576107 37.17701 7.29525 1.035645 37.22034 -16.95547 11.49112 37.22034 -5.258703 7.959652 37.38092 8.089265 3.929665 37.68812 7.964701 3.967274 37.75029 -16.82306 7.272808 37.75029 -7.703366 4.519413 37.75029 -3.416919 3.225258 37.75029 5.702774 0.4718552 37.91126 -14.45704 7.080757 37.91126 -12.43382 13.78199 37.91126 -9.780356 5.668781 37.91126 -7.757132 12.37002 37.91126 -1.050899 3.033203 37.91126 0.9723241 9.73444 37.91126 3.625785 1.621231 37.91126 5.649008 8.322464 37.9126 -15.2918 6.810497 37.9126 -12.97955 14.46905 37.9126 -9.234625 4.981724 37.9126 -6.92237 12.64028 37.9126 -1.885661 2.762939 37.9126 0.4265931 10.4215 37.9126 4.171515 0.9341736 37.9126 6.48377 8.592728 37.98825 7.825211 4.009388 37.98941 -4.082267 8.767292 37.99444 -18.14468 13.93933 37.99531 -3.223598 7.345219 38.2884 7.666737 4.057236 38.57113 -13.3629 6.75042 38.57113 -11.33968 13.45166 38.57113 -10.87449 5.999119 38.57113 -8.851268 12.70036 38.57113 0.04323709 2.702862 38.57113 2.06646 9.404099 38.57113 2.531649 1.951569 38.57113 4.554871 8.652806 38.57941 7.493337 4.109589 38.62317 8.177489 4.425323 38.74872 -17.05784 8.388276 38.74872 -6.890523 5.318581 38.74872 -3.651699 4.340721 38.74872 6.515617 1.27103 38.77485 8.087106 4.45261 38.77792 -16.1709 11.25424 38.77792 -6.043276 8.196534 38.78203 -14.22244 6.487633 38.78203 -11.91018 14.14619 38.78203 -10.30399 5.304581 38.78203 -7.991733 12.96314 38.78203 -0.8162979 2.440083 38.78203 1.495956 10.09864 38.78203 3.102152 1.25703 38.78203 5.414407 8.915589 38.8003 -12.1187 6.374767 38.8003 -10.09547 13.07601 38.8003 1.287443 2.327217 38.8003 3.310665 9.02845 38.86046 7.305492 4.166298 38.89125 8.980222 4.894264 39.03026 -3.035723 7.810791 39.03208 -15.8445 6.977364 39.03208 -8.681928 4.814854 39.03208 -2.438357 2.92981 39.03208 4.724212 0.7673035 39.08654 -2.540154 7.138878 39.12371 7.109284 4.225544 39.21316 9.944557 5.458687 39.22439 8.781717 4.954197 39.24165 -12.94076 6.10067 39.24165 -11.58566 5.691544 39.24165 -10.62851 13.75923 39.24165 -9.273409 13.3501 39.24165 0.4653781 2.05312 39.24165 1.820477 1.643993 39.24165 2.777632 9.711678 39.24165 4.132731 9.302548 39.34053 -2.333062 7.076351 39.37609 6.900405 4.288605 39.39973 9.839597 5.490375 39.50222 -3.317311 8.60711 39.58308 -2.113767 7.010143 39.58345 9.730125 5.52343 39.61695 6.679404 4.355328 39.7642 9.61621 5.557819 39.81425 -17.23544 13.66481 39.81357 -1.882846 6.940422 39.81934 -3.825952 9.61625 39.90325 -3.769945 9.599339 39.95562 -14.54772 6.585842 39.95562 -9.978703 5.206371 39.95562 -1.141582 2.538292 39.95562 3.427437 1.158821 39.98646 -3.712976 9.582139 40.04242 -15.90117 8.039055 40.04242 -8.047187 5.667797 40.04242 -2.495034 3.991505 40.04242 5.358952 1.620247 40.05852 -15.01505 10.90527 40.05852 -7.199119 8.545502 40.06895 -3.655052 9.564648 40.28784 6.834931 4.830662 40.34586 -1.241082 6.746666 40.43886 -13.04796 6.133038 40.43886 -11.47847 5.65918 40.43886 0.3581811 2.085487 40.43886 1.927673 1.611626 40.48431 -1.721107 7.413887 40.55 46.04588 -5.440945 40.55 60.11229 -9.687848 40.57941 5.491888 4.713863 40.73738 7.52954 5.332252 40.78544 -0.5379219 6.53437 40.95626 -2.002695 8.210206 40.96217 -14.45326 7.601906 40.96217 -9.4951 6.10495 40.96217 -1.047122 3.554356 40.96217 3.91104 2.057396 40.96826 -13.57268 10.46979 40.96826 -8.641489 8.980977 41.12469 0.2144401 6.307217 41.21636 4.118087 5.128639 41.22836 0.5180181 6.215561 41.27719 8.364035 5.935875 41.31561 0.8262881 6.12249 41.3533 -15.93506 13.27221 41.3574 -5.1274 10.00918 41.38623 1.138438 6.028244 41.42581 -0.2150769 6.959187 41.43975 -12.82149 7.109245 41.44045 -11.94954 9.979741 41.43975 -11.12687 6.59761 41.44045 -10.26463 9.471032 41.43975 0.5846521 3.061691 41.43975 2.279266 2.55006 41.49063 2.638155 5.575455 41.523 -2.340436 9.167744 41.94889 1.63292 6.401245 42.05595 -1.660582 8.962487 42.37971 59.67875 -11.12382 42.38377 6.908594 6.375301 42.51192 -0.9312129 8.74228 42.52183 -14.31939 12.7844 42.5247 -6.743884 10.49722 42.88592 -0.1602889 8.509518 42.94223 48.39166 -8.197773 42.94223 59.98694 -11.69859 42.95 60.01289 -11.747 42.95 60.44094 -11.87624 43.129 5.255854 6.87429 43.25168 -12.48265 12.22987 43.25317 -8.581129 11.05192 43.409 1.687708 7.951576 43.44561 47.8977 -8.018021 43.45924 60.93584 -12.02566 43.47641 3.486697 7.408432 43.50029 -10.53198 11.64092 44.4039 48.15399 -15.76019 44.4039 56.4751 -18.27248 44.42033 48.15212 -15.84542 44.42033 56.4295 -18.34451 44.4861 48.16106 -16.19166 44.55 48.19649 -16.53609 44.55 48.1983 -16.53663 44.55 48.63429 -17.92244 44.55 49.48908 -19.09712 44.55 50.6736 -19.93824 44.55 52.06437 -20.35814 44.55 53.51644 -20.31305 44.55 54.87848 -19.80767 44.55 56.00852 -18.89468 44.55 56.01033 -18.89522 44.55115 48.19799 -16.54255 44.55057 48.19814 -16.53959 44.55115 56.00551 -18.89978 44.55057 56.00702 -18.89723 44.55173 48.19784 -16.5455 44.55173 56.004 -18.90232 44.67024 47.90473 -15.74616 44.67024 56.69048 -18.39874 44.71061 47.90272 -15.95699 44.71061 56.57548 -18.57545 44.7299 47.90504 -16.05879 44.73655 56.49664 -18.68756 44.76807 47.91622 -16.26217 44.77939 47.92127 -16.32308 44.78691 47.92507 -16.36365 44.80056 56.28437 -18.95907 44.91974 47.65802 -15.6449 44.91974 56.95201 -18.45092 44.93802 47.65504 -15.73969 44.93802 56.90204 -18.53153 44.99456 47.65453 -16.0366 45.05 47.67166 -16.33332 45.05 48.01851 -17.77438 45.05 48.77259 -19.05043 45.05 49.86763 -20.04935 45.05 51.20741 -20.68334 45.05 52.67419 -20.8967 45.05 54.13906 -20.67067 45.05 55.47331 -20.02512 45.05 56.55968 -19.01677 45.35 50.35257 -15.89675 45.35 50.58034 -16.89468 45.35 50.58034 -14.89881 45.35 51.21855 -17.69496 45.35 51.21855 -14.09853 45.35 52.14077 -18.13908 45.35 52.14077 -13.65441 45.35 53.16437 -18.13908 45.35 53.16437 -13.65441 45.35 54.0866 -17.69496 45.35 54.0866 -14.09853 45.35 54.7248 -16.89468 45.35 54.7248 -14.89881 45.35 54.95257 -15.89675 49.05 47.65504 -15.73969 49.05 47.81994 -17.1796 49.05 47.8977 -8.018021 49.05 48.39089 -18.51172 49.05 49.31991 -19.62413 49.05 50.52894 -20.42336 49.05 51.9164 -20.84226 49.05 53.36572 -20.84563 49.05 54.75511 -20.43319 49.05 55.96785 -19.6396 49.05 56.90204 -18.53153 49.05 60.93584 -12.02566 49.55 48.15479 -15.7554 49.55 48.34806 -17.20866 49.55 48.39103 -8.238156 49.55 48.9982 -18.52268 49.55 49.45791 -16.49393 49.55 49.45791 -15.29956 49.55 49.88937 -17.60765 49.55 49.88937 -14.18584 49.55 50.03621 -19.55799 49.55 50.69401 -18.4903 49.55 50.69401 -13.30319 49.55 51.35193 -20.20469 49.55 51.76317 -19.02268 49.55 51.76317 -12.77081 49.55 52.80569 -20.39414 49.55 52.95244 -19.13289 49.55 52.95244 -12.66061 49.55 54.10122 -18.80603 49.55 54.10122 -12.98746 49.55 54.2432 -20.10625 49.55 55.05435 -18.08626 49.55 55.05435 -13.70724 49.55 55.51189 -19.37156 49.55 55.6831 -17.07078 49.55 55.6831 -14.72271 49.55 55.90257 -15.89675 49.55 56.47709 -18.26805 49.55 60.01289 -11.747 49.55 60.4403 -11.87604 50.05 59.67875 -11.12382 51.05 50.35257 -15.89675 51.05 50.58034 -16.89468 51.05 50.58034 -14.89881 51.05 51.21855 -17.69496 51.05 51.21855 -14.09853 51.05 52.14077 -18.13908 51.05 52.14077 -13.65441 51.05 53.16437 -18.13908 51.05 53.16437 -13.65441 51.05 54.0866 -17.69496 51.05 54.0866 -14.09853 51.05 54.7248 -16.89468 51.05 54.7248 -14.89881 51.05 54.95257 -15.89675 51.55 46.04588 -5.440945 51.55 49.45791 -16.49393 51.55 49.45791 -15.29956 51.55 49.88937 -17.60765 51.55 49.88937 -14.18584 51.55 49.91376 -16.4789 51.55 49.91376 -15.31459 51.55 50.38732 -17.54255 51.55 50.38732 -14.25095 51.55 50.69401 -18.4903 51.55 50.69401 -13.30319 51.55 51.25257 -18.32162 51.55 51.25257 -13.47187 51.55 51.76317 -19.02268 51.55 51.76317 -12.77081 51.55 52.35989 -18.68141 51.55 52.35989 -13.11209 51.55 52.95244 -19.13289 51.55 52.95244 -12.66061 51.55 53.51782 -18.55971 51.55 53.51782 -13.23379 51.55 54.10122 -18.80603 51.55 54.10122 -12.98746 51.55 54.52614 -17.97755 51.55 54.52614 -13.81594 51.55 55.05435 -18.08626 51.55 55.05435 -13.70724 51.55 55.2105 -17.03561 51.55 55.2105 -14.75788 51.55 55.45257 -15.89675 51.55 55.6831 -17.07078 51.55 55.6831 -14.72271 51.55 55.90257 -15.89675 51.55 60.11229 -9.687848 59.23705 59.67875 -11.12382 59.23705 60.11229 -9.687848 59.99183 60.01289 -11.747 60.6033 57.85758 -10.57398 60.6033 58.29113 -9.138005 60.83815 59.47117 -11.58345 61.55 61.59339 -11.70189 61.55 62.46048 -8.82993 61.61826 60.97021 -12.03603 61.61826 62.12634 -8.206753 62.12287 61.11984 -11.55891 62.12287 61.98693 -8.686959 63 -3.394276 9.48592 63 11.32277 5.04258 63.96906 35.98586 -3.97052 63.96906 36.41941 -2.534542 64.35399 33.48452 -3.215321 64.35399 33.91807 -1.779343 64.49711 35.69417 -4.404747 64.5 -4.216929 8.167416 64.68957 34.44351 -4.027149 65 -5.497286 0.17276 65 -5.31589 -1.411137 65 -5.252631 7.957821 65 -4.987068 7.877644 65 -4.687848 -2.876469 65 -3.665929 -4.100117 65 -3.440406 -0.6431236 65 -3.440406 0.6431275 65 -2.97576 -1.84251 65 -2.97576 1.842514 65 -2.335994 -4.979271 65 -2.109221 -2.793056 65 -2.109221 2.79306 65 -0.9578199 -3.366386 65 -0.9578199 3.36639 65 -0.8097869 -5.440056 65 0.3229391 -3.485069 65 0.3229391 3.485073 65 0.7844591 -5.443768 65 1.560084 -3.133072 65 1.560084 3.133076 65 2.312794 -4.990086 65 2.586531 -2.357933 65 2.586531 2.357937 65 3.263653 -1.264347 65 3.263653 1.264347 65 3.5 0 65 3.646806 -4.117134 65 4.67441 -2.898258 65 8.77882 3.721477 65.30001 -3.440406 -0.6431236 65.30001 -3.440406 0.6431275 65.30001 -2.97576 -1.84251 65.30001 -2.97576 1.842514 65.30001 -2.109221 -2.793056 65.30001 -2.109221 2.79306 65.30001 -0.9578199 -3.366386 65.30001 -0.9578199 3.36639 65.30001 0.3229391 -3.485069 65.30001 0.3229391 3.485073 65.30001 1.560084 -3.133072 65.30001 1.560084 3.133076 65.30001 2.586531 -2.357933 65.30001 2.586531 2.357937 65.30001 3.263653 -1.264347 65.30001 3.263653 1.264347 65.30001 3.5 0 65.5 -5.997039 0.1884651 65.5 -5.841473 -1.370102 65.5 -5.748176 8.107438 65.5 -5.287821 -2.835304 65.5 -4.373812 -4.107281 65.5 -3.161735 -5.099358 65.5 -1.734191 -5.743916 65.5 -0.1884648 -5.997036 65.5 1.370105 -5.841473 65.5 2.835305 -5.287819 65.5 4.107283 -4.37381 65.5 5.099356 -3.161732 65.5 9.838499 4.48172 65.80001 -4.1 0 65.80001 -4 0 65.80001 -3.85274 -1.402279 65.80001 -3.85274 1.402283 65.80001 -3.758771 -1.368076 65.80001 -3.758771 1.36808 65.80001 -3.140782 -2.635429 65.80001 -3.140782 2.635429 65.80001 -3.064178 -2.571148 65.80001 -3.064178 2.571152 65.80001 -2.05 -3.550705 65.80001 -2.05 3.550709 65.80001 -2 -3.4641 65.80001 -2 3.464104 65.80001 -0.7119579 -4.037712 65.80001 -0.7119579 4.037712 65.80001 -0.6945929 -3.939232 65.80001 -0.6945929 3.939236 65.80001 0.6945931 -3.939232 65.80001 0.6945931 3.939236 65.80001 0.7119581 -4.037712 65.80001 0.7119581 4.037712 65.80001 2 -3.4641 65.80001 2 3.464104 65.80001 2.05 -3.550705 65.80001 2.05 3.550709 65.80001 3.064178 -2.571148 65.80001 3.064178 2.571152 65.80001 3.140782 -2.635429 65.80001 3.140782 2.635429 65.80001 3.758771 -1.368076 65.80001 3.758771 1.36808 65.80001 3.85274 -1.402279 65.80001 3.85274 1.402283 65.80001 4 0 65.80001 4.1 0 66.62453 -31.00699 16.25581 66.62453 -30.57345 17.6918 67.78447 -31.63017 15.92167 67.8311 11.32277 5.04258 68 -29.61273 15.83486 68 -29.17918 17.27084 68 -7.108528 9.040444 68 -6.674981 10.47642 68 9.547137 4.011799 68 9.791632 3.937984 68 9.838499 4.48172 68 9.9709 4.531746 68.5 -30.96121 15.7197 68.5 -6.886825 8.451214 68.5 9.274365 3.571865 68.5 9.682185 3.448738 69.5 -32.58749 16.2107 69.5 -30.9527 19.89546 69.5 -5.997039 0.1884651 69.5 -5.841473 -1.370102 69.5 -5.748176 8.107438 69.5 -5.287821 -2.835304 69.5 -4.373812 -4.107281 69.5 -4.1 0 69.5 -3.85274 -1.402279 69.5 -3.85274 1.402283 69.5 -3.161735 -5.099358 69.5 -3.140782 -2.635429 69.5 -3.140782 2.635429 69.5 -2.05 -3.550705 69.5 -2.05 3.550709 69.5 -1.734191 -5.743916 69.5 -0.7119579 -4.037712 69.5 -0.7119579 4.037712 69.5 -0.1884648 -5.997036 69.5 0.7119581 -4.037712 69.5 0.7119581 4.037712 69.5 1.370105 -5.841473 69.5 2.05 -3.550705 69.5 2.05 3.550709 69.5 2.835305 -5.287819 69.5 3.140782 -2.635429 69.5 3.140782 2.635429 69.5 3.85274 -1.402279 69.5 3.85274 1.402283 69.5 4.1 0 69.5 4.107283 -4.37381 69.5 5.099356 -3.161732 69.5 9.274365 3.571865 69.5 10.90845 7.25684 69.58679 9.188349 3.597832 70 -32.92163 16.83388 70 -32.19905 19.22718 70 -31.57588 19.56133 70 -5.497286 0.17276 70 -5.31589 -1.411137 70 -5.236371 8.475205 70 -4.687848 -2.876469 70 -4.6 0 70 -4.37486 -1.421478 70 -4.37486 1.421478 70 -3.721478 -2.703812 70 -3.721478 2.703812 70 -3.665929 -4.100117 70 -2.703812 -3.721477 70 -2.703812 3.721477 70 -2.335994 -4.979271 70 -1.421478 -4.374859 70 -1.421478 4.374863 70 -0.8097869 -5.440056 70 0 -4.599998 70 0 4.600002 70 0.7844591 -5.443768 70 1.421478 -4.374859 70 1.421478 4.374863 70 2.312794 -4.990086 70 2.703812 -3.721477 70 2.703812 3.721477 70 3.646806 -4.117134 70 3.721478 -2.703812 70 3.721478 2.703812 70 4.37486 -1.421478 70 4.37486 1.421478 70 4.6 0 70 4.67441 -2.898258 70 8.975505 4.0387 70 9.931905 3.895634 70 10.799 6.76759</float_array>
          <technique_common>
            <accessor source="#Soporte_Camara-mesh-positions-array" count="985" stride="3">
              <param name="X" type="float"/>
              <param name="Y" type="float"/>
              <param name="Z" type="float"/>
            </accessor>
          </technique_common>
        </source>
        <source id="Soporte_Camara-mesh-normals">
          <float_array id="Soporte_Camara-mesh-normals-array" count="6000">-0.6809191 -0.3869541 -0.6217843 -0.7071074 -0.2043756 -0.6769267 -0.7070947 -0.204383 -0.6769378 -0.6808953 -0.02174884 -0.7320578 -0.6756752 -0.004862546 -0.7371835 -0.6041997 0.1473339 -0.7830936 -0.5842354 0.176946 -0.7920601 -0.4826287 0.2903458 -0.8262984 -0.4408823 0.3248854 -0.8367033 -0.3253103 0.3966526 -0.8583938 -0.2583367 0.4257562 -0.8671758 -0.1438735 0.4584008 -0.8770229 -0.05284106 0.4706496 -0.8807367 0.04825067 0.4709829 -0.8808218 0.1573433 0.455553 -0.8761932 0.2367964 0.4334624 -0.8695043 0.3535525 0.3818627 -0.8539212 0.4077759 0.3486533 -0.8438956 0.5183515 0.2560504 -0.8159351 0.5485226 0.2228199 -0.8058997 0.6370696 0.08932167 -0.7656136 0.6485881 0.0652973 -0.7583335 0.6991955 -0.1035017 -0.7073988 0.7005184 -0.1122262 -0.7047548 0.7005199 -0.2965331 -0.6491072 0.6991899 -0.3052625 -0.6464893 0.6485522 -0.4740775 -0.5955088 0.6370693 -0.49808 -0.5882679 0.5485203 -0.6315747 -0.5479407 0.5183514 -0.6648019 -0.537913 0.407775 -0.7574083 -0.5099533 0.3535321 -0.790598 -0.49997 0.2367971 -0.8422169 -0.4843531 0.1573543 -0.8643393 -0.4776582 0.04825133 -0.8797301 -0.4730187 -0.05283927 -0.8794049 -0.4731334 -0.1438763 -0.867147 -0.4768184 -0.2583395 -0.8345078 -0.48668 -0.3253426 -0.8054183 -0.4954329 -0.4408581 -0.7336143 -0.5171597 -0.4826691 -0.6990957 -0.5275376 -0.5842363 -0.5857005 -0.5618034 -0.6041601 -0.5561003 -0.5707391 -0.6756767 -0.403899 -0.6167062 2.38704e-6 -0.2890318 -0.9573195 1.58422e-6 -0.2890319 -0.9573196 6.71906e-7 -0.2890305 -0.9573199 0 -0.2890307 -0.9573199 9.64049e-7 -0.2890307 -0.9573199 1.99472e-6 -0.2890312 -0.9573197 2.50849e-6 -0.2890304 -0.9573199 2.56367e-6 -0.2890297 -0.9573202 1.57851e-6 -0.2890301 -0.95732 -4.2949e-7 -0.2890315 -0.9573196 -1.13204e-6 -0.289032 -0.9573194 -1.27143e-7 -0.2890322 -0.9573194 5.19175e-7 -0.2890317 -0.9573196 2.30519e-7 -0.289031 -0.9573198 3.1796e-7 -0.289031 -0.9573197 -1.42295e-7 -0.2890301 -0.95732 -1.33893e-6 -0.2890308 -0.9573198 -1.35946e-6 -0.2890304 -0.9573199 -1.32614e-6 -0.2890322 -0.9573194 0 -0.2890316 -0.9573196 1.19898e-6 -0.2890318 -0.9573196 2.43499e-6 -0.2890322 -0.9573194 6.8183e-7 -0.2890319 -0.9573194 0 -0.2890311 -0.9573198 1.72253e-7 -0.28903 -0.9573202 -1.37888e-7 -0.2890303 -0.95732 -1.36314e-6 -0.2890293 -0.9573203 -4.49847e-7 -0.2890307 -0.9573199 1.78852e-6 -0.2890301 -0.9573201 1.32855e-6 -0.2890309 -0.9573199 4.93908e-7 -0.2890325 -0.9573194 3.36339e-7 -0.2890344 -0.9573187 1.37254e-6 -0.2890355 -0.9573185 5.79875e-7 -0.289034 -0.9573189 -2.11886e-7 -0.2890334 -0.9573191 0 -0.2890325 -0.9573194 -2.46053e-7 -0.2890323 -0.9573194 -2.66873e-7 -0.289031 -0.9573197 0 -0.2890312 -0.9573197 8.27307e-7 -0.2890303 -0.95732 -0.341618 -0.899724 0.2716501 -0.2034586 -0.9373017 0.2829669 -0.07696604 -0.9544766 0.2881852 0.06824898 -0.9550921 0.2883421 -0.02570641 -0.957 0.2889468 0.02560323 -0.9570124 0.2889149 0.07688736 -0.9543534 0.288614 0.334881 -0.902056 0.2723044 0.3415409 -0.8997657 0.2716091 0.5766814 -0.7821152 0.2360811 0.5811845 -0.7790201 0.2352709 0.7757139 -0.6041519 0.1823967 0.7781947 -0.6012103 0.1815466 0.9172106 -0.381403 0.1151372 0.9182174 -0.3790842 0.1147696 0.9907022 -0.130331 0.03902727 0.9907647 -0.1298052 0.03918987 0.990702 0.1301538 -0.03961771 0.9907649 0.1298055 -0.03918558 0.9182176 0.3792597 -0.114187 0.9172174 0.381351 -0.1152554 0.778243 0.6012394 -0.1812435 0.7757137 0.6041477 -0.1824111 0.5812031 0.7790752 -0.2350426 0.5766805 0.7821011 -0.2361303 0.3415521 0.8997504 -0.2716461 0.3348826 0.9020322 -0.2723815 0.07688862 0.9544849 -0.2881785 0.0682466 0.9550827 -0.288374 0.02560603 0.9569996 -0.288957 -0.02570152 0.9570065 -0.2889255 -0.07696717 0.9544805 -0.288172 -0.2034598 0.93729 -0.2830048 -0.341619 0.8997276 -0.2716375 -0.4600698 0.8499774 -0.2566597 -0.5812177 0.7790226 -0.2351803 -0.6825537 0.6996442 -0.2112308 -0.7782152 0.6012031 -0.1814828 -0.8544186 0.4974079 -0.1501808 -0.91816 0.3792954 -0.1145311 -0.9629182 0.2582756 -0.07798826 -0.9907938 0.1295987 -0.03913938 -1 -2.42935e-6 -1.09654e-5 -0.990794 -0.1296037 0.03911864 -0.9629179 -0.2582823 0.07797026 -0.9181591 -0.3793059 0.114504 -0.8544177 -0.4974122 0.1501723 -0.7782154 -0.601186 0.1815392 -0.6825536 -0.6996423 0.2112376 -0.5812174 -0.7790113 0.2352184 -0.4600675 -0.8499842 0.2566414 -0.6808927 -0.386997 -0.6217865 -0.7071062 -0.2043766 -0.6769278 -0.7070937 -0.2043827 -0.6769388 -0.6808934 -0.02174985 -0.7320595 -0.6756741 -0.004861593 -0.7371845 -0.6042002 0.1473338 -0.7830932 -0.5842362 0.1769474 -0.7920593 -0.4826697 0.2903592 -0.8262696 -0.4408851 0.3248855 -0.8367017 -0.3253148 0.3966513 -0.8583927 -0.2583412 0.4257566 -0.8671742 -0.1438736 0.4584019 -0.8770223 -0.05283832 0.4706496 -0.8807367 0.04825139 0.4709816 -0.8808224 0.1573427 0.4555527 -0.8761935 0.2367973 0.4334636 -0.8695035 0.3535546 0.381865 -0.8539195 0.407778 0.3486559 -0.8438936 0.5183513 0.2560528 -0.8159345 0.5485221 0.2228209 -0.8058997 0.6370692 0.0893191 -0.7656141 0.6485875 0.06529831 -0.7583341 0.6991958 -0.1035016 -0.7073985 0.7005181 -0.1122259 -0.7047551 0.7005217 -0.2965321 -0.6491056 0.6991897 -0.3052603 -0.6464904 0.6485524 -0.4740781 -0.595508 0.63707 -0.4980791 -0.588268 0.5485216 -0.6315738 -0.5479404 0.5183524 -0.6648004 -0.5379139 0.4077745 -0.7574076 -0.5099547 0.3535317 -0.7905973 -0.4999713 0.2367962 -0.8422171 -0.4843531 0.1573535 -0.8643398 -0.4776575 0.04825007 -0.8797299 -0.4730193 -0.05283856 -0.8794051 -0.4731329 -0.143876 -0.8671467 -0.4768189 -0.2583388 -0.8345075 -0.4866811 -0.3253419 -0.8054177 -0.4954341 -0.4408577 -0.7336145 -0.5171599 -0.4826301 -0.6991005 -0.5275667 -0.5842375 -0.5856989 -0.5618039 -0.6041604 -0.5561 -0.5707391 -0.6756767 -0.403899 -0.6167064 -1.50336e-6 -0.2890315 -0.9573197 -8.75514e-7 -0.2890317 -0.9573196 0 -0.2890301 -0.9573201 0 -0.2890306 -0.9573199 6.20173e-7 -0.2890316 -0.9573196 -1.90161e-6 -0.2890334 -0.9573191 -1.38045e-6 -0.2890332 -0.9573192 3.10578e-7 -0.2890334 -0.9573192 0 -0.2890334 -0.9573192 -1.53419e-6 -0.2890341 -0.9573188 -7.9285e-7 -0.2890342 -0.9573188 0 -0.2890331 -0.9573192 -6.53284e-7 -0.2890312 -0.9573197 -8.11351e-7 -0.2890302 -0.95732 4.98874e-7 -0.2890325 -0.9573194 1.15547e-6 -0.2890337 -0.957319 7.42028e-7 -0.2890338 -0.9573189 6.47921e-7 -0.2890318 -0.9573196 4.66421e-7 -0.2890307 -0.9573199 6.86567e-7 -0.2890301 -0.95732 7.43199e-7 -0.2890323 -0.9573194 2.13748e-6 -0.2890333 -0.9573191 -1.57474e-6 -0.2890313 -0.9573196 -1.96799e-6 -0.2890304 -0.95732 -7.07334e-7 -0.2890295 -0.9573202 -2.90351e-7 -0.2890304 -0.9573199 -3.93042e-7 -0.2890314 -0.9573197 -4.57453e-7 -0.2890335 -0.957319 -9.19556e-7 -0.2890338 -0.957319 -4.03536e-7 -0.2890325 -0.9573194 8.66761e-7 -0.2890303 -0.95732 6.27415e-7 -0.2890309 -0.9573198 1.93915e-7 -0.2890328 -0.9573193 9.47491e-7 -0.2890339 -0.9573189 1.74137e-6 -0.289034 -0.9573189 0 -0.2890334 -0.9573191 -3.36831e-7 -0.2890336 -0.957319 1.52631e-6 -0.2890334 -0.957319 2.07265e-6 -0.2890337 -0.957319 1.34728e-6 -0.2890315 -0.9573196 -0.9985244 0.05198532 -0.01570814 -1 -4.6955e-6 -2.25883e-5 -0.9824504 -0.1785629 0.05391329 -0.9629176 -0.258283 0.07797342 -0.9715843 -0.2265877 0.06842559 -0.9581618 -0.2740116 0.08272689 -0.9422196 -0.3206968 0.09682899 -0.8900297 -0.436446 0.1317654 -0.8544182 -0.4974063 0.1501889 -0.8223959 -0.5446372 0.1644248 -0.7405217 -0.6433511 0.1942341 -0.6825531 -0.6996522 0.2112065 -0.7050675 -0.6788798 0.2049444 -0.6676894 -0.7126805 0.2151219 -0.6286681 -0.7444834 0.2247688 -0.4600682 -0.849982 0.2566478 -0.4609048 -0.8495735 0.2564988 -0.2744351 -0.9205589 0.2779511 -0.2034605 -0.9373005 0.2829692 -0.07696288 -0.9544795 0.2881765 0.06823962 -0.9550877 0.2883593 -0.02570474 -0.9569995 0.2889487 0.02560353 -0.9570124 0.2889147 0.07689785 -0.9544843 0.2881783 0.2743678 -0.9205847 0.2779321 0.3348784 -0.9020529 0.2723181 0.4607686 -0.8496487 0.2564945 0.5766815 -0.7820989 0.2361352 0.6286306 -0.7445105 0.2247838 0.6677255 -0.7126308 0.2151747 0.7757134 -0.6041494 0.1824072 0.7050337 -0.6789144 0.2049455 0.7405064 -0.643367 0.1942402 0.8223887 -0.544642 0.1644451 0.9172101 -0.381396 0.1151632 0.8900256 -0.4364508 0.1317772 0.9422174 -0.3207018 0.09683424 0.9581623 -0.2740088 0.08272999 0.990687 -0.1303516 0.03934389 0.9715889 -0.2265709 0.06841504 0.9824528 -0.1785506 0.05390882 0.9985143 0.05217355 -0.01571917 0.990687 0.1303368 -0.03939282 0.9563187 0.2798543 -0.08447641 0.9172109 0.3813915 -0.115173 0.8583245 0.4912073 -0.1483063 0.7757141 0.6041541 -0.1823888 0.7102624 0.6738893 -0.2034714 0.6732006 0.7079026 -0.2137171 0.5766804 0.7820983 -0.23614 0.6343737 0.7400301 -0.2234404 0.5939109 0.7701773 -0.2325879 0.5506439 0.7991179 -0.2412509 0.5058634 0.8257946 -0.2493302 0.4596958 0.85017 -0.2566918 0.3348779 0.9020388 -0.2723652 0.4135199 0.8716266 -0.2631893 0.3662533 0.8907981 -0.2689559 0.3180009 0.9076244 -0.2740318 0.243678 0.9284595 -0.2803285 0.06824004 0.9550886 -0.288356 0.1537964 0.9459314 -0.2855883 0.07688719 0.9544855 -0.2881769 0.01552605 0.9571997 -0.2890117 -0.04586607 0.9563065 -0.2887461 -0.2034599 0.9372879 -0.2830117 -0.1070857 0.9518178 -0.28736 -0.2015823 0.9376663 -0.2831015 -0.2944719 0.9148634 -0.2762452 -0.4600688 0.8499835 -0.2566415 -0.3844923 0.8837252 -0.2668249 -0.4313458 0.8636713 -0.2607923 -0.4771214 0.8413223 -0.2540315 -0.5215733 0.816715 -0.2468565 -0.6825563 0.6996332 -0.2112591 -0.7107958 0.6733784 -0.2033002 -0.854417 0.4974146 -0.1501677 -0.8586174 0.4907386 -0.1481621 -0.9564266 0.2795111 -0.08439028 -0.9629154 0.2582767 -0.07802093 0.153801 0.9459317 -0.2855846 0.1839337 0.9409884 -0.284094 0.2139058 0.935153 -0.2823711 0.2437021 0.9284556 -0.2803206 0.7071043 -0.6725091 0.2184834 0.7071068 -0.7071068 0 0.7071079 -0.7071057 -1.31025e-7 0.7071087 -0.6725043 -0.2184843 0.7071248 -0.6644452 -0.2418414 0.7071043 -0.572069 -0.4156208 0.7071004 -0.541687 -0.4545155 0.7071072 -0.4156157 -0.5720691 0.7071133 -0.3535481 -0.612368 0.7071204 -0.218518 -0.6724809 0.7071326 -0.1227709 -0.696341 0.707076 3.39991e-7 -0.7071376 0.7071326 0.122772 -0.6963409 0.7070984 0.2184943 -0.6725118 0.7071127 0.3535495 -0.6123679 0.7071164 0.4156466 -0.5720353 0.7070994 0.5416883 -0.4545155 0.7071033 0.5720704 -0.4156206 0.7070939 0.6644788 -0.2418392 0.7071084 0.6725046 -0.2184844 0.7071078 0.7071059 -4.77943e-7 0.7071068 0.7071068 0 0.7071049 0.6725087 0.218483 0.7071233 0.6644474 0.2418398 0.7071054 0.5720668 0.4156221 0.7071029 0.5416816 0.454518 0.7071142 0.4156465 0.5720381 0.7071133 0.3535457 0.6123695 0.7071189 0.2185215 0.6724815 0.707101 0.1227981 0.6963683 0.7071058 -3.35625e-7 0.7071078 0.7071012 -0.1227983 0.6963682 0.7071185 -0.2185222 0.6724816 0.7071135 -0.3535441 0.6123701 0.7071158 -0.4156436 0.5720382 0.7071022 -0.5416815 0.4545192 0.7071051 -0.5720676 0.4156215 0.7070927 -0.6644806 0.2418378 1 2.44141e-5 0 1 1.30715e-6 0 1 5.46878e-6 0 1 2.85917e-7 0 1 0 0 1 0 0 1 -1.10944e-6 0 1 1.58749e-6 0 1 4.49319e-6 0 1 -6.20544e-7 0 1 -1.11159e-6 0 1 0 0 1 -1.24987e-7 0 1 -8.84773e-7 0 1 -7.82382e-7 0 1 -1.42821e-6 0 1 2.18993e-6 0 0 -0.9396943 0.3420155 0 -0.9396913 0.342024 0 -1 -4.49859e-6 0 -1 4.88391e-6 0 -0.939691 -0.3420245 0 -0.9396943 -0.3420158 0 -0.7660421 -0.6427905 0 -0.7660478 -0.6427836 0 -0.4999957 -0.8660279 0 -0.5000041 -0.8660231 0 -0.1736425 -0.9848088 0 -0.1736519 -0.9848071 0 0.1736512 -0.9848072 0 0.1736428 -0.9848087 0 0.5000038 -0.8660233 0 0.4999963 -0.8660275 0 0.7660478 -0.6427836 0 0.7660421 -0.6427905 0 0.9396942 -0.3420161 0 0.9396911 -0.3420245 0 1 4.99951e-6 0 1 -4.36373e-6 0 0.9396912 0.3420241 0 0.9396944 0.3420153 0 0.7660418 0.6427907 0 0.7660479 0.6427835 0 0.4999961 0.8660278 0 0.5000043 0.866023 0 0.1736437 0.9848086 0 0.1736526 0.984807 0 -0.1736526 0.984807 0 -0.1736437 0.9848086 0 -0.5000039 0.8660233 0 -0.4999963 0.8660276 0 -0.7660477 0.6427838 0 -0.7660422 0.6427903 0.7071341 -0.6370565 0.3067906 0.7071035 -0.6459851 0.2875898 0.7071029 -0.7071107 6.30098e-7 0.7071065 -0.7071071 0 0.7071011 -0.6459876 -0.2875904 0.7070993 -0.4731662 0.5254755 0.7071036 -0.4408736 0.5528429 0.7071058 -0.2185106 0.6724987 0.7071179 -0.1573413 0.6893678 0.707107 0.07390749 0.7032335 0.7071095 0.1573522 0.689374 0.7071028 0.3535522 0.6123778 0.7071022 0.4408724 0.5528455 0.7071131 0.5720568 0.4156227 0.7071295 0.6370632 0.3067874 0.7070903 0.6916689 0.1470286 0.7071166 0.7070969 -7.04313e-7 0.7071219 0.6916393 -0.1470162 0.7070968 0.6370897 -0.3068076 0.7071123 0.5720574 -0.4156233 0.7071031 0.4408695 -0.5528464 0.7071061 0.3535438 -0.6123789 0.7071126 0.1573475 -0.6893719 0.7071091 0.07390725 -0.7032315 0.7071219 -0.1573351 -0.6893653 0.7071098 -0.2185076 -0.6724956 0.7071049 -0.4408742 -0.5528404 0.7071001 -0.4731678 -0.5254729 0.7071009 -0.6370884 -0.3068008 1 1.35092e-6 0 1 5.46932e-6 0 1 3.21848e-6 0 1 -4.07555e-7 0 1 -1.11936e-6 0 1 9.34352e-7 0 1 4.27694e-6 0 1 2.17588e-6 0 1 -8.14301e-7 0 1 -3.31522e-6 0 1 -3.64617e-6 0 1 -4.35576e-7 0 1 -7.90106e-7 0 1 -1.8832e-6 0 1 -2.08003e-6 0 1 -3.01037e-6 0 1 7.3143e-7 0 1 8.15109e-7 0 0 -0.9009665 0.433889 0 -0.9009686 0.4338846 0 -1 2.72452e-6 0 -1 -2.72452e-6 0 -0.9009686 -0.4338846 0 -0.9009667 -0.4338883 0 -0.6234881 -0.781833 0 -0.6234871 -0.7818337 0 -0.2225191 -0.9749283 0 -0.2225211 -0.974928 0 0.2225205 -0.974928 0 0.2225195 -0.9749283 0 0.6234864 -0.7818343 0 0.6234916 -0.7818301 0 0.900969 -0.4338836 0 0.9009689 -0.433884 0 1 6.31504e-6 0 1 -6.31504e-6 0 0.9009685 0.4338847 0 0.9009689 0.4338836 0 0.6234922 0.7818297 0 0.623488 0.7818329 0 0.222521 0.9749279 0 0.2225225 0.9749276 0 -0.2225225 0.9749276 0 -0.222521 0.9749279 0 -0.6234877 0.7818333 0 -0.6234896 0.7818318 -0.1849315 0.4489848 -0.8741927 -0.1849315 0.4489851 -0.8741927 -0.1849323 0.4489918 -0.8741891 -0.1849323 0.4489919 -0.874189 -0.2615332 0.9239996 -0.2789719 -0.2615332 0.9239995 -0.2789719 -0.261533 0.9239996 -0.2789716 -0.2615331 0.9239996 -0.2789716 -0.7071055 -0.2043693 -0.6769307 -0.7071041 -0.2043823 -0.6769281 -0.707105 -0.2043736 -0.6769298 -0.7071034 -0.2043887 -0.6769269 0.53492 -0.6470864 -0.5432677 0.5349193 -0.6470852 -0.5432698 0.53492 -0.6470864 -0.5432678 0.5349193 -0.6470851 -0.5432699 -0.6995561 -0.3030369 -0.6471399 -0.6995586 -0.3030374 -0.6471369 -0.6995561 -0.3030369 -0.6471399 -0.6995586 -0.3030374 -0.6471369 0 -0.2890295 -0.9573202 -7.35552e-7 -0.2890309 -0.9573198 -2.73331e-5 -0.2890313 -0.9573197 -1.0601e-6 -0.289029 -0.9573205 -3.93274e-5 -0.2890312 -0.9573197 0 -0.2890321 -0.9573195 -1.97366e-5 -0.289046 -0.9573153 0 -0.2890318 -0.9573195 -2.76247e-6 -0.289036 -0.9573183 -5.18292e-6 -0.2890278 -0.9573208 4.37051e-6 -0.2890347 -0.9573186 1.54846e-5 -0.289049 -0.9573143 -1.56334e-6 -0.2890359 -0.9573184 1.55501e-6 -0.2890346 -0.9573187 0 -0.2890316 -0.9573196 -4.53666e-6 -0.2890303 -0.95732 0 -0.2890328 -0.9573192 0 -0.2890214 -0.9573227 -4.48438e-7 -0.2890332 -0.9573191 -1.31454e-7 -0.2890166 -0.9573241 5.79518e-7 -0.2890305 -0.9573199 0 -0.2890979 -0.9572995 0 -0.2890318 -0.9573196 3.23454e-7 -0.2890341 -0.9573189 0 -0.2890293 -0.9573203 6.2936e-7 -0.2890309 -0.9573198 -7.68657e-6 -0.2890329 -0.9573193 -5.51162e-6 -0.2890297 -0.9573202 3.50107e-6 -0.289032 -0.9573194 9.79893e-6 -0.2890375 -0.9573178 -2.43841e-5 -0.2890365 -0.9573181 2.18914e-7 -0.2890325 -0.9573194 1.24436e-5 -0.2890452 -0.9573155 7.8999e-6 -0.2890365 -0.9573182 1.28237e-5 -0.2890463 -0.9573152 4.46901e-6 -0.2890301 -0.95732 2.22205e-6 -0.2890307 -0.9573199 1.0382e-6 -0.2890315 -0.9573196 2.33315e-6 -0.2890316 -0.9573196 0 -0.2890319 -0.9573195 0 -0.881302 -0.4725535 0 -0.8813019 -0.4725537 0 -0.8813003 -0.4725567 0 -0.8813003 -0.4725568 -0.6511119 0.05963259 -0.7566356 -0.6511128 0.05963402 -0.7566347 -0.6511118 0.05963259 -0.7566356 -0.6511127 0.05963402 -0.7566347 0 -0.957318 0.2890367 0 -0.9573208 0.289028 0 -0.9573183 0.2890359 0 -0.9573211 0.2890267 -0.9208111 0.3733634 -0.1127243 -0.9208105 0.3733645 -0.1127254 -0.9208111 0.3733634 -0.1127243 -0.9208105 0.3733645 -0.1127254 0.651112 -0.4683825 -0.5972194 0.6511114 -0.4683824 -0.5972201 0.651112 -0.4683825 -0.5972194 -0.6995545 -0.3030353 -0.6471424 -0.6995564 -0.3030351 -0.6471403 -0.6995545 -0.3030352 -0.6471423 -0.6995564 -0.3030351 -0.6471403 -0.5349253 0.2383393 -0.8105859 -0.5349252 0.2383393 -0.8105859 -0.5349203 0.2383343 -0.8105906 -0.5349202 0.2383342 -0.8105906 0.9208097 -0.3733662 0.1127265 0.9208106 -0.3733639 0.1127266 0.92081 -0.3733655 0.1127259 0.9208107 -0.3733639 0.1127266 0.9208109 -0.3733637 0.1127243 -0.989322 -0.1395258 0.04212534 -0.9893222 -0.1395246 0.0421254 -0.989322 -0.1395257 0.04212534 -0.9893222 -0.1395246 0.0421254 -0.7564942 0.6260868 -0.1890285 -0.7564942 0.6260873 -0.1890273 -0.7564941 0.6260873 -0.1890277 -0.7564941 0.6260874 -0.1890277 -0.756494 0.6260886 -0.1890239 0.6298935 0.1032046 -0.7697942 0.6298936 0.1032047 -0.7697941 0.6298979 0.1032107 -0.7697898 0.629898 0.1032108 -0.7697897 0.6079686 -0.5500428 -0.5725619 0.6079664 -0.5500425 -0.5725645 0.6079685 -0.5500428 -0.5725621 0.6079665 -0.5500425 -0.5725646 -0.7067848 -0.2248799 -0.6707342 -0.706781 -0.2248831 -0.670737 -0.7067848 -0.2248799 -0.6707342 -0.706781 -0.2248831 -0.6707371 0.8908051 0.4349927 -0.1313305 0.8908063 0.4349898 -0.1313321 0.8908056 0.4349917 -0.1313307 0.8908064 0.4349898 -0.1313322 0.8908069 0.4349887 -0.1313313 0.8597958 -0.4888436 0.1475917 0.8597957 -0.4888439 0.1475909 0.8597958 -0.4888435 0.1475916 0.8597957 -0.4888439 0.1475909 -0.9995411 -0.0290001 0.008758127 -0.9995411 -0.02900004 0.008757114 -0.9995411 -0.02900063 0.008755862 -0.9995411 -0.02900063 0.008755862 -0.9995411 -0.02899986 0.008754134 0.6079658 -0.5500411 -0.5725666 0.6079651 -0.5500399 -0.5725684 0.6079658 -0.550041 -0.5725667 -0.6298928 -0.5119612 -0.5840641 -0.6298928 -0.5119612 -0.584064 -0.6298957 -0.511961 -0.5840612 -0.6298958 -0.511961 -0.5840611 0.8597961 -0.4888439 0.1475889 0.8597958 -0.4888437 0.1475907 0.8597959 -0.4888438 0.1475898 0.8597958 -0.4888437 0.1475908 0.8597955 -0.4888436 0.1475931 -0.8908064 -0.4349905 0.1313286 -0.8908064 -0.4349903 0.1313304 -0.8908062 -0.4349901 0.1313316 -0.8908061 -0.4349901 0.1313317 -0.8908059 -0.4349895 0.1313358 -0.1849354 -0.8577423 -0.4796637 -0.1849344 -0.8577412 -0.4796658 -0.1849354 -0.8577423 -0.4796637 -0.1849344 -0.8577412 -0.4796658 -0.7071076 -0.2043765 -0.6769263 -0.7071075 -0.2043763 -0.6769264 0.5140853 0.2604102 -0.8172533 0.5140849 0.2604158 -0.8172517 0.5140853 0.2604102 -0.8172532 0.5140849 0.260416 -0.8172518 -0.2615376 -0.9239982 0.2789719 -0.2615377 -0.9239987 0.2789705 -0.2615376 -0.9239982 0.2789719 -0.2615377 -0.9239987 0.2789704 -1 0 0 0.7270244 0.6573075 -0.1984506 0.7270238 0.6573076 -0.1984516 0.7270232 0.6573076 -0.1984542 0.7270231 0.6573076 -0.1984543 0.7270223 0.6573084 -0.1984549 0.1849356 0.4489917 -0.8741884 0.1849349 0.4489883 -0.8741903 0.1849355 0.4489915 -0.8741884 0.1849349 0.4489883 -0.8741903 -1.87185e-6 -0.2890269 -0.9573211 1.88387e-7 -0.2890328 -0.9573192 -3.64755e-7 -0.2890314 -0.9573196 0 -0.2890294 -0.9573203 -2.07242e-6 -0.2890208 -0.9573228 0 -0.2890314 -0.9573196 -2.98555e-7 -0.2890312 -0.9573197 1.13207e-6 -0.2890353 -0.9573186 0 -0.2890314 -0.9573197 -1.27327e-6 -0.2890325 -0.9573193 -1.15227e-6 -0.2890325 -0.9573193 3.11205e-7 -0.2890328 -0.9573193 0 -0.2890396 -0.9573172 -4.38456e-6 -0.2890281 -0.9573206 -3.5957e-6 -0.2890274 -0.9573208 2.23993e-6 -0.2890346 -0.9573187 6.9204e-6 -0.2890418 -0.9573166 -6.12359e-6 -0.2890397 -0.9573172 1.82987e-6 -0.2890325 -0.9573194 -4.13397e-6 -0.2890306 -0.95732 0 -0.28903 -0.95732 -1.76174e-5 -0.2890356 -0.9573184 8.89074e-7 -0.2890315 -0.9573196 6.48264e-7 -0.2890304 -0.9573199 8.73998e-7 -0.2890295 -0.9573202 -5.22621e-6 -0.2890347 -0.9573187 -2.73606e-6 -0.2890315 -0.9573196 -3.79237e-6 -0.2890337 -0.957319 -7.50169e-6 -0.2890392 -0.9573172 0 -0.2890321 -0.9573195 0 -0.2890325 -0.9573193 4.53222e-7 -0.2890297 -0.9573202 3.98214e-7 -0.2890317 -0.9573196 -5.28472e-7 -0.289034 -0.9573189 0 -0.2890293 -0.9573203 2.68491e-7 -0.28903 -0.9573201 -8.8498e-7 -0.2890334 -0.957319 -1.87189e-6 -0.2890386 -0.9573175 -0.5140781 0.2604142 -0.8172566 -0.5140781 0.2604143 -0.8172565 -0.5140832 0.2604194 -0.8172516 -0.5140832 0.2604194 -0.8172516 0.7071086 -0.2043758 -0.6769254 0.7071086 -0.2043758 -0.6769254 0.707111 -0.2043752 -0.6769232 0.7071111 -0.2043752 -0.676923 0.1849321 -0.857743 -0.4796635 0.1849321 -0.857743 -0.4796636 0.1849318 -0.857743 -0.4796636 0.1849318 -0.857743 -0.4796636 -0.727017 0.657315 -0.1984524 -0.7270172 0.6573137 -0.1984561 -0.727017 0.657315 -0.1984522 -0.7270172 0.6573137 -0.1984561 -0.7270169 0.6573154 -0.1984514 0.2615333 -0.9239998 0.2789711 0.2615333 -0.9239998 0.2789712 0.2615332 -0.9239994 0.2789724 0.2615332 -0.9239994 0.2789725 0.6644496 -0.02714765 0.74684 0.668794 -0.01541632 0.743288 0.7071103 0.204378 0.676923 0.7071046 0.2043762 0.6769295 0.6687924 0.424172 0.6105694 0.5580108 -0.2113954 0.8024563 0.5416553 -0.2307385 0.8083126 0.3867405 -0.3623236 0.8480291 0.3535718 -0.3818671 0.8539114 0.1736011 -0.451843 0.8750432 0.1227796 -0.4622646 0.8782009 -0.05838161 -0.4702423 0.8806043 -0.1227969 -0.4622642 0.8781986 -0.2840313 -0.4155455 0.8640881 -0.3535442 -0.3818709 0.8539211 -0.4789041 -0.293669 0.8272905 -0.5416756 -0.2307335 0.8083005 -0.6218689 -0.1178264 0.7742068 -0.6644465 -0.02710664 0.7468441 -0.6974594 0.09295195 0.7105705 -0.7070643 0.2043904 0.6769672 -0.6974653 0.3157966 0.6432844 -0.6644629 0.4359 0.6070258 -0.6218794 0.52658 0.5796375 -0.5416825 0.6394885 0.5455591 -0.4789044 0.7024188 0.5265535 -0.3535674 0.7905965 0.4999475 -0.2840293 0.8242981 0.4897552 -0.1227916 0.8710153 0.4756624 -0.05838191 0.8789919 0.4732495 0.1227792 0.8710157 0.4756648 0.1735544 0.8605945 0.478807 0.3535344 0.7906155 0.4999407 0.3867421 0.7710815 0.50583 0.541655 0.6395022 0.5455703 0.5580098 0.6201503 0.551397 0.6644479 0.4359039 0.6070396 4.67661e-7 0.2890315 0.9573197 0 0.2890319 0.9573194 0 0.2890318 0.9573195 3.17564e-7 0.2890328 0.9573192 -6.14952e-7 0.2890318 0.9573196 0 0.2890318 0.9573196 -9.31476e-7 0.2890318 0.9573196 7.29106e-7 0.2890314 0.9573196 -1.58883e-6 0.2890315 0.9573196 0 0.289031 0.9573199 0 0.2890318 0.9573196 3.41733e-7 0.2890318 0.9573195 0 0.2890318 0.9573196 0 0.289032 0.9573195 -1.21794e-7 0.2890318 0.9573196 -6.26051e-7 0.2890321 0.9573195 0 0.289031 0.9573198 0 0.2890319 0.9573194 -2.16299e-6 0.28903 0.9573201 -3.975e-6 0.2890318 0.9573195 5.0857e-7 0.2890314 0.9573196 3.78298e-7 0.2890326 0.9573193 5.8314e-7 0.2890316 0.9573196 7.53588e-7 0.2890329 0.9573192 5.31069e-7 0.2890319 0.9573195 3.49924e-7 0.2890315 0.9573196 -1.34241e-6 0.2890324 0.9573193 -4.49684e-7 0.2890314 0.9573196 -2.15369e-6 0.2890326 0.9573193 7.17787e-7 0.289031 0.9573199 3.36568e-6 0.2890321 0.9573194 4.18168e-6 0.2890315 0.9573196 1.61612e-7 0.2890307 0.9573199 -4.47831e-7 0.2890312 0.9573197 0 0.2890317 0.9573196 0 0.2890321 0.9573195 1.29747e-6 0.2890307 0.9573199 -9.58388e-7 0.2890325 0.9573193 -7.53895e-7 0.2890305 0.95732 -3.53237e-7 0.2890302 0.95732 0 0.2890318 0.9573196 -7.57919e-7 0.289029 0.9573204 2.70343e-7 0.2890331 0.9573192 -5.64556e-7 0.2890319 0.9573196 0.9396927 -0.3274226 0.09885418 0.9396924 -0.3274231 0.09885495 1 0 -4.50334e-7 1 -1.01144e-6 4.52742e-7 0.9396925 0.3274228 -0.09885507 0.9396929 0.3274219 -0.09885412 0.7660431 0.6153548 -0.1857864 0.7660455 0.6153519 -0.1857859 0.499998 0.8290641 -0.2503091 0.5000019 0.8290619 -0.2503091 0.1736471 0.9427759 -0.2846406 0.17365 0.9427754 -0.2846408 -0.1736494 0.9427757 -0.28464 -0.1736466 0.9427757 -0.2846415 -0.5000017 0.8290622 -0.2503085 -0.4999985 0.8290638 -0.2503095 -0.7660447 0.615353 -0.1857858 -0.7660422 0.6153558 -0.1857864 -0.9396929 0.3274223 -0.09885442 -0.9396916 0.3274254 -0.09885549 -1 -1.70501e-6 5.51479e-7 -1 2.48526e-6 -5.39437e-7 -0.9396915 -0.3274255 0.09885543 -0.9396926 -0.3274228 0.0988543 -0.7660428 -0.6153551 0.1857866 -0.7660447 -0.615353 0.1857858 -0.4999994 -0.8290632 0.2503094 -0.5000023 -0.8290618 0.2503087 -0.1736463 -0.942776 0.284641 -0.1736492 -0.9427757 0.2846401 0.1736502 -0.9427753 0.2846408 0.1736466 -0.9427762 0.2846403 0.5000026 -0.8290615 0.2503091 0.4999978 -0.8290645 0.2503088 0.7660457 -0.6153517 0.1857859 0.7660433 -0.6153545 0.1857864 0.664448 -0.02714645 0.7468414 0.6687949 -0.01541793 0.7432872 0.7070825 0.2043853 0.6769499 0.7071099 0.2043752 0.6769242 0.6687912 0.4241682 0.6105732 0.5580112 -0.2113996 0.8024548 0.5416929 -0.230741 0.8082869 0.3867411 -0.3623239 0.8480287 0.353533 -0.3818548 0.8539329 0.1735986 -0.4518414 0.8750445 0.1227766 -0.4622607 0.8782032 -0.05838227 -0.4702412 0.8806048 -0.1227968 -0.4622647 0.8781984 -0.2840321 -0.4155464 0.8640875 -0.353547 -0.381873 0.8539189 -0.4789057 -0.2936718 0.8272885 -0.5416805 -0.2307369 0.8082962 -0.6218739 -0.1178289 0.7742024 -0.6644617 -0.02714902 0.746829 -0.6974725 0.0929054 0.7105637 -0.7070998 0.2043796 0.6769335 -0.697479 0.3158727 0.6432322 -0.6644573 0.4359064 0.6070273 -0.6218712 0.5265814 0.5796449 -0.5416779 0.6394901 0.5455617 -0.4788784 0.70245 0.5265355 -0.3535696 0.7905935 0.4999507 -0.284031 0.824296 0.4897574 -0.1227899 0.8710162 0.4756614 -0.0583803 0.878993 0.4732474 0.1227805 0.871016 0.4756641 0.1735989 0.8605917 0.4787958 0.3535353 0.7906141 0.4999421 0.3867425 0.7710809 0.5058305 0.5416545 0.6395034 0.5455693 0.5580089 0.6201485 0.5514001 0.6644503 0.435904 0.6070367 0.9396927 -0.3274226 0.09885412 0.9396928 -0.3274223 0.09885507 1 5.29804e-7 -5.73152e-7 1 0 5.27396e-7 0.9396925 0.327423 -0.09885513 0.9396929 0.3274222 -0.09885418 0.7660431 0.6153547 -0.1857864 0.7660455 0.6153519 -0.1857858 0.4999971 0.8290648 -0.2503088 0.500002 0.8290619 -0.2503088 0.1736462 0.942776 -0.2846407 0.17365 0.9427756 -0.2846401 -0.173649 0.9427757 -0.2846405 -0.1736465 0.9427762 -0.2846406 -0.5000013 0.8290625 -0.2503086 -0.4999988 0.8290637 -0.2503091 -0.7660448 0.6153529 -0.1857858 -0.766043 0.6153548 -0.1857865 -0.9396927 0.3274224 -0.09885454 -0.9396917 0.3274248 -0.09885543 -1 -1.40639e-6 4.26251e-7 -1 2.88984e-6 -4.69599e-7 -0.9396916 -0.3274255 0.09885537 -0.9396932 -0.3274213 0.09885448 -0.7660413 -0.6153569 0.1857861 -0.7660455 -0.615352 0.1857861 -0.4999976 -0.8290645 0.2503088 -0.5000024 -0.8290616 0.2503089 -0.1736463 -0.9427759 0.284641 -0.1736493 -0.9427757 0.28464 0.1736505 -0.9427753 0.2846409 0.1736466 -0.9427762 0.2846401 0.5000026 -0.8290615 0.2503091 0.4999972 -0.8290647 0.2503089 0.7660456 -0.6153517 0.185786 0.766043 -0.6153549 0.1857866 0.6644531 0.02714633 -0.7468368 0.6687993 0.01541751 -0.7432832 0.7071133 -0.2043771 -0.6769201 0.7071079 -0.2043757 -0.6769262 0.6687916 -0.4241703 -0.6105714 0.5580472 0.2113757 -0.8024361 0.541656 0.230738 -0.8083122 0.3867404 0.3623241 -0.848029 0.3535323 0.3818569 -0.8539323 0.1736007 0.4518422 -0.8750436 0.122781 0.4622632 -0.8782014 -0.05837953 0.4702416 -0.8806048 -0.1227931 0.4622645 -0.8781991 -0.2840305 0.4155456 -0.8640884 -0.3535435 0.3818703 -0.8539215 -0.4788777 0.2937048 -0.827293 -0.5416769 0.2307348 -0.8082993 -0.621873 0.1178277 -0.7742033 -0.664464 0.027148 -0.746827 -0.6974744 -0.0929073 -0.7105616 -0.707067 -0.2043899 -0.6769645 -0.6974631 -0.3157994 -0.6432853 -0.6644616 -0.4359019 -0.6070257 -0.621862 -0.5266184 -0.5796212 -0.5416762 -0.6394903 -0.5455632 -0.4788748 -0.7024495 -0.5265395 -0.3535658 -0.7905948 -0.4999511 -0.284031 -0.8242972 -0.4897556 -0.122793 -0.8710163 -0.4756602 -0.05838161 -0.8789929 -0.4732476 0.1227807 -0.8710155 -0.4756649 0.1735993 -0.8605915 -0.478796 0.3535352 -0.7906141 -0.4999421 0.3867426 -0.7710809 -0.5058306 0.5416549 -0.6395022 -0.5455703 0.5580096 -0.6201499 -0.5513979 0.6644485 -0.4359043 -0.6070384 0.6644505 0.027148 -0.746839 0.668792 0.01541519 -0.7432898 0.7070806 -0.2043867 -0.6769514 0.7071073 -0.2043747 -0.6769271 0.6687933 -0.424171 -0.6105691 0.5580131 0.211395 -0.8024548 0.5416592 0.2307383 -0.8083101 0.386783 0.3623175 -0.8480125 0.3535719 0.3818641 -0.8539127 0.1735989 0.4518422 -0.875044 0.1227766 0.4622633 -0.8782019 -0.0583828 0.4702413 -0.8806047 -0.1227964 0.4622613 -0.8782002 -0.2840307 0.4155443 -0.864089 -0.3535436 0.3818703 -0.8539215 -0.4789037 0.2936695 -0.8272904 -0.5416761 0.2307361 -0.8082994 -0.621872 0.1178284 -0.774204 -0.6644602 0.02714872 -0.7468305 -0.6974692 -0.09290522 -0.7105669 -0.707066 -0.2043901 -0.6769655 -0.6974638 -0.3157989 -0.6432848 -0.6644605 -0.4359032 -0.607026 -0.6218755 -0.52658 -0.5796416 -0.5416787 -0.6394898 -0.5455611 -0.4788777 -0.70245 -0.5265359 -0.3535696 -0.7905948 -0.4999485 -0.2840312 -0.8242976 -0.4897547 -0.1227903 -0.871017 -0.4756594 -0.05838042 -0.8789933 -0.4732469 0.1227803 -0.8710162 -0.4756637 0.1735551 -0.860594 -0.4788074 0.353536 -0.7906159 -0.4999389 0.3867434 -0.7710809 -0.5058298 0.5416551 -0.6395023 -0.54557 0.5580095 -0.6201496 -0.5513983 0.6644484 -0.435904 -0.6070387 0.7071119 -0.6644528 0.241858 0.7071083 -0.7071053 0 0.7071027 -0.707111 -3.04019e-7 0.7071031 -0.664476 -0.2418197 0.7071141 -0.6593496 -0.2554369 0.7071094 -0.5416704 -0.4545212 0.7071076 -0.5225622 -0.4763692 0.7071034 -0.3535622 -0.6123712 0.7071084 -0.3151737 -0.6329798 0.7071086 -0.1227871 -0.6963626 0.7071124 -0.0652309 -0.704086 0.7071166 0.1228138 -0.6963497 0.7071214 0.1935276 -0.680093 0.7071099 0.353549 -0.6123715 0.7071123 0.4261316 -0.5642732 0.7070956 0.5416679 -0.4545459 0.7071118 0.6011956 -0.3722321 0.7071143 0.6644616 -0.2418268 0.7071115 0.6950629 -0.129926 0.7071163 0.7070973 0 0.7071146 0.69506 0.1299258 0.7070985 0.6644632 0.2418689 0.7071122 0.6011951 0.3722323 0.7071099 0.5416828 0.4545058 0.7071121 0.4261313 0.5642737 0.7071068 0.353551 0.6123738 0.7070991 0.1935015 0.6801236 0.7071039 0.1227748 0.6963696 0.7071143 -0.06523191 0.7040839 0.7071126 -0.1227871 0.6963586 0.7071087 -0.3151751 0.6329788 0.7071039 -0.3535637 0.6123699 0.7071065 -0.5225635 0.4763694 0.7071089 -0.5416712 0.4545211 0.7071143 -0.659349 0.2554376 0 -0.9324743 0.3612366 0 -0.9324717 0.3612432 0 -1 -1.54414e-7 0 -1 6.35026e-6 0 -0.9324708 -0.3612456 0 -0.9324728 -0.3612401 0 -0.7390066 -0.6736981 0 -0.739011 -0.6736934 0 -0.4457338 -0.8951657 0 -0.4457401 -0.8951624 0 -0.09226518 -0.9957346 0 -0.09227228 -0.9957339 0 0.2736635 -0.9618255 0 0.2736586 -0.9618269 0 0.6026375 -0.7980151 0 0.6026342 -0.7980176 0 0.8502196 -0.5264284 0 0.8502168 -0.526433 0 0.9829735 -0.1837477 0 0.9829724 -0.1837539 0 0.9829724 0.1837539 0 0.9829735 0.1837477 0 0.8502131 0.5264387 0 0.8502171 0.5264324 0 0.602631 0.7980201 0 0.6026379 0.7980148 0 0.2736646 0.9618253 0 0.2736721 0.9618232 0 -0.09226757 0.9957343 0 -0.09226185 0.9957348 0 -0.4457432 0.895161 0 -0.445738 0.8951635 0 -0.739011 0.6736934 0 -0.7390066 0.6736981 1 -1.43268e-6 0 1 3.53954e-6 0 1 -5.44632e-6 0 1 -1.91161e-5 0 1 2.23292e-6 0 1 1.36154e-6 0 1 2.61151e-5 0 1 2.72048e-5 0 1 -2.72053e-5 0 1 -2.61148e-5 0 1 -1.36158e-6 0 1 -1.3258e-6 0 1 2.29538e-5 0 1 1.9116e-5 0 1 5.44631e-6 0 1 -3.53942e-6 0 1 1.43283e-6 0 1 -2.23292e-6 0 1 1.39562e-7 0 1 3.31092e-6 0 1 4.81118e-6 0 1 -2.29539e-5 0 -0.7071171 -0.6593458 -0.2554379 -0.7071135 -0.6644504 -0.24186 -0.7071017 -0.7071118 -5.14148e-7 -0.7071068 -0.7071068 1.55587e-7 -0.7071132 -0.6644508 0.2418597 -0.7071092 -0.54167 -0.4545221 -0.7071064 -0.5225621 -0.4763712 -0.7071049 -0.3535624 -0.6123695 -0.707109 -0.3151738 -0.632979 -0.7071096 -0.1227872 -0.6963614 -0.7071127 -0.06523114 -0.7040856 -0.7071031 0.1227751 -0.6963703 -0.7071208 0.1935274 -0.6800936 -0.7071093 0.3535494 -0.6123719 -0.7071118 0.4261328 -0.5642729 -0.7070968 0.5416661 -0.4545462 -0.7071145 0.6011917 -0.3722333 -0.7070987 0.6644627 -0.2418693 -0.7071127 0.6950621 -0.1299246 -0.7071159 0.7070977 0 -0.7071127 0.6950621 0.1299245 -0.7071159 0.6644597 0.2418274 -0.707115 0.6011909 0.3722338 -0.7071102 0.5416821 0.454506 -0.7071104 0.4261347 0.5642731 -0.7071059 0.3535528 0.6123738 -0.7071201 0.1935284 0.6800941 -0.7071043 0.1227741 0.6963692 -0.7071142 -0.06523305 0.704084 -0.7071122 -0.1227883 0.6963587 -0.7071098 -0.3151742 0.6329779 -0.7071047 -0.3535623 0.6123697 -0.7071074 -0.5225626 0.4763693 -0.7071092 -0.5416699 0.4545223 -0.7071165 -0.6593463 0.2554386 0 -0.9324734 -0.3612387 0 -0.9324711 -0.3612449 0 -1 3.25234e-6 0 -1 -3.25234e-6 0 -0.9324711 0.3612449 0 -0.9324733 0.361239 0 -0.7390065 0.6736984 0 -0.7390108 0.6736937 0 -0.4457358 0.8951646 0 -0.4457416 0.8951617 0 -0.09226375 0.9957346 0 -0.09227013 0.995734 0 0.2736673 0.9618244 0 0.2736612 0.9618263 0 0.6026368 0.7980158 0 0.6026316 0.7980195 0 0.8502181 0.5264307 0 0.8502148 0.526436 0 0.9829736 0.1837465 0 0.9829726 0.1837527 0 0.9829725 -0.1837531 0 0.9829736 -0.1837468 0 0.850215 -0.5264357 0 0.8502184 -0.5264303 0 0.6026316 -0.7980195 0 0.6026368 -0.7980158 0 0.2736611 -0.9618263 0 0.2736672 -0.9618244 0 -0.09227001 -0.995734 0 -0.09226363 -0.9957346 0 -0.4457416 -0.8951617 0 -0.4457358 -0.8951646 0 -0.7390117 -0.6736927 0 -0.7390073 -0.6736975 -1 -1.70197e-7 0 -1 -4.46238e-6 0 -1 0 0 -1 1.63215e-6 0 -1 1.70023e-6 0 -1 -1.70026e-6 0 -1 -1.6234e-6 0 -1 1.21833e-7 0 -1 1.91669e-7 0 -1 -6.20799e-7 0 -1 -6.05536e-7 0 -1 1.13814e-6 0 -1 1.19813e-6 0 -1 1.70197e-7 0 -1 3.26425e-6 0 -1 3.40048e-6 0 -1 0 0 -1 -1.63219e-6 0 -1 -1.7003e-6 0 -1 1.70033e-6 0 -1 1.62345e-6 0 -1 -1.21834e-7 0 -1 -2.00391e-7 0 -1 4.13869e-7 0 -1 3.8772e-7 0 -1 -4.53862e-6 0 -0.7070939 -0.6644788 -0.2418392 -0.7071061 -0.6725071 -0.2184838 -0.7071081 -0.7071056 -4.3097e-7 -0.7071068 -0.7071068 0 -0.7071065 -0.6725066 0.2184841 -0.7071058 -0.5720658 -0.4156226 -0.7071019 -0.5416824 -0.4545186 -0.7071149 -0.4156476 -0.5720363 -0.7071116 -0.3535493 -0.6123692 -0.7071196 -0.2185223 -0.6724804 -0.7071325 -0.1227735 -0.6963407 -0.707076 -3.39991e-7 -0.7071376 -0.7071325 0.1227732 -0.6963408 -0.7071194 0.2185224 -0.6724806 -0.7071118 0.3535494 -0.612369 -0.7071148 0.4156479 -0.5720365 -0.7071288 0.541646 -0.4545201 -0.7071061 0.5720655 -0.4156225 -0.7070937 0.6644788 -0.2418397 -0.7071071 0.6725062 -0.2184836 -0.7071081 0.7071056 0 -0.7071068 0.7071068 0 -0.7071068 0.6725063 0.218484 -0.7071253 0.6644449 0.2418402 -0.7071076 0.5720645 0.4156213 -0.7071016 0.5416818 0.4545199 -0.7071047 0.415618 0.5720705 -0.707112 0.3535474 0.6123699 -0.7071185 0.218523 0.6724814 -0.7071303 0.1227747 0.6963428 -0.7071058 0 0.7071079 -0.7071011 -0.1227985 0.6963682 -0.7071184 -0.2185233 0.6724814 -0.7071118 -0.3535472 0.6123702 -0.7071138 -0.415648 0.5720374 -0.7071021 -0.541682 0.4545187 -0.7071071 -0.5720649 0.4156216 -0.7070945 -0.6644782 0.2418391 0 -0.9396942 -0.3420157 0 -0.9396911 -0.3420245 0 -1 5.03804e-6 0 -1 -4.59492e-6 0 -0.9396913 0.342024 0 -0.9396944 0.3420153 0 -0.7660421 0.6427905 0 -0.7660478 0.6427836 0 -0.4999961 0.8660277 0 -0.500004 0.8660231 0 -0.1736436 0.9848086 0 -0.1736525 0.984807 0 0.1736525 0.984807 0 0.1736435 0.9848086 0 0.500004 0.8660231 0 0.4999961 0.8660277 0 0.7660478 0.6427836 0 0.7660421 0.6427905 0 0.9396944 0.3420153 0 0.9396913 0.342024 0 1 -4.59492e-6 0 1 5.03804e-6 0 0.9396911 -0.3420245 0 0.9396942 -0.3420157 0 0.7660422 -0.6427903 0 0.766048 -0.6427834 0 0.4999959 -0.8660278 0 0.1736423 -0.9848088 0 0.1736513 -0.9848072 0 -0.1736513 -0.9848072 0 -0.1736423 -0.9848088 0 -0.5000038 -0.8660233 0 -0.4999959 -0.8660278 0 -0.7660481 -0.6427834 0 -0.7660422 -0.6427903 -0.4136085 0.5371485 -0.7351188 -0.4136043 0.8542132 0.3150418 -0.4946504 0.8319994 -0.2511934 -0.4946572 0.8319948 -0.2511955 -0.4946519 0.8319984 -0.2511939 -0.4946587 0.8319937 -0.2511959 0.5435457 0.4421316 -0.7134969 0.6995612 -0.1057156 -0.7067095 0.699561 -0.1057159 -0.7067097 0.6995608 -0.1057161 -0.7067099 0.6995601 -0.1057189 -0.7067102 0.6995601 -0.1057189 -0.7067102 0 0.4725535 -0.881302 0 0.4725534 -0.8813021 0 0.4725432 -0.8813075 0 0.4725431 -0.8813076 0.5435429 0.7630982 0.3496319 0.6535561 0.7245722 -0.2187687 0.6535556 0.7245728 -0.2187678 0.6535535 0.7245759 -0.2187636 0.6535531 0.7245767 -0.2187626 0 0.8813097 0.4725393 0 0.8813053 0.4725472 0 0.8813096 0.4725394 0 0.8813053 0.4725474 0.6995596 0.3030357 0.6471366 0.6995596 0.3030356 0.6471366 0.6995583 0.3030337 0.647139 0.6995583 0.3030338 0.647139 0.707104 0.2043742 0.6769308 0.707104 0.2043742 0.6769307 0.7071093 0.2043752 0.6769249 0.7071094 0.2043752 0.6769248 0 -0.4725535 0.8813021 0 -0.4725534 0.881302 0 -0.4725487 0.8813046 0 -0.4725488 0.8813046 0 -0.472541 0.8813088 -0.7071073 0.2043762 0.6769266 -0.7071028 0.2043774 0.6769309 -0.7071073 0.2043762 0.6769266 -0.7071028 0.2043775 0.676931 -0.60797 0.5500425 0.5725608 -0.6079704 0.5500426 0.5725602 -0.6079704 0.5500427 0.5725602 -0.6079674 0.141289 -0.7812894 -0.6079684 0.1412898 -0.7812886 -0.6079683 0.1412898 -0.7812886 0 0.9573203 -0.289029 0 0.9573197 -0.2890313 0 0.9573203 -0.2890291 0 0.9573196 -0.2890315 -0.7071067 -0.2043763 -0.6769272 -0.7071101 -0.2043755 -0.6769239 -0.7071068 -0.2043763 -0.6769272 -0.7071101 -0.2043755 -0.6769239 0 -0.881303 -0.4725517 0 -0.8813058 -0.4725465 0 -0.881303 -0.4725516 0 -0.8813058 -0.4725464 0.7070927 0.6009738 -0.3726266 0.7071015 0.6009684 -0.3726184 0.7071024 0.600978 -0.3726012 0.7071107 0.6009604 -0.3726138 0.7071095 0.6009635 -0.3726111 0.7071128 -0.706753 0.02217453 0.7071124 -0.6884228 -0.16145 0.7071127 -0.7067522 0.02220571 0.7071099 -0.6834343 -0.1814202 0.7071135 -0.6231852 -0.3341121 0.7071069 -0.6026959 -0.3698074 0.7070989 -0.515453 -0.4840654 0.7071084 -0.4713123 -0.5271266 0.7071254 -0.3726168 -0.6009414 0.7071253 -0.3002787 -0.6401613 0.7070994 -0.2043809 -0.6769335 0.707108 -0.1041111 -0.6993992 0.7071241 -0.0221939 -0.7067412 0.7071078 0.1008526 -0.6998767 0.7071231 0.161483 -0.688404 0.7071309 0.2973064 -0.641541 0.7071096 0.3341279 -0.6231811 0.707108 0.4688503 -0.5293182 0.7071104 0.4840592 -0.5154432 0.7071053 -0.7067593 0.02221071 0.7071053 -0.7067594 0.02221071 0.7071058 -0.2043824 -0.6769263 0.7071059 -0.2043821 -0.6769263 0.7071107 -0.2043692 -0.6769253 0.7071107 -0.2043691 -0.6769253 -0.7071064 0.6009652 -0.3726143 -0.7071102 0.6009691 -0.3726007 -0.7071064 0.6009652 -0.3726143 -0.7071145 0.6009429 -0.372635 -0.7071066 -0.7067593 0.02217471 -0.7071105 -0.7067543 0.02220571 -0.707112 -0.6884233 -0.16145 -0.707109 -0.6834351 -0.1814206 -0.7071129 -0.6231859 -0.3341118 -0.707106 -0.6026971 -0.3698072 -0.707118 -0.5154675 -0.4840222 -0.7071093 -0.4713098 -0.5271277 -0.7071263 -0.3726143 -0.6009417 -0.707126 -0.3002783 -0.6401609 -0.7071351 -0.2043707 -0.6768993 -0.7071264 -0.1041494 -0.6993749 -0.7071242 -0.02219414 -0.706741 -0.7071075 0.1008531 -0.6998769 -0.7071213 0.1614866 -0.6884052 -0.7071304 0.297307 -0.6415413 -0.7071093 0.3341276 -0.6231815 -0.7071084 0.4688496 -0.5293183 -0.7071112 0.4840574 -0.5154436 -0.7071073 -0.7067574 0.02221077 -0.7071072 -0.7067574 0.02221077 0 0.8498942 -0.5269534 0 0.8498893 -0.5269614 7.71742e-7 0.8498942 -0.5269534 0 0.8498808 -0.526975 1.88956e-7 0.8498939 -0.5269538 -4.93289e-7 0.8498926 -0.5269562 0 0.8498955 -0.5269514 0 0.6845474 -0.7289684 0 0.472548 -0.8813049 0 0.472554 -0.8813018 0 0.228347 -0.9735798 0 0.2283536 -0.9735783 0 -0.03141433 -0.9995065 0 -0.03140759 -0.9995067 0 -0.2890336 -0.957319 0 -0.2890272 -0.9573209 0 -0.5269587 -0.8498911 0 -0.5269529 -0.8498945 0 -0.7289715 -0.6845442 0 -0.7289667 -0.6845492 0 -0.8813053 -0.4725474 0 -0.8813019 -0.4725537 0 -0.9735791 -0.2283503 0 -0.9735789 -0.2283507 -2.50435e-6 -0.999507 0.03139948 0 -0.9995073 0.03139042 0 -0.9995067 0.03141063 0 -0.9995066 0.03141051 0 -0.9995066 0.03141057 2.88367e-5 -0.999507 0.03139942 0 -0.9995067 0.03141057 0 -0.9995073 0.03139036 0 0.8498898 -0.5269607 0 0.849892 -0.5269569 0 0.8498926 -0.5269561 -5.98804e-7 0.8498924 -0.5269562 -1.36215e-7 0.8498933 -0.5269551 5.17696e-7 0.8498929 -0.5269556 0 0.849895 -0.5269523 -0.5140823 -0.6691622 -0.5366017 -0.5140823 -0.6691623 -0.5366016 -0.514083 -0.669165 -0.5365976 -0.5140831 -0.669165 -0.5365976 0 0.4725516 -0.8813031 0 0.4725509 -0.8813034 0 0.4725515 -0.881303 0 0.4725509 -0.8813035 0.7071073 -0.2043781 -0.6769261 0.7071072 -0.2043781 -0.6769261 0.7071067 -0.2043778 -0.6769268 0.7071067 -0.2043778 -0.6769269 -0.7270228 -0.6573084 0.1984533 -0.7270232 -0.6573079 0.1984531 -0.7270232 -0.657308 0.1984528 -0.7270231 -0.6573079 0.198453 -0.7270245 -0.657307 0.1984514 0 0.9573195 -0.2890318 0 0.9573202 -0.2890295 0 0.9573195 -0.2890318 0 0.9573202 -0.2890295 0.7071099 -0.2043737 -0.6769246 0.7071099 -0.2043738 -0.6769247 0.707107 -0.2043771 -0.6769267 0.7071071 -0.2043771 -0.6769267 0 -0.8813197 -0.4725205 0 -0.8813128 -0.4725334 1.80766e-7 -0.8813025 -0.4725526 1.7437e-7 -0.8813022 -0.4725532 0 -0.881299 -0.4725593 1 -3.74431e-7 0 1 0 0 1 -3.81249e-7 0 0 -0.9573169 0.2890406 0 -0.9573175 0.2890385 0 -0.9573205 0.2890285 0 -0.9573215 0.2890255 0.7071016 -0.2043671 -0.6769353 0.7071068 -0.2043746 -0.6769277 0.7071052 -0.2043722 -0.6769301 0.7071076 -0.2043757 -0.6769266 -0.7071059 -0.2043739 -0.6769288 -0.7071069 -0.2043752 -0.6769274 -0.7071089 -0.2043778 -0.6769245 -0.7071132 -0.2043834 -0.6769183 -0.7071079 -0.2043749 -0.6769264 -0.7071061 -0.2043759 -0.6769281 -0.7071078 -0.2043749 -0.6769265 -0.707106 -0.2043759 -0.6769281 0 0.4725513 -0.8813033 0 0.4725513 -0.8813032 0 0.4725516 -0.8813031 0.5140805 -0.6691673 -0.5365969 0.514078 -0.6691672 -0.5365995 0.514078 -0.6691672 -0.5365995 0 0.9573202 -0.2890295 0 0.9573195 -0.2890319 0 0.9573202 -0.2890297 0 0.9573195 -0.289032 0.7270171 -0.6573144 0.198454 0.7270174 -0.6573142 0.1984536 0.7270168 -0.6573146 0.1984545 0.7270184 -0.6573134 0.1984525 -0.6764194 0.5471745 -0.4930081 -0.6765117 0.5471285 -0.4929323 -0.6764193 0.5471743 -0.4930084 -0.6764233 0.5471793 -0.4929974 0.2913253 -0.620247 -0.7283016 0.707108 -0.7067565 0.02221775 0.7071071 -0.7067578 0.02220201 0.7071101 -0.7067546 0.02221119 0.7071104 -0.7067543 0.02221119 0.7071096 -0.6834357 -0.1814154 0.7071282 -0.676366 -0.2061526 0.707112 -0.6026993 -0.3697921 0.7071235 -0.5742056 -0.412631 0.7071154 -0.4713171 -0.527113 0.7071252 -0.4110974 -0.5753024 0.7070975 -0.300328 -0.6401689 0.7071145 -0.2043777 -0.6769186 0.7070983 -0.1041172 -0.6994081 0.7071255 0.02404254 -0.7066792 0.7070983 0.1008285 -0.6998897 0.707126 0.2499167 -0.6614488 0.7071145 0.2973571 -0.6415355 0.7071256 0.4492826 -0.5460023 0.7071096 0.4688549 -0.5293119 0.7071114 0.600958 -0.3726163 0.707107 0.6009531 -0.3726328 0.7071009 0.6009733 -0.3726117 0.7071014 0.6009726 -0.3726118 0.7071071 -0.2043764 -0.6769269 0.7071067 -0.2043766 -0.6769272 0.7071071 -0.2043764 -0.6769268 0.7071063 -0.2043769 -0.6769275 0.7071072 -0.2043764 -0.6769267 -0.3007743 -0.5815659 -0.7558545 0 -0.8120827 -0.5835425 0 -0.812083 -0.5835419 0 -0.8120842 -0.5835403 0 -0.8120852 -0.5835388 -0.6339901 -0.2235192 -0.7403349 -0.633989 -0.2235206 -0.7403354 -0.6339892 -0.2235197 -0.7403355 -0.6339883 -0.2235204 -0.7403362 -0.6339892 -0.2235206 -0.7403353 -0.6765108 -0.7285083 -0.1077449 -0.6764223 -0.728576 -0.107842 -0.6764137 -0.7285813 -0.1078602 -0.6764225 -0.728576 -0.107842 -0.7071011 0.552537 -0.4412606 -0.7071098 0.398932 -0.5838228 -0.7065491 0.5272293 -0.4720357 -0.7071114 0.3497632 -0.6145398 -0.705538 0.529166 -0.4713803 -0.7071086 0.2102159 -0.6751347 -0.7071057 0.1357464 -0.6939557 -0.7071061 0.003059625 -0.7071008 -0.7071342 -0.0924524 -0.7010092 -0.7071341 -0.2043695 -0.6769006 -0.7071363 -0.3109261 -0.6350459 -0.7071083 -0.3938482 -0.587266 -0.7071261 -0.4970548 -0.5029008 -0.7071207 -0.5487275 -0.4459578 -0.7071114 -0.6314003 -0.3183192 -0.7071118 -0.6553598 -0.2655118 -0.7065271 -0.7002869 -0.1020681 -0.7071042 -0.704407 -0.06176263 -0.7051783 -0.7017505 -0.1013407 -0.7069028 -0.7000446 -0.1011236 -0.7071777 -0.6998195 -0.100759 -0.898158 -0.255048 -0.3581382 -0.6908183 0.6986792 0.1860579 -0.6735586 -0.7243012 -0.1473315 -0.6701507 -0.7200861 -0.1799278 -0.6701102 -0.718335 -0.1869417 -0.6694347 -0.7185694 -0.1884549 -0.6689417 -0.7175202 -0.194118 -0.6657523 -0.7119716 -0.2233169 -0.6656242 -0.7116151 -0.2248299 -0.6771215 -0.7280032 -0.1073215 -0.6739144 -0.7260186 -0.1368811 -0.6726403 -0.7243346 -0.1513088 -0.6701629 -0.721962 -0.1721993 -0.6746405 -0.7282418 -0.1205155 -0.6746421 0.5398751 -0.5033816 -0.6721917 0.5162936 -0.5306593 -0.6657717 0.4694485 -0.5799709 -0.6681795 0.4828329 -0.5660465 -0.6655843 0.4682899 -0.5811215 -0.6701068 0.4948819 -0.5532168 -0.6771342 0.546992 -0.4922288 -0.673871 0.5289578 -0.5158504 -0.676176 -0.7283688 -0.1107472 -0.6761915 0.5454545 -0.4952217 0 -0.2890317 -0.9573196 3.18044e-7 -0.2890319 -0.9573195 0 -0.2890318 -0.9573195 1.26933e-5 -0.2890296 -0.9573202 2.98105e-6 -0.2890317 -0.9573196 -6.7544e-6 -0.2890315 -0.9573196 -5.68442e-6 -0.28903 -0.9573202 -1.12725e-6 -0.2890318 -0.9573196 -1.21957e-7 -0.2890318 -0.9573196 0 -0.2890318 -0.9573195 1 3.73369e-7 0 1 3.21996e-7 0 1 3.98279e-7 0 1 -1.76974e-6 0 1 -1.47817e-6 0 1 -4.47833e-7 0 1 7.18125e-7 0 1 -1.01186e-6 0 1 1.67179e-7 0 1 2.98149e-7 0 1 9.82546e-7 0 1 -1.11567e-6 0 1 4.88972e-7 0 1 2.22763e-7 0 1 1.98075e-6 0 1 2.10753e-6 0 1 1.92504e-6 0 1 2.11526e-6 0 1 3.94337e-6 0 1 2.93102e-6 0 1 9.59192e-7 0 1 -2.41036e-6 0 1 2.28314e-6 0 1 1.16944e-6 0 1 -5.18863e-7 0 1 8.46519e-7 0 1 7.53077e-7 0 -3.80911e-7 -0.9995073 0.03139179 -2.64496e-7 -0.9995067 0.03140848 0 -0.9995059 0.03143072 0 -0.9995066 0.03140938 0 -0.9995067 0.03140878 0 0.8498935 -0.5269545 1.53628e-7 0.8498931 -0.5269553 1.67992e-7 0.8498874 -0.5269644 5.91064e-6 0.8498727 -0.5269882 -1.99769e-6 0.849864 -0.5270023 4.88944e-7 0.7814297 -0.6239933 -2.11196e-5 0.6630583 -0.7485678 -1.31205e-5 0.5641515 -0.8256713 3.67314e-6 0.4205095 -0.9072883 -1.99145e-5 0.2973009 -0.9547839 -1.35712e-5 0.1426295 -0.9897762 -3.35406e-5 0.004319846 -0.9999907 2.85162e-5 -0.14723 -0.9891023 -3.84822e-6 -0.28903 -0.9573201 2.85432e-5 -0.4247299 -0.9053201 1.74921e-5 -0.5569893 -0.8305197 3.68338e-5 -0.6665295 -0.7454788 -1.94805e-5 -0.7759968 -0.6307371 3.48594e-6 -0.8523396 -0.5229889 -1.33952e-5 -0.9268103 -0.3755302 2.96989e-5 -0.9665261 -0.2565686 2.36556e-7 -0.9961782 -0.08734458 -8.04965e-6 -0.9996085 -0.02797996 0.131309 0.5362301 -0.8337957 -0.7071163 0.6009401 -0.3726359 -0.7071051 0.6009672 -0.3726137 -0.7071118 0.600941 -0.3726431 -0.7071049 0.6009675 -0.3726136 -0.7071007 -0.7067652 0.02217501 -0.7071024 -0.7067624 0.02220559 -0.707113 -0.688422 -0.1614508 -0.7071114 -0.6834324 -0.1814214 -0.7071103 -0.6231892 -0.3341112 -0.707104 -0.6027001 -0.369806 -0.7071184 -0.5154662 -0.484023 -0.7071105 -0.471307 -0.5271286 -0.7071263 -0.3726144 -0.6009418 -0.7071262 -0.3002768 -0.6401612 -0.7070999 -0.2043797 -0.6769334 -0.7071082 -0.104111 -0.6993989 -0.7071242 -0.0221942 -0.706741 -0.7071076 0.1008524 -0.6998769 -0.7071214 0.1614859 -0.6884053 -0.7071299 0.2973093 -0.6415408 -0.7071087 0.3341301 -0.6231809 -0.7071087 0.4688496 -0.5293178 -0.7071108 0.4840576 -0.5154441 -0.7071135 -0.7067512 0.02221095 -0.7071127 -0.706752 0.02221095 -0.7071074 -0.2043762 -0.6769266 -0.707107 -0.2043759 -0.676927 -0.7071066 -0.2043759 -0.6769275 -0.7071063 -0.2043758 -0.6769278 -0.7071069 -0.2043759 -0.6769271 0 0.3534427 -0.9354562 -3.30472e-7 0.3534742 -0.9354443 -7.8584e-7 0.3534606 -0.9354496 -1.01601e-6 0.3534768 -0.9354434 0 0.353474 -0.9354444 -0.9893218 -0.1395283 0.04212498 -0.989322 -0.1395265 0.04212397 -0.9893224 -0.1395234 0.04212504 -0.9893224 -0.1395233 0.04212492 -0.9893227 -0.1395222 0.04212141 0 -0.2890323 -0.9573194 0 -0.2890321 -0.9573194 0 -0.2890319 -0.9573194 2.00905e-7 -0.2890329 -0.9573193 0 -0.2890322 -0.9573194 0 -0.2890316 -0.9573196 2.20933e-7 -0.2890319 -0.9573196 0 -0.2890318 -0.9573195 4.10479e-7 -0.2890305 -0.95732 -0.1313089 0.5362311 -0.8337951 0.7071066 -0.7067582 0.02221077 0.7071066 -0.7067581 0.02221071 0.7071082 -0.7067567 0.02220553 0.7071062 -0.7067597 0.02217477 0.7071117 -0.6884236 -0.1614501 0.7071091 -0.6834351 -0.1814203 0.7071117 -0.6231871 -0.3341121 0.7071061 -0.6026971 -0.369807 0.7071182 -0.5154672 -0.4840222 0.7071094 -0.4713097 -0.5271275 0.7071264 -0.372614 -0.6009419 0.7071254 -0.3002782 -0.6401615 0.7070996 -0.2043798 -0.6769337 0.7071081 -0.1041097 -0.6993993 0.707124 -0.02219384 -0.7067412 0.7071078 0.1008533 -0.6998767 0.7071229 0.161485 -0.6884039 0.7071307 0.2973071 -0.6415408 0.7071098 0.3341273 -0.6231812 0.7071087 0.4688501 -0.5293173 0.7071104 0.484058 -0.5154442 0.7071137 0.6009435 -0.3726354 0.7071051 0.6009477 -0.372645 0.7071058 0.6009659 -0.3726142 0.7071058 0.6009659 -0.3726142 0 0.3534749 -0.9354441 0 0.3534744 -0.9354443 0 0.353474 -0.9354444 0 0.3534736 -0.9354445 0.707107 -0.2043762 -0.676927 0.707107 -0.2043762 -0.676927 0.7071081 -0.2043762 -0.6769258 0.7071079 -0.2043762 -0.676926 0.7071071 -0.2043763 -0.6769269 -0.6995238 -0.3032827 -0.6470596 -0.7049216 -0.1510162 -0.6930222 -0.7019154 -0.2862368 -0.6522142 -0.7060465 -0.1676027 -0.6880462 -0.6947017 -0.3306229 -0.6388099 -0.6762919 -0.006741702 -0.7366029 -0.6745674 -0.001403748 -0.738212 -0.6071339 0.142616 -0.7816963 -0.6101267 0.1377751 -0.7802331 -0.5146847 0.2598233 -0.8170628 -0.3928806 0.3584175 -0.8468659 -0.4078831 0.3485664 -0.8438796 -0.5026071 0.2717475 -0.8206945 -0.4033744 0.3515953 -0.8447898 -0.3688033 0.3731754 -0.8513074 0.5022419 0.2721045 -0.8207998 0.5341469 0.2391894 -0.8108487 0.6069366 0.142971 -0.7817847 0.5281592 0.2457134 -0.8128179 0.6142182 0.1310009 -0.7781868 0.5221916 0.252055 -0.8147295 0.6762053 -0.006500482 -0.7366846 0.6762185 -0.006491601 -0.7366726 0.7051219 -0.1536618 -0.6922364 0.6995172 -0.3033004 -0.6470584 0.7019129 -0.2862626 -0.6522055 0.7060616 -0.1674917 -0.6880579 0.6946861 -0.3306094 -0.6388339 0.7564926 -0.626088 0.1890311 0.7564944 -0.6260874 0.1890267 0.756493 -0.6260878 0.1890304 0.7564943 -0.6260874 0.1890267 0.7564942 -0.626087 0.1890283 -0.5483232 -0.6317956 -0.5478832 -0.5869143 -0.5818989 -0.5629612 -0.5539721 -0.6250684 -0.5499132 -0.5815172 -0.5894824 -0.5606678 -0.5236295 -0.6592772 -0.5395979 -0.5426295 -0.6384083 -0.545883 -0.6248988 -0.5211512 -0.5812942 -0.6293373 -0.5130018 -0.5837497 -0.6490674 -0.4729583 -0.5958373 -0.666229 -0.4311796 -0.6084596 -0.6559921 -0.4570704 -0.600634 -0.1010215 -0.8743615 -0.4746437 -0.09999197 -0.8745076 -0.4745925 -0.1940342 -0.8553074 -0.4804167 -0.2776473 -0.8269399 -0.4889606 -0.3258292 -0.8051397 -0.4955659 -0.4070914 -0.7578653 -0.5098206 -0.4445216 -0.7308079 -0.5179965 -0.4008993 -0.7619976 -0.508566 -0.4078766 -0.7573493 -0.5099595 -0.4144091 -0.7528667 -0.5113285 -0.4148067 -0.7525914 -0.5114114 -0.4216395 -0.7477941 -0.5128589 -0.05443412 -0.8792934 -0.4731597 0 -0.2890318 -0.9573195 -1.22841e-5 -0.2890214 -0.9573227 -1.27421e-5 -0.2890272 -0.9573209 -6.26827e-6 -0.2890278 -0.9573207 -5.15052e-7 -0.2890313 -0.9573197 0 -0.2890295 -0.9573202 4.45191e-6 -0.2890365 -0.9573181 -1.1772e-6 -0.289031 -0.9573199 0 -0.2890319 -0.9573194 7.58215e-7 -0.289032 -0.9573194 -2.85202e-7 -0.2890315 -0.9573196 -6.01456e-7 -0.289031 -0.9573199 0 -0.2890318 -0.9573195 1.65364e-7 -0.289032 -0.9573194 9.01372e-7 -0.2890318 -0.9573195 1.10965e-6 -0.2890322 -0.9573194 0.6559904 -0.4570755 -0.6006318 0.6248593 -0.5212757 -0.5812249 0.6490656 -0.4729658 -0.5958333 0.6293283 -0.5130069 -0.583755 0.6662544 -0.4311406 -0.6084596 0.5869271 -0.581884 -0.5629634 0.5815212 -0.5894871 -0.5606586 0.5539829 -0.6250517 -0.5499213 0.523606 -0.6593141 -0.5395756 0.5426349 -0.6384014 -0.5458857 0.5508187 -0.6287472 -0.5488861 0.3582387 0.3792531 -0.8531308 0.3661574 0.3749005 -0.8516916 0.3659619 0.3748581 -0.8517943 0.3812916 0.3657191 -0.8490384 0.3893982 0.3606872 -0.8475105 0.4199287 0.340254 -0.8413603 0.350467 0.3835532 -0.8544354 0.3812941 0.3655976 -0.8490897 0.3888702 0.3610137 -0.8476139 0.3962966 0.356241 -0.8461924 0.3576928 0.3795521 -0.8532269 0.3250395 0.3967989 -0.8584289 0.4143856 -0.7528789 -0.5113297 0.4078833 -0.7573372 -0.5099722 0.4070584 -0.7578833 -0.5098201 0.400897 -0.7619867 -0.5085842 0.3258161 -0.8051582 -0.4955444 0.2776382 -0.82695 -0.4889487 0.1939986 -0.8553476 -0.4803593 0.09997951 -0.8745074 -0.4745957 0.1010045 -0.8743551 -0.4746591 0.4216731 -0.7477618 -0.5128782 0.4147959 -0.7525973 -0.5114114 0.05437505 -0.8792928 -0.4731675 0.4445104 -0.7308202 -0.5179888 -0.2365425 0.4335541 -0.8695278 -0.1990049 0.4451816 -0.8730466 -0.2280373 0.43638 -0.8703858 -0.2082196 0.4425495 -0.8722354 -0.2718886 0.4205064 -0.865593 -0.2449409 0.4306417 -0.8686494 -0.1520692 0.45671 -0.8765221 -0.142617 0.4586527 -0.8770964 -0.1222715 0.4623598 -0.8782216 -0.07573157 0.4686505 -0.8801316 -0.1044117 0.4651291 -0.8790638 -0.109531 0.4643381 -0.878859 -0.5288369 0.2449665 -0.8126026 -0.4009103 0.3532401 -0.8452765 -0.4109792 0.3464686 -0.8432412 -0.2776535 0.4181853 -0.8648871 -0.241548 0.4318064 -0.8690212 -0.1000096 0.4657454 -0.8792493 -0.1010332 0.465592 -0.8792135 -0.05445516 0.4705132 -0.8807111 -0.5502638 0.2207183 -0.8052908 -0.6259571 0.1105331 -0.7719846 -0.6492242 0.06382018 -0.757915 -0.686558 -0.04230701 -0.7258433 -0.7005771 -0.1127369 -0.7046148 -0.7070994 -0.2046019 -0.6768666 -0.7006043 -0.296019 -0.6492506 -0.6864569 -0.3668721 -0.627839 -0.6492333 -0.4725803 -0.5959564 -0.6257259 -0.5196732 -0.5817275 -0.5502852 -0.6294899 -0.5485696 -0.5285284 -0.6540901 -0.5411322 -0.4109754 -0.7552201 -0.5106291 -0.4004881 -0.7622685 -0.5084841 -0.2415518 -0.8405876 -0.4848353 -0.2491545 -0.8378983 -0.4856424 -0.1010704 -0.8743527 -0.4746497 -0.08323234 -0.8766006 -0.4739659 -0.0544632 -0.8792837 -0.4731745 0.1009783 0.4656102 -0.8792102 0.09995549 0.4657561 -0.8792498 0.2415046 0.4318257 -0.8690236 0.2776257 0.4181914 -0.864893 0.4109511 0.3464872 -0.8432472 0.4009123 0.3532382 -0.8452764 0.5288354 0.2449625 -0.8126047 0.5502492 0.2207385 -0.8052951 0.6259583 0.110527 -0.7719845 0.6492154 0.0638408 -0.7579206 0.6865611 -0.0423215 -0.7258394 0.700577 -0.112737 -0.704615 0.7070995 -0.2046224 -0.6768604 0.7006037 -0.2960179 -0.6492519 0.6864498 -0.366899 -0.6278311 0.6492235 -0.4725996 -0.5959519 0.6257159 -0.5196933 -0.5817204 0.5502647 -0.629513 -0.5485638 0.5285052 -0.6541157 -0.5411238 0.4109385 -0.7552458 -0.5106205 0.4004903 -0.7622602 -0.5084949 0.2415039 -0.8406047 -0.4848297 0.2490661 -0.8379186 -0.4856528 0.1010124 -0.8743531 -0.4746612 0.08318692 -0.8766049 -0.4739661 0.0543999 -0.8792808 -0.4731872 0.05440121 0.4705233 -0.880709 0 -0.2890387 -0.9573174 9.71197e-7 -0.2890337 -0.957319 -9.00872e-6 -0.2890305 -0.95732 -1.58452e-6 -0.2890284 -0.9573206 7.64431e-7 -0.2890299 -0.9573201 1.87341e-6 -0.2890326 -0.9573193 -4.06063e-6 -0.2890318 -0.9573195 2.14521e-6 -0.2890351 -0.9573186 0 -0.2890402 -0.957317 -3.09097e-6 -0.2890351 -0.9573186 -3.56835e-5 -0.2890609 -0.9573107 -9.40752e-6 -0.2890379 -0.9573177 -1.31863e-5 -0.2890492 -0.9573143 -1.55369e-7 -0.2890319 -0.9573195 1.3323e-5 -0.2890247 -0.9573217 -3.47739e-6 -0.2890338 -0.9573189 0 -0.2890323 -0.9573193 -1.92938e-7 -0.2890313 -0.9573196 0 -0.2890308 -0.9573198 0 -0.2890328 -0.9573192 1.53973e-7 -0.2890321 -0.9573195 0 -0.2890318 -0.9573196 9.14792e-7 -0.2890317 -0.9573196 0 -0.289032 -0.9573195 2.66192e-6 -0.2890316 -0.9573196 4.1179e-6 -0.2890322 -0.9573194 4.3421e-7 -0.2890318 -0.9573196 4.69854e-7 -0.2890338 -0.957319 -2.00462e-6 -0.2890338 -0.957319 3.52569e-7 -0.2890316 -0.9573196 0 -0.2890319 -0.9573196 0 -0.2890318 -0.9573195 0 -0.2890319 -0.9573195 6.54848e-7 -0.2890318 -0.9573195 -1.44191e-7 -0.2890319 -0.9573194 -1.70217e-6 -0.2890326 -0.9573193 1.05407e-6 -0.2890315 -0.9573197 0 -0.2890318 -0.9573195 -1.76086e-7 -0.2890319 -0.9573196 -1.51344e-7 -0.2890321 -0.9573194 0.2615372 0.9239988 -0.2789707 0.261538 0.923998 -0.2789725 0.2615372 0.9239988 -0.2789708 0.261538 0.9239979 -0.2789726 0 -0.2890326 -0.9573193 0 -0.2890321 -0.9573195 0 -0.2890318 -0.9573195 7.37202e-7 -0.2890337 -0.957319 7.64269e-7 -0.2890337 -0.9573189 2.57415e-7 -0.2890316 -0.9573196 7.74669e-7 -0.2890301 -0.9573201 2.38694e-7 -0.2890315 -0.9573196 7.02447e-7 -0.2890294 -0.9573203 -5.14667e-7 -0.2890328 -0.9573192 -1.34029e-6 -0.2890374 -0.9573178 0.9893223 0.1395236 -0.04212534 0.9893221 0.1395256 -0.04212492 0.9893223 0.1395238 -0.04212528 0.9893221 0.1395257 -0.04212492 -1 -4.70365e-7 0 -1 -8.13586e-7 0 -1 -5.05789e-7 0 -1 6.01602e-7 0 -1 2.07702e-6 0 -1 1.31342e-6 0 -1 5.81879e-7 0 -1 1.03891e-6 0 -1 1.04133e-6 0 -1 8.71034e-7 0 -1 -2.33049e-6 0 -1 1.61553e-6 0 -1 -1.1564e-6 0 -1 1.38303e-6 0 -1 -8.98686e-7 0 -1 9.38977e-7 0 -1 5.3784e-7 0 -1 -5.80851e-7 0 -1 -1.00776e-6 0 -1 -2.40878e-6 0 0 -0.2890318 -0.9573195 -1.06437e-5 -0.2890287 -0.9573204 0 -0.2890318 -0.9573195 -2.20768e-6 -0.2890273 -0.9573209 5.10352e-6 -0.2890337 -0.957319 -2.59343e-6 -0.2890424 -0.9573163 0 -0.9573195 0.2890318 -0.8597955 0.4888438 -0.1475922 -0.8597957 0.4888439 -0.1475912 -0.8597955 0.4888437 -0.1475922 -0.8597957 0.4888439 -0.1475911 -0.9805806 -0.05668407 -0.1877459 -0.9805762 -0.05671209 -0.1877605 -0.9805826 -0.05667752 -0.1877382 -0.9805827 -0.05667144 -0.1877387 -0.980583 -0.05667477 -0.1877371 -0.9805806 -0.05668294 -0.1877467 -0.9806998 -0.0551216 -0.187589 -0.9806385 -0.05513203 -0.1879066 -0.9803114 -0.05836373 -0.1886356 -0.9802128 -0.06190949 -0.1880164 -0.9805747 -0.05672127 -0.1877664 -0.9805802 -0.05668407 -0.1877481 -0.980584 -0.05666404 -0.1877349 -0.9806265 -0.05602884 -0.1877034 -0.9805059 -0.05695039 -0.1880561 -0.9801628 -0.0584113 -0.1893915 -0.9803426 -0.0571736 -0.1888376 -0.9803757 -0.05693203 -0.1887392 -0.9802097 -0.0621705 -0.1879469 0 0.9324723 -0.3612416 0 0.9324722 -0.3612416 0 1 4.63235e-7 0 1 -4.63235e-7 0 0.9324722 0.3612416 0 0.9324723 0.3612416 0 0.7390105 0.673694 0 0.7390097 -0.6736949 0 0.7390101 -0.6736944 0 0.4457384 -0.8951634 0 0.4457389 -0.8951631 0 0.09226721 -0.9957343 0 0.09226793 -0.9957342 0 -0.2736638 -0.9618255 0 -0.2736631 -0.9618257 0 -0.6026352 -0.7980169 0 -0.6026356 -0.7980166 0 -0.8502163 -0.5264337 0 -0.8502178 -0.5264311 0 -0.9829728 -0.1837514 0 -0.982973 -0.18375 0 -0.982973 0.1837506 0 -0.9829728 0.1837516 0 -0.8502176 0.5264315 0 -0.8502163 0.5264337 0 -0.6026362 0.7980161 0 -0.6026357 0.7980164 0 -0.2736631 0.9618257 0 -0.2736637 0.9618254 0 0.09226799 0.9957342 0 0.09226721 0.9957343 0 0.4457381 0.8951634 0 0.4457385 0.8951632 0 0.7390103 0.6736941 -1 -2.90591e-7 0 -1 0 0 -1 -2.22189e-7 0 -1 -2.28617e-7 0</float_array>
          <technique_common>
            <accessor source="#Soporte_Camara-mesh-normals-array" count="2000" stride="3">
              <param name="X" type="float"/>
              <param name="Y" type="float"/>
              <param name="Z" type="float"/>
            </accessor>
          </technique_common>
        </source>
        <source id="Soporte_Camara-mesh-map-0">
          <float_array id="Soporte_Camara-mesh-map-0-array" count="11892">0.07071095 1.721046 0.07071095 1.884956 -0.07071095 1.884956 -0.07071095 -1.884956 0.07071095 -1.884956 0.07071095 -1.721046 -0.07071095 -1.884956 0.07071095 -1.721046 -0.07071095 -1.705436 -0.07071095 -1.705436 0.07071095 -1.721046 0.07071095 -1.557137 -0.07071095 -1.705436 0.07071095 -1.557137 -0.07071095 -1.525916 -0.07071095 -1.525916 0.07071095 -1.557137 0.07071095 -1.393228 -0.07071095 -1.525916 0.07071095 -1.393228 -0.07071095 -1.346397 -0.07071095 -1.346397 0.07071095 -1.393228 0.07071095 -1.229319 -0.07071095 -1.346397 0.07071095 -1.229319 -0.07071095 -1.166877 -0.07071095 -1.166877 0.07071095 -1.229319 0.07071095 -1.06541 -0.07071095 -1.166877 0.07071095 -1.06541 -0.07071095 -0.987358 -0.07071095 -0.987358 0.07071095 -1.06541 0.07071095 -0.901501 -0.07071095 -0.987358 0.07071095 -0.901501 -0.07071095 -0.807838 -0.07071095 -0.807838 0.07071095 -0.901501 0.07071095 -0.737591 -0.07071095 -0.807838 0.07071095 -0.737591 -0.07071095 -0.628319 -0.07071095 -0.628319 0.07071095 -0.737591 0.07071095 -0.573682 -0.07071095 -0.628319 0.07071095 -0.573682 -0.07071095 -0.448799 -0.07071095 -0.448799 0.07071095 -0.573682 0.07071095 -0.409773 -0.07071095 -0.448799 0.07071095 -0.409773 -0.07071095 -0.269279 -0.07071095 -0.269279 0.07071095 -0.409773 0.07071095 -0.245864 -0.07071095 -0.269279 0.07071095 -0.245864 -0.07071095 -0.08976 -0.07071095 -0.08976 0.07071095 -0.245864 0.07071095 -0.08195495 -0.07071095 -0.08976 0.07071095 -0.08195495 0.07071095 0.08195495 -0.07071095 -0.08976 0.07071095 0.08195495 -0.07071095 0.08976 -0.07071095 0.08976 0.07071095 0.08195495 0.07071095 0.245864 -0.07071095 0.08976 0.07071095 0.245864 -0.07071095 0.269279 -0.07071095 0.269279 0.07071095 0.245864 0.07071095 0.409773 -0.07071095 0.269279 0.07071095 0.409773 -0.07071095 0.448799 -0.07071095 0.448799 0.07071095 0.409773 0.07071095 0.573682 -0.07071095 0.448799 0.07071095 0.573682 -0.07071095 0.628319 -0.07071095 0.628319 0.07071095 0.573682 0.07071095 0.737591 -0.07071095 0.628319 0.07071095 0.737591 -0.07071095 0.807838 -0.07071095 0.807838 0.07071095 0.737591 0.07071095 0.901501 -0.07071095 0.807838 0.07071095 0.901501 -0.07071095 0.987358 -0.07071095 0.987358 0.07071095 0.901501 0.07071095 1.06541 -0.07071095 0.987358 0.07071095 1.06541 -0.07071095 1.166877 -0.07071095 1.166877 0.07071095 1.06541 0.07071095 1.229319 -0.07071095 1.166877 0.07071095 1.229319 -0.07071095 1.346397 -0.07071095 1.346397 0.07071095 1.229319 0.07071095 1.393228 -0.07071095 1.346397 0.07071095 1.393228 -0.07071095 1.525916 -0.07071095 1.525916 0.07071095 1.393228 0.07071095 1.557137 -0.07071095 1.525916 0.07071095 1.557137 -0.07071095 1.705436 -0.07071095 1.705436 0.07071095 1.557137 0.07071095 1.721046 -0.07071095 1.705436 0.07071095 1.721046 -0.07071095 1.884956 -0.406701 0.139621 -0.525565 0.162115 -0.43 0 -0.43 0 -0.525565 0.162115 -0.55 0 -0.43 0 -0.55 0 -0.525565 -0.162115 -0.525565 0.162115 -0.406701 0.139621 -0.454431 0.309826 -0.454431 0.309826 -0.406701 0.139621 -0.33933 0.264111 -0.454431 0.309826 -0.33933 0.264111 -0.342919 0.430007 -0.342919 0.430007 -0.33933 0.264111 -0.235188 0.359982 -0.342919 0.430007 -0.235188 0.359982 -0.200938 0.511981 -0.200938 0.511981 -0.235188 0.359982 -0.105559 0.416842 -0.200938 0.511981 -0.105559 0.416842 -0.04110199 0.548462 -0.04110199 0.548462 -0.105559 0.416842 0.03550899 0.428531 -0.04110199 0.548462 0.03550899 0.428531 0.122387 0.53621 0.122387 0.53621 0.03550899 0.428531 0.172729 0.393783 0.122387 0.53621 0.172729 0.393783 0.275 0.476314 0.275 0.476314 0.172729 0.393783 0.291231 0.316361 0.275 0.476314 0.291231 0.316361 0.403179 0.374095 0.403179 0.374095 0.291231 0.316361 0.378174 0.204657 0.403179 0.374095 0.378174 0.204657 0.495533 0.238636 0.495533 0.238636 0.378174 0.204657 0.424135 0.07077598 0.495533 0.238636 0.424135 0.07077598 0.543857 0.08197295 0.543857 0.08197295 0.424135 0.07077598 0.543857 -0.08197295 0.543857 -0.08197295 0.424135 0.07077598 0.424135 -0.07077598 0.543857 -0.08197295 0.424135 -0.07077598 0.495533 -0.238636 0.495533 -0.238636 0.424135 -0.07077598 0.378174 -0.204657 0.495533 -0.238636 0.378174 -0.204657 0.403179 -0.374095 0.403179 -0.374095 0.378174 -0.204657 0.291231 -0.316361 0.403179 -0.374095 0.291231 -0.316361 0.275 -0.476314 0.275 -0.476314 0.291231 -0.316361 0.172729 -0.393783 0.275 -0.476314 0.172729 -0.393783 0.122387 -0.53621 0.122387 -0.53621 0.172729 -0.393783 0.03550899 -0.428531 0.122387 -0.53621 0.03550899 -0.428531 -0.04110199 -0.548462 -0.04110199 -0.548462 0.03550899 -0.428531 -0.105559 -0.416842 -0.04110199 -0.548462 -0.105559 -0.416842 -0.200938 -0.511981 -0.200938 -0.511981 -0.105559 -0.416842 -0.235188 -0.359982 -0.200938 -0.511981 -0.235188 -0.359982 -0.342919 -0.430007 -0.342919 -0.430007 -0.235188 -0.359982 -0.33933 -0.264111 -0.342919 -0.430007 -0.33933 -0.264111 -0.454431 -0.309826 -0.454431 -0.309826 -0.33933 -0.264111 -0.406701 -0.139621 -0.454431 -0.309826 -0.406701 -0.139621 -0.525565 -0.162115 -0.525565 -0.162115 -0.406701 -0.139621 -0.43 0 -0.2 1.247631 -0.5 1.154194 -0.2 1.071097 -0.2 1.071097 -0.5 1.154194 -0.5 0.976626 -0.2 1.071097 -0.5 0.976626 -0.2 1.03773 -0.2 1.03773 -0.5 0.976626 -0.2 1.004364 -0.2 1.004364 -0.5 0.976626 -0.2 0.970998 -0.2 0.970998 -0.5 0.976626 -0.5 0.799057 -0.2 0.970998 -0.5 0.799057 -0.2 0.794453 -0.2 0.794453 -0.5 0.799057 -0.5 0.621489 -0.2 0.794453 -0.5 0.621489 -0.2 0.617908 -0.2 0.617908 -0.5 0.621489 -0.5 0.443921 -0.2 0.617908 -0.5 0.443921 -0.2 0.441363 -0.2 0.441363 -0.5 0.443921 -0.5 0.266352 -0.2 0.441363 -0.5 0.266352 -0.2 0.264818 -0.2 0.264818 -0.5 0.266352 -0.5 0.08878397 -0.2 0.264818 -0.5 0.08878397 -0.2 0.08827298 -0.2 0.08827298 -0.5 0.08878397 -0.5 -0.08878397 -0.2 0.08827298 -0.5 -0.08878397 -0.2 -0.08827298 -0.2 -0.08827298 -0.5 -0.08878397 -0.2 -0.264818 -0.2 -0.264818 -0.5 -0.08878397 -0.5 -0.266352 -0.2 -0.264818 -0.5 -0.266352 -0.2 -0.441363 -0.2 -0.441363 -0.5 -0.266352 -0.5 -0.443921 -0.2 -0.441363 -0.5 -0.443921 -0.2 -0.617908 -0.2 -0.617908 -0.5 -0.443921 -0.5 -0.621489 -0.2 -0.617908 -0.5 -0.621489 -0.2 -0.794453 -0.2 -0.794453 -0.5 -0.621489 -0.5 -0.799057 -0.2 -0.794453 -0.5 -0.799057 -0.2 -0.970998 -0.2 -0.970998 -0.5 -0.799057 -0.5 -0.976626 -0.2 -0.970998 -0.5 -0.976626 -0.2 -1.004364 -0.2 -1.004364 -0.5 -0.976626 -0.2 -1.03773 -0.2 -1.03773 -0.5 -0.976626 -0.2 -1.071097 -0.2 -1.071097 -0.5 -0.976626 -0.5 -1.154194 -0.2 -1.071097 -0.5 -1.154194 -0.2 -1.247631 -0.2 -1.247631 -0.5 -1.154194 -0.5 -1.331762 -0.2 -1.247631 -0.5 -1.331762 -0.2 -1.424165 -0.2 -1.424165 -0.5 -1.331762 -0.5 -1.50933 -0.2 -1.424165 -0.5 -1.50933 -0.2 -1.600699 -0.2 -1.600699 -0.5 -1.50933 -0.5 -1.686899 -0.2 -1.600699 -0.5 -1.686899 -0.2 -1.777234 -0.2 -1.777234 -0.5 -1.686899 -0.5 -1.864467 -0.2 -1.777234 -0.5 -1.864467 -0.2 -1.953768 -0.2 -1.953768 -0.5 -1.864467 -0.5 -2.042035 -0.2 -1.953768 -0.5 -2.042035 -0.2 -2.130302 -0.2 1.953768 -0.5 2.042035 -0.5 1.864467 -0.2 1.953768 -0.5 1.864467 -0.2 1.777234 -0.2 1.777234 -0.5 1.864467 -0.5 1.686899 -0.2 1.777234 -0.5 1.686899 -0.2 1.600699 -0.2 1.600699 -0.5 1.686899 -0.5 1.50933 -0.2 1.600699 -0.5 1.50933 -0.2 1.424165 -0.2 1.424165 -0.5 1.50933 -0.5 1.331762 -0.2 1.424165 -0.5 1.331762 -0.2 1.247631 -0.2 1.247631 -0.5 1.331762 -0.5 1.154194 0.07071095 1.721046 0.07071095 1.884956 -0.07071095 1.884956 -0.07071095 -1.884956 0.07071095 -1.884956 0.07071095 -1.721046 -0.07071095 -1.884956 0.07071095 -1.721046 -0.07071095 -1.705436 -0.07071095 -1.705436 0.07071095 -1.721046 0.07071095 -1.557137 -0.07071095 -1.705436 0.07071095 -1.557137 -0.07071095 -1.525916 -0.07071095 -1.525916 0.07071095 -1.557137 0.07071095 -1.393228 -0.07071095 -1.525916 0.07071095 -1.393228 -0.07071095 -1.346397 -0.07071095 -1.346397 0.07071095 -1.393228 0.07071095 -1.229319 -0.07071095 -1.346397 0.07071095 -1.229319 -0.07071095 -1.166877 -0.07071095 -1.166877 0.07071095 -1.229319 0.07071095 -1.06541 -0.07071095 -1.166877 0.07071095 -1.06541 -0.07071095 -0.987358 -0.07071095 -0.987358 0.07071095 -1.06541 0.07071095 -0.901501 -0.07071095 -0.987358 0.07071095 -0.901501 -0.07071095 -0.807838 -0.07071095 -0.807838 0.07071095 -0.901501 0.07071095 -0.737591 -0.07071095 -0.807838 0.07071095 -0.737591 -0.07071095 -0.628319 -0.07071095 -0.628319 0.07071095 -0.737591 0.07071095 -0.573682 -0.07071095 -0.628319 0.07071095 -0.573682 -0.07071095 -0.448799 -0.07071095 -0.448799 0.07071095 -0.573682 0.07071095 -0.409773 -0.07071095 -0.448799 0.07071095 -0.409773 -0.07071095 -0.269279 -0.07071095 -0.269279 0.07071095 -0.409773 0.07071095 -0.245864 -0.07071095 -0.269279 0.07071095 -0.245864 -0.07071095 -0.08976 -0.07071095 -0.08976 0.07071095 -0.245864 0.07071095 -0.08195495 -0.07071095 -0.08976 0.07071095 -0.08195495 0.07071095 0.08195495 -0.07071095 -0.08976 0.07071095 0.08195495 -0.07071095 0.08976 -0.07071095 0.08976 0.07071095 0.08195495 0.07071095 0.245864 -0.07071095 0.08976 0.07071095 0.245864 -0.07071095 0.269279 -0.07071095 0.269279 0.07071095 0.245864 0.07071095 0.409773 -0.07071095 0.269279 0.07071095 0.409773 -0.07071095 0.448799 -0.07071095 0.448799 0.07071095 0.409773 0.07071095 0.573682 -0.07071095 0.448799 0.07071095 0.573682 -0.07071095 0.628319 -0.07071095 0.628319 0.07071095 0.573682 0.07071095 0.737591 -0.07071095 0.628319 0.07071095 0.737591 -0.07071095 0.807838 -0.07071095 0.807838 0.07071095 0.737591 0.07071095 0.901501 -0.07071095 0.807838 0.07071095 0.901501 -0.07071095 0.987358 -0.07071095 0.987358 0.07071095 0.901501 0.07071095 1.06541 -0.07071095 0.987358 0.07071095 1.06541 -0.07071095 1.166877 -0.07071095 1.166877 0.07071095 1.06541 0.07071095 1.229319 -0.07071095 1.166877 0.07071095 1.229319 -0.07071095 1.346397 -0.07071095 1.346397 0.07071095 1.229319 0.07071095 1.393228 -0.07071095 1.346397 0.07071095 1.393228 -0.07071095 1.525916 -0.07071095 1.525916 0.07071095 1.393228 0.07071095 1.557137 -0.07071095 1.525916 0.07071095 1.557137 -0.07071095 1.705436 -0.07071095 1.705436 0.07071095 1.557137 0.07071095 1.721046 -0.07071095 1.705436 0.07071095 1.721046 -0.07071095 1.884956 -0.406701 0.139621 -0.525565 0.162115 -0.43 0 -0.43 0 -0.525565 0.162115 -0.55 0 -0.43 0 -0.55 0 -0.525565 -0.162115 -0.525565 0.162115 -0.406701 0.139621 -0.454431 0.309826 -0.454431 0.309826 -0.406701 0.139621 -0.33933 0.264111 -0.454431 0.309826 -0.33933 0.264111 -0.342919 0.430007 -0.342919 0.430007 -0.33933 0.264111 -0.235188 0.359982 -0.342919 0.430007 -0.235188 0.359982 -0.200938 0.511981 -0.200938 0.511981 -0.235188 0.359982 -0.105559 0.416842 -0.200938 0.511981 -0.105559 0.416842 -0.04110199 0.548462 -0.04110199 0.548462 -0.105559 0.416842 0.03550899 0.428531 -0.04110199 0.548462 0.03550899 0.428531 0.122387 0.53621 0.122387 0.53621 0.03550899 0.428531 0.172729 0.393783 0.122387 0.53621 0.172729 0.393783 0.275 0.476314 0.275 0.476314 0.172729 0.393783 0.291231 0.316361 0.275 0.476314 0.291231 0.316361 0.403179 0.374095 0.403179 0.374095 0.291231 0.316361 0.378174 0.204657 0.403179 0.374095 0.378174 0.204657 0.495533 0.238636 0.495533 0.238636 0.378174 0.204657 0.424135 0.07077598 0.495533 0.238636 0.424135 0.07077598 0.543857 0.08197295 0.543857 0.08197295 0.424135 0.07077598 0.543857 -0.08197295 0.543857 -0.08197295 0.424135 0.07077598 0.424135 -0.07077598 0.543857 -0.08197295 0.424135 -0.07077598 0.495533 -0.238636 0.495533 -0.238636 0.424135 -0.07077598 0.378174 -0.204657 0.495533 -0.238636 0.378174 -0.204657 0.403179 -0.374095 0.403179 -0.374095 0.378174 -0.204657 0.291231 -0.316361 0.403179 -0.374095 0.291231 -0.316361 0.275 -0.476314 0.275 -0.476314 0.291231 -0.316361 0.172729 -0.393783 0.275 -0.476314 0.172729 -0.393783 0.122387 -0.53621 0.122387 -0.53621 0.172729 -0.393783 0.03550899 -0.428531 0.122387 -0.53621 0.03550899 -0.428531 -0.04110199 -0.548462 -0.04110199 -0.548462 0.03550899 -0.428531 -0.105559 -0.416842 -0.04110199 -0.548462 -0.105559 -0.416842 -0.200938 -0.511981 -0.200938 -0.511981 -0.105559 -0.416842 -0.235188 -0.359982 -0.200938 -0.511981 -0.235188 -0.359982 -0.342919 -0.430007 -0.342919 -0.430007 -0.235188 -0.359982 -0.33933 -0.264111 -0.342919 -0.430007 -0.33933 -0.264111 -0.454431 -0.309826 -0.454431 -0.309826 -0.33933 -0.264111 -0.406701 -0.139621 -0.454431 -0.309826 -0.406701 -0.139621 -0.525565 -0.162115 -0.525565 -0.162115 -0.406701 -0.139621 -0.43 0 -0.2 -2.006718 -0.5 -2.042035 -0.2 -2.163982 -0.2 1.920088 -0.5 2.042035 -0.5 1.864467 -0.2 1.920088 -0.5 1.864467 -0.2 1.886722 -0.2 1.886722 -0.5 1.864467 -0.2 1.853355 -0.2 1.853355 -0.5 1.864467 -0.2 1.819989 -0.2 1.819989 -0.5 1.864467 -0.2 1.734328 -0.2 1.734328 -0.5 1.864467 -0.5 1.686899 -0.2 1.734328 -0.5 1.686899 -0.2 1.648667 -0.2 1.648667 -0.5 1.686899 -0.2 1.563006 -0.2 1.563006 -0.5 1.686899 -0.5 1.50933 -0.2 1.563006 -0.5 1.50933 -0.2 1.529639 -0.2 1.529639 -0.5 1.50933 -0.2 1.496273 -0.2 1.496273 -0.5 1.50933 -0.2 1.462907 -0.2 1.462907 -0.5 1.50933 -0.5 1.331762 -0.2 1.462907 -0.5 1.331762 -0.2 1.332303 -0.2 1.332303 -0.5 1.331762 -0.2 1.2017 -0.2 1.2017 -0.5 1.331762 -0.5 1.154194 -0.2 1.2017 -0.5 1.154194 -0.2 1.071097 -0.2 1.071097 -0.5 1.154194 -0.5 0.976626 -0.2 1.071097 -0.5 0.976626 -0.2 1.03773 -0.2 1.03773 -0.5 0.976626 -0.2 1.004364 -0.2 1.004364 -0.5 0.976626 -0.2 0.970998 -0.2 0.970998 -0.5 0.976626 -0.2 0.840377 -0.2 0.840377 -0.5 0.976626 -0.5 0.799057 -0.2 0.840377 -0.5 0.799057 -0.2 0.709755 -0.2 0.709755 -0.5 0.799057 -0.5 0.621489 -0.2 0.709755 -0.5 0.621489 -0.2 0.579134 -0.2 0.579134 -0.5 0.621489 -0.2 0.545768 -0.2 0.545768 -0.5 0.621489 -0.5 0.443921 -0.2 0.545768 -0.5 0.443921 -0.2 0.512402 -0.2 0.512402 -0.5 0.443921 -0.2 0.479035 -0.2 0.479035 -0.5 0.443921 -0.2 0.393373 -0.2 0.393373 -0.5 0.443921 -0.5 0.266352 -0.2 0.393373 -0.5 0.266352 -0.2 0.307711 -0.2 0.307711 -0.5 0.266352 -0.2 0.2220489 -0.2 0.2220489 -0.5 0.266352 -0.2 0.188683 -0.2 0.188683 -0.5 0.266352 -0.5 0.08878397 -0.2 0.188683 -0.5 0.08878397 -0.2 0.155317 -0.2 0.155317 -0.5 0.08878397 -0.2 0.12195 -0.2 0.12195 -0.5 0.08878397 -0.2 -0.03543895 -0.2 -0.03543895 -0.5 0.08878397 -0.5 -0.08878397 -0.2 -0.03543895 -0.5 -0.08878397 -0.2 -0.192829 -0.2 -0.192829 -0.5 -0.08878397 -0.5 -0.266352 -0.2 -0.192829 -0.5 -0.266352 -0.2 -0.350219 -0.2 -0.350219 -0.5 -0.266352 -0.5 -0.443921 -0.2 -0.350219 -0.5 -0.443921 -0.2 -0.507608 -0.2 -0.507608 -0.5 -0.443921 -0.2 -0.540975 -0.2 -0.540975 -0.5 -0.443921 -0.5 -0.621489 -0.2 -0.540975 -0.5 -0.621489 -0.2 -0.574341 -0.2 -0.574341 -0.5 -0.621489 -0.2 -0.607707 -0.2 -0.607707 -0.5 -0.621489 -0.2 -0.641989 -0.2 -0.641989 -0.5 -0.621489 -0.2 -0.67627 -0.2 -0.67627 -0.5 -0.621489 -0.2 -0.710551 -0.2 -0.710551 -0.5 -0.621489 -0.5 -0.799057 -0.2 -0.710551 -0.5 -0.799057 -0.2 -0.743917 -0.2 -0.743917 -0.5 -0.799057 -0.2 -0.777283 -0.2 -0.777283 -0.5 -0.799057 -0.2 -0.81065 -0.2 -0.81065 -0.5 -0.799057 -0.15 -0.860999 -0.15 -0.860999 -0.5 -0.799057 -0.5 -0.976626 -0.15 -0.860999 -0.5 -0.976626 -0.15 -0.920649 -0.15 -0.920649 -0.5 -0.976626 -0.2 -0.970998 -0.2 -0.970998 -0.5 -0.976626 -0.2 -1.010919 -0.2 -1.010919 -0.5 -0.976626 -0.2 -1.05084 -0.2 -1.05084 -0.5 -0.976626 -0.5 -1.154194 -0.2 -1.05084 -0.5 -1.154194 -0.2 -1.090761 -0.2 -1.090761 -0.5 -1.154194 -0.2 -1.153027 -0.2 -1.153027 -0.5 -1.154194 -0.2 -1.215294 -0.2 -1.215294 -0.5 -1.154194 -0.5 -1.331762 -0.2 -1.215294 -0.5 -1.331762 -0.2 -1.27756 -0.2 -1.27756 -0.5 -1.331762 -0.2 -1.310926 -0.2 -1.310926 -0.5 -1.331762 -0.2 -1.344293 -0.2 -1.344293 -0.5 -1.331762 -0.2 -1.377659 -0.2 -1.377659 -0.5 -1.331762 -0.5 -1.50933 -0.2 -1.377659 -0.5 -1.50933 -0.2 -1.534924 -0.2 -1.534924 -0.5 -1.50933 -0.5 -1.686899 -0.2 -1.534924 -0.5 -1.686899 -0.2 -1.692188 -0.2 -1.692188 -0.5 -1.686899 -0.2 -1.849453 -0.2 -1.849453 -0.5 -1.686899 -0.5 -1.864467 -0.2 -1.849453 -0.5 -1.864467 -0.2 -2.006718 -0.2 -2.006718 -0.5 -1.864467 -0.5 -2.042035 0 -0.920649 0 -0.900765 -0.15 -0.920649 -0.15 -0.920649 0 -0.900765 0 -0.880882 -0.15 -0.920649 0 -0.880882 -0.15 -0.860999 -0.15 -0.860999 0 -0.880882 0 -0.860999 -0.03535497 -1.229934 -0.03535497 -1.366593 0.03535497 -1.366593 0.03535497 1.366593 -0.03535497 1.366593 -0.03535497 1.229934 0.03535497 1.366593 -0.03535497 1.229934 0.03535497 1.214749 0.03535497 1.214749 -0.03535497 1.229934 -0.03535497 1.093274 0.03535497 1.214749 -0.03535497 1.093274 0.03535497 1.062906 0.03535497 1.062906 -0.03535497 1.093274 -0.03535497 0.956615 0.03535497 1.062906 -0.03535497 0.956615 0.03535497 0.911062 0.03535497 0.911062 -0.03535497 0.956615 -0.03535497 0.819956 0.03535497 0.911062 -0.03535497 0.819956 0.03535497 0.759218 0.03535497 0.759218 -0.03535497 0.819956 -0.03535497 0.683296 0.03535497 0.759218 -0.03535497 0.683296 0.03535497 0.607375 0.03535497 0.607375 -0.03535497 0.683296 -0.03535497 0.546637 0.03535497 0.607375 -0.03535497 0.546637 0.03535497 0.455531 0.03535497 0.455531 -0.03535497 0.546637 -0.03535497 0.409978 0.03535497 0.455531 -0.03535497 0.409978 0.03535497 0.303687 0.03535497 0.303687 -0.03535497 0.409978 -0.03535497 0.273319 0.03535497 0.303687 -0.03535497 0.273319 0.03535497 0.151844 0.03535497 0.151844 -0.03535497 0.273319 -0.03535497 0.136659 0.03535497 0.151844 -0.03535497 0.136659 0.03535497 0 0.03535497 0 -0.03535497 0.136659 -0.03535497 0 0.03535497 0 -0.03535497 0 -0.03535497 -0.136659 0.03535497 0 -0.03535497 -0.136659 0.03535497 -0.151844 0.03535497 -0.151844 -0.03535497 -0.136659 -0.03535497 -0.273319 0.03535497 -0.151844 -0.03535497 -0.273319 0.03535497 -0.303687 0.03535497 -0.303687 -0.03535497 -0.273319 -0.03535497 -0.409978 0.03535497 -0.303687 -0.03535497 -0.409978 0.03535497 -0.455531 0.03535497 -0.455531 -0.03535497 -0.409978 -0.03535497 -0.546637 0.03535497 -0.455531 -0.03535497 -0.546637 0.03535497 -0.607375 0.03535497 -0.607375 -0.03535497 -0.546637 -0.03535497 -0.683296 0.03535497 -0.607375 -0.03535497 -0.683296 0.03535497 -0.759218 0.03535497 -0.759218 -0.03535497 -0.683296 -0.03535497 -0.819956 0.03535497 -0.759218 -0.03535497 -0.819956 0.03535497 -0.911062 0.03535497 -0.911062 -0.03535497 -0.819956 -0.03535497 -0.956615 0.03535497 -0.911062 -0.03535497 -0.956615 0.03535497 -1.062906 0.03535497 -1.062906 -0.03535497 -0.956615 -0.03535497 -1.093274 0.03535497 -1.062906 -0.03535497 -1.093274 0.03535497 -1.214749 0.03535497 -1.214749 -0.03535497 -1.093274 -0.03535497 -1.229934 0.03535497 -1.214749 -0.03535497 -1.229934 0.03535497 -1.366593 -3.438178 1.713869 -3.510436 1.474539 -3.37586 1.747284 -3.37586 1.747284 -3.510436 1.474539 -0.74191 0.638672 -3.37586 1.747284 -0.74191 0.638672 0.861627 0.467911 0.861627 0.467911 -0.74191 0.638672 -0.07612496 0.2286379 0.861627 0.467911 -0.07612496 0.2286379 0.052109 0.1633 -0.768001 -0.191572 -0.655759 -0.06669998 -0.74191 0.638672 -0.74191 0.638672 -0.655759 -0.06669998 -0.59042 0.06153297 -0.74191 0.638672 -0.59042 0.06153297 -0.488654 0.1633 -0.655759 -0.06669998 -0.768001 -0.191572 -0.678273 -0.2088479 -0.678273 -0.2088479 -0.768001 -0.191572 -0.749862 -0.349962 -0.678273 -0.2088479 -0.749862 -0.349962 -0.655759 -0.350996 -0.655759 -0.350996 -0.749862 -0.349962 -0.687057 -0.496495 -0.655759 -0.350996 -0.687057 -0.496495 -0.59042 -0.47923 -0.59042 -0.47923 -0.687057 -0.496495 -0.584866 -0.61886 -0.59042 -0.47923 -0.584866 -0.61886 -0.488654 -0.580996 -0.488654 -0.580996 -0.584866 -0.61886 -0.451872 -0.706775 -0.488654 -0.580996 -0.451872 -0.706775 -0.36042 -0.646334 -0.36042 -0.646334 -0.451872 -0.706775 -0.299251 -0.752854 -0.36042 -0.646334 -0.299251 -0.752854 -0.218273 -0.668848 -0.218273 -0.668848 -0.299251 -0.752854 -0.139827 -0.753225 -0.218273 -0.668848 -0.139827 -0.753225 -0.07612496 -0.646334 -0.07612496 -0.646334 -0.139827 -0.753225 0.01300698 -0.707857 -0.07612496 -0.646334 0.01300698 -0.707857 0.052109 -0.580996 0.052109 -0.580996 0.01300698 -0.707857 0.146408 -0.620562 0.052109 -0.580996 0.146408 -0.620562 0.1538749 -0.47923 0.1538749 -0.47923 0.146408 -0.620562 0.249168 -0.498674 0.1538749 -0.47923 0.249168 -0.498674 0.219213 -0.350996 0.219213 -0.350996 0.249168 -0.498674 0.679278 0.195022 0.219213 -0.350996 0.679278 0.195022 0.2417269 -0.2088479 0.2417269 -0.2088479 0.679278 0.195022 0.219213 -0.06669998 0.219213 -0.06669998 0.679278 0.195022 0.1538749 0.06153297 0.1538749 0.06153297 0.679278 0.195022 0.052109 0.1633 0.052109 0.1633 0.679278 0.195022 0.861627 0.467911 0.679278 0.195022 0.774918 0.180715 0.861627 0.467911 -0.488654 0.1633 -0.36042 0.2286379 -0.74191 0.638672 -0.74191 0.638672 -0.36042 0.2286379 -0.218273 0.251152 -0.74191 0.638672 -0.218273 0.251152 -0.07612496 0.2286379 -0.07999998 -1.144936 -0.45 -1.144936 -0.07999998 -1.288053 -0.07999998 -1.288053 -0.45 -1.144936 -0.45 -1.288053 -0.07999998 1.288053 -0.45 1.288053 -0.07999998 1.144936 -0.07999998 1.144936 -0.45 1.288053 -0.45 1.144936 -0.07999998 1.144936 -0.45 1.144936 -0.07999998 1.001819 -0.07999998 1.001819 -0.45 1.144936 -0.45 1.001819 -0.07999998 1.001819 -0.45 1.001819 -0.07999998 0.858702 -0.07999998 0.858702 -0.45 1.001819 -0.45 0.858702 -0.07999998 0.858702 -0.45 0.858702 -0.07999998 0.715585 -0.07999998 0.715585 -0.45 0.858702 -0.45 0.715585 -0.07999998 0.715585 -0.45 0.715585 -0.07999998 0.572468 -0.07999998 0.572468 -0.45 0.715585 -0.45 0.572468 -0.07999998 0.572468 -0.45 0.572468 -0.07999998 0.429351 -0.07999998 0.429351 -0.45 0.572468 -0.45 0.429351 -0.07999998 0.429351 -0.45 0.429351 -0.07999998 0.286234 -0.07999998 0.286234 -0.45 0.429351 -0.45 0.286234 -0.07999998 0.286234 -0.45 0.286234 -0.07999998 0.143117 -0.07999998 0.143117 -0.45 0.286234 -0.45 0.143117 -0.07999998 0.143117 -0.45 0.143117 -0.07999998 0 -0.07999998 0 -0.45 0.143117 -0.45 0 -0.07999998 0 -0.45 0 -0.07999998 -0.143117 -0.07999998 -0.143117 -0.45 0 -0.45 -0.143117 -0.07999998 -0.143117 -0.45 -0.143117 -0.07999998 -0.286234 -0.07999998 -0.286234 -0.45 -0.143117 -0.45 -0.286234 -0.07999998 -0.286234 -0.45 -0.286234 -0.07999998 -0.429351 -0.07999998 -0.429351 -0.45 -0.286234 -0.45 -0.429351 -0.07999998 -0.429351 -0.45 -0.429351 -0.07999998 -0.572468 -0.07999998 -0.572468 -0.45 -0.429351 -0.45 -0.572468 -0.07999998 -0.572468 -0.45 -0.572468 -0.07999998 -0.715585 -0.07999998 -0.715585 -0.45 -0.572468 -0.45 -0.715585 -0.07999998 -0.715585 -0.45 -0.715585 -0.07999998 -0.858702 -0.07999998 -0.858702 -0.45 -0.715585 -0.45 -0.858702 -0.07999998 -0.858702 -0.45 -0.858702 -0.07999998 -1.001819 -0.07999998 -1.001819 -0.45 -0.858702 -0.45 -1.001819 -0.07999998 -1.001819 -0.45 -1.001819 -0.07999998 -1.144936 -0.07999998 -1.144936 -0.45 -1.001819 -0.45 -1.144936 -0.03535497 0.686662 0.03535497 0.694292 -0.03535497 0.801106 -0.03535497 0.801106 0.03535497 0.694292 0.03535497 0.801106 -0.03535497 -0.801106 0.03535497 -0.801106 0.03535497 -0.694292 0.03535497 0.694292 -0.03535497 0.686662 0.03535497 0.587478 0.03535497 0.587478 -0.03535497 0.686662 -0.03535497 0.572219 0.03535497 0.587478 -0.03535497 0.572219 0.03535497 0.480664 0.03535497 0.480664 -0.03535497 0.572219 -0.03535497 0.457775 0.03535497 0.480664 -0.03535497 0.457775 0.03535497 0.37385 0.03535497 0.37385 -0.03535497 0.457775 -0.03535497 0.343331 0.03535497 0.37385 -0.03535497 0.343331 0.03535497 0.267035 0.03535497 0.267035 -0.03535497 0.343331 -0.03535497 0.228887 0.03535497 0.267035 -0.03535497 0.228887 0.03535497 0.160221 0.03535497 0.160221 -0.03535497 0.228887 -0.03535497 0.114444 0.03535497 0.160221 -0.03535497 0.114444 0.03535497 0.05340695 0.03535497 0.05340695 -0.03535497 0.114444 -0.03535497 0 0.03535497 0.05340695 -0.03535497 0 0.03535497 -0.05340695 0.03535497 -0.05340695 -0.03535497 0 -0.03535497 -0.114444 0.03535497 -0.05340695 -0.03535497 -0.114444 0.03535497 -0.160221 0.03535497 -0.160221 -0.03535497 -0.114444 -0.03535497 -0.228887 0.03535497 -0.160221 -0.03535497 -0.228887 0.03535497 -0.267035 0.03535497 -0.267035 -0.03535497 -0.228887 -0.03535497 -0.343331 0.03535497 -0.267035 -0.03535497 -0.343331 0.03535497 -0.37385 0.03535497 -0.37385 -0.03535497 -0.343331 -0.03535497 -0.457775 0.03535497 -0.37385 -0.03535497 -0.457775 0.03535497 -0.480664 0.03535497 -0.480664 -0.03535497 -0.457775 -0.03535497 -0.572219 0.03535497 -0.480664 -0.03535497 -0.572219 0.03535497 -0.587478 0.03535497 -0.587478 -0.03535497 -0.572219 -0.03535497 -0.686662 0.03535497 -0.587478 -0.03535497 -0.686662 0.03535497 -0.694292 0.03535497 -0.694292 -0.03535497 -0.686662 -0.03535497 -0.801106 0.303053 -0.117404 0.325 0 0.28 0 0.28 0 0.325 0 0.303053 0.117404 0.28 0 0.303053 0.117404 0.255793 0.1138859 0.255793 0.1138859 0.303053 0.117404 0.240178 0.218951 0.255793 0.1138859 0.240178 0.218951 0.187357 0.208081 0.187357 0.208081 0.240178 0.218951 0.144865 0.290928 0.187357 0.208081 0.144865 0.290928 0.08652496 0.266296 0.08652496 0.266296 0.144865 0.290928 0.02998697 0.323614 0.08652496 0.266296 0.02998697 0.323614 -0.02926796 0.278466 -0.02926796 0.278466 0.02998697 0.323614 -0.08893996 0.312593 -0.02926796 0.278466 -0.08893996 0.312593 -0.14 0.242487 -0.14 0.242487 -0.08893996 0.312593 -0.195856 0.259356 -0.14 0.242487 -0.195856 0.259356 -0.226525 0.16458 -0.226525 0.16458 -0.195856 0.259356 -0.276321 0.17109 -0.226525 0.16458 -0.276321 0.17109 -0.273881 0.05821496 -0.273881 0.05821496 -0.276321 0.17109 -0.319466 0.05971896 -0.273881 0.05821496 -0.319466 0.05971896 -0.319466 -0.05971896 -0.273881 0.05821496 -0.319466 -0.05971896 -0.273881 -0.05821496 -0.273881 -0.05821496 -0.319466 -0.05971896 -0.276321 -0.17109 -0.273881 -0.05821496 -0.276321 -0.17109 -0.226525 -0.16458 -0.226525 -0.16458 -0.276321 -0.17109 -0.195856 -0.259356 -0.226525 -0.16458 -0.195856 -0.259356 -0.14 -0.242487 -0.14 -0.242487 -0.195856 -0.259356 -0.08893996 -0.312593 -0.14 -0.242487 -0.08893996 -0.312593 -0.02926796 -0.278466 -0.02926796 -0.278466 -0.08893996 -0.312593 0.02998697 -0.323614 -0.02926796 -0.278466 0.02998697 -0.323614 0.08652496 -0.266296 0.08652496 -0.266296 0.02998697 -0.323614 0.144865 -0.290928 0.08652496 -0.266296 0.144865 -0.290928 0.187357 -0.208081 0.187357 -0.208081 0.144865 -0.290928 0.240178 -0.218951 0.187357 -0.208081 0.240178 -0.218951 0.255793 -0.1138859 0.255793 -0.1138859 0.240178 -0.218951 0.303053 -0.117404 0.255793 -0.1138859 0.303053 -0.117404 0.28 0 0.42 -0.619343 -0.15 -0.619343 0.42 -0.722566 0.42 -0.722566 -0.15 -0.619343 -0.15 -0.722566 0.42 0.722566 -0.15 0.722566 0.42 0.619343 0.42 0.619343 -0.15 0.722566 -0.15 0.619343 0.42 0.619343 -0.15 0.619343 0.42 0.516119 0.42 0.516119 -0.15 0.619343 -0.15 0.516119 0.42 0.516119 -0.15 0.516119 0.42 0.412895 0.42 0.412895 -0.15 0.516119 -0.15 0.412895 0.42 0.412895 -0.15 0.412895 0.42 0.309671 0.42 0.309671 -0.15 0.412895 -0.15 0.309671 0.42 0.309671 -0.15 0.309671 0.42 0.206448 0.42 0.206448 -0.15 0.309671 -0.15 0.206448 0.42 0.206448 -0.15 0.206448 0.42 0.103224 0.42 0.103224 -0.15 0.206448 -0.15 0.103224 0.42 0.103224 -0.15 0.103224 0.42 0 0.42 0 -0.15 0.103224 -0.15 0 0.42 0 -0.15 0 0.42 -0.103224 0.42 -0.103224 -0.15 0 -0.15 -0.103224 0.42 -0.103224 -0.15 -0.103224 0.42 -0.206448 0.42 -0.206448 -0.15 -0.103224 -0.15 -0.206448 0.42 -0.206448 -0.15 -0.206448 0.42 -0.309671 0.42 -0.309671 -0.15 -0.206448 -0.15 -0.309671 0.42 -0.309671 -0.15 -0.309671 0.42 -0.412895 0.42 -0.412895 -0.15 -0.309671 -0.15 -0.412895 0.42 -0.412895 -0.15 -0.412895 0.42 -0.516119 0.42 -0.516119 -0.15 -0.412895 -0.15 -0.516119 0.42 -0.516119 -0.15 -0.516119 0.42 -0.619343 0.42 -0.619343 -0.15 -0.516119 -0.15 -0.619343 0.838477 -0.207917 0.77571 -0.263257 3.081372 -0.862607 3.081372 -0.862607 0.77571 -0.263257 3.124292 -0.948796 3.029313 0.04999995 2.873904 0.2 0.69282 0.04999995 0.69282 0.04999995 2.873904 0.2 0.844097 0.2 -0.415482 1.776819 -0.349127 1.804685 -0.424376 1.81848 -0.424376 1.81848 -0.349127 1.804685 -0.354459 1.829661 -1.246815 3.675489 -0.09648299 0.180076 -1.213769 3.801272 -1.213769 3.801272 -0.09648299 0.180076 -0.01532799 0.159676 0.09117597 -0.498117 -0.186339 1.988074 0.021308 -0.509602 0.021308 -0.509602 -0.186339 1.988074 -0.268721 2.088705 3.35 0.574005 3.35 0.531405 3.45 0.574005 3.45 0.574005 3.35 0.531405 2.968957 -2.055122 3.45 0.574005 2.968957 -2.055122 3.458679 0.58299 3.458679 0.58299 2.968957 -2.055122 2.661826 -4.826057 2.661826 -4.826057 2.968957 -2.055122 2.949711 -2.185765 2.661826 -4.826057 2.949711 -2.185765 2.583815 -4.66947 0.461695 0.84507 0.437609 0.821985 2.968957 -2.055122 2.968957 -2.055122 0.437609 0.821985 0.412371 0.800166 2.968957 -2.055122 0.412371 0.800166 0.386046 0.77967 0.386046 0.77967 2.949711 -2.185765 2.968957 -2.055122 0.298825 0.725381 0.268813 0.71081 2.583815 -4.66947 2.583815 -4.66947 0.268813 0.71081 0.238092 0.697798 2.583815 -4.66947 0.238092 0.697798 0.206744 0.68638 0.206744 0.68638 2.499183 -4.726057 2.583815 -4.66947 2.583815 -4.66947 2.499183 -4.726057 2.661826 -4.826057 1.455 -4.726057 1.455 -4.770703 2.499183 -4.726057 2.499183 -4.726057 1.455 -4.770703 1.405 -4.822467 2.499183 -4.726057 1.405 -4.822467 2.661826 -4.826057 2.661826 -4.826057 1.405 -4.822467 -0.266542 -4.826057 -0.266542 -4.826057 1.405 -4.822467 0.845924 -4.822467 -0.266542 -4.826057 0.845924 -4.822467 0.04999995 -4.726057 0.04999995 -4.726057 0.845924 -4.822467 0.795 -4.77077 0.04999995 -4.726057 0.795 -4.77077 0.795 -4.726057 -0.266542 -4.826057 0.04999995 -4.726057 -0.231586 -4.689082 -0.231586 -4.689082 0.04999995 -4.726057 0.04999995 0.654558 -0.231586 -4.689082 0.04999995 0.654558 0.01012796 0.652713 0.01012796 0.652713 -0.02978199 0.653318 -0.231586 -4.689082 -0.231586 -4.689082 -0.02978199 0.653318 -0.06957995 0.656372 -0.231586 -4.689082 -1.720951 -2.181339 -0.266542 -4.826057 -0.266542 -4.826057 -1.720951 -2.181339 -1.781342 -2.079655 -0.266542 -4.826057 -1.781342 -2.079655 -3.5 0.618332 -3.5 0.618332 -1.781342 -2.079655 -3.45 0.574005 -3.5 0.618332 -3.45 0.574005 -3.5 0.625769 -1.720951 -2.181339 -0.249904 0.702607 -1.781342 -2.079655 -1.781342 -2.079655 -0.249904 0.702607 -0.280363 0.716221 -1.781342 -2.079655 -0.280363 0.716221 -0.310082 0.731381 -0.310082 0.731381 -0.338985 0.748045 -1.781342 -2.079655 -1.781342 -2.079655 -3.357367 0.574005 -3.45 0.574005 -0.03535497 0.238847 0.03535497 0.188847 -0.03535497 1.157553 -0.03535497 1.157553 0.03535497 0.188847 0.03535497 1.23303 -1.216853 2.214796 1.541173 -2.975873 -1.118994 2.181322 -1.118994 2.181322 1.541173 -2.975873 1.606344 -2.947827 -1.027305 0.04999995 -0.1086 0.04999995 -0.877305 0.2 -0.877305 0.2 -0.1086 0.04999995 -0.1086 0.2 0.348353 0.04999995 6.156591 0.04999995 0.348353 0.2 0.348353 0.2 6.156591 0.04999995 6.156591 0.2 -0.419729 5.680837 -0.03935295 0.05789399 -0.361211 5.863469 -0.361211 5.863469 -0.03935295 0.05789399 0.034217 0.01802295 -0.215637 2.25055 -0.47182 4.545639 -0.28337 2.219942 -0.28337 2.219942 -0.47182 4.545639 -0.56187 4.71496 1.691515 -1.94617 1.714429 -1.86569 -0.920314 0.976933 -0.920314 0.976933 1.714429 -1.86569 -0.852324 1.006966 0.627485 0.04999995 6.263278 0.04999995 0.696221 0.118094 0.696221 0.118094 6.263278 0.04999995 6.263278 0.2 0.696221 0.118094 6.263278 0.2 0.778762 0.2 -5.07508 0.04999995 -2.765738 0.04999995 -5.07508 0.2 -5.07508 0.2 -2.765738 0.04999995 -2.765738 0.2 4.774481 0.04999995 4.705745 0.118094 0.92216 0.04999995 0.92216 0.04999995 4.705745 0.118094 0.92216 0.2 0.92216 0.2 4.705745 0.118094 4.623205 0.2 0.02765196 0.114751 0.06524598 0.03999197 1.656783 2.828436 1.656783 2.828436 0.06524598 0.03999197 1.731595 2.815671 -0.335573 1.745956 0.12413 -0.932122 -0.294958 1.927306 -0.294958 1.927306 0.12413 -0.932122 0.198485 -0.947325 -0.44841 2.146216 0.560759 -3.105613 -0.346538 1.990782 -0.346538 1.990782 0.560759 -3.105613 0.621756 -3.048328 0.69282 0.04999995 3.857967 0.04999995 0.761557 0.118094 0.761557 0.118094 3.857967 0.04999995 3.857967 0.2 0.761557 0.118094 3.857967 0.2 0.844097 0.2 -2.903658 0.04999995 -0.186411 0.04999995 -2.903658 0.2 -2.903658 0.2 -0.186411 0.04999995 -0.186411 0.2 5.612561 0.04999995 5.543825 0.118094 0.481263 0.04999995 0.481263 0.04999995 5.543825 0.118094 0.481263 0.2 0.481263 0.2 5.543825 0.118094 5.461285 0.2 0.164147 -1.165243 0.663296 -4.073118 0.218493 -1.063885 0.218493 -1.063885 0.663296 -4.073118 0.740647 -4.10578 -0.454831 -3.463898 -0.379256 -3.427972 -0.07344299 -0.312578 -0.07344299 -0.312578 -0.379256 -3.427972 -0.01414197 -0.411119 -6.090592 0.04999995 -3.140188 0.04999995 -6.073948 0.103407 -6.073948 0.103407 -3.140188 0.04999995 -3.140188 0.2 -6.073948 0.103407 -3.140188 0.2 -5.927539 0.2 6.429826 0.04999995 6.361089 0.118094 3.390959 0.04999995 3.390959 0.04999995 6.361089 0.118094 3.390959 0.2 3.390959 0.2 6.361089 0.118094 6.278549 0.2 -3.141307 -1.792204 -0.736666 -0.451276 -3.209157 -1.749078 -3.209157 -1.749078 -0.736666 -0.451276 -0.732024 -0.367726 0.504917 -2.195741 0.01411896 0.103204 0.462022 -2.333497 0.462022 -2.333497 0.01411896 0.103204 -0.06301999 0.125852 -1.917753 -2.045659 0.977892 0.966089 -1.881562 -1.905992 -1.881562 -1.905992 0.977892 0.966089 0.895907 0.982841 0.69282 0.04999995 3.446071 0.04999995 0.844097 0.2 0.844097 0.2 3.446071 0.04999995 3.446071 0.2 -2.496394 0.04999995 -0.1456429 0.04999995 -2.496394 0.2 -2.496394 0.2 -0.1456429 0.04999995 -0.1456429 0.2 4.298738 0.04999995 4.230002 0.118094 0.291285 0.04999995 0.291285 0.04999995 4.230002 0.118094 0.291285 0.2 0.291285 0.2 4.230002 0.118094 4.147462 0.2 0.888948 0.296315 -1.353888 -0.358369 0.951716 0.240975 0.951716 0.240975 -1.353888 -0.358369 -1.396808 -0.444559 -0.638565 1.423867 -0.631503 1.456474 -3 2.063732 -3 2.063732 -0.631503 1.456474 -0.622778 1.488675 -3 2.063732 -0.622778 1.488675 -0.612411 1.520387 -3.35 2.262176 -3.05 2.143234 -0.612411 1.520387 -0.612411 1.520387 -3.05 2.143234 -3 2.091471 -0.612411 1.520387 -3 2.091471 -3 2.063732 -3.05 2.143234 -3.35 2.262176 -3.45 2.143234 -3.45 2.143234 -3.35 2.262176 -3.35 4.776946 -3.45 2.143234 -3.35 4.776946 -3.45 4.946824 -3.45 4.946824 -3.35 4.776946 -3.278447 4.846824 -3.45 4.946824 -3.278447 4.846824 -0.04999995 4.846824 -0.481301 1.739464 -0.458254 1.763586 -3.35 4.776946 -3.35 4.776946 -0.458254 1.763586 -0.433998 1.786493 -3.35 4.776946 -0.433998 1.786493 -0.4086 1.808126 -0.4086 1.808126 -3.278447 4.846824 -3.35 4.776946 -0.04999995 3.351089 -0.01668095 3.352802 -0.04999995 4.846824 -0.04999995 4.846824 -0.01668095 3.352802 0.01668095 3.352804 -0.04999995 4.846824 0.01668095 3.352804 0.04999995 4.846824 0.04999995 4.846824 0.01668095 3.352804 0.04999995 3.351094 3.278447 4.846824 3.45 4.946824 0.04999995 4.846824 0.04999995 4.846824 3.45 4.946824 -3.45 4.946824 0.04999995 4.846824 -3.45 4.946824 -0.04999995 4.846824 3.45 4.946824 3.278447 4.846824 3.35 4.776946 3.35 4.776946 3.278447 4.846824 0.408654 1.80813 3.35 4.776946 0.408654 1.80813 0.434053 1.786497 0.434053 1.786497 0.458309 1.76359 3.35 4.776946 3.35 4.776946 0.458309 1.76359 0.481357 1.739469 3.45 4.946824 3.35 4.776946 3.45 2.143234 3.45 2.143234 3.35 4.776946 3.35 2.262176 3.45 2.143234 3.35 2.262176 3.05 2.143234 3.05 2.143234 3.35 2.262176 0.612469 1.52039 3.05 2.143234 0.612469 1.52039 3 2.091471 3 2.091471 0.612469 1.52039 3 2.06373 3 2.06373 0.612469 1.52039 0.622836 1.488678 3 2.06373 0.622836 1.488678 0.631561 1.456477 0.631561 1.456477 0.638623 1.42387 3 2.06373 0.833085 -0.815463 0.751099 -0.832215 3.610604 -3.704305 3.610604 -3.704305 0.751099 -0.832215 3.646795 -3.843971 -0.377669 -1.938378 -0.454808 -1.961027 -0.902711 -4.397728 -0.902711 -4.397728 -0.454808 -1.961027 -0.945606 -4.259974 -0.863389 0.521934 -0.858747 0.438383 1.613804 -0.859427 1.613804 -0.859427 -0.858747 0.438383 1.545954 -0.902553 0.690622 0.04999995 4.698118 0.04999995 0.759358 0.118094 0.759358 0.118094 4.698118 0.04999995 4.698118 0.2 0.759358 0.118094 4.698118 0.2 0.841898 0.2 -4.075855 0.04999995 -1.725102 0.04999995 -4.075855 0.2 -4.075855 0.2 -1.725102 0.04999995 -1.725102 0.2 2.960519 0.04999995 2.809242 0.2 0.207212 0.04999995 0.207212 0.04999995 2.809242 0.2 0.207212 0.2 -0.03535497 1.130973 0.03535497 1.138414 -0.03535497 1.272345 -0.03535497 1.272345 0.03535497 1.138414 0.03535497 1.272345 -0.03535497 -1.272345 0.03535497 -1.272345 0.03535497 -1.138414 0.03535497 1.138414 -0.03535497 1.130973 0.03535497 1.004483 0.03535497 1.004483 -0.03535497 1.130973 -0.03535497 0.989602 0.03535497 1.004483 -0.03535497 0.989602 0.03535497 0.870552 0.03535497 0.870552 -0.03535497 0.989602 -0.03535497 0.84823 0.03535497 0.870552 -0.03535497 0.84823 0.03535497 0.736621 0.03535497 0.736621 -0.03535497 0.84823 -0.03535497 0.706858 0.03535497 0.736621 -0.03535497 0.706858 0.03535497 0.60269 0.03535497 0.60269 -0.03535497 0.706858 -0.03535497 0.565487 0.03535497 0.60269 -0.03535497 0.565487 0.03535497 0.468759 0.03535497 0.468759 -0.03535497 0.565487 -0.03535497 0.424115 0.03535497 0.468759 -0.03535497 0.424115 0.03535497 0.334828 0.03535497 0.334828 -0.03535497 0.424115 -0.03535497 0.282743 0.03535497 0.334828 -0.03535497 0.282743 0.03535497 0.200897 0.03535497 0.200897 -0.03535497 0.282743 -0.03535497 0.141372 0.03535497 0.200897 -0.03535497 0.141372 0.03535497 0.06696599 0.03535497 0.06696599 -0.03535497 0.141372 -0.03535497 0 0.03535497 0.06696599 -0.03535497 0 0.03535497 -0.06696599 0.03535497 -0.06696599 -0.03535497 0 -0.03535497 -0.141372 0.03535497 -0.06696599 -0.03535497 -0.141372 0.03535497 -0.200897 0.03535497 -0.200897 -0.03535497 -0.141372 -0.03535497 -0.282743 0.03535497 -0.200897 -0.03535497 -0.282743 0.03535497 -0.334828 0.03535497 -0.334828 -0.03535497 -0.282743 -0.03535497 -0.424115 0.03535497 -0.334828 -0.03535497 -0.424115 0.03535497 -0.468759 0.03535497 -0.468759 -0.03535497 -0.424115 -0.03535497 -0.565487 0.03535497 -0.468759 -0.03535497 -0.565487 0.03535497 -0.60269 0.03535497 -0.60269 -0.03535497 -0.565487 -0.03535497 -0.706858 0.03535497 -0.60269 -0.03535497 -0.706858 0.03535497 -0.736621 0.03535497 -0.736621 -0.03535497 -0.706858 -0.03535497 -0.84823 0.03535497 -0.736621 -0.03535497 -0.84823 0.03535497 -0.870552 0.03535497 -0.870552 -0.03535497 -0.84823 -0.03535497 -0.989602 0.03535497 -0.870552 -0.03535497 -0.989602 0.03535497 -1.004483 0.03535497 -1.004483 -0.03535497 -0.989602 -0.03535497 -1.130973 0.03535497 -1.004483 -0.03535497 -1.130973 0.03535497 -1.138414 0.03535497 -1.138414 -0.03535497 -1.130973 -0.03535497 -1.272345 -0.406672 -1.381871 -0.42997 -1.242251 -3.45 -0.47376 -3.45 -0.47376 -0.42997 -1.242251 -0.406672 -1.10263 -3.45 -0.47376 -0.406672 -1.10263 -0.339301 -0.978139 -3.45 -0.47376 -0.339301 -0.978139 -0.266542 4.886441 -0.266542 4.886441 -0.339301 -0.978139 -0.235158 -0.882269 -0.266542 4.886441 -0.235158 -0.882269 -0.105529 -0.825409 -0.105529 -0.825409 0.03553897 -0.813719 -0.266542 4.886441 -0.266542 4.886441 0.03553897 -0.813719 0.1727589 -0.848468 -0.266542 4.886441 0.1727589 -0.848468 2.661826 4.886441 2.661826 4.886441 0.1727589 -0.848468 0.291261 -0.925889 2.661826 4.886441 0.291261 -0.925889 3.45 -0.463695 3.45 -0.463695 0.291261 -0.925889 0.378203 -1.037593 3.45 -0.463695 0.378203 -1.037593 0.424165 -1.171475 0.424165 -1.171475 0.424165 -1.313026 3.45 -0.463695 3.45 -0.463695 0.424165 -1.313026 0.424165 -2.571858 3.45 -0.463695 0.424165 -2.571858 0.424165 -2.713409 0.424165 -2.571858 0.424165 -1.313026 0.378203 -2.437976 0.378203 -2.437976 0.424165 -1.313026 0.378203 -1.446908 0.378203 -2.437976 0.378203 -1.446908 0.291261 -2.326272 0.291261 -2.326272 0.378203 -1.446908 0.291261 -1.558612 0.291261 -2.326272 0.291261 -1.558612 0.1727589 -1.636033 0.291261 -2.326272 0.1727589 -1.636033 0.1727589 -2.248851 0.1727589 -2.248851 0.1727589 -1.636033 0.03553897 -1.670782 0.1727589 -2.248851 0.03553897 -1.670782 0.03553897 -2.214102 0.03553897 -2.214102 0.03553897 -1.670782 -0.105529 -2.225791 -0.105529 -2.225791 0.03553897 -1.670782 -0.105529 -1.659093 -0.105529 -2.225791 -0.105529 -1.659093 -0.235158 -2.282652 -0.235158 -2.282652 -0.105529 -1.659093 -0.235158 -1.602232 -0.235158 -2.282652 -0.235158 -1.602232 -0.339301 -1.506362 -0.235158 -2.282652 -0.339301 -1.506362 -0.339301 -2.378522 -0.339301 -2.378522 -0.339301 -1.506362 -0.406672 -1.381871 -0.339301 -2.378522 -0.406672 -1.381871 -0.406672 -2.503013 -0.406672 -2.503013 -0.406672 -1.381871 -3.45 -0.47376 -0.406672 -2.503013 -3.45 -0.47376 -0.42997 -2.642634 -0.42997 -2.642634 -3.45 -0.47376 -3.45 -4.836441 -0.42997 -2.642634 -3.45 -4.836441 -0.406672 -2.782254 -0.406672 -2.782254 -3.45 -4.836441 -0.339301 -2.906745 -0.339301 -2.906745 -3.45 -4.836441 -0.235158 -3.002615 -0.235158 -3.002615 -3.45 -4.836441 -0.105529 -3.059476 -0.105529 -3.059476 -3.45 -4.836441 0.03553897 -3.071165 0.03553897 -3.071165 -3.45 -4.836441 3.45 -4.836441 0.03553897 -3.071165 3.45 -4.836441 0.1727589 -3.036416 0.1727589 -3.036416 3.45 -4.836441 0.291261 -2.958995 0.291261 -2.958995 3.45 -4.836441 0.378203 -2.847291 0.378203 -2.847291 3.45 -4.836441 0.424165 -2.713409 0.424165 -2.713409 3.45 -4.836441 3.45 -0.463695 0.55 -1.06116 -0.15 -1.06116 0.55 -1.193805 0.55 -1.193805 -0.15 -1.06116 -0.15 -1.193805 0.55 1.193805 -0.15 1.193805 0.55 1.06116 0.55 1.06116 -0.15 1.193805 -0.15 1.06116 0.55 1.06116 -0.15 1.06116 0.55 0.928515 0.55 0.928515 -0.15 1.06116 -0.15 0.928515 0.55 0.928515 -0.15 0.928515 0.55 0.79587 0.55 0.79587 -0.15 0.928515 -0.15 0.79587 0.55 0.79587 -0.15 0.79587 0.55 0.663225 0.55 0.663225 -0.15 0.79587 -0.15 0.663225 0.55 0.663225 -0.15 0.663225 0.55 0.53058 0.55 0.53058 -0.15 0.663225 -0.15 0.53058 0.55 0.53058 -0.15 0.53058 0.55 0.397935 0.55 0.397935 -0.15 0.53058 -0.15 0.397935 0.55 0.397935 -0.15 0.397935 0.55 0.26529 0.55 0.26529 -0.15 0.397935 -0.15 0.26529 0.55 0.26529 -0.15 0.26529 0.55 0.132645 0.55 0.132645 -0.15 0.26529 -0.15 0.132645 0.55 0.132645 -0.15 0.132645 0.55 0 0.55 0 -0.15 0.132645 -0.15 0 0.55 0 -0.15 0 0.55 -0.132645 0.55 -0.132645 -0.15 0 -0.15 -0.132645 0.55 -0.132645 -0.15 -0.132645 0.55 -0.26529 0.55 -0.26529 -0.15 -0.132645 -0.15 -0.26529 0.55 -0.26529 -0.15 -0.26529 0.55 -0.397935 0.55 -0.397935 -0.15 -0.26529 -0.15 -0.397935 0.55 -0.397935 -0.15 -0.397935 0.55 -0.53058 0.55 -0.53058 -0.15 -0.397935 -0.15 -0.53058 0.55 -0.53058 -0.15 -0.53058 0.55 -0.663225 0.55 -0.663225 -0.15 -0.53058 -0.15 -0.663225 0.55 -0.663225 -0.15 -0.663225 0.55 -0.79587 0.55 -0.79587 -0.15 -0.663225 -0.15 -0.79587 0.55 -0.79587 -0.15 -0.79587 0.55 -0.928515 0.55 -0.928515 -0.15 -0.79587 -0.15 -0.928515 0.55 -0.928515 -0.15 -0.928515 0.55 -1.06116 0.55 -1.06116 -0.15 -0.928515 -0.15 -1.06116 -0.03535497 1.130973 0.03535497 1.138414 -0.03535497 1.272345 -0.03535497 1.272345 0.03535497 1.138414 0.03535497 1.272345 -0.03535497 -1.272345 0.03535497 -1.272345 0.03535497 -1.138414 0.03535497 1.138414 -0.03535497 1.130973 0.03535497 1.004483 0.03535497 1.004483 -0.03535497 1.130973 -0.03535497 0.989602 0.03535497 1.004483 -0.03535497 0.989602 0.03535497 0.870552 0.03535497 0.870552 -0.03535497 0.989602 -0.03535497 0.84823 0.03535497 0.870552 -0.03535497 0.84823 0.03535497 0.736621 0.03535497 0.736621 -0.03535497 0.84823 -0.03535497 0.706858 0.03535497 0.736621 -0.03535497 0.706858 0.03535497 0.60269 0.03535497 0.60269 -0.03535497 0.706858 -0.03535497 0.565487 0.03535497 0.60269 -0.03535497 0.565487 0.03535497 0.468759 0.03535497 0.468759 -0.03535497 0.565487 -0.03535497 0.424115 0.03535497 0.468759 -0.03535497 0.424115 0.03535497 0.334828 0.03535497 0.334828 -0.03535497 0.424115 -0.03535497 0.282743 0.03535497 0.334828 -0.03535497 0.282743 0.03535497 0.200897 0.03535497 0.200897 -0.03535497 0.282743 -0.03535497 0.141372 0.03535497 0.200897 -0.03535497 0.141372 0.03535497 0.06696599 0.03535497 0.06696599 -0.03535497 0.141372 -0.03535497 0 0.03535497 0.06696599 -0.03535497 0 0.03535497 -0.06696599 0.03535497 -0.06696599 -0.03535497 0 -0.03535497 -0.141372 0.03535497 -0.06696599 -0.03535497 -0.141372 0.03535497 -0.200897 0.03535497 -0.200897 -0.03535497 -0.141372 -0.03535497 -0.282743 0.03535497 -0.200897 -0.03535497 -0.282743 0.03535497 -0.334828 0.03535497 -0.334828 -0.03535497 -0.282743 -0.03535497 -0.424115 0.03535497 -0.334828 -0.03535497 -0.424115 0.03535497 -0.468759 0.03535497 -0.468759 -0.03535497 -0.424115 -0.03535497 -0.565487 0.03535497 -0.468759 -0.03535497 -0.565487 0.03535497 -0.60269 0.03535497 -0.60269 -0.03535497 -0.565487 -0.03535497 -0.706858 0.03535497 -0.60269 -0.03535497 -0.706858 0.03535497 -0.736621 0.03535497 -0.736621 -0.03535497 -0.706858 -0.03535497 -0.84823 0.03535497 -0.736621 -0.03535497 -0.84823 0.03535497 -0.870552 0.03535497 -0.870552 -0.03535497 -0.84823 -0.03535497 -0.989602 0.03535497 -0.870552 -0.03535497 -0.989602 0.03535497 -1.004483 0.03535497 -1.004483 -0.03535497 -0.989602 -0.03535497 -1.130973 0.03535497 -1.004483 -0.03535497 -1.130973 0.03535497 -1.138414 0.03535497 -1.138414 -0.03535497 -1.130973 -0.03535497 -1.272345 0.55 -1.06116 -0.15 -1.06116 0.55 -1.193805 0.55 -1.193805 -0.15 -1.06116 -0.15 -1.193805 0.55 1.193805 -0.15 1.193805 0.55 1.06116 0.55 1.06116 -0.15 1.193805 -0.15 1.06116 0.55 1.06116 -0.15 1.06116 0.55 0.928515 0.55 0.928515 -0.15 1.06116 -0.15 0.928515 0.55 0.928515 -0.15 0.928515 0.55 0.79587 0.55 0.79587 -0.15 0.928515 -0.15 0.79587 0.55 0.79587 -0.15 0.79587 0.55 0.663225 0.55 0.663225 -0.15 0.79587 -0.15 0.663225 0.55 0.663225 -0.15 0.663225 0.55 0.53058 0.55 0.53058 -0.15 0.663225 -0.15 0.53058 0.55 0.53058 -0.15 0.53058 0.55 0.397935 0.55 0.397935 -0.15 0.53058 -0.15 0.397935 0.55 0.397935 -0.15 0.397935 0.55 0.26529 0.55 0.26529 -0.15 0.397935 -0.15 0.26529 0.55 0.26529 -0.15 0.26529 0.55 0.132645 0.55 0.132645 -0.15 0.26529 -0.15 0.132645 0.55 0.132645 -0.15 0.132645 0.55 0 0.55 0 -0.15 0.132645 -0.15 0 0.55 0 -0.15 0 0.55 -0.132645 0.55 -0.132645 -0.15 0 -0.15 -0.132645 0.55 -0.132645 -0.15 -0.132645 0.55 -0.26529 0.55 -0.26529 -0.15 -0.132645 -0.15 -0.26529 0.55 -0.26529 -0.15 -0.26529 0.55 -0.397935 0.55 -0.397935 -0.15 -0.26529 -0.15 -0.397935 0.55 -0.397935 -0.15 -0.397935 0.55 -0.53058 0.55 -0.53058 -0.15 -0.397935 -0.15 -0.53058 0.55 -0.53058 -0.15 -0.53058 0.55 -0.663225 0.55 -0.663225 -0.15 -0.53058 -0.15 -0.663225 0.55 -0.663225 -0.15 -0.663225 0.55 -0.79587 0.55 -0.79587 -0.15 -0.663225 -0.15 -0.79587 0.55 -0.79587 -0.15 -0.79587 0.55 -0.928515 0.55 -0.928515 -0.15 -0.79587 -0.15 -0.928515 0.55 -0.928515 -0.15 -0.928515 0.55 -1.06116 0.55 -1.06116 -0.15 -0.928515 -0.15 -1.06116 -0.03535497 1.130973 0.03535497 1.138414 -0.03535497 1.272345 -0.03535497 1.272345 0.03535497 1.138414 0.03535497 1.272345 -0.03535497 -1.272345 0.03535497 -1.272345 0.03535497 -1.138414 0.03535497 1.138414 -0.03535497 1.130973 0.03535497 1.004483 0.03535497 1.004483 -0.03535497 1.130973 -0.03535497 0.989602 0.03535497 1.004483 -0.03535497 0.989602 0.03535497 0.870552 0.03535497 0.870552 -0.03535497 0.989602 -0.03535497 0.84823 0.03535497 0.870552 -0.03535497 0.84823 0.03535497 0.736621 0.03535497 0.736621 -0.03535497 0.84823 -0.03535497 0.706858 0.03535497 0.736621 -0.03535497 0.706858 0.03535497 0.60269 0.03535497 0.60269 -0.03535497 0.706858 -0.03535497 0.565487 0.03535497 0.60269 -0.03535497 0.565487 0.03535497 0.468759 0.03535497 0.468759 -0.03535497 0.565487 -0.03535497 0.424115 0.03535497 0.468759 -0.03535497 0.424115 0.03535497 0.334828 0.03535497 0.334828 -0.03535497 0.424115 -0.03535497 0.282743 0.03535497 0.334828 -0.03535497 0.282743 0.03535497 0.200897 0.03535497 0.200897 -0.03535497 0.282743 -0.03535497 0.141372 0.03535497 0.200897 -0.03535497 0.141372 0.03535497 0.06696599 0.03535497 0.06696599 -0.03535497 0.141372 -0.03535497 0 0.03535497 0.06696599 -0.03535497 0 0.03535497 -0.06696599 0.03535497 -0.06696599 -0.03535497 0 -0.03535497 -0.141372 0.03535497 -0.06696599 -0.03535497 -0.141372 0.03535497 -0.200897 0.03535497 -0.200897 -0.03535497 -0.141372 -0.03535497 -0.282743 0.03535497 -0.200897 -0.03535497 -0.282743 0.03535497 -0.334828 0.03535497 -0.334828 -0.03535497 -0.282743 -0.03535497 -0.424115 0.03535497 -0.334828 -0.03535497 -0.424115 0.03535497 -0.468759 0.03535497 -0.468759 -0.03535497 -0.424115 -0.03535497 -0.565487 0.03535497 -0.468759 -0.03535497 -0.565487 0.03535497 -0.60269 0.03535497 -0.60269 -0.03535497 -0.565487 -0.03535497 -0.706858 0.03535497 -0.60269 -0.03535497 -0.706858 0.03535497 -0.736621 0.03535497 -0.736621 -0.03535497 -0.706858 -0.03535497 -0.84823 0.03535497 -0.736621 -0.03535497 -0.84823 0.03535497 -0.870552 0.03535497 -0.870552 -0.03535497 -0.84823 -0.03535497 -0.989602 0.03535497 -0.870552 -0.03535497 -0.989602 0.03535497 -1.004483 0.03535497 -1.004483 -0.03535497 -0.989602 -0.03535497 -1.130973 0.03535497 -1.004483 -0.03535497 -1.130973 0.03535497 -1.138414 0.03535497 -1.138414 -0.03535497 -1.130973 -0.03535497 -1.272345 -0.03535497 1.130973 0.03535497 1.138414 -0.03535497 1.272345 -0.03535497 1.272345 0.03535497 1.138414 0.03535497 1.272345 -0.03535497 -1.272345 0.03535497 -1.272345 0.03535497 -1.138414 0.03535497 1.138414 -0.03535497 1.130973 0.03535497 1.004483 0.03535497 1.004483 -0.03535497 1.130973 -0.03535497 0.989602 0.03535497 1.004483 -0.03535497 0.989602 0.03535497 0.870552 0.03535497 0.870552 -0.03535497 0.989602 -0.03535497 0.84823 0.03535497 0.870552 -0.03535497 0.84823 0.03535497 0.736621 0.03535497 0.736621 -0.03535497 0.84823 -0.03535497 0.706858 0.03535497 0.736621 -0.03535497 0.706858 0.03535497 0.60269 0.03535497 0.60269 -0.03535497 0.706858 -0.03535497 0.565487 0.03535497 0.60269 -0.03535497 0.565487 0.03535497 0.468759 0.03535497 0.468759 -0.03535497 0.565487 -0.03535497 0.424115 0.03535497 0.468759 -0.03535497 0.424115 0.03535497 0.334828 0.03535497 0.334828 -0.03535497 0.424115 -0.03535497 0.282743 0.03535497 0.334828 -0.03535497 0.282743 0.03535497 0.200897 0.03535497 0.200897 -0.03535497 0.282743 -0.03535497 0.141372 0.03535497 0.200897 -0.03535497 0.141372 0.03535497 0.06696599 0.03535497 0.06696599 -0.03535497 0.141372 -0.03535497 0 0.03535497 0.06696599 -0.03535497 0 0.03535497 -0.06696599 0.03535497 -0.06696599 -0.03535497 0 -0.03535497 -0.141372 0.03535497 -0.06696599 -0.03535497 -0.141372 0.03535497 -0.200897 0.03535497 -0.200897 -0.03535497 -0.141372 -0.03535497 -0.282743 0.03535497 -0.200897 -0.03535497 -0.282743 0.03535497 -0.334828 0.03535497 -0.334828 -0.03535497 -0.282743 -0.03535497 -0.424115 0.03535497 -0.334828 -0.03535497 -0.424115 0.03535497 -0.468759 0.03535497 -0.468759 -0.03535497 -0.424115 -0.03535497 -0.565487 0.03535497 -0.468759 -0.03535497 -0.565487 0.03535497 -0.60269 0.03535497 -0.60269 -0.03535497 -0.565487 -0.03535497 -0.706858 0.03535497 -0.60269 -0.03535497 -0.706858 0.03535497 -0.736621 0.03535497 -0.736621 -0.03535497 -0.706858 -0.03535497 -0.84823 0.03535497 -0.736621 -0.03535497 -0.84823 0.03535497 -0.870552 0.03535497 -0.870552 -0.03535497 -0.84823 -0.03535497 -0.989602 0.03535497 -0.870552 -0.03535497 -0.989602 0.03535497 -1.004483 0.03535497 -1.004483 -0.03535497 -0.989602 -0.03535497 -1.130973 0.03535497 -1.004483 -0.03535497 -1.130973 0.03535497 -1.138414 0.03535497 -1.138414 -0.03535497 -1.130973 -0.03535497 -1.272345 -0.03535497 -1.047198 -0.03535497 -1.178097 0.03535497 -1.178097 0.03535497 1.178097 -0.03535497 1.178097 -0.03535497 1.047198 0.03535497 1.178097 -0.03535497 1.047198 0.03535497 1.039497 0.03535497 1.039497 -0.03535497 1.047198 -0.03535497 0.916298 0.03535497 1.039497 -0.03535497 0.916298 0.03535497 0.900898 0.03535497 0.900898 -0.03535497 0.916298 -0.03535497 0.785398 0.03535497 0.900898 -0.03535497 0.785398 0.03535497 0.762298 0.03535497 0.762298 -0.03535497 0.785398 -0.03535497 0.654498 0.03535497 0.762298 -0.03535497 0.654498 0.03535497 0.623699 0.03535497 0.623699 -0.03535497 0.654498 -0.03535497 0.523599 0.03535497 0.623699 -0.03535497 0.523599 0.03535497 0.485099 0.03535497 0.485099 -0.03535497 0.523599 -0.03535497 0.392699 0.03535497 0.485099 -0.03535497 0.392699 0.03535497 0.346499 0.03535497 0.346499 -0.03535497 0.392699 -0.03535497 0.261799 0.03535497 0.346499 -0.03535497 0.261799 0.03535497 0.2079 0.03535497 0.2079 -0.03535497 0.261799 -0.03535497 0.1309 0.03535497 0.2079 -0.03535497 0.1309 0.03535497 0.06929999 0.03535497 0.06929999 -0.03535497 0.1309 -0.03535497 0 0.03535497 0.06929999 -0.03535497 0 0.03535497 -0.06929999 0.03535497 -0.06929999 -0.03535497 0 -0.03535497 -0.1309 0.03535497 -0.06929999 -0.03535497 -0.1309 0.03535497 -0.2079 0.03535497 -0.2079 -0.03535497 -0.1309 -0.03535497 -0.261799 0.03535497 -0.2079 -0.03535497 -0.261799 0.03535497 -0.346499 0.03535497 -0.346499 -0.03535497 -0.261799 -0.03535497 -0.392699 0.03535497 -0.346499 -0.03535497 -0.392699 0.03535497 -0.485099 0.03535497 -0.485099 -0.03535497 -0.392699 -0.03535497 -0.523599 0.03535497 -0.485099 -0.03535497 -0.523599 0.03535497 -0.623699 0.03535497 -0.623699 -0.03535497 -0.523599 -0.03535497 -0.654498 0.03535497 -0.623699 -0.03535497 -0.654498 0.03535497 -0.762298 0.03535497 -0.762298 -0.03535497 -0.654498 -0.03535497 -0.785398 0.03535497 -0.762298 -0.03535497 -0.785398 0.03535497 -0.900898 0.03535497 -0.900898 -0.03535497 -0.785398 -0.03535497 -0.916298 0.03535497 -0.900898 -0.03535497 -0.916298 0.03535497 -1.039497 0.03535497 -1.039497 -0.03535497 -0.916298 -0.03535497 -1.047198 0.03535497 -1.039497 -0.03535497 -1.047198 0.03535497 -1.178097 0 -0.970198 -0.02999997 -0.970198 0 -1.099557 0 -1.099557 -0.02999997 -0.970198 -0.02999997 -1.099557 0 1.099557 -0.02999997 1.099557 0 0.970198 0 0.970198 -0.02999997 1.099557 -0.02999997 0.970198 0 0.970198 -0.02999997 0.970198 0 0.840838 0 0.840838 -0.02999997 0.970198 -0.02999997 0.840838 0 0.840838 -0.02999997 0.840838 0 0.711478 0 0.711478 -0.02999997 0.840838 -0.02999997 0.711478 0 0.711478 -0.02999997 0.711478 0 0.582119 0 0.582119 -0.02999997 0.711478 -0.02999997 0.582119 0 0.582119 -0.02999997 0.582119 0 0.452759 0 0.452759 -0.02999997 0.582119 -0.02999997 0.452759 0 0.452759 -0.02999997 0.452759 0 0.323399 0 0.323399 -0.02999997 0.452759 -0.02999997 0.323399 0 0.323399 -0.02999997 0.323399 0 0.19404 0 0.19404 -0.02999997 0.323399 -0.02999997 0.19404 0 0.19404 -0.02999997 0.19404 0 0.06467998 0 0.06467998 -0.02999997 0.19404 -0.02999997 0.06467998 0 0.06467998 -0.02999997 0.06467998 0 -0.06467998 0 -0.06467998 -0.02999997 0.06467998 -0.02999997 -0.06467998 0 -0.06467998 -0.02999997 -0.06467998 0 -0.19404 0 -0.19404 -0.02999997 -0.06467998 -0.02999997 -0.19404 0 -0.19404 -0.02999997 -0.19404 0 -0.323399 0 -0.323399 -0.02999997 -0.19404 -0.02999997 -0.323399 0 -0.323399 -0.02999997 -0.323399 0 -0.452759 0 -0.452759 -0.02999997 -0.323399 -0.02999997 -0.452759 0 -0.452759 -0.02999997 -0.452759 0 -0.582119 0 -0.582119 -0.02999997 -0.452759 -0.02999997 -0.582119 0 -0.582119 -0.02999997 -0.582119 0 -0.711478 0 -0.711478 -0.02999997 -0.582119 -0.02999997 -0.711478 0 -0.711478 -0.02999997 -0.711478 0 -0.840838 0 -0.840838 -0.02999997 -0.711478 -0.02999997 -0.840838 0 -0.840838 -0.02999997 -0.840838 0 -0.970198 0 -0.970198 -0.02999997 -0.840838 -0.02999997 -0.970198 0.385274 0.140228 0.375877 0.136808 0.41 0 0.41 0 0.375877 0.136808 0.4 0 0.41 0 0.4 0 0.375877 -0.136808 0.375877 0.136808 0.385274 0.140228 0.306418 0.257115 0.306418 0.257115 0.385274 0.140228 0.314078 0.263543 0.306418 0.257115 0.314078 0.263543 0.2 0.34641 0.2 0.34641 0.314078 0.263543 0.205 0.35507 0.2 0.34641 0.205 0.35507 0.06945896 0.393923 0.06945896 0.393923 0.205 0.35507 0.07119596 0.403771 0.06945896 0.393923 0.07119596 0.403771 -0.07119596 0.403771 0.06945896 0.393923 -0.07119596 0.403771 -0.06945896 0.393923 -0.06945896 0.393923 -0.07119596 0.403771 -0.205 0.35507 -0.06945896 0.393923 -0.205 0.35507 -0.2 0.34641 -0.2 0.34641 -0.205 0.35507 -0.314078 0.263543 -0.2 0.34641 -0.314078 0.263543 -0.306418 0.257115 -0.306418 0.257115 -0.314078 0.263543 -0.385274 0.140228 -0.306418 0.257115 -0.385274 0.140228 -0.375877 0.136808 -0.375877 0.136808 -0.385274 0.140228 -0.41 0 -0.375877 0.136808 -0.41 0 -0.4 0 -0.4 0 -0.41 0 -0.375877 -0.136808 -0.375877 -0.136808 -0.41 0 -0.385274 -0.140228 -0.375877 -0.136808 -0.385274 -0.140228 -0.306418 -0.257115 -0.306418 -0.257115 -0.385274 -0.140228 -0.314078 -0.263543 -0.306418 -0.257115 -0.314078 -0.263543 -0.2 -0.34641 -0.2 -0.34641 -0.314078 -0.263543 -0.205 -0.35507 -0.2 -0.34641 -0.205 -0.35507 -0.06945896 -0.393923 -0.06945896 -0.393923 -0.205 -0.35507 -0.07119596 -0.403771 -0.06945896 -0.393923 -0.07119596 -0.403771 0.07119596 -0.403771 -0.06945896 -0.393923 0.07119596 -0.403771 0.06945896 -0.393923 0.06945896 -0.393923 0.07119596 -0.403771 0.205 -0.35507 0.06945896 -0.393923 0.205 -0.35507 0.2 -0.34641 0.2 -0.34641 0.205 -0.35507 0.314078 -0.263543 0.2 -0.34641 0.314078 -0.263543 0.306418 -0.257115 0.306418 -0.257115 0.314078 -0.263543 0.385274 -0.140228 0.306418 -0.257115 0.385274 -0.140228 0.375877 -0.136808 0.375877 -0.136808 0.385274 -0.140228 0.41 0 -0.03535497 1.039497 0.03535497 1.047198 -0.03535497 1.178097 -0.03535497 1.178097 0.03535497 1.047198 0.03535497 1.178097 -0.03535497 -1.178097 0.03535497 -1.178097 0.03535497 -1.047198 0.03535497 1.047198 -0.03535497 1.039497 0.03535497 0.916298 0.03535497 0.916298 -0.03535497 1.039497 -0.03535497 0.900898 0.03535497 0.916298 -0.03535497 0.900898 0.03535497 0.785398 0.03535497 0.785398 -0.03535497 0.900898 -0.03535497 0.762298 0.03535497 0.785398 -0.03535497 0.762298 0.03535497 0.654498 0.03535497 0.654498 -0.03535497 0.762298 -0.03535497 0.623699 0.03535497 0.654498 -0.03535497 0.623699 0.03535497 0.523599 0.03535497 0.523599 -0.03535497 0.623699 -0.03535497 0.485099 0.03535497 0.523599 -0.03535497 0.485099 0.03535497 0.392699 0.03535497 0.392699 -0.03535497 0.485099 -0.03535497 0.346499 0.03535497 0.392699 -0.03535497 0.346499 0.03535497 0.261799 0.03535497 0.261799 -0.03535497 0.346499 -0.03535497 0.2079 0.03535497 0.261799 -0.03535497 0.2079 0.03535497 0.1309 0.03535497 0.1309 -0.03535497 0.2079 -0.03535497 0.06929999 0.03535497 0.1309 -0.03535497 0.06929999 0.03535497 0 0.03535497 0 -0.03535497 0.06929999 -0.03535497 -0.06929999 0.03535497 0 -0.03535497 -0.06929999 0.03535497 -0.1309 0.03535497 -0.1309 -0.03535497 -0.06929999 -0.03535497 -0.2079 0.03535497 -0.1309 -0.03535497 -0.2079 0.03535497 -0.261799 0.03535497 -0.261799 -0.03535497 -0.2079 -0.03535497 -0.346499 0.03535497 -0.261799 -0.03535497 -0.346499 0.03535497 -0.392699 0.03535497 -0.392699 -0.03535497 -0.346499 -0.03535497 -0.485099 0.03535497 -0.392699 -0.03535497 -0.485099 0.03535497 -0.523599 0.03535497 -0.523599 -0.03535497 -0.485099 -0.03535497 -0.623699 0.03535497 -0.523599 -0.03535497 -0.623699 0.03535497 -0.654498 0.03535497 -0.654498 -0.03535497 -0.623699 -0.03535497 -0.762298 0.03535497 -0.654498 -0.03535497 -0.762298 0.03535497 -0.785398 0.03535497 -0.785398 -0.03535497 -0.762298 -0.03535497 -0.900898 0.03535497 -0.785398 -0.03535497 -0.900898 0.03535497 -0.916298 0.03535497 -0.916298 -0.03535497 -0.900898 -0.03535497 -1.039497 0.03535497 -0.916298 -0.03535497 -1.039497 0.03535497 -1.047198 0.03535497 -1.047198 -0.03535497 -1.039497 -0.03535497 -1.178097 0 0.970198 0.02999997 0.970198 0 1.099557 0 1.099557 0.02999997 0.970198 0.02999997 1.099557 0 -1.099557 0.02999997 -1.099557 0 -0.970198 0 -0.970198 0.02999997 -1.099557 0.02999997 -0.970198 0 -0.970198 0.02999997 -0.970198 0 -0.840838 0 -0.840838 0.02999997 -0.970198 0.02999997 -0.840838 0 -0.840838 0.02999997 -0.840838 0 -0.711478 0 -0.711478 0.02999997 -0.840838 0.02999997 -0.711478 0 -0.711478 0.02999997 -0.711478 0 -0.582119 0 -0.582119 0.02999997 -0.711478 0.02999997 -0.582119 0 -0.582119 0.02999997 -0.582119 0 -0.452759 0 -0.452759 0.02999997 -0.582119 0.02999997 -0.452759 0 -0.452759 0.02999997 -0.452759 0 -0.323399 0 -0.323399 0.02999997 -0.452759 0.02999997 -0.323399 0 -0.323399 0.02999997 -0.323399 0 -0.19404 0 -0.19404 0.02999997 -0.323399 0.02999997 -0.19404 0 -0.19404 0.02999997 -0.19404 0 -0.06467998 0 -0.06467998 0.02999997 -0.19404 0.02999997 -0.06467998 0 -0.06467998 0.02999997 -0.06467998 0 0.06467998 0 0.06467998 0.02999997 -0.06467998 0.02999997 0.06467998 0 0.06467998 0.02999997 0.06467998 0 0.19404 0 0.19404 0.02999997 0.06467998 0.02999997 0.19404 0 0.19404 0.02999997 0.19404 0 0.323399 0 0.323399 0.02999997 0.19404 0.02999997 0.323399 0 0.323399 0.02999997 0.323399 0 0.452759 0 0.452759 0.02999997 0.323399 0.02999997 0.452759 0 0.452759 0.02999997 0.452759 0 0.582119 0 0.582119 0.02999997 0.452759 0.02999997 0.582119 0 0.582119 0.02999997 0.582119 0 0.711478 0 0.711478 0.02999997 0.582119 0.02999997 0.711478 0 0.711478 0.02999997 0.711478 0 0.840838 0 0.840838 0.02999997 0.711478 0.02999997 0.840838 0 0.840838 0.02999997 0.840838 0 0.970198 0 0.970198 0.02999997 0.840838 0.02999997 0.970198 -0.385274 -0.140228 -0.375877 -0.136808 -0.41 0 -0.41 0 -0.375877 -0.136808 -0.4 0 -0.41 0 -0.4 0 -0.375877 0.136808 -0.375877 -0.136808 -0.385274 -0.140228 -0.306418 -0.257115 -0.306418 -0.257115 -0.385274 -0.140228 -0.314078 -0.263543 -0.306418 -0.257115 -0.314078 -0.263543 -0.2 -0.34641 -0.2 -0.34641 -0.314078 -0.263543 -0.205 -0.35507 -0.2 -0.34641 -0.205 -0.35507 -0.06945896 -0.393923 -0.06945896 -0.393923 -0.205 -0.35507 -0.07119596 -0.403771 -0.06945896 -0.393923 -0.07119596 -0.403771 0.07119596 -0.403771 -0.06945896 -0.393923 0.07119596 -0.403771 0.06945896 -0.393923 0.06945896 -0.393923 0.07119596 -0.403771 0.205 -0.35507 0.06945896 -0.393923 0.205 -0.35507 0.2 -0.34641 0.2 -0.34641 0.205 -0.35507 0.314078 -0.263543 0.2 -0.34641 0.314078 -0.263543 0.306418 -0.257115 0.306418 -0.257115 0.314078 -0.263543 0.385274 -0.140228 0.306418 -0.257115 0.385274 -0.140228 0.375877 -0.136808 0.375877 -0.136808 0.385274 -0.140228 0.41 0 0.375877 -0.136808 0.41 0 0.4 0 0.4 0 0.41 0 0.375877 0.136808 0.375877 0.136808 0.41 0 0.385274 0.140228 0.375877 0.136808 0.385274 0.140228 0.306418 0.257115 0.306418 0.257115 0.385274 0.140228 0.314078 0.263543 0.306418 0.257115 0.314078 0.263543 0.2 0.34641 0.2 0.34641 0.314078 0.263543 0.205 0.35507 0.2 0.34641 0.205 0.35507 0.06945896 0.393923 0.06945896 0.393923 0.205 0.35507 0.07119596 0.403771 0.06945896 0.393923 0.07119596 0.403771 -0.07119596 0.403771 0.06945896 0.393923 -0.07119596 0.403771 -0.06945896 0.393923 -0.06945896 0.393923 -0.07119596 0.403771 -0.205 0.35507 -0.06945896 0.393923 -0.205 0.35507 -0.2 0.34641 -0.2 0.34641 -0.205 0.35507 -0.314078 0.263543 -0.2 0.34641 -0.314078 0.263543 -0.306418 0.257115 -0.306418 0.257115 -0.314078 0.263543 -0.385274 0.140228 -0.306418 0.257115 -0.385274 0.140228 -0.375877 0.136808 -0.375877 0.136808 -0.385274 0.140228 -0.41 0 -0.03535497 1.214749 0.03535497 1.229934 -0.03535497 1.366593 -0.03535497 1.366593 0.03535497 1.229934 0.03535497 1.366593 -0.03535497 -1.366593 0.03535497 -1.366593 0.03535497 -1.229934 0.03535497 1.229934 -0.03535497 1.214749 0.03535497 1.093274 0.03535497 1.093274 -0.03535497 1.214749 -0.03535497 1.062906 0.03535497 1.093274 -0.03535497 1.062906 0.03535497 0.956615 0.03535497 0.956615 -0.03535497 1.062906 -0.03535497 0.911062 0.03535497 0.956615 -0.03535497 0.911062 0.03535497 0.819956 0.03535497 0.819956 -0.03535497 0.911062 -0.03535497 0.759218 0.03535497 0.819956 -0.03535497 0.759218 0.03535497 0.683296 0.03535497 0.683296 -0.03535497 0.759218 -0.03535497 0.607375 0.03535497 0.683296 -0.03535497 0.607375 0.03535497 0.546637 0.03535497 0.546637 -0.03535497 0.607375 -0.03535497 0.455531 0.03535497 0.546637 -0.03535497 0.455531 0.03535497 0.409978 0.03535497 0.409978 -0.03535497 0.455531 -0.03535497 0.303687 0.03535497 0.409978 -0.03535497 0.303687 0.03535497 0.273319 0.03535497 0.273319 -0.03535497 0.303687 -0.03535497 0.151844 0.03535497 0.273319 -0.03535497 0.151844 0.03535497 0.136659 0.03535497 0.136659 -0.03535497 0.151844 -0.03535497 0 0.03535497 0.136659 -0.03535497 0 0.03535497 0 0.03535497 0 -0.03535497 0 0.03535497 -0.136659 0.03535497 -0.136659 -0.03535497 0 -0.03535497 -0.151844 0.03535497 -0.136659 -0.03535497 -0.151844 0.03535497 -0.273319 0.03535497 -0.273319 -0.03535497 -0.151844 -0.03535497 -0.303687 0.03535497 -0.273319 -0.03535497 -0.303687 0.03535497 -0.409978 0.03535497 -0.409978 -0.03535497 -0.303687 -0.03535497 -0.455531 0.03535497 -0.409978 -0.03535497 -0.455531 0.03535497 -0.546637 0.03535497 -0.546637 -0.03535497 -0.455531 -0.03535497 -0.607375 0.03535497 -0.546637 -0.03535497 -0.607375 0.03535497 -0.683296 0.03535497 -0.683296 -0.03535497 -0.607375 -0.03535497 -0.759218 0.03535497 -0.683296 -0.03535497 -0.759218 0.03535497 -0.819956 0.03535497 -0.819956 -0.03535497 -0.759218 -0.03535497 -0.911062 0.03535497 -0.819956 -0.03535497 -0.911062 0.03535497 -0.956615 0.03535497 -0.956615 -0.03535497 -0.911062 -0.03535497 -1.062906 0.03535497 -0.956615 -0.03535497 -1.062906 0.03535497 -1.093274 0.03535497 -1.093274 -0.03535497 -1.062906 -0.03535497 -1.214749 0.03535497 -1.093274 -0.03535497 -1.214749 0.03535497 -1.229934 0.03535497 -1.229934 -0.03535497 -1.214749 -0.03535497 -1.366593 -0.666729 0.16115 -0.659609 0.163299 -0.774918 0.180715 -0.774918 0.180715 -0.659609 0.163299 -0.861627 0.467911 -0.861627 0.467911 -0.659609 0.163299 -0.052109 0.1633 -0.861627 0.467911 -0.052109 0.1633 0.07612496 0.2286379 -0.249168 -0.498674 -0.219213 -0.350996 -0.659609 0.163299 -0.659609 0.163299 -0.219213 -0.350996 -0.2417269 -0.2088479 -0.659609 0.163299 -0.2417269 -0.2088479 -0.219213 -0.06669998 -0.219213 -0.350996 -0.249168 -0.498674 -0.1538749 -0.47923 -0.1538749 -0.47923 -0.249168 -0.498674 -0.146408 -0.620562 -0.1538749 -0.47923 -0.146408 -0.620562 -0.052109 -0.580996 -0.052109 -0.580996 -0.146408 -0.620562 -0.01300698 -0.707857 -0.052109 -0.580996 -0.01300698 -0.707857 0.07612496 -0.646334 0.07612496 -0.646334 -0.01300698 -0.707857 0.139827 -0.753225 0.07612496 -0.646334 0.139827 -0.753225 0.218273 -0.668848 0.218273 -0.668848 0.139827 -0.753225 0.299251 -0.752854 0.218273 -0.668848 0.299251 -0.752854 0.36042 -0.646334 0.36042 -0.646334 0.299251 -0.752854 0.451872 -0.706775 0.36042 -0.646334 0.451872 -0.706775 0.488654 -0.580996 0.488654 -0.580996 0.451872 -0.706775 0.584866 -0.61886 0.488654 -0.580996 0.584866 -0.61886 0.59042 -0.47923 0.59042 -0.47923 0.584866 -0.61886 0.687057 -0.496495 0.59042 -0.47923 0.687057 -0.496495 0.655759 -0.350996 0.655759 -0.350996 0.687057 -0.496495 0.749862 -0.349962 0.655759 -0.350996 0.749862 -0.349962 0.678273 -0.2088479 0.678273 -0.2088479 0.749862 -0.349962 0.768001 -0.191572 0.678273 -0.2088479 0.768001 -0.191572 0.655759 -0.06669998 0.655759 -0.06669998 0.768001 -0.191572 0.74191 0.638672 0.655759 -0.06669998 0.74191 0.638672 0.59042 0.06153297 0.59042 0.06153297 0.74191 0.638672 0.488654 0.1633 0.488654 0.1633 0.74191 0.638672 0.36042 0.2286379 0.36042 0.2286379 0.74191 0.638672 0.218273 0.251152 0.218273 0.251152 0.74191 0.638672 0.07612496 0.2286379 0.07612496 0.2286379 0.74191 0.638672 -0.861627 0.467911 -0.861627 0.467911 0.74191 0.638672 3.37586 1.747284 3.37586 1.747284 0.74191 0.638672 3.510436 1.474539 3.37586 1.747284 3.510436 1.474539 3.438178 1.713869 -0.219213 -0.06669998 -0.1538749 0.06153297 -0.659609 0.163299 -0.659609 0.163299 -0.1538749 0.06153297 -0.052109 0.1633 0.07999998 1.144936 0.45 1.144936 0.07999998 1.288053 0.07999998 1.288053 0.45 1.144936 0.45 1.288053 0.07999998 -1.288053 0.45 -1.288053 0.07999998 -1.144936 0.07999998 -1.144936 0.45 -1.288053 0.45 -1.144936 0.07999998 -1.144936 0.45 -1.144936 0.07999998 -1.001819 0.07999998 -1.001819 0.45 -1.144936 0.45 -1.001819 0.07999998 -1.001819 0.45 -1.001819 0.07999998 -0.858702 0.07999998 -0.858702 0.45 -1.001819 0.45 -0.858702 0.07999998 -0.858702 0.45 -0.858702 0.07999998 -0.715585 0.07999998 -0.715585 0.45 -0.858702 0.45 -0.715585 0.07999998 -0.715585 0.45 -0.715585 0.07999998 -0.572468 0.07999998 -0.572468 0.45 -0.715585 0.45 -0.572468 0.07999998 -0.572468 0.45 -0.572468 0.07999998 -0.429351 0.07999998 -0.429351 0.45 -0.572468 0.45 -0.429351 0.07999998 -0.429351 0.45 -0.429351 0.07999998 -0.286234 0.07999998 -0.286234 0.45 -0.429351 0.45 -0.286234 0.07999998 -0.286234 0.45 -0.286234 0.07999998 -0.143117 0.07999998 -0.143117 0.45 -0.286234 0.45 -0.143117 0.07999998 -0.143117 0.45 -0.143117 0.07999998 0 0.07999998 0 0.45 -0.143117 0.45 0 0.07999998 0 0.45 0 0.07999998 0.143117 0.07999998 0.143117 0.45 0 0.45 0.143117 0.07999998 0.143117 0.45 0.143117 0.07999998 0.286234 0.07999998 0.286234 0.45 0.143117 0.45 0.286234 0.07999998 0.286234 0.45 0.286234 0.07999998 0.429351 0.07999998 0.429351 0.45 0.286234 0.45 0.429351 0.07999998 0.429351 0.45 0.429351 0.07999998 0.572468 0.07999998 0.572468 0.45 0.429351 0.45 0.572468 0.07999998 0.572468 0.45 0.572468 0.07999998 0.715585 0.07999998 0.715585 0.45 0.572468 0.45 0.715585 0.07999998 0.715585 0.45 0.715585 0.07999998 0.858702 0.07999998 0.858702 0.45 0.715585 0.45 0.858702 0.07999998 0.858702 0.45 0.858702 0.07999998 1.001819 0.07999998 1.001819 0.45 0.858702 0.45 1.001819 0.07999998 1.001819 0.45 1.001819 0.07999998 1.144936 0.07999998 1.144936 0.45 1.001819 0.45 1.144936 0.06953096 0.02508896 -0.002389967 0.07388097 0 0 0.07240396 0.01488798 0.03588396 0.07915496 0 0 0.276109 0.219436 0.02003896 0.06314098 0.321387 0.145254 0.321387 0.145254 0.02003896 0.06314098 0.06531697 -0.01104199 -0.01481795 0.06947696 -0.06905299 0.01668196 0 0 -0.199914 -0.573512 -0.139533 -0.552107 -0.189849 -0.477333 -0.189849 -0.477333 -0.139533 -0.552107 1.457201 4.670307 1.457201 4.670307 -0.139533 -0.552107 1.526628 4.65526 1.619042 -0.03535497 1.5975 0.03535497 -1.309326 -0.03535497 -1.309326 -0.03535497 1.5975 0.03535497 -1.3025 0.03535497 -0.04871797 -0.05170297 0.01896798 -0.073273 0 0 -0.301863 0.181138 -0.333605 0.112427 -0.02951997 0.05532395 -0.02951997 0.05532395 -0.333605 0.112427 -0.06126195 -0.01338595 0.03535497 -1.619042 0.03535497 1.309326 -0.03535497 -1.5975 -0.03535497 -1.5975 0.03535497 1.309326 -0.03535497 1.3025 0.581163 4.887801 0.511646 4.902429 -0.01840096 -0.483558 -0.01840096 -0.483558 0.511646 4.902429 -0.08826899 -0.472073 -0.924331 -4.16032 -0.865618 -4.223981 -0.01137495 0.116059 -0.01137495 0.116059 -0.865618 -4.223981 0.05854195 0.104879 -1.75 -0.07071095 5.25 -0.07071095 -1.75 0 -1.75 0 5.25 -0.07071095 5.25 0 -1.75 0 5.25 0 -1.7 0.07071095 -1.7 0.07071095 5.25 0 5.2 0.07071095 -0.05854195 0.104879 0.865618 -4.223981 0.01347595 0.106216 0.01347595 0.106216 0.865618 -4.223981 0.924331 -4.16032 0.376316 1.983312 0.302981 1.974043 -0.678397 -4.161095 -0.678397 -4.161095 0.302981 1.974043 -0.750411 -4.162663 2.38184 -3.627893 2.393855 -3.518608 -1.136419 1.636941 -1.136419 1.636941 2.393855 -3.518608 -1.065658 1.658318 2.95 0.35 0.04999995 0.35 2.95 0.04999995 2.95 0.04999995 0.04999995 0.35 0.04999995 0.04999995 0.286579 -1.511703 0.871921 -4.253507 0.347721 -1.459419 0.347721 -1.459419 0.871921 -4.253507 0.951513 -4.287642 0.03535497 -1.7 0.03535497 5.2 -0.03535497 -1.75 -0.03535497 -1.75 0.03535497 5.2 -0.03535497 5.25 -0.08673399 0.123075 -0.09307795 0.112314 0.508977 -0.399274 0.508977 -0.399274 -0.09307795 0.112314 0.462358 -0.45244 0.462358 -0.45244 -0.09307795 0.112314 -0.151344 0.085684 -0.03535497 0.01806396 -0.03535497 -0.13247 0.03535497 0.01806396 0.03535497 0.01806396 -0.03535497 -0.13247 0.03535497 -0.149197 0.03535497 -0.149197 -0.03535497 -0.13247 -0.03535497 -0.283005 0.03535497 -0.149197 -0.03535497 -0.283005 0.03535497 -0.316457 0.03535497 -0.316457 -0.03535497 -0.283005 -0.03535497 -0.43354 0.03535497 -0.316457 -0.03535497 -0.43354 0.03535497 -0.483718 0.03535497 -0.483718 -0.03535497 -0.43354 -0.03535497 -0.584074 0.03535497 -0.483718 -0.03535497 -0.584074 0.03535497 -0.650979 0.03535497 -0.650979 -0.03535497 -0.584074 -0.03535497 -0.734609 0.03535497 -0.650979 -0.03535497 -0.734609 0.03535497 -0.818239 0.03535497 -0.818239 -0.03535497 -0.734609 -0.03535497 -0.885144 0.03535497 -0.818239 -0.03535497 -0.885144 0.03535497 -0.9855 0.03535497 -0.9855 -0.03535497 -0.885144 -0.03535497 -1.035678 0.03535497 -0.9855 -0.03535497 -1.035678 0.03535497 -1.152761 0.03535497 -1.152761 -0.03535497 -1.035678 -0.03535497 -1.186213 0.03535497 -1.152761 -0.03535497 -1.186213 0.03535497 -1.320022 0.03535497 -1.320022 -0.03535497 -1.186213 -0.03535497 -1.336748 0.03535497 -1.320022 -0.03535497 -1.336748 0.03535497 -1.487282 0.03535497 -1.487282 -0.03535497 -1.336748 -0.03535497 -1.487282 0.1061249 -0.04010695 0.109264 0.03053396 -0.685382 -0.004928946 -0.685382 -0.004928946 0.109264 0.03053396 -0.720571 0.06741499 -0.286579 -1.511703 -0.347721 -1.459419 -0.871921 -4.253507 -0.871921 -4.253507 -0.347721 -1.459419 -0.951513 -4.287642 0.08673399 0.123075 -0.508977 -0.399274 0.12328 0.06107598 0.12328 0.06107598 -0.508977 -0.399274 -0.462358 -0.45244 0.03535497 0.01806396 -0.03535497 0.01806396 0.03535497 -0.13247 0.03535497 -0.13247 -0.03535497 0.01806396 -0.03535497 -0.149197 0.03535497 -0.13247 -0.03535497 -0.149197 0.03535497 -0.283005 0.03535497 -0.283005 -0.03535497 -0.149197 -0.03535497 -0.316457 0.03535497 -0.283005 -0.03535497 -0.316457 0.03535497 -0.43354 0.03535497 -0.43354 -0.03535497 -0.316457 -0.03535497 -0.483718 0.03535497 -0.43354 -0.03535497 -0.483718 0.03535497 -0.584074 0.03535497 -0.584074 -0.03535497 -0.483718 -0.03535497 -0.650979 0.03535497 -0.584074 -0.03535497 -0.650979 0.03535497 -0.734609 0.03535497 -0.734609 -0.03535497 -0.650979 -0.03535497 -0.818239 0.03535497 -0.734609 -0.03535497 -0.818239 0.03535497 -0.885144 0.03535497 -0.885144 -0.03535497 -0.818239 -0.03535497 -0.9855 0.03535497 -0.885144 -0.03535497 -0.9855 0.03535497 -1.035678 0.03535497 -1.035678 -0.03535497 -0.9855 -0.03535497 -1.152761 0.03535497 -1.035678 -0.03535497 -1.152761 0.03535497 -1.186213 0.03535497 -1.186213 -0.03535497 -1.152761 -0.03535497 -1.320022 0.03535497 -1.186213 -0.03535497 -1.320022 0.03535497 -1.336748 0.03535497 -1.336748 -0.03535497 -1.320022 -0.03535497 -1.487282 0.03535497 -1.336748 -0.03535497 -1.487282 0.03535497 -1.487282 0.720571 0.06741499 -0.109264 0.03053396 0.685382 -0.004928946 0.685382 -0.004928946 -0.109264 0.03053396 -0.1061249 -0.04010695 -0.207055 0.45 -0.999343 0.45 -0.207055 0.35 -0.207055 0.35 -0.999343 0.45 -0.999343 0.04999995 -0.207055 0.35 -0.999343 0.04999995 -0.155291 0.3 -0.155291 0.3 -0.999343 0.04999995 -0.1 0.04999995 -0.155291 0.3 -0.1 0.04999995 -0.1 0.3 0.04999995 -1.551947 0.45 -1.551947 0.04999995 -1.394867 0.04999995 -1.394867 0.45 -1.551947 0.45 -1.394867 0.04999995 -1.394867 0.45 -1.394867 0.45 -1.237788 0.04999995 -1.394867 0.45 -1.237788 0.04999995 -1.237788 0.04999995 -1.237788 0.45 -1.237788 0.45 -1.080708 0.04999995 -1.237788 0.45 -1.080708 0.04999995 -1.080708 0.04999995 -1.080708 0.45 -1.080708 0.45 -0.923628 0.04999995 -1.080708 0.45 -0.923628 0.04999995 -0.923628 0.04999995 -0.923628 0.45 -0.923628 0.45 -0.766549 0.04999995 -0.923628 0.45 -0.766549 0.04999995 -0.766549 0.04999995 -0.766549 0.45 -0.766549 0.45 -0.609469 0.04999995 -0.766549 0.45 -0.609469 0.04999995 -0.609469 0.04999995 -0.609469 0.45 -0.609469 0.45 -0.452389 0.04999995 -0.609469 0.45 -0.452389 0.04999995 -0.452389 0.04999995 -0.452389 0.45 -0.452389 0.45 -0.29531 0.04999995 -0.452389 0.45 -0.29531 0.04999995 -0.29531 0.04999995 -0.29531 0.45 -0.29531 0.45 -0.13823 0.04999995 -0.29531 0.45 -0.13823 0.04999995 -0.13823 0.04999995 -0.13823 0.45 -0.13823 0.04999995 0.01884996 0.04999995 0.01884996 0.45 -0.13823 0.45 0.01884996 0 0.45 -0.792288 0.45 0 0.04999995 0 0.04999995 -0.792288 0.45 -0.792288 0.04999995 0.792288 0.45 0 0.45 0.792288 0.04999995 0.792288 0.04999995 0 0.45 0 0.04999995 -0.04999995 0.01884996 -0.45 0.01884996 -0.04999995 -0.13823 -0.04999995 -0.13823 -0.45 0.01884996 -0.45 -0.13823 -0.04999995 -0.13823 -0.45 -0.13823 -0.45 -0.29531 -0.04999995 -0.13823 -0.45 -0.29531 -0.04999995 -0.29531 -0.04999995 -0.29531 -0.45 -0.29531 -0.45 -0.452389 -0.04999995 -0.29531 -0.45 -0.452389 -0.04999995 -0.452389 -0.04999995 -0.452389 -0.45 -0.452389 -0.45 -0.609469 -0.04999995 -0.452389 -0.45 -0.609469 -0.04999995 -0.609469 -0.04999995 -0.609469 -0.45 -0.609469 -0.45 -0.766549 -0.04999995 -0.609469 -0.45 -0.766549 -0.04999995 -0.766549 -0.04999995 -0.766549 -0.45 -0.766549 -0.45 -0.923628 -0.04999995 -0.766549 -0.45 -0.923628 -0.04999995 -0.923628 -0.04999995 -0.923628 -0.45 -0.923628 -0.45 -1.080708 -0.04999995 -0.923628 -0.45 -1.080708 -0.04999995 -1.080708 -0.04999995 -1.080708 -0.45 -1.080708 -0.45 -1.237788 -0.04999995 -1.080708 -0.45 -1.237788 -0.04999995 -1.237788 -0.04999995 -1.237788 -0.45 -1.237788 -0.45 -1.394867 -0.04999995 -1.237788 -0.45 -1.394867 -0.04999995 -1.394867 -0.04999995 -1.394867 -0.45 -1.394867 -0.04999995 -1.551947 -0.04999995 -1.551947 -0.45 -1.394867 -0.45 -1.551947 0.207055 0.45 0.207055 0.357367 0.999343 0.45 0.999343 0.45 0.207055 0.357367 0.999343 0.04999995 0.999343 0.04999995 0.207055 0.357367 0.155291 0.291257 0.999343 0.04999995 0.155291 0.291257 0.1 0.04999995 0.1 0.04999995 0.155291 0.291257 0.1 0.282758 -0.38706 -1.135379 -0.437607 -1.068691 -1.795405 -4.899433 -1.795405 -4.899433 -0.437607 -1.068691 -1.90228 -4.983293 -4.928447 -0.03535497 -1.7 -0.03535497 -4.812453 0.03535497 -4.812453 0.03535497 -1.7 -0.03535497 -1.75 0.03535497 -0.143449 -0.841272 -0.221944 -0.87027 -0.455733 -2.304039 -0.455733 -2.304039 -0.221944 -0.87027 -0.514446 -2.240378 0.758156 0.04999995 4.777053 0.04999995 0.826893 0.118094 0.826893 0.118094 4.777053 0.04999995 4.777053 0.2 0.826893 0.118094 4.777053 0.2 0.909433 0.2 -6.462453 0.04999995 -3.4 0.04999995 -6.462453 0.2 -6.462453 0.2 -3.4 0.04999995 -3.4 0.2 1.600982 0.04999995 1.449706 0.2 0.2 0.04999995 0.2 0.04999995 1.449706 0.2 0.2 0.2 0.349177 1.804919 0.419542 1.795838 1.463333 7.023739 1.463333 7.023739 0.419542 1.795838 1.542924 7.057874 0.03535497 -0.471153 0.02986299 -0.471929 0.03535497 -1.216153 0.03535497 -1.216153 0.02986299 -0.471929 -0.03535497 -1.166152 -0.03535497 -1.166152 0.02986299 -0.471929 -0.03535497 -0.528182 4.336456 0.04999995 9.672882 0.04999995 4.336456 0.2 4.336456 0.2 9.672882 0.04999995 9.672882 0.2 -1.794335 0.04999995 -1.977305 0.2 -2.432305 0.04999995 -2.432305 0.04999995 -1.977305 0.2 -2.432305 0.2 0.06735599 0.484842 0.127166 0.426316 0.070432 0.499251 0.070432 0.499251 0.127166 0.426316 0.148927 0.52825 2.986632 0.04999995 3.001365 0.04999995 2.993999 0.05729198 0.894325 -4.35845 0.916089 -4.460392 0.972819 -4.387445 0.972819 -4.387445 0.916089 -4.460392 0.975899 -4.401871 6.992275 0.04999995 7.007026 0.04999995 6.99965 0.05730098 1.557699 -7.127082 1.265196 -5.756966 1.498986 -7.190743 1.498986 -7.190743 1.265196 -5.756966 1.186702 -5.727971 -1.55 0.03535497 -1.6 -0.03535497 1.512452 0.03535497 1.512452 0.03535497 -1.6 -0.03535497 1.628448 -0.03535497 1.017086 -2.617388 -0.447634 1.297239 0.91021 -2.533528 0.91021 -2.533528 -0.447634 1.297239 -0.498179 1.230551 8.392658 0.04999995 9.793649 0.04999995 8.543935 0.2 8.543935 0.2 9.793649 0.04999995 9.793649 0.2 -3.2 0.04999995 -0.137548 0.04999995 -3.2 0.2 -3.2 0.2 -0.137548 0.04999995 -0.137548 0.2 4.294033 0.04999995 4.225296 0.118094 0.275097 0.04999995 0.275097 0.04999995 4.225296 0.118094 0.275097 0.2 0.275097 0.2 4.225296 0.118094 4.142756 0.2 0.326528 0.30287 -0.27874 -0.173083 0.368598 0.243743 0.368598 0.243743 -0.27874 -0.173083 -0.233936 -0.23006 -0.289582 -0.29897 0.038248 -0.06289196 0 0 0.123625 -0.04088497 0.126765 0.02975594 -0.648161 -0.006583988 -0.648161 -0.006583988 0.126765 0.02975594 -0.624589 0.06314897 -0.03535497 0.01492297 -0.03535497 -0.123249 0.03535497 0.01492297 0.03535497 0.01492297 -0.03535497 -0.123249 0.03535497 -0.140521 0.03535497 -0.140521 -0.03535497 -0.123249 -0.03535497 -0.261421 0.03535497 -0.140521 -0.03535497 -0.261421 0.03535497 -0.295964 0.03535497 -0.295964 -0.03535497 -0.261421 -0.03535497 -0.399593 0.03535497 -0.295964 -0.03535497 -0.399593 0.03535497 -0.451408 0.03535497 -0.451408 -0.03535497 -0.399593 -0.03535497 -0.537765 0.03535497 -0.451408 -0.03535497 -0.537765 0.03535497 -0.606851 0.03535497 -0.606851 -0.03535497 -0.537765 -0.03535497 -0.675937 0.03535497 -0.606851 -0.03535497 -0.675937 0.03535497 -0.762294 0.03535497 -0.762294 -0.03535497 -0.675937 -0.03535497 -0.814109 0.03535497 -0.762294 -0.03535497 -0.814109 0.03535497 -0.917738 0.03535497 -0.917738 -0.03535497 -0.814109 -0.03535497 -0.952281 0.03535497 -0.917738 -0.03535497 -0.952281 0.03535497 -1.073181 0.03535497 -1.073181 -0.03535497 -0.952281 -0.03535497 -1.090453 0.03535497 -1.073181 -0.03535497 -1.090453 0.03535497 -1.228624 0.03535497 -1.228624 -0.03535497 -1.090453 -0.03535497 -1.228624 -0.06537801 0.104348 -0.101923 0.04234898 0.510187 -0.400335 0.510187 -0.400335 -0.101923 0.04234898 0.463568 -0.453501 0.684505 2.528932 0.604914 2.494797 0.431042 1.341686 0.431042 1.341686 0.604914 2.494797 0.397457 2.539087 0.431042 1.341686 0.397457 2.539087 0.09068 1.102115 -0.3242 0.288357 -0.364325 0.2276369 0 0 0.1725 -0.158671 -0.117061 0.158671 -0.9275 -0.158671 -0.9275 -0.158671 -0.117061 0.158671 -0.6775 0.158671 -0.847019 3.602388 -0.619309 2.412761 -0.766906 3.570769 -0.766906 3.570769 -0.619309 2.412761 -0.534528 3.615249 -0.534528 3.615249 -0.619309 2.412761 -0.25829 2.172095 -0.362879 -0.052634 0.413505 -0.01764094 -0.366143 0.01977598 -0.366143 0.01977598 0.413505 -0.01764094 0.40368 0.05447196 0.03535497 -1.172175 0.03535497 -1.030844 -0.03511095 -1.145009 -0.03511095 -1.145009 0.03535497 -1.030844 -0.03535497 -0.991907 -0.03511095 -1.145009 -0.03535497 -0.991907 -0.03535497 -1.145929 0.03535497 -1.030844 0.03535497 -0.889513 -0.03535497 -0.991907 -0.03535497 -0.991907 0.03535497 -0.889513 -0.03535497 -0.837884 -0.03535497 -0.837884 0.03535497 -0.889513 0.03535497 -0.748182 -0.03535497 -0.837884 0.03535497 -0.748182 -0.03535497 -0.683862 -0.03535497 -0.683862 0.03535497 -0.748182 0.03535497 -0.606851 -0.03535497 -0.683862 0.03535497 -0.606851 -0.03535497 -0.52984 -0.03535497 -0.52984 0.03535497 -0.606851 0.03535497 -0.46552 -0.03535497 -0.52984 0.03535497 -0.46552 -0.03535497 -0.375818 -0.03535497 -0.375818 0.03535497 -0.46552 0.03535497 -0.324189 -0.03535497 -0.375818 0.03535497 -0.324189 -0.03535497 -0.221795 -0.03535497 -0.221795 0.03535497 -0.324189 0.03535497 -0.182858 -0.03535497 -0.221795 0.03535497 -0.182858 -0.03511095 -0.06869298 -0.03511095 -0.06869298 0.03535497 -0.182858 0.03535497 -0.04152697 -0.03511095 -0.06869298 -0.03519296 -0.06838595 -0.03535497 -0.221795 -0.03535497 -0.221795 -0.03519296 -0.06838595 -0.03527396 -0.06808 -0.03535497 -0.221795 -0.03527396 -0.06808 -0.03535497 -0.06777298 -0.03535497 -1.145929 -0.03527396 -1.145622 -0.03511095 -1.145009 -0.03511095 -1.145009 -0.03527396 -1.145622 -0.03519296 -1.145316 0.07304495 0.59798 0.03652197 0.578837 0.07304495 0.569299 0.07304495 0.569299 0.03652197 0.578837 0.03652197 0.57262 0.07304495 0.569299 0.03652197 0.57262 0.03652197 0.568475 0.03652197 0.568475 0.03652197 0.57262 10e-7 0.552144 0.03652197 0.568475 10e-7 0.552144 10e-7 0.551121 0.07304495 0.626662 0.03652197 0.609924 0.07304495 0.59798 0.07304495 0.59798 0.03652197 0.609924 0.03652197 0.599562 0.07304495 0.59798 0.03652197 0.599562 0.03652197 0.578837 0.03652197 0.578837 0.03652197 0.599562 0 0.589403 0.03652197 0.578837 0 0.589403 0.03652197 0.57262 0.03652197 0.57262 0 0.589403 10e-7 0.552144 0.07304495 0.626662 0 0.626662 0.03652197 0.609924 0.03652197 0.609924 0 0.626662 0 0.589403 0.03652197 0.609924 0 0.589403 0.03652197 0.599562 10e-7 0.551121 0.07304495 0.569299 0.03652197 0.568475 0 -0.626662 0.03652197 -0.595976 0 -0.552145 0 -0.552145 0.03652197 -0.595976 0.03652197 -0.560911 0 -0.552145 0.03652197 -0.560911 0 -0.551121 0 -0.551121 0.03652197 -0.560911 0.07304495 -0.569299 0.07304495 -0.569299 0.03652197 -0.560911 0.03652197 -0.595976 0.07304495 -0.569299 0.03652197 -0.595976 0.07304495 -0.626662 0.07304495 -0.626662 0.03652197 -0.595976 0.03652197 -0.609924 0.07304495 -0.626662 0.03652197 -0.609924 0 -0.626662 0 -0.626662 0.03652197 -0.609924 0.03652197 -0.595976 0.07249796 -0.636015 0.07249796 -0.626845 0.03624898 -0.631571 0.03624898 -0.631571 0.07249796 -0.626845 0 -0.626845 0.03624898 -0.631571 0 -0.626845 0 -0.636015 0 -0.636015 0.07249796 -0.636015 0.03624898 -0.631571 0.07249796 -0.636015 0.07249796 -0.626845 0.03624898 -0.631571 0.03624898 -0.631571 0.07249796 -0.626845 0 -0.626845 0.03624898 -0.631571 0 -0.626845 0 -0.636015 0 -0.636015 0.07249796 -0.636015 0.03624898 -0.631571 0.555 -4.736441 0.555 -3.267087 0.1 -4.736441 0.1 -4.736441 0.555 -3.267087 0.1 0.599984 0.1 0.599984 0.555 -3.267087 0.119597 0.603342 0.119597 0.603342 0.555 -3.267087 0.139082 0.607298 0.139082 0.607298 0.555 -3.267087 0.158437 0.611848 0.158437 0.611848 0.555 -3.267087 1.655 -3.267087 0.158437 0.611848 1.655 -3.267087 2.423705 -4.736441 2.423705 -4.736441 1.655 -3.267087 1.655 -4.736441 0.08433496 -0.36129 0.163734 -0.481017 0.106282 -0.243887 0.106282 -0.243887 0.163734 -0.481017 0.560055 0.158184 0.106282 -0.243887 0.560055 0.158184 0.517314 0.171088 0.08433496 -0.36129 0.02145999 -0.462838 0.163734 -0.481017 0.163734 -0.481017 0.02145999 -0.462838 0.06721395 -0.591368 0.06721395 -0.591368 0.02145999 -0.462838 -0.07385295 -0.534815 0.06721395 -0.591368 -0.07385295 -0.534815 -0.05965399 -0.664837 -0.05965399 -0.664837 -0.07385295 -0.534815 -0.188731 -0.5675 -0.05965399 -0.664837 -0.188731 -0.5675 -0.203406 -0.693626 -0.203406 -0.693626 -0.188731 -0.5675 -0.307659 -0.55648 -0.203406 -0.693626 -0.307659 -0.55648 -0.348782 -0.674681 -0.348782 -0.674681 -0.307659 -0.55648 -0.480354 -0.610011 -0.480354 -0.610011 -0.307659 -0.55648 -0.414574 -0.503242 -0.480354 -0.610011 -0.414574 -0.503242 -0.584156 -0.50648 -0.584156 -0.50648 -0.414574 -0.503242 -0.495039 -0.414977 -0.584156 -0.50648 -0.495039 -0.414977 -0.64917 -0.375079 -0.64917 -0.375079 -0.495039 -0.414977 -0.538184 -0.303605 -0.64917 -0.375079 -0.538184 -0.303605 -0.668496 -0.229752 -0.668496 -0.229752 -0.538184 -0.303605 -0.538184 -0.184168 -0.668496 -0.229752 -0.538184 -0.184168 -0.495039 -0.07279598 -0.668496 -0.229752 -0.495039 -0.07279598 -0.644872 0.521972 -0.644872 0.521972 -0.495039 -0.07279598 -0.414574 0.01546895 -0.644872 0.521972 -0.414574 0.01546895 -0.307659 0.06870597 -0.307659 0.06870597 -0.188731 0.07972699 -0.644872 0.521972 -0.644872 0.521972 -0.188731 0.07972699 0.517314 0.171088 0.517314 0.171088 -0.188731 0.07972699 -0.07385295 0.04704099 0.517314 0.171088 -0.07385295 0.04704099 0.02145999 -0.02493596 0.02145999 -0.02493596 0.08433496 -0.126483 0.517314 0.171088 0.517314 0.171088 0.08433496 -0.126483 0.106282 -0.243887 0 0.461198 0 0.04999995 0.009483993 0.463026 0.009483993 0.463026 0 0.04999995 0.772548 0.04999995 0.009483993 0.463026 0.772548 0.04999995 0.772548 0.610439 0.207055 0.609076 0.207055 0.04999995 0.963064 0.463026 0.963064 0.463026 0.207055 0.04999995 0.972548 0.04999995 0.963064 0.463026 0.972548 0.04999995 0.972548 0.461198 -0.461198 -1.293289 -0.04999995 -1.293289 -0.45 -1.233868 -0.45 -1.233868 -0.04999995 -1.293289 -0.04999995 -1.147845 -0.45 -1.233868 -0.04999995 -1.147845 -0.45 -1.085099 -0.45 -1.085099 -0.04999995 -1.147845 -0.04999995 -1.002401 -0.45 -1.085099 -0.04999995 -1.002401 -0.45 -0.936329 -0.45 -0.936329 -0.04999995 -1.002401 -0.04999995 -0.856957 -0.45 -0.936329 -0.04999995 -0.856957 -0.45 -0.78756 -0.45 -0.78756 -0.04999995 -0.856957 -0.04999995 -0.711513 -0.45 -0.78756 -0.04999995 -0.711513 -0.45 -0.63879 -0.45 -0.63879 -0.04999995 -0.711513 -0.04999995 -0.566068 -0.45 -0.63879 -0.04999995 -0.566068 -0.45 -0.490021 -0.45 -0.490021 -0.04999995 -0.566068 -0.04999995 -0.420624 -0.45 -0.490021 -0.04999995 -0.420624 -0.45 -0.341252 -0.45 -0.341252 -0.04999995 -0.420624 -0.04999995 -0.27518 -0.45 -0.341252 -0.04999995 -0.27518 -0.45 -0.1924819 -0.45 -0.1924819 -0.04999995 -0.27518 -0.04999995 -0.129736 -0.45 -0.1924819 -0.04999995 -0.129736 -0.45 -0.04371297 -0.45 -0.04371297 -0.04999995 -0.129736 -0.04999995 0.01570796 -0.45 -0.04371297 -0.04999995 0.01570796 -0.455544 -0.013987 -0.455544 -0.013987 -0.04999995 0.01570796 -0.461198 0.01570796 0.177013 0.301391 -0.06121796 0.125544 0 0 -0.462358 -0.45244 0.12328 0.06107598 -0.508977 -0.399274 -0.508977 -0.399274 0.12328 0.06107598 0.167228 0.193656 0.03535497 0.01806396 -0.03535497 0.01806396 0.03535497 -0.13247 0.03535497 -0.13247 -0.03535497 0.01806396 -0.03535497 -0.149197 0.03535497 -0.13247 -0.03535497 -0.149197 0.03535497 -0.283005 0.03535497 -0.283005 -0.03535497 -0.149197 -0.03535497 -0.316457 0.03535497 -0.283005 -0.03535497 -0.316457 0.03535497 -0.43354 0.03535497 -0.43354 -0.03535497 -0.316457 -0.03535497 -0.483718 0.03535497 -0.43354 -0.03535497 -0.483718 0.03535497 -0.584074 0.03535497 -0.584074 -0.03535497 -0.483718 -0.03535497 -0.650979 0.03535497 -0.584074 -0.03535497 -0.650979 0.03535497 -0.734609 0.03535497 -0.734609 -0.03535497 -0.650979 -0.03535497 -0.818239 0.03535497 -0.734609 -0.03535497 -0.818239 0.03535497 -0.885144 0.03535497 -0.885144 -0.03535497 -0.818239 -0.03535497 -0.9855 0.03535497 -0.885144 -0.03535497 -0.9855 0.03535497 -1.035678 0.03535497 -1.035678 -0.03535497 -0.9855 -0.03535497 -1.152761 0.03535497 -1.035678 -0.03535497 -1.152761 0.03535497 -1.186213 0.03535497 -1.186213 -0.03535497 -1.152761 -0.03535497 -1.320022 0.03535497 -1.186213 -0.03535497 -1.320022 0.03535497 -1.336748 0.03535497 -1.336748 -0.03535497 -1.320022 -0.03535497 -1.487282 0.03535497 -1.336748 -0.03535497 -1.487282 0.03535497 -1.487282 0.668858 0.065117 -0.109264 0.03053396 0.685382 -0.004928946 0.685382 -0.004928946 -0.109264 0.03053396 -0.1061249 -0.04010695 0.414426 -1.263856 0.09345996 0.239583 0.215456 -1.347895 0.215456 -1.347895 0.09345996 0.239583 0.159947 -1.42657 0.159947 -1.42657 0.09345996 0.239583 -0.140275 -0.020298 -1.8 -0.07933497 -1.55 -0.07933497 -1.8 -0.06518095 -1.8 -0.06518095 -1.55 -0.07933497 -1.78311 0.07933497 -1.78311 0.07933497 -1.55 -0.07933497 -1.3 0.07933497 -4.236217 0.04999995 -4.250527 0.103407 -4.261756 0.04999995 -4.261756 0.04999995 -4.250527 0.103407 -4.261756 0.112024 0 0.04999995 0 0.112024 -2.501632 0.04999995 -2.501632 0.04999995 0 0.112024 -2.501632 0.2 -2.501632 0.2 0 0.112024 -0.11589 0.2 3.283109 0.360032 2.8 0.360032 2.935399 -2.000235 2.935399 -2.000235 2.8 0.360032 0.627719 0.669096 0.627719 0.669096 2.8 0.360032 0.738377 0.821129 0.738377 0.821129 2.8 0.360032 0.8129 0.993772 0.8129 0.993772 2.8 0.360032 0.847641 1.178575 0.847641 1.178575 2.8 0.360032 2.8 1.89735 0.847641 1.178575 2.8 1.89735 0.8409 1.366494 -0.238231 0.1758469 -0.06121796 -0.125544 0 0 -0.668858 0.065117 -0.685382 -0.004928946 0.109264 0.03053396 0.109264 0.03053396 -0.685382 -0.004928946 0.1061249 -0.04010695 -0.03535497 0.01806396 -0.03535497 -0.13247 0.03535497 0.01806396 0.03535497 0.01806396 -0.03535497 -0.13247 0.03535497 -0.149197 0.03535497 -0.149197 -0.03535497 -0.13247 -0.03535497 -0.283005 0.03535497 -0.149197 -0.03535497 -0.283005 0.03535497 -0.316457 0.03535497 -0.316457 -0.03535497 -0.283005 -0.03535497 -0.43354 0.03535497 -0.316457 -0.03535497 -0.43354 0.03535497 -0.483718 0.03535497 -0.483718 -0.03535497 -0.43354 -0.03535497 -0.584074 0.03535497 -0.483718 -0.03535497 -0.584074 0.03535497 -0.650979 0.03535497 -0.650979 -0.03535497 -0.584074 -0.03535497 -0.734609 0.03535497 -0.650979 -0.03535497 -0.734609 0.03535497 -0.818239 0.03535497 -0.818239 -0.03535497 -0.734609 -0.03535497 -0.885144 0.03535497 -0.818239 -0.03535497 -0.885144 0.03535497 -0.9855 0.03535497 -0.9855 -0.03535497 -0.885144 -0.03535497 -1.035678 0.03535497 -0.9855 -0.03535497 -1.035678 0.03535497 -1.152761 0.03535497 -1.152761 -0.03535497 -1.035678 -0.03535497 -1.186213 0.03535497 -1.152761 -0.03535497 -1.186213 0.03535497 -1.320022 0.03535497 -1.320022 -0.03535497 -1.186213 -0.03535497 -1.336748 0.03535497 -1.320022 -0.03535497 -1.336748 0.03535497 -1.487282 0.03535497 -1.487282 -0.03535497 -1.336748 -0.03535497 -1.487282 0.462358 -0.45244 0.508977 -0.399274 -0.12328 0.06107598 -0.12328 0.06107598 0.508977 -0.399274 -0.167228 0.193656 1.782758 -0.07933497 1.707996 0.07933497 1.55 -0.07933497 1.55 -0.07933497 1.707996 0.07933497 1.3 0.07933497 0.140275 -0.020298 -0.09345996 0.239583 -0.159948 -1.426571 -0.159948 -1.426571 -0.09345996 0.239583 -0.215456 -1.347897 -0.215456 -1.347897 -0.09345996 0.239583 -0.414427 -1.263858 0.108093 -0.335283 0.249168 -0.498674 0.131727 -0.2088479 0.131727 -0.2088479 0.249168 -0.498674 0.659609 0.163299 0.131727 -0.2088479 0.659609 0.163299 0.108093 -0.08241397 0.108093 -0.08241397 0.659609 0.163299 0.04038 0.02694499 0.04038 0.02694499 0.659609 0.163299 -0.06226396 0.104459 -0.06226396 0.104459 0.659609 0.163299 -0.716981 0.578916 -0.06226396 0.104459 -0.716981 0.578916 -0.185979 0.139659 -0.185979 0.139659 -0.716981 0.578916 -0.314055 0.127791 -0.314055 0.127791 -0.716981 0.578916 -0.429195 0.07045799 -0.429195 0.07045799 -0.716981 0.578916 -0.515849 -0.02459698 -0.515849 -0.02459698 -0.716981 0.578916 -0.743536 0.586934 -0.515849 -0.02459698 -0.743536 0.586934 -0.768001 -0.191572 0.108093 -0.335283 0.04038 -0.444642 0.249168 -0.498674 0.249168 -0.498674 0.04038 -0.444642 0.146408 -0.620562 0.146408 -0.620562 0.04038 -0.444642 -0.06226396 -0.522155 0.146408 -0.620562 -0.06226396 -0.522155 0.01300698 -0.707857 0.01300698 -0.707857 -0.06226396 -0.522155 -0.185979 -0.557355 0.01300698 -0.707857 -0.185979 -0.557355 -0.139827 -0.753225 -0.139827 -0.753225 -0.185979 -0.557355 -0.299251 -0.752854 -0.299251 -0.752854 -0.185979 -0.557355 -0.314055 -0.545487 -0.299251 -0.752854 -0.314055 -0.545487 -0.451872 -0.706775 -0.451872 -0.706775 -0.314055 -0.545487 -0.429195 -0.488154 -0.451872 -0.706775 -0.429195 -0.488154 -0.584866 -0.61886 -0.584866 -0.61886 -0.429195 -0.488154 -0.515849 -0.3931 -0.584866 -0.61886 -0.515849 -0.3931 -0.687057 -0.496495 -0.687057 -0.496495 -0.515849 -0.3931 -0.749862 -0.349962 -0.749862 -0.349962 -0.515849 -0.3931 -0.562313 -0.273161 -0.749862 -0.349962 -0.562313 -0.273161 -0.768001 -0.191572 -0.768001 -0.191572 -0.562313 -0.273161 -0.562313 -0.144536 -0.768001 -0.191572 -0.562313 -0.144536 -0.515849 -0.02459698 -0.141421 0.110018 -0.141421 -0.059165 0.07071095 0.09094697 0.07071095 0.09094697 -0.141421 -0.059165 0.141421 -0.04075098 0.07071095 0.09094697 0.141421 -0.04075098 0.141421 0.140708 0.141421 -0.04075098 -0.141421 -0.059165 0.141421 -0.22221 0.141421 -0.22221 -0.141421 -0.059165 -0.141421 -0.228348 0.141421 -0.22221 -0.141421 -0.228348 0.141421 -0.403669 0.141421 -0.403669 -0.141421 -0.228348 -0.141421 -0.397531 0.141421 -0.403669 -0.141421 -0.397531 -0.141421 -0.566714 -0.141421 -0.735897 0.07071095 -0.716827 -0.141421 -0.566714 -0.141421 -0.566714 0.07071095 -0.716827 0.141421 -0.585129 -0.141421 -0.566714 0.141421 -0.585129 0.141421 -0.403669 -0.141421 -0.735897 -0.02558898 -0.726415 0.07071095 -0.716827 0.07071095 -0.716827 0.141421 -0.766588 0.141421 -0.585129 0.141421 0.585702 0.07071095 0.535941 0.141421 0.404099 0.141421 0.404099 0.07071095 0.535941 -0.02558898 0.545529 0.141421 0.404099 -0.02558898 0.545529 -0.141421 0.388753 -0.141421 0.388753 -0.02558898 0.545529 -0.141421 0.555011 0.141421 0.404099 -0.141421 0.388753 0.141421 0.222495 0.141421 0.222495 -0.141421 0.388753 -0.141421 0.222495 0.141421 0.222495 -0.141421 0.222495 -0.141421 0.05623698 -0.141421 -0.110021 0.07071095 -0.09094995 -0.141421 0.05623698 -0.141421 0.05623698 0.07071095 -0.09094995 0.141421 0.040892 -0.141421 0.05623698 0.141421 0.040892 0.141421 0.222495 0.07071095 -0.09094995 0.141421 -0.140712 0.141421 0.040892 0.695019 0.04999995 4.374853 0.04999995 0.763756 0.118094 0.763756 0.118094 4.374853 0.04999995 4.374853 0.2 0.763756 0.118094 4.374853 0.2 0.846296 0.2 -0.02558898 0.512554 -0.141421 0.443656 0.07071095 0.502965 0.07071095 0.502965 -0.141421 0.443656 0.141421 0.453887 0.07071095 0.502965 0.141421 0.453887 0.141421 0.552726 -0.02558898 0.512554 -0.141421 0.522036 -0.141421 0.443656 -0.141421 0.443656 -0.141421 0.365277 0.141421 0.453887 0.141421 0.453887 -0.141421 0.365277 0.141421 0.355047 0.141421 0.355047 -0.141421 0.365277 0.07071095 0.305968 0.141421 0.355047 0.07071095 0.305968 0.141421 0.256207 -0.141421 0.365277 -0.141421 0.286898 0.07071095 0.305968 0.07071095 1.070555 0.060386 1.071672 0.141421 0.969617 0.141421 0.969617 0.060386 1.071672 -0.01602697 0.875464 0.141421 0.969617 -0.01602697 0.875464 0.141421 0.818921 0.141421 0.818921 -0.01602697 0.875464 0.07071095 0.717986 0.141421 0.818921 0.07071095 0.717986 0.141421 0.668225 -0.01602697 0.875464 -0.141421 0.726002 0.07071095 0.717986 0.07071095 0.717986 -0.141421 0.726002 -0.141421 0.716973 0.07071095 0.717986 -0.141421 0.716973 -0.02558898 0.708398 -0.02558898 0.708398 -0.141421 0.716973 -0.141421 0.707945 -0.02558898 0.708398 -0.141421 0.707945 -0.141421 0.698916 0.141421 0.969617 0.141421 1.120314 0.07071095 1.070555 -3.162452 4.736441 -0.506842 1.924586 -0.635677 2.078385 -0.635677 2.078385 -0.506842 1.924586 -0.498592 1.930638 -0.635677 2.078385 -0.498592 1.930638 -0.490269 1.93659 -0.490269 1.93659 -0.481875 1.942442 -0.635677 2.078385 -0.635677 2.078385 -0.752406 2.247234 -3.162452 4.736441 -3.162452 4.736441 -0.752406 2.247234 -0.825253 2.439142 -3.162452 4.736441 -0.825253 2.439142 -0.84997 2.642919 -0.84997 2.642919 -0.825116 2.846678 -3.162452 4.736441 -3.162452 4.736441 -0.825116 2.846678 -0.752141 3.038538 -3.162452 4.736441 -0.752141 3.038538 -0.635299 3.207309 -0.635299 3.207309 -0.481405 3.343148 -3.162452 4.736441 -3.162452 4.736441 -0.481405 3.343148 -0.1 4.736441 -0.1 4.736441 -0.481405 3.343148 -0.299435 3.438134 -0.1 4.736441 -0.299435 3.438134 -0.1 3.486727 -0.141421 -0.286901 -0.141421 -0.365282 0.07071095 -0.305972 0.07071095 -0.305972 -0.141421 -0.365282 0.141421 -0.355051 0.07071095 -0.305972 0.141421 -0.355051 0.141421 -0.256211 -0.141421 -0.365282 -0.141421 -0.443662 0.141421 -0.355051 0.141421 -0.355051 -0.141421 -0.443662 0.141421 -0.453892 0.141421 -0.453892 -0.141421 -0.443662 0.07071095 -0.502972 0.141421 -0.453892 0.07071095 -0.502972 0.141421 -0.552733 -0.141421 -0.443662 -0.141421 -0.522042 0.07071095 -0.502972 0.07071095 -0.502972 -0.141421 -0.522042 -0.02558898 -0.51256 -0.02558898 0.779694 -0.141421 0.770081 0.07071095 0.770105 0.07071095 0.770105 -0.141421 0.770081 0.07071095 0.750962 0.07071095 0.770105 0.07071095 0.750962 0.141421 0.740756 0.141421 0.740756 0.07071095 0.750962 0.141421 0.701201 -0.02558898 0.779694 -0.141421 0.789176 -0.141421 0.770081 -0.141421 0.770081 -0.141421 0.750986 0.07071095 0.750962 0.07071095 0.750962 -0.141421 0.750986 -0.02558898 0.741374 -0.02558898 0.741374 -0.141421 0.750986 -0.141421 0.731892 0.141421 0.740756 0.141421 0.780311 0.07071095 0.770105 0.07071095 0.770105 0.141421 0.780311 0.141421 0.819866 -0.02558898 -0.708405 -0.141421 -0.716975 0.07071095 -0.717993 0.07071095 -0.717993 -0.141421 -0.716975 -0.141421 -0.726002 0.07071095 -0.717993 -0.141421 -0.726002 0.141421 -0.818949 0.141421 -0.818949 -0.141421 -0.726002 -0.01601195 -0.875488 0.141421 -0.818949 -0.01601195 -0.875488 0.141421 -0.969665 0.141421 -0.969665 -0.01601195 -0.875488 0.06039798 -1.071734 0.141421 -0.969665 0.06039798 -1.071734 0.07071095 -1.070619 -0.141421 -0.698923 -0.141421 -0.707949 -0.02558898 -0.708405 -0.02558898 -0.708405 -0.141421 -0.707949 -0.141421 -0.716975 0.07071095 -1.070619 0.141421 -1.120382 0.141421 -0.969665 0.141421 -0.818949 0.141421 -0.668232 0.07071095 -0.717993 -0.02558898 -0.922259 -0.141421 -0.964163 0.07071095 -0.931848 0.07071095 -0.931848 -0.141421 -0.964163 0.141421 -0.953933 0.07071095 -0.931848 0.141421 -0.953933 0.141421 -0.882087 -0.02558898 -0.922259 -0.141421 -0.912777 -0.141421 -0.964163 -0.141421 -0.964163 -0.141421 -1.015548 0.141421 -0.953933 0.141421 -0.953933 -0.141421 -1.015548 0.141421 -1.025779 0.141421 -1.025779 -0.141421 -1.015548 0.07071095 -1.047863 0.141421 -1.025779 0.07071095 -1.047863 0.141421 -1.097625 -0.141421 -1.015548 -0.141421 -1.066934 0.07071095 -1.047863 0.07071095 -1.047863 -0.141421 -1.066934 -0.02558898 -1.057452 -0.141421 -0.544438 -0.141421 -0.726002 0.141421 -0.712927 0.141421 -0.712927 -0.141421 -0.726002 -0.01602697 -0.875464 0.141421 -0.712927 -0.01602697 -0.875464 0.141421 -0.91662 0.141421 -0.91662 -0.01602697 -0.875464 0.060386 -1.071672 0.141421 -0.91662 0.060386 -1.071672 0.07071095 -1.070555 0.07071095 -1.070555 0.141421 -1.120314 0.141421 -0.91662 0.141421 -0.712927 0.141421 -0.509234 -0.141421 -0.544438 -0.141421 -0.544438 0.141421 -0.509234 -0.141421 -0.362875 -0.141421 -0.362875 0.141421 -0.509234 0.141421 -0.30554 -0.141421 -0.362875 0.141421 -0.30554 -0.141421 -0.181312 -0.141421 -0.181312 0.141421 -0.30554 0.141421 -0.101847 -0.141421 -0.181312 0.141421 -0.101847 -0.141421 2.51e-4 -0.141421 2.51e-4 0.141421 -0.101847 0.141421 0.101847 -0.141421 2.51e-4 0.141421 0.101847 -0.141421 0.181815 -0.141421 0.181815 0.141421 0.101847 0.141421 0.30554 -0.141421 0.181815 0.141421 0.30554 -0.141421 0.363378 -0.141421 0.363378 0.141421 0.30554 0.141421 0.509234 -0.141421 0.363378 0.141421 0.509234 -0.141421 0.544941 -0.141421 0.544941 0.141421 0.509234 0.141421 0.712927 -0.141421 0.544941 0.141421 0.712927 -0.141421 0.726504 -0.141421 0.726504 0.141421 0.712927 0.141421 0.91662 -0.141421 0.726504 0.141421 0.91662 -0.141421 0.908068 -0.141421 0.908068 0.141421 0.91662 0.07071095 1.070555 -0.141421 0.908068 0.07071095 1.070555 -0.141421 1.089631 0.141421 0.91662 0.141421 1.120314 0.07071095 1.070555 0.07071095 1.070619 0.06039798 1.071734 0.141421 0.916676 0.141421 0.916676 0.06039798 1.071734 -0.01601195 0.875488 0.141421 0.916676 -0.01601195 0.875488 0.141421 0.71297 0.141421 0.71297 -0.01601195 0.875488 -0.141421 0.726002 0.141421 0.71297 -0.141421 0.726002 -0.141421 0.544433 0.141421 0.71297 -0.141421 0.544433 0.141421 0.509265 0.141421 0.509265 -0.141421 0.544433 -0.141421 0.362865 0.141421 0.509265 -0.141421 0.362865 0.141421 0.305559 0.141421 0.305559 -0.141421 0.362865 -0.141421 0.181296 0.141421 0.305559 -0.141421 0.181296 0.141421 0.101853 0.141421 0.101853 -0.141421 0.181296 -0.141421 -2.72e-4 0.141421 0.101853 -0.141421 -2.72e-4 0.141421 -0.101853 0.141421 -0.101853 -0.141421 -2.72e-4 -0.141421 -0.181841 0.141421 -0.101853 -0.141421 -0.181841 0.141421 -0.305559 0.141421 -0.305559 -0.141421 -0.181841 -0.141421 -0.363409 0.141421 -0.305559 -0.141421 -0.363409 0.141421 -0.509265 0.141421 -0.509265 -0.141421 -0.363409 -0.141421 -0.544978 0.141421 -0.509265 -0.141421 -0.544978 0.141421 -0.71297 0.141421 -0.71297 -0.141421 -0.544978 -0.141421 -0.726546 0.141421 -0.71297 -0.141421 -0.726546 0.141421 -0.916676 0.141421 -0.916676 -0.141421 -0.726546 -0.141421 -0.908115 0.141421 -0.916676 -0.141421 -0.908115 0.07071095 -1.070619 0.07071095 -1.070619 -0.141421 -0.908115 -0.141421 -1.089683 0.07071095 -1.070619 0.141421 -1.120382 0.141421 -0.916676 0.141421 0.916676 0.141421 1.120382 0.07071095 1.070619 0.04999995 2.054941 0.01668095 2.053231 0.04999995 1.950711 0.04999995 1.950711 0.01668095 2.053231 0.01668095 1.952421 0.01668095 1.952421 0.01668095 2.053231 -0.01668095 1.952419 -0.01668095 1.952419 0.01668095 2.053231 -0.01668095 2.053232 -0.01668095 1.952419 -0.01668095 2.053232 -0.04999995 1.950706 -0.04999995 1.950706 -0.01668095 2.053232 -0.04999995 2.054945 0.481934 1.942442 0.490326 1.936592 0.63574 2.078389 0.63574 2.078389 0.490326 1.936592 0.498646 1.930641 0.63574 2.078389 0.498646 1.930641 0.506895 1.92459 0.506895 1.92459 3.162453 4.736441 0.63574 2.078389 0.63574 2.078389 3.162453 4.736441 0.75247 2.247245 0.75247 2.247245 3.162453 4.736441 0.825316 2.43916 0.825316 2.43916 3.162453 4.736441 0.850029 2.642942 0.850029 2.642942 3.162453 4.736441 0.825168 2.846707 0.825168 2.846707 3.162453 4.736441 0.752183 3.038569 0.752183 3.038569 3.162453 4.736441 0.63533 3.20734 0.63533 3.20734 3.162453 4.736441 0.481425 3.343175 0.481425 3.343175 3.162453 4.736441 0.1 4.736441 0.481425 3.343175 0.1 4.736441 0.299444 3.438153 0.299444 3.438153 0.1 4.736441 0.1 3.486734 -0.125495 0.40157 -0.182754 0.412136 -0.276356 -4.576166 -0.276356 -4.576166 -0.182754 0.412136 -0.2391549 0.426597 -0.276356 -4.576166 -0.2391549 0.426597 -0.294434 0.444885 -0.294434 0.444885 -1.663886 -2.239888 -0.276356 -4.576166 -3.207996 0.360032 -1.784668 -2.03652 -2.8 0.360032 -2.8 0.360032 -1.784668 -2.03652 -0.733339 0.812517 -2.8 0.360032 -0.733339 0.812517 -0.810877 0.987436 -0.472595 0.535762 -0.618641 0.659372 -1.784668 -2.03652 -1.784668 -2.03652 -0.618641 0.659372 -0.733339 0.812517 -0.810877 0.987436 -0.847327 1.175266 -2.8 0.360032 -2.8 0.360032 -0.847327 1.175266 -2.8 1.897353 -2.8 1.897353 -0.847327 1.175266 -0.840842 1.366491 0.569834 0.04999995 2.906269 0.04999995 0.725243 0.2 0.725243 0.2 2.906269 0.04999995 2.754992 0.2 -0.788535 1.55953 -0.751136 1.640058 -3.3 2.240047 -3.3 2.240047 -0.751136 1.640058 -0.70554 1.716246 -3.3 2.240047 -0.70554 1.716246 -0.652246 1.787262 -0.652246 1.787262 -3.3 4.5908 -3.3 2.240047 3.3 4.590798 0.6523 1.787268 3.3 2.240047 3.3 2.240047 0.6523 1.787268 0.705596 1.716251 3.3 2.240047 0.705596 1.716251 0.751192 1.640063 0.751192 1.640063 0.788593 1.559533 3.3 2.240047 5.404717 0.35 0 0.35 5.404717 0.04999995 5.404717 0.04999995 0 0.35 0 0.04999995 0.743536 0.586934 0.515849 -0.02459698 0.768001 -0.191572 0.768001 -0.191572 0.515849 -0.02459698 0.562313 -0.144536 0.768001 -0.191572 0.562313 -0.144536 0.562313 -0.273161 0.743536 0.586934 0.71698 0.578916 0.515849 -0.02459698 0.515849 -0.02459698 0.71698 0.578916 0.429195 0.07045799 0.429195 0.07045799 0.71698 0.578916 0.314055 0.127791 0.314055 0.127791 0.71698 0.578916 0.185979 0.139659 0.185979 0.139659 0.71698 0.578916 0.06226396 0.104459 0.06226396 0.104459 0.71698 0.578916 -0.659609 0.163299 0.06226396 0.104459 -0.659609 0.163299 -0.04038 0.02694499 -0.04038 0.02694499 -0.659609 0.163299 -0.108093 -0.08241397 -0.108093 -0.08241397 -0.659609 0.163299 -0.131727 -0.2088479 -0.131727 -0.2088479 -0.659609 0.163299 -0.249168 -0.498674 -0.131727 -0.2088479 -0.249168 -0.498674 -0.108093 -0.335283 -0.108093 -0.335283 -0.249168 -0.498674 -0.04038 -0.444642 -0.04038 -0.444642 -0.249168 -0.498674 -0.146408 -0.620562 -0.04038 -0.444642 -0.146408 -0.620562 0.06226396 -0.522155 0.06226396 -0.522155 -0.146408 -0.620562 -0.01300698 -0.707857 0.06226396 -0.522155 -0.01300698 -0.707857 0.185979 -0.557355 0.185979 -0.557355 -0.01300698 -0.707857 0.139827 -0.753225 0.185979 -0.557355 0.139827 -0.753225 0.299251 -0.752854 0.185979 -0.557355 0.299251 -0.752854 0.314055 -0.545487 0.314055 -0.545487 0.299251 -0.752854 0.451872 -0.706775 0.314055 -0.545487 0.451872 -0.706775 0.429195 -0.488154 0.429195 -0.488154 0.451872 -0.706775 0.584866 -0.61886 0.429195 -0.488154 0.584866 -0.61886 0.515849 -0.3931 0.515849 -0.3931 0.584866 -0.61886 0.687057 -0.496495 0.515849 -0.3931 0.687057 -0.496495 0.749862 -0.349962 0.515849 -0.3931 0.749862 -0.349962 0.562313 -0.273161 0.562313 -0.273161 0.749862 -0.349962 0.768001 -0.191572 2.896906 -2.261521 0.47642 0.538296 2.56033 -4.546205 2.56033 -4.546205 0.47642 0.538296 0.458346 0.526397 2.56033 -4.546205 0.458346 0.526397 0.439974 0.514962 0.439974 0.514962 0.421317 0.503998 2.56033 -4.546205 7 0.1 0 0.1 7 -0.15 7 -0.15 0 0.1 0 -0.15 0.04999995 0.04999995 6.276459 0.04999995 0.04999995 0.35 0.04999995 0.35 6.276459 0.04999995 6.276459 0.35 -0.100558 1.431343 -0.444395 2.592738 -0.870795 1.407539 -0.870795 1.407539 -0.444395 2.592738 -1.117542 2.240989 -0.870795 1.407539 -1.117542 2.240989 -0.879475 1.407351 -0.879475 1.407351 -1.117542 2.240989 -0.914718 1.408246 -0.914718 1.408246 -1.117542 2.240989 -0.949801 1.411976 -0.914718 1.408246 -0.949801 1.411976 -0.949747 1.411795 -0.949747 1.411795 -0.949801 1.411976 -0.950102 1.411961 -0.949747 1.411795 -0.950102 1.411961 -0.950404 1.411945 -0.444395 2.592738 -0.449295 2.595338 -1.117542 2.240989 -1.117542 2.240989 -0.449295 2.595338 -0.461988 2.638212 -1.117542 2.240989 -1.124925 2.236421 -0.949801 1.411976 -0.949801 1.411976 -1.124925 2.236421 -1.181399 2.194257 -1.181399 2.194257 -1.124925 2.236421 -1.181452 2.194437 -1.181399 2.194257 -1.181452 2.194437 -1.18166 2.194106 -1.18166 2.194106 -1.181452 2.194437 -1.181921 2.193954 -1.181921 2.193954 -1.181452 2.194437 -1.182182 2.193803 -0.950404 1.411945 -0.950705 1.41193 -0.949747 1.411795 0.2072229 0.09979295 -0.2072229 0.09979295 0.23 0 0.23 0 -0.2072229 0.09979295 -0.23 0 0.23 0 -0.23 0 0.2072229 -0.09979295 0.2072229 -0.09979295 -0.23 0 -0.2072229 -0.09979295 0.2072229 -0.09979295 -0.2072229 -0.09979295 0.1434029 -0.179821 0.1434029 -0.179821 -0.2072229 -0.09979295 -0.1434029 -0.179821 0.1434029 -0.179821 -0.1434029 -0.179821 0.05118 -0.224233 0.05118 -0.224233 -0.1434029 -0.179821 -0.05118 -0.224233 -0.2072229 0.09979295 0.2072229 0.09979295 -0.1434029 0.179821 -0.1434029 0.179821 0.2072229 0.09979295 0.1434029 0.179821 -0.1434029 0.179821 0.1434029 0.179821 -0.05118 0.224233 -0.05118 0.224233 0.1434029 0.179821 0.05118 0.224233 -0.2 0.900898 0 0.900898 -0.2 1.021018 -0.2 1.021018 0 0.900898 0 1.021018 -0.2 -1.021018 0 -1.021018 -0.2 -0.900898 -0.2 -0.900898 0 -1.021018 0 -0.900898 -0.2 -0.900898 0 -0.900898 0 -0.780778 -0.2 0.900898 -0.2 0.780778 0 0.900898 0 0.900898 -0.2 0.780778 0 0.780778 0 0.780778 -0.2 0.780778 -0.2 0.660658 0 0.780778 -0.2 0.660658 0 0.660658 0 0.660658 -0.2 0.660658 -0.2 0.540539 0 0.660658 -0.2 0.540539 0 0.540539 0 0.540539 -0.2 0.540539 -0.2 0.420419 0 0.540539 -0.2 0.420419 0 0.420419 0 0.420419 -0.2 0.420419 -0.2 0.300299 0 0.420419 -0.2 0.300299 0 0.300299 0 0.300299 -0.2 0.300299 -0.2 0.18018 0 0.300299 -0.2 0.18018 0 0.18018 0 0.18018 -0.2 0.18018 -0.2 0.06005996 0 0.18018 -0.2 0.06005996 0 0.06005996 0 0.06005996 -0.2 0.06005996 -0.2 -0.06005996 0 0.06005996 -0.2 -0.06005996 0 -0.06005996 0 -0.06005996 -0.2 -0.06005996 -0.2 -0.18018 0 -0.06005996 -0.2 -0.18018 0 -0.18018 0 -0.18018 -0.2 -0.18018 -0.2 -0.300299 0 -0.18018 -0.2 -0.300299 0 -0.300299 0 -0.300299 -0.2 -0.300299 -0.2 -0.420419 0 -0.300299 -0.2 -0.420419 0 -0.420419 0 -0.420419 -0.2 -0.420419 -0.2 -0.540539 0 -0.420419 -0.2 -0.540539 0 -0.540539 0 -0.540539 -0.2 -0.540539 -0.2 -0.660658 0 -0.540539 -0.2 -0.660658 0 -0.660658 0 -0.660658 -0.2 -0.660658 -0.2 -0.780778 0 -0.660658 -0.2 -0.780778 0 -0.780778 0 -0.780778 -0.2 -0.780778 -0.2 -0.900898 -0.00387299 -0.634979 0.535066 -0.563924 -0.116877 -0.54368 -0.116877 -0.54368 0.535066 -0.563924 0.620546 -0.446456 -0.116877 -0.54368 0.620546 -0.446456 0.664145 -0.307875 0.535066 -0.563924 -0.00387299 -0.634979 0.416615 -0.648036 0.416615 -0.648036 -0.00387299 -0.634979 0.132331 -0.685517 0.416615 -0.648036 0.132331 -0.685517 0.277538 -0.690026</float_array>
          <technique_common>
            <accessor source="#Soporte_Camara-mesh-map-0-array" count="5946" stride="2">
              <param name="S" type="float"/>
              <param name="T" type="float"/>
            </accessor>
          </technique_common>
        </source>
        <vertices id="Soporte_Camara-mesh-vertices">
          <input semantic="POSITION" source="#Soporte_Camara-mesh-positions"/>
        </vertices>
        <triangles material="_60_160_160-material" count="1982">
          <input semantic="VERTEX" source="#Soporte_Camara-mesh-vertices" offset="0"/>
          <input semantic="NORMAL" source="#Soporte_Camara-mesh-normals" offset="1"/>
          <input semantic="TEXCOORD" source="#Soporte_Camara-mesh-map-0" offset="2" set="0"/>
          <p>214 0 0 204 1 1 231 2 2 231 2 3 204 1 4 215 3 5 231 2 6 215 3 7 236 4 8 236 4 9 215 3 10 228 5 11 236 4 12 228 5 13 251 6 14 251 6 15 228 5 16 256 7 17 251 6 18 256 7 19 291 8 20 291 8 21 256 7 22 309 9 23 291 8 24 309 9 25 345 10 26 345 10 27 309 9 28 360 11 29 345 10 30 360 11 31 396 12 32 396 12 33 360 11 34 416 13 35 396 12 36 416 13 37 446 14 38 446 14 39 416 13 40 471 15 41 446 14 42 471 15 43 479 16 44 479 16 45 471 15 46 514 17 47 479 16 48 514 17 49 536 18 50 536 18 51 514 17 52 569 19 53 536 18 54 569 19 55 564 20 56 564 20 57 569 19 58 589 21 59 564 20 60 589 21 61 578 22 62 578 22 63 589 21 64 605 23 65 578 22 66 605 23 67 603 24 68 578 22 69 603 24 70 577 25 71 577 25 72 603 24 73 588 26 74 577 25 75 588 26 76 563 27 77 563 27 78 588 26 79 568 28 80 563 27 81 568 28 82 535 29 83 535 29 84 568 28 85 513 30 86 535 29 87 513 30 88 478 31 89 478 31 90 513 30 91 470 32 92 478 31 93 470 32 94 445 33 95 445 33 96 470 32 97 415 34 98 445 33 99 415 34 100 395 35 101 395 35 102 415 34 103 359 36 104 395 35 105 359 36 106 344 37 107 344 37 108 359 36 109 308 38 110 344 37 111 308 38 112 290 39 113 290 39 114 308 38 115 255 40 116 290 39 117 255 40 118 250 41 119 250 41 120 255 40 121 227 42 122 250 41 123 227 42 124 235 43 125 235 43 126 227 42 127 214 0 128 235 43 129 214 0 130 231 2 131 266 44 132 235 45 133 261 46 134 261 46 135 235 45 136 231 47 137 261 46 138 231 47 139 236 48 140 235 45 141 266 44 142 250 49 143 250 49 144 266 44 145 294 50 146 250 49 147 294 50 148 290 51 149 290 51 150 294 50 151 332 52 152 290 51 153 332 52 154 344 53 155 344 53 156 332 52 157 367 54 158 344 53 159 367 54 160 395 55 161 395 55 162 367 54 163 407 56 164 395 55 165 407 56 166 445 57 167 445 57 168 407 56 169 452 58 170 445 57 171 452 58 172 478 59 173 478 59 174 452 58 175 490 60 176 478 59 177 490 60 178 535 61 179 535 61 180 490 60 181 520 62 182 535 61 183 520 62 184 563 63 185 563 63 186 520 62 187 543 64 188 563 63 189 543 64 190 577 65 191 577 65 192 543 64 193 578 66 194 578 66 195 543 64 196 544 67 197 578 66 198 544 67 199 564 68 200 564 68 201 544 67 202 522 69 203 564 68 204 522 69 205 536 70 206 536 70 207 522 69 208 492 71 209 536 70 210 492 71 211 479 72 212 479 72 213 492 71 214 454 73 215 479 72 216 454 73 217 446 74 218 446 74 219 454 73 220 409 75 221 446 74 222 409 75 223 396 76 224 396 76 225 409 75 226 369 77 227 396 76 228 369 77 229 345 78 230 345 78 231 369 77 232 334 79 233 345 78 234 334 79 235 291 80 236 291 80 237 334 79 238 296 81 239 291 80 240 296 81 241 251 82 242 251 82 243 296 81 244 268 83 245 251 82 246 268 83 247 236 48 248 236 48 249 268 83 250 261 46 251 342 84 252 359 85 253 392 86 254 392 86 255 359 85 256 415 87 257 392 86 258 415 87 259 400 88 260 400 88 261 415 87 262 404 89 263 404 89 264 415 87 265 420 90 266 420 90 267 415 87 268 470 91 269 420 90 270 470 91 271 474 92 272 474 92 273 470 91 274 513 93 275 474 92 276 513 93 277 518 94 278 518 94 279 513 93 280 568 95 281 518 94 282 568 95 283 572 96 284 572 96 285 568 95 286 588 97 287 572 96 288 588 97 289 592 98 290 592 98 291 588 97 292 603 99 293 592 98 294 603 99 295 604 100 296 604 100 297 603 99 298 605 101 299 604 100 300 605 101 301 606 102 302 606 102 303 605 101 304 593 103 305 593 103 306 605 101 307 589 104 308 593 103 309 589 104 310 573 105 311 573 105 312 589 104 313 569 106 314 573 105 315 569 106 316 519 107 317 519 107 318 569 106 319 514 108 320 519 107 321 514 108 322 475 109 323 475 109 324 514 108 325 471 110 326 475 109 327 471 110 328 421 111 329 421 111 330 471 110 331 416 112 332 421 111 333 416 112 334 405 113 335 405 113 336 416 112 337 401 114 338 401 114 339 416 112 340 393 115 341 393 115 342 416 112 343 360 116 344 393 115 345 360 116 346 343 117 347 343 117 348 360 116 349 309 118 350 343 117 351 309 118 352 281 119 353 281 119 354 309 118 355 256 120 356 281 119 357 256 120 358 241 121 359 241 121 360 256 120 361 228 122 362 241 121 363 228 122 364 223 123 365 223 123 366 228 122 367 215 124 368 223 123 369 215 124 370 208 125 371 208 125 372 215 124 373 204 126 374 208 125 375 204 126 376 207 127 377 207 127 378 204 126 379 214 128 380 207 127 381 214 128 382 222 129 383 222 129 384 214 128 385 227 130 386 222 129 387 227 130 388 240 131 389 240 131 390 227 130 391 255 132 392 240 131 393 255 132 394 280 133 395 280 133 396 255 132 397 308 134 398 280 133 399 308 134 400 342 84 401 342 84 402 308 134 403 359 85 404 216 135 405 205 136 406 232 137 407 232 137 408 205 136 409 217 138 410 232 137 411 217 138 412 238 139 413 238 139 414 217 138 415 230 140 416 238 139 417 230 140 418 253 141 419 253 141 420 230 140 421 258 142 422 253 141 423 258 142 424 293 143 425 293 143 426 258 142 427 311 144 428 293 143 429 311 144 430 347 145 431 347 145 432 311 144 433 362 146 434 347 145 435 362 146 436 398 147 437 398 147 438 362 146 439 418 148 440 398 147 441 418 148 442 448 149 443 448 149 444 418 148 445 473 150 446 448 149 447 473 150 448 481 151 449 481 151 450 473 150 451 516 152 452 481 151 453 516 152 454 538 153 455 538 153 456 516 152 457 571 154 458 538 153 459 571 154 460 566 155 461 566 155 462 571 154 463 591 156 464 566 155 465 591 156 466 580 157 467 580 157 468 591 156 469 608 158 470 580 157 471 608 158 472 607 159 473 580 157 474 607 159 475 579 160 476 579 160 477 607 159 478 590 161 479 579 160 480 590 161 481 565 162 482 565 162 483 590 161 484 570 163 485 565 162 486 570 163 487 537 164 488 537 164 489 570 163 490 515 165 491 537 164 492 515 165 493 480 166 494 480 166 495 515 165 496 472 167 497 480 166 498 472 167 499 447 168 500 447 168 501 472 167 502 417 169 503 447 168 504 417 169 505 397 170 506 397 170 507 417 169 508 361 171 509 397 170 510 361 171 511 346 172 512 346 172 513 361 171 514 310 173 515 346 172 516 310 173 517 292 174 518 292 174 519 310 173 520 257 175 521 292 174 522 257 175 523 252 176 524 252 176 525 257 175 526 229 177 527 252 176 528 229 177 529 237 178 530 237 178 531 229 177 532 216 135 533 237 178 534 216 135 535 232 137 536 270 179 537 237 180 538 263 181 539 263 181 540 237 180 541 232 182 542 263 181 543 232 182 544 238 183 545 237 180 546 270 179 547 252 184 548 252 184 549 270 179 550 298 185 551 252 184 552 298 185 553 292 186 554 292 186 555 298 185 556 336 187 557 292 186 558 336 187 559 346 188 560 346 188 561 336 187 562 371 189 563 346 188 564 371 189 565 397 190 566 397 190 567 371 189 568 411 191 569 397 190 570 411 191 571 447 192 572 447 192 573 411 191 574 456 193 575 447 192 576 456 193 577 480 194 578 480 194 579 456 193 580 494 195 581 480 194 582 494 195 583 537 196 584 537 196 585 494 195 586 524 197 587 537 196 588 524 197 589 565 198 590 565 198 591 524 197 592 547 199 593 565 198 594 547 199 595 579 200 596 579 200 597 547 199 598 580 201 599 580 201 600 547 199 601 548 202 602 580 201 603 548 202 604 566 203 605 566 203 606 548 202 607 526 204 608 566 203 609 526 204 610 538 205 611 538 205 612 526 204 613 496 206 614 538 205 615 496 206 616 481 207 617 481 207 618 496 206 619 458 208 620 481 207 621 458 208 622 448 209 623 448 209 624 458 208 625 413 210 626 448 209 627 413 210 628 398 211 629 398 211 630 413 210 631 373 212 632 398 211 633 373 212 634 347 213 635 347 213 636 373 212 637 338 214 638 347 213 639 338 214 640 293 215 641 293 215 642 338 214 643 300 216 644 293 215 645 300 216 646 253 217 647 253 217 648 300 216 649 272 218 650 253 217 651 272 218 652 238 183 653 238 183 654 272 218 655 263 181 656 206 219 657 205 220 658 210 221 659 210 221 660 205 220 661 216 222 662 210 221 663 216 222 664 213 223 665 213 223 666 216 222 667 218 224 668 218 224 669 216 222 670 221 225 671 221 225 672 216 222 673 225 226 674 225 226 675 216 222 676 229 227 677 225 226 678 229 227 679 234 228 680 234 228 681 229 227 682 246 229 683 246 229 684 229 227 685 257 230 686 246 229 687 257 230 688 249 231 689 249 231 690 257 230 691 260 232 692 260 232 693 257 230 694 265 233 695 265 233 696 257 230 697 310 234 698 265 233 699 310 234 700 306 235 701 306 235 702 310 234 703 358 236 704 358 236 705 310 234 706 361 237 707 358 236 708 361 237 709 394 238 710 394 238 711 361 237 712 417 239 713 394 238 714 417 239 715 402 240 716 402 240 717 417 239 718 406 241 719 406 241 720 417 239 721 422 242 722 422 242 723 417 239 724 460 243 725 460 243 726 417 239 727 472 244 728 460 243 729 472 244 730 501 245 731 501 245 732 472 244 733 515 246 734 501 245 735 515 246 736 539 247 737 539 247 738 515 246 739 551 248 740 551 248 741 515 246 742 570 249 743 551 248 744 570 249 745 555 250 746 555 250 747 570 249 748 560 251 749 560 251 750 570 249 751 576 252 752 576 252 753 570 249 754 590 253 755 576 252 756 590 253 757 586 254 758 586 254 759 590 253 760 594 255 761 594 255 762 590 253 763 596 256 764 596 256 765 590 253 766 607 257 767 596 256 768 607 257 769 598 258 770 598 258 771 607 257 772 601 259 773 601 259 774 607 257 775 609 260 776 609 260 777 607 257 778 608 261 779 609 260 780 608 261 781 595 262 782 595 262 783 608 261 784 591 263 785 595 262 786 591 263 787 584 264 788 584 264 789 591 263 790 571 265 791 584 264 792 571 265 793 557 266 794 557 266 795 571 265 796 552 267 797 552 267 798 571 265 799 516 268 800 552 267 801 516 268 802 540 269 803 540 269 804 516 268 805 532 270 806 532 270 807 516 268 808 511 271 809 511 271 810 516 268 811 502 272 812 502 272 813 516 268 814 498 273 815 498 273 816 516 268 817 473 274 818 498 273 819 473 274 820 477 275 821 477 275 822 473 274 823 476 276 824 476 276 825 473 274 826 469 277 827 469 277 828 473 274 829 450 278 830 450 278 831 473 274 832 418 279 833 450 278 834 418 279 835 440 280 836 440 280 837 418 279 838 423 281 839 423 281 840 418 279 841 403 282 842 403 282 843 418 279 844 399 283 845 399 283 846 418 279 847 362 284 848 399 283 849 362 284 850 382 285 851 382 285 852 362 284 853 363 286 854 363 286 855 362 284 856 348 287 857 348 287 858 362 284 859 311 288 860 348 287 861 311 288 862 328 289 863 328 289 864 311 288 865 322 290 866 322 290 867 311 288 868 305 291 869 305 291 870 311 288 871 302 292 872 302 292 873 311 288 874 258 293 875 302 292 876 258 293 877 248 294 878 248 294 879 258 293 880 230 295 881 248 294 882 230 295 883 226 296 884 226 296 885 230 295 886 219 297 887 219 297 888 230 295 889 217 298 890 219 297 891 217 298 892 206 219 893 206 219 894 217 298 895 205 220 896 441 299 897 444 300 898 440 280 899 440 280 900 444 300 901 449 301 902 440 280 903 449 301 904 450 278 905 450 278 906 449 301 907 451 302 908 978 303 909 980 304 910 942 305 911 942 305 912 980 304 913 979 306 914 942 305 915 979 306 916 941 307 917 941 307 918 979 306 919 977 308 920 941 307 921 977 308 922 939 309 923 939 309 924 977 308 925 974 310 926 939 309 927 974 310 928 936 311 929 936 311 930 974 310 931 971 312 932 936 311 933 971 312 934 933 313 935 933 313 936 971 312 937 968 314 938 933 313 939 968 314 940 930 315 941 930 315 942 968 314 943 965 316 944 930 315 945 965 316 946 927 317 947 927 317 948 965 316 949 962 318 950 927 317 951 962 318 952 925 319 953 925 319 954 962 318 955 959 320 956 925 319 957 959 320 958 922 321 959 922 321 960 959 320 961 957 322 962 922 321 963 957 322 964 920 323 965 920 323 966 957 322 967 955 324 968 920 323 969 955 324 970 956 325 971 920 323 972 956 325 973 921 326 974 921 326 975 956 325 976 958 327 977 921 326 978 958 327 979 924 328 980 924 328 981 958 327 982 961 329 983 924 328 984 961 329 985 926 330 986 926 330 987 961 329 988 964 331 989 926 330 990 964 331 991 929 332 992 929 332 993 964 331 994 967 333 995 929 332 996 967 333 997 932 334 998 932 334 999 967 333 1000 970 335 1001 932 334 1002 970 335 1003 935 336 1004 935 336 1005 970 335 1006 973 337 1007 935 336 1008 973 337 1009 938 338 1010 938 338 1011 973 337 1012 976 339 1013 938 338 1014 976 339 1015 940 340 1016 940 340 1017 976 339 1018 978 303 1019 940 340 1020 978 303 1021 942 305 1022 949 341 1023 948 342 1024 950 343 1025 950 343 1026 948 342 1027 953 344 1028 950 343 1029 953 344 1030 984 345 1031 984 345 1032 953 344 1033 971 346 1034 984 345 1035 971 346 1036 974 347 1037 951 348 1038 957 349 1039 953 344 1040 953 344 1041 957 349 1042 959 350 1043 953 344 1044 959 350 1045 962 351 1046 957 349 1047 951 348 1048 955 352 1049 955 352 1050 951 348 1051 952 352 1052 955 352 1053 952 352 1054 956 352 1055 956 352 1056 952 352 1057 954 352 1058 956 352 1059 954 352 1060 958 352 1061 958 352 1062 954 352 1063 960 352 1064 958 352 1065 960 352 1066 961 352 1067 961 352 1068 960 352 1069 963 352 1070 961 352 1071 963 352 1072 964 352 1073 964 352 1074 963 352 1075 966 352 1076 964 352 1077 966 352 1078 967 352 1079 967 352 1080 966 352 1081 969 352 1082 967 352 1083 969 352 1084 970 352 1085 970 352 1086 969 352 1087 972 352 1088 970 352 1089 972 352 1090 973 352 1091 973 352 1092 972 352 1093 975 352 1094 973 352 1095 975 352 1096 976 352 1097 976 352 1098 975 352 1099 981 352 1100 976 352 1101 981 352 1102 978 352 1103 978 352 1104 981 352 1105 982 353 1106 978 352 1107 982 353 1108 980 352 1109 980 352 1110 982 353 1111 979 354 1112 979 354 1113 982 353 1114 977 355 1115 977 355 1116 982 353 1117 974 347 1118 974 347 1119 982 353 1120 984 345 1121 982 353 1122 983 352 1123 984 345 1124 962 351 1125 965 356 1126 953 344 1127 953 344 1128 965 356 1129 968 357 1130 953 344 1131 968 357 1132 971 346 1133 893 358 1134 940 359 1135 896 360 1136 896 360 1137 940 359 1138 942 361 1139 896 360 1140 942 361 1141 894 362 1142 894 362 1143 942 361 1144 941 363 1145 894 362 1146 941 363 1147 890 364 1148 890 364 1149 941 363 1150 939 365 1151 890 364 1152 939 365 1153 886 366 1154 886 366 1155 939 365 1156 936 367 1157 886 366 1158 936 367 1159 882 368 1160 882 368 1161 936 367 1162 933 369 1163 882 368 1164 933 369 1165 876 370 1166 876 370 1167 933 369 1168 930 371 1169 876 370 1170 930 371 1171 872 372 1172 872 372 1173 930 371 1174 927 373 1175 872 372 1176 927 373 1177 868 374 1178 868 374 1179 927 373 1180 925 375 1181 868 374 1182 925 375 1183 864 376 1184 864 376 1185 925 375 1186 922 377 1187 864 376 1188 922 377 1189 861 378 1190 861 378 1191 922 377 1192 920 379 1193 861 378 1194 920 379 1195 863 380 1196 863 380 1197 920 379 1198 921 381 1199 863 380 1200 921 381 1201 867 382 1202 867 382 1203 921 381 1204 924 383 1205 867 382 1206 924 383 1207 871 384 1208 871 384 1209 924 383 1210 926 385 1211 871 384 1212 926 385 1213 875 386 1214 875 386 1215 926 385 1216 929 387 1217 875 386 1218 929 387 1219 881 388 1220 881 388 1221 929 387 1222 932 389 1223 881 388 1224 932 389 1225 885 390 1226 885 390 1227 932 389 1228 935 391 1229 885 390 1230 935 391 1231 889 392 1232 889 392 1233 935 391 1234 938 393 1235 889 392 1236 938 393 1237 893 358 1238 893 358 1239 938 393 1240 940 359 1241 743 394 1242 773 395 1243 745 396 1244 745 396 1245 773 395 1246 775 397 1247 745 396 1248 775 397 1249 774 398 1250 773 395 1251 743 394 1252 769 399 1253 769 399 1254 743 394 1255 741 400 1256 769 399 1257 741 400 1258 765 401 1259 765 401 1260 741 400 1261 739 402 1262 765 401 1263 739 402 1264 761 403 1265 761 403 1266 739 402 1267 737 404 1268 761 403 1269 737 404 1270 757 405 1271 757 405 1272 737 404 1273 735 406 1274 757 405 1275 735 406 1276 753 407 1277 753 407 1278 735 406 1279 733 408 1280 753 407 1281 733 408 1282 751 409 1283 751 409 1284 733 408 1285 732 410 1286 751 409 1287 732 410 1288 752 411 1289 752 411 1290 732 410 1291 734 412 1292 752 411 1293 734 412 1294 754 413 1295 754 413 1296 734 412 1297 736 414 1298 754 413 1299 736 414 1300 758 415 1301 758 415 1302 736 414 1303 738 416 1304 758 415 1305 738 416 1306 762 417 1307 762 417 1308 738 416 1309 740 418 1310 762 417 1311 740 418 1312 766 419 1313 766 419 1314 740 418 1315 742 420 1316 766 419 1317 742 420 1318 770 421 1319 770 421 1320 742 420 1321 744 422 1322 770 421 1323 744 422 1324 774 398 1325 774 398 1326 744 422 1327 745 396 1328 776 352 1329 778 352 1330 775 352 1331 775 352 1332 778 352 1333 777 352 1334 775 352 1335 777 352 1336 774 423 1337 774 423 1338 777 352 1339 772 424 1340 774 423 1341 772 424 1342 770 425 1343 770 425 1344 772 424 1345 768 352 1346 770 425 1347 768 352 1348 766 352 1349 766 352 1350 768 352 1351 764 426 1352 766 352 1353 764 426 1354 762 427 1355 762 427 1356 764 426 1357 760 428 1358 762 427 1359 760 428 1360 758 429 1361 758 429 1362 760 428 1363 756 430 1364 758 429 1365 756 430 1366 754 352 1367 754 352 1368 756 430 1369 750 352 1370 754 352 1371 750 352 1372 752 431 1373 752 431 1374 750 352 1375 748 352 1376 752 431 1377 748 352 1378 747 432 1379 752 431 1380 747 432 1381 751 433 1382 751 433 1383 747 432 1384 749 434 1385 751 433 1386 749 434 1387 753 435 1388 753 435 1389 749 434 1390 755 436 1391 753 435 1392 755 436 1393 757 437 1394 757 437 1395 755 436 1396 759 438 1397 757 437 1398 759 438 1399 761 439 1400 761 439 1401 759 438 1402 763 440 1403 761 439 1404 763 440 1405 765 352 1406 765 352 1407 763 440 1408 767 352 1409 765 352 1410 767 352 1411 769 352 1412 769 352 1413 767 352 1414 771 352 1415 769 352 1416 771 352 1417 773 352 1418 773 352 1419 771 352 1420 776 352 1421 773 352 1422 776 352 1423 775 352 1424 687 441 1425 743 442 1426 689 443 1427 689 443 1428 743 442 1429 745 444 1430 689 443 1431 745 444 1432 688 445 1433 688 445 1434 745 444 1435 744 446 1436 688 445 1437 744 446 1438 686 447 1439 686 447 1440 744 446 1441 742 448 1442 686 447 1443 742 448 1444 684 449 1445 684 449 1446 742 448 1447 740 450 1448 684 449 1449 740 450 1450 682 451 1451 682 451 1452 740 450 1453 738 452 1454 682 451 1455 738 452 1456 680 453 1457 680 453 1458 738 452 1459 736 454 1460 680 453 1461 736 454 1462 678 455 1463 678 455 1464 736 454 1465 734 456 1466 678 455 1467 734 456 1468 676 457 1469 676 457 1470 734 456 1471 732 458 1472 676 457 1473 732 458 1474 677 459 1475 677 459 1476 732 458 1477 733 460 1478 677 459 1479 733 460 1480 679 461 1481 679 461 1482 733 460 1483 735 462 1484 679 461 1485 735 462 1486 681 463 1487 681 463 1488 735 462 1489 737 464 1490 681 463 1491 737 464 1492 683 465 1493 683 465 1494 737 464 1495 739 466 1496 683 465 1497 739 466 1498 685 467 1499 685 467 1500 739 466 1501 741 468 1502 685 467 1503 741 468 1504 687 441 1505 687 441 1506 741 468 1507 743 442 1508 202 469 1509 210 470 1510 181 471 1511 181 471 1512 210 470 1513 154 472 1514 181 473 1515 182 474 1516 202 475 1517 202 475 1518 182 474 1519 192 476 1520 911 477 1521 905 478 1522 912 479 1523 912 479 1524 905 478 1525 906 480 1526 796 481 1527 575 482 1528 800 483 1529 800 483 1530 575 482 1531 557 484 1532 906 485 1533 796 486 1534 912 487 1535 912 487 1536 796 486 1537 800 488 1538 911 489 1539 912 490 1540 945 491 1541 945 491 1542 912 490 1543 800 492 1544 945 491 1545 800 492 1546 947 493 1547 947 493 1548 800 492 1549 788 494 1550 788 494 1551 800 492 1552 798 495 1553 788 494 1554 798 495 1555 785 496 1556 557 497 1557 552 498 1558 800 492 1559 800 492 1560 552 498 1561 540 499 1562 800 492 1563 540 499 1564 532 500 1565 532 500 1566 798 495 1567 800 492 1568 498 501 1569 477 502 1570 785 496 1571 785 496 1572 477 502 1573 476 503 1574 785 496 1575 476 503 1576 469 504 1577 469 504 1578 782 505 1579 785 496 1580 785 496 1581 782 505 1582 788 494 1583 729 506 1584 730 507 1585 782 505 1586 782 505 1587 730 507 1588 701 508 1589 782 505 1590 701 508 1591 788 494 1592 788 494 1593 701 508 1594 325 509 1595 325 509 1596 701 508 1597 628 510 1598 325 509 1599 628 510 1600 424 511 1601 424 511 1602 628 510 1603 622 512 1604 424 511 1605 622 512 1606 621 513 1607 325 509 1608 424 511 1609 340 514 1610 340 514 1611 424 511 1612 423 515 1613 340 514 1614 423 515 1615 403 516 1616 403 516 1617 399 517 1618 340 514 1619 340 514 1620 399 517 1621 382 518 1622 340 514 1623 187 519 1624 325 509 1625 325 509 1626 187 519 1627 186 520 1628 325 509 1629 186 520 1630 35 521 1631 35 521 1632 186 520 1633 70 522 1634 35 521 1635 70 522 1636 34 523 1637 187 519 1638 328 524 1639 186 520 1640 186 520 1641 328 524 1642 322 525 1643 186 520 1644 322 525 1645 305 526 1646 305 526 1647 302 527 1648 186 520 1649 186 520 1650 72 528 1651 70 522 1652 731 529 1653 729 530 1654 780 531 1655 780 531 1656 729 530 1657 782 532 1658 782 533 1659 469 534 1660 780 535 1661 780 535 1662 469 534 1663 450 536 1664 731 537 1665 780 538 1666 779 539 1667 779 539 1668 780 538 1669 781 540 1670 780 541 1671 450 542 1672 781 543 1673 781 543 1674 450 542 1675 451 544 1676 783 545 1677 512 546 1678 785 547 1679 785 547 1680 512 546 1681 498 546 1682 794 548 1683 783 549 1684 798 550 1685 798 550 1686 783 549 1687 785 551 1688 532 552 1689 517 553 1690 798 554 1691 798 554 1692 517 553 1693 794 555 1694 512 556 1695 783 557 1696 533 558 1697 533 558 1698 783 557 1699 784 559 1700 533 558 1701 784 559 1702 541 560 1703 783 561 1704 794 562 1705 784 563 1706 784 563 1707 794 562 1708 795 564 1709 517 565 1710 542 566 1711 794 567 1712 794 567 1713 542 566 1714 795 568 1715 795 568 1716 542 566 1717 558 569 1718 341 570 1719 328 571 1720 188 572 1721 188 572 1722 328 571 1723 187 573 1724 323 574 1725 188 575 1726 340 576 1727 340 576 1728 188 575 1729 187 577 1730 340 578 1731 382 579 1732 323 580 1733 323 580 1734 382 579 1735 366 581 1736 341 582 1737 188 583 1738 327 584 1739 327 584 1740 188 583 1741 189 585 1742 327 584 1743 189 585 1744 313 586 1745 188 587 1746 323 588 1747 189 589 1748 189 589 1749 323 588 1750 324 590 1751 366 591 1752 365 592 1753 323 593 1754 323 593 1755 365 592 1756 324 594 1757 324 594 1758 365 592 1759 364 595 1760 184 596 1761 79 597 1762 186 598 1763 186 598 1764 79 597 1765 72 597 1766 302 599 1767 274 600 1768 186 601 1769 186 601 1770 274 600 1771 184 602 1772 79 603 1773 184 604 1774 80 605 1775 80 605 1776 184 604 1777 185 606 1778 80 605 1779 185 606 1780 82 607 1781 274 608 1782 259 609 1783 184 610 1784 184 610 1785 259 609 1786 185 611 1787 185 611 1788 259 609 1789 247 612 1790 903 613 1791 602 614 1792 910 615 1793 910 615 1794 602 614 1795 594 616 1796 901 617 1797 903 618 1798 909 617 1799 909 617 1800 903 618 1801 910 618 1802 909 619 1803 560 620 1804 901 621 1805 901 621 1806 560 620 1807 581 622 1808 602 623 1809 903 624 1810 618 625 1811 618 625 1812 903 624 1813 904 626 1814 903 627 1815 901 627 1816 904 627 1817 904 627 1818 901 627 1819 902 627 1820 581 628 1821 587 629 1822 901 630 1823 901 630 1824 587 629 1825 902 631 1826 902 631 1827 587 629 1828 610 632 1829 611 633 1830 799 634 1831 601 635 1832 601 635 1833 799 634 1834 804 636 1835 210 637 1836 213 638 1837 154 639 1838 154 639 1839 213 638 1840 218 640 1841 154 639 1842 218 640 1843 221 641 1844 74 642 1845 123 643 1846 221 641 1847 221 641 1848 123 643 1849 153 644 1850 221 641 1851 153 644 1852 154 639 1853 123 643 1854 74 642 1855 42 645 1856 42 645 1857 74 642 1858 73 646 1859 42 645 1860 73 646 1861 38 647 1862 38 647 1863 73 646 1864 81 648 1865 38 647 1866 81 648 1867 391 649 1868 246 650 1869 249 651 1870 73 646 1871 73 646 1872 249 651 1873 260 652 1874 73 646 1875 260 652 1876 265 653 1877 265 653 1878 81 648 1879 73 646 1880 392 654 1881 400 655 1882 391 649 1883 391 649 1884 400 655 1885 404 656 1886 391 649 1887 404 656 1888 419 657 1889 419 657 1890 404 656 1891 420 658 1892 899 659 1893 913 660 1894 419 657 1895 419 657 1896 913 660 1897 38 647 1898 419 657 1899 38 647 1900 391 649 1901 913 660 1902 899 659 1903 909 661 1904 909 661 1905 899 659 1906 539 662 1907 909 661 1908 539 662 1909 551 663 1910 551 663 1911 555 664 1912 909 661 1913 909 661 1914 555 664 1915 560 665 1916 913 660 1917 909 661 1918 917 666 1919 917 666 1920 909 661 1921 910 667 1922 917 666 1923 910 667 1924 850 668 1925 850 668 1926 910 667 1927 594 669 1928 850 668 1929 594 669 1930 803 670 1931 803 670 1932 594 669 1933 804 671 1934 804 671 1935 594 669 1936 596 672 1937 804 671 1938 596 672 1939 598 673 1940 598 673 1941 601 674 1942 804 671 1943 233 675 1944 246 676 1945 75 677 1946 75 677 1947 246 676 1948 73 678 1949 74 679 1950 77 680 1951 73 681 1952 73 681 1953 77 680 1954 75 682 1955 221 683 1956 209 684 1957 74 685 1958 74 685 1959 209 684 1960 77 686 1961 233 687 1962 75 688 1963 224 689 1964 224 689 1965 75 688 1966 76 690 1967 224 689 1968 76 690 1969 203 691 1970 75 352 1971 77 352 1972 76 352 1973 76 352 1974 77 352 1975 78 352 1976 209 692 1977 196 693 1978 77 694 1979 77 694 1980 196 693 1981 78 695 1982 285 696 1983 269 697 1984 277 698 1985 277 698 1986 269 697 1987 262 699 1988 277 698 1989 262 699 1990 267 700 1991 269 697 1992 285 696 1993 297 701 1994 297 701 1995 285 696 1996 317 702 1997 297 701 1998 317 702 1999 335 703 2000 335 703 2001 317 702 2002 352 704 2003 335 703 2004 352 704 2005 370 705 2006 370 705 2007 352 704 2008 386 706 2009 370 705 2010 386 706 2011 410 707 2012 410 707 2013 386 706 2014 428 708 2015 410 707 2016 428 708 2017 455 709 2018 455 709 2019 428 708 2020 464 710 2021 455 709 2022 464 710 2023 493 711 2024 493 711 2025 464 710 2026 485 712 2027 493 711 2028 485 712 2029 523 713 2030 523 713 2031 485 712 2032 506 714 2033 523 713 2034 506 714 2035 546 715 2036 546 715 2037 506 714 2038 529 716 2039 546 715 2040 529 716 2041 545 717 2042 545 717 2043 529 716 2044 504 718 2045 545 717 2046 504 718 2047 521 719 2048 521 719 2049 504 718 2050 483 720 2051 521 719 2052 483 720 2053 491 721 2054 491 721 2055 483 720 2056 462 722 2057 491 721 2058 462 722 2059 453 723 2060 453 723 2061 462 722 2062 426 724 2063 453 723 2064 426 724 2065 408 725 2066 408 725 2067 426 724 2068 384 726 2069 408 725 2070 384 726 2071 368 727 2072 368 727 2073 384 726 2074 350 728 2075 368 727 2076 350 728 2077 333 729 2078 333 729 2079 350 728 2080 315 730 2081 333 729 2082 315 730 2083 295 731 2084 295 731 2085 315 730 2086 283 732 2087 295 731 2088 283 732 2089 267 700 2090 267 700 2091 283 732 2092 277 698 2093 271 733 2094 264 734 2095 71 735 2096 71 735 2097 264 734 2098 273 736 2099 71 735 2100 273 736 2101 301 737 2102 71 735 2103 301 737 2104 326 738 2105 326 738 2106 301 737 2107 339 739 2108 326 738 2109 339 739 2110 374 740 2111 374 740 2112 414 741 2113 326 738 2114 326 738 2115 414 741 2116 459 742 2117 326 738 2118 459 742 2119 789 743 2120 789 743 2121 459 742 2122 497 744 2123 789 743 2124 497 744 2125 946 745 2126 946 745 2127 497 744 2128 527 746 2129 946 745 2130 527 746 2131 550 747 2132 550 747 2133 549 748 2134 946 745 2135 946 745 2136 549 748 2137 546 749 2138 946 745 2139 546 749 2140 545 750 2141 546 749 2142 549 748 2143 523 751 2144 523 751 2145 549 748 2146 525 752 2147 523 751 2148 525 752 2149 493 753 2150 493 753 2151 525 752 2152 495 754 2153 493 753 2154 495 754 2155 457 755 2156 493 753 2157 457 755 2158 455 756 2159 455 756 2160 457 755 2161 412 757 2162 455 756 2163 412 757 2164 410 758 2165 410 758 2166 412 757 2167 370 759 2168 370 759 2169 412 757 2170 372 760 2171 370 759 2172 372 760 2173 335 761 2174 335 761 2175 372 760 2176 337 762 2177 335 761 2178 337 762 2179 299 763 2180 335 761 2181 299 763 2182 297 764 2183 297 764 2184 299 763 2185 271 733 2186 297 764 2187 271 733 2188 269 765 2189 269 765 2190 271 733 2191 71 735 2192 269 765 2193 71 735 2194 262 766 2195 262 766 2196 71 735 2197 39 767 2198 262 766 2199 39 767 2200 267 768 2201 267 768 2202 39 767 2203 295 769 2204 295 769 2205 39 767 2206 333 770 2207 333 770 2208 39 767 2209 368 771 2210 368 771 2211 39 767 2212 408 772 2213 408 772 2214 39 767 2215 914 773 2216 408 772 2217 914 773 2218 453 774 2219 453 774 2220 914 773 2221 491 775 2222 491 775 2223 914 773 2224 521 776 2225 521 776 2226 914 773 2227 545 750 2228 545 750 2229 914 773 2230 946 745 2231 284 777 2232 285 778 2233 276 779 2234 276 779 2235 285 778 2236 277 780 2237 276 779 2238 277 780 2239 282 781 2240 282 781 2241 277 780 2242 283 782 2243 282 781 2244 283 782 2245 314 783 2246 314 783 2247 283 782 2248 315 784 2249 314 783 2250 315 784 2251 349 785 2252 349 785 2253 315 784 2254 350 786 2255 349 785 2256 350 786 2257 383 787 2258 383 787 2259 350 786 2260 384 788 2261 383 787 2262 384 788 2263 425 789 2264 425 789 2265 384 788 2266 426 790 2267 425 789 2268 426 790 2269 461 791 2270 461 791 2271 426 790 2272 462 792 2273 461 791 2274 462 792 2275 482 793 2276 482 793 2277 462 792 2278 483 794 2279 482 793 2280 483 794 2281 503 795 2282 503 795 2283 483 794 2284 504 796 2285 503 795 2286 504 796 2287 528 797 2288 528 797 2289 504 796 2290 529 798 2291 528 797 2292 529 798 2293 505 799 2294 505 799 2295 529 798 2296 506 800 2297 505 799 2298 506 800 2299 484 801 2300 484 801 2301 506 800 2302 485 802 2303 484 801 2304 485 802 2305 463 803 2306 463 803 2307 485 802 2308 464 804 2309 463 803 2310 464 804 2311 427 805 2312 427 805 2313 464 804 2314 428 806 2315 427 805 2316 428 806 2317 385 807 2318 385 807 2319 428 806 2320 386 808 2321 385 807 2322 386 808 2323 351 809 2324 351 809 2325 386 808 2326 352 810 2327 351 809 2328 352 810 2329 316 811 2330 316 811 2331 352 810 2332 317 812 2333 316 811 2334 317 812 2335 284 777 2336 284 777 2337 317 812 2338 285 778 2339 289 813 2340 273 814 2341 279 815 2342 279 815 2343 273 814 2344 264 816 2345 279 815 2346 264 816 2347 271 817 2348 273 814 2349 289 813 2350 301 818 2351 301 818 2352 289 813 2353 321 819 2354 301 818 2355 321 819 2356 339 820 2357 339 820 2358 321 819 2359 356 821 2360 339 820 2361 356 821 2362 374 822 2363 374 822 2364 356 821 2365 390 823 2366 374 822 2367 390 823 2368 414 824 2369 414 824 2370 390 823 2371 432 825 2372 414 824 2373 432 825 2374 459 826 2375 459 826 2376 432 825 2377 468 827 2378 459 826 2379 468 827 2380 497 828 2381 497 828 2382 468 827 2383 489 829 2384 497 828 2385 489 829 2386 527 830 2387 527 830 2388 489 829 2389 510 831 2390 527 830 2391 510 831 2392 550 832 2393 550 832 2394 510 831 2395 531 833 2396 550 832 2397 531 833 2398 549 834 2399 549 834 2400 531 833 2401 508 835 2402 549 834 2403 508 835 2404 525 836 2405 525 836 2406 508 835 2407 487 837 2408 525 836 2409 487 837 2410 495 838 2411 495 838 2412 487 837 2413 466 839 2414 495 838 2415 466 839 2416 457 840 2417 457 840 2418 466 839 2419 430 841 2420 457 840 2421 430 841 2422 412 842 2423 412 842 2424 430 841 2425 388 843 2426 412 842 2427 388 843 2428 372 844 2429 372 844 2430 388 843 2431 354 845 2432 372 844 2433 354 845 2434 337 846 2435 337 846 2436 354 845 2437 319 847 2438 337 846 2439 319 847 2440 299 848 2441 299 848 2442 319 847 2443 287 849 2444 299 848 2445 287 849 2446 271 817 2447 271 817 2448 287 849 2449 279 815 2450 288 850 2451 289 851 2452 278 852 2453 278 852 2454 289 851 2455 279 853 2456 278 852 2457 279 853 2458 286 854 2459 286 854 2460 279 853 2461 287 855 2462 286 854 2463 287 855 2464 318 856 2465 318 856 2466 287 855 2467 319 857 2468 318 856 2469 319 857 2470 353 858 2471 353 858 2472 319 857 2473 354 859 2474 353 858 2475 354 859 2476 387 860 2477 387 860 2478 354 859 2479 388 861 2480 387 860 2481 388 861 2482 429 862 2483 429 862 2484 388 861 2485 430 863 2486 429 862 2487 430 863 2488 465 864 2489 465 864 2490 430 863 2491 466 865 2492 465 864 2493 466 865 2494 486 866 2495 486 866 2496 466 865 2497 487 867 2498 486 866 2499 487 867 2500 507 868 2501 507 868 2502 487 867 2503 508 869 2504 507 868 2505 508 869 2506 530 870 2507 530 870 2508 508 869 2509 531 871 2510 530 870 2511 531 871 2512 509 872 2513 509 872 2514 531 871 2515 510 873 2516 509 872 2517 510 873 2518 488 874 2519 488 874 2520 510 873 2521 489 875 2522 488 874 2523 489 875 2524 467 876 2525 467 876 2526 489 875 2527 468 877 2528 467 876 2529 468 877 2530 431 878 2531 431 878 2532 468 877 2533 432 879 2534 431 878 2535 432 879 2536 389 880 2537 389 880 2538 432 879 2539 390 881 2540 389 880 2541 390 881 2542 355 882 2543 355 882 2544 390 881 2545 356 883 2546 355 882 2547 356 883 2548 320 884 2549 320 884 2550 356 883 2551 321 885 2552 320 884 2553 321 885 2554 288 850 2555 288 850 2556 321 885 2557 289 851 2558 282 886 2559 266 887 2560 276 888 2561 276 888 2562 266 887 2563 261 889 2564 276 888 2565 261 889 2566 268 890 2567 266 887 2568 282 886 2569 294 891 2570 294 891 2571 282 886 2572 314 892 2573 294 891 2574 314 892 2575 332 893 2576 332 893 2577 314 892 2578 349 894 2579 332 893 2580 349 894 2581 367 895 2582 367 895 2583 349 894 2584 383 896 2585 367 895 2586 383 896 2587 407 897 2588 407 897 2589 383 896 2590 425 898 2591 407 897 2592 425 898 2593 452 899 2594 452 899 2595 425 898 2596 461 900 2597 452 899 2598 461 900 2599 490 901 2600 490 901 2601 461 900 2602 482 902 2603 490 901 2604 482 902 2605 520 903 2606 520 903 2607 482 902 2608 503 904 2609 520 903 2610 503 904 2611 543 905 2612 543 905 2613 503 904 2614 528 906 2615 543 905 2616 528 906 2617 544 907 2618 544 907 2619 528 906 2620 505 908 2621 544 907 2622 505 908 2623 522 909 2624 522 909 2625 505 908 2626 484 910 2627 522 909 2628 484 910 2629 492 911 2630 492 911 2631 484 910 2632 463 912 2633 492 911 2634 463 912 2635 454 913 2636 454 913 2637 463 912 2638 427 914 2639 454 913 2640 427 914 2641 409 915 2642 409 915 2643 427 914 2644 385 916 2645 409 915 2646 385 916 2647 369 917 2648 369 917 2649 385 916 2650 351 918 2651 369 917 2652 351 918 2653 334 919 2654 334 919 2655 351 918 2656 316 920 2657 334 919 2658 316 920 2659 296 921 2660 296 921 2661 316 920 2662 284 922 2663 296 921 2664 284 922 2665 268 890 2666 268 890 2667 284 922 2668 276 888 2669 286 923 2670 270 924 2671 278 925 2672 278 925 2673 270 924 2674 263 926 2675 278 925 2676 263 926 2677 272 927 2678 270 924 2679 286 923 2680 298 928 2681 298 928 2682 286 923 2683 318 929 2684 298 928 2685 318 929 2686 336 930 2687 336 930 2688 318 929 2689 353 931 2690 336 930 2691 353 931 2692 371 932 2693 371 932 2694 353 931 2695 387 933 2696 371 932 2697 387 933 2698 411 934 2699 411 934 2700 387 933 2701 429 935 2702 411 934 2703 429 935 2704 456 936 2705 456 936 2706 429 935 2707 465 937 2708 456 936 2709 465 937 2710 494 938 2711 494 938 2712 465 937 2713 486 939 2714 494 938 2715 486 939 2716 524 940 2717 524 940 2718 486 939 2719 507 941 2720 524 940 2721 507 941 2722 547 942 2723 547 942 2724 507 941 2725 530 943 2726 547 942 2727 530 943 2728 548 944 2729 548 944 2730 530 943 2731 509 945 2732 548 944 2733 509 945 2734 526 946 2735 526 946 2736 509 945 2737 488 947 2738 526 946 2739 488 947 2740 496 948 2741 496 948 2742 488 947 2743 467 949 2744 496 948 2745 467 949 2746 458 950 2747 458 950 2748 467 949 2749 431 951 2750 458 950 2751 431 951 2752 413 952 2753 413 952 2754 431 951 2755 389 953 2756 413 952 2757 389 953 2758 373 954 2759 373 954 2760 389 953 2761 355 955 2762 373 954 2763 355 955 2764 338 956 2765 338 956 2766 355 955 2767 320 957 2768 338 956 2769 320 957 2770 300 958 2771 300 958 2772 320 957 2773 288 959 2774 300 958 2775 288 959 2776 272 927 2777 272 927 2778 288 959 2779 278 925 2780 891 960 2781 895 961 2782 847 962 2783 847 962 2784 895 961 2785 892 963 2786 847 962 2787 892 963 2788 846 964 2789 846 964 2790 892 963 2791 888 965 2792 846 964 2793 888 965 2794 844 966 2795 844 966 2796 888 965 2797 884 967 2798 844 966 2799 884 967 2800 842 968 2801 842 968 2802 884 967 2803 880 969 2804 842 968 2805 880 969 2806 840 970 2807 840 970 2808 880 969 2809 878 971 2810 840 970 2811 878 971 2812 838 972 2813 838 972 2814 878 971 2815 874 973 2816 838 972 2817 874 973 2818 836 974 2819 836 974 2820 874 973 2821 870 975 2822 836 974 2823 870 975 2824 834 976 2825 834 976 2826 870 975 2827 866 977 2828 834 976 2829 866 977 2830 832 978 2831 832 978 2832 866 977 2833 862 979 2834 832 978 2835 862 979 2836 831 980 2837 831 980 2838 862 979 2839 865 981 2840 831 980 2841 865 981 2842 833 982 2843 833 982 2844 865 981 2845 869 983 2846 833 982 2847 869 983 2848 835 984 2849 835 984 2850 869 983 2851 873 985 2852 835 984 2853 873 985 2854 837 986 2855 837 986 2856 873 985 2857 877 987 2858 837 986 2859 877 987 2860 839 988 2861 839 988 2862 877 987 2863 879 989 2864 839 988 2865 879 989 2866 841 990 2867 841 990 2868 879 989 2869 883 991 2870 841 990 2871 883 991 2872 843 992 2873 843 992 2874 883 991 2875 887 993 2876 843 992 2877 887 993 2878 845 994 2879 845 994 2880 887 993 2881 891 960 2882 845 994 2883 891 960 2884 847 962 2885 825 995 2886 845 996 2887 827 997 2888 827 997 2889 845 996 2890 847 998 2891 827 997 2892 847 998 2893 826 999 2894 826 999 2895 847 998 2896 846 1000 2897 826 999 2898 846 1000 2899 824 1001 2900 824 1001 2901 846 1000 2902 844 1002 2903 824 1001 2904 844 1002 2905 821 1003 2906 821 1003 2907 844 1002 2908 842 1004 2909 821 1003 2910 842 1004 2911 818 1005 2912 818 1005 2913 842 1004 2914 840 1006 2915 818 1005 2916 840 1006 2917 815 1007 2918 815 1007 2919 840 1006 2920 838 1008 2921 815 1007 2922 838 1008 2923 813 1009 2924 813 1009 2925 838 1008 2926 836 1010 2927 813 1009 2928 836 1010 2929 810 1011 2930 810 1011 2931 836 1010 2932 834 1012 2933 810 1011 2934 834 1012 2935 808 1013 2936 808 1013 2937 834 1012 2938 832 1014 2939 808 1013 2940 832 1014 2941 807 1015 2942 807 1015 2943 832 1014 2944 831 1016 2945 807 1015 2946 831 1016 2947 809 1017 2948 809 1017 2949 831 1016 2950 833 1018 2951 809 1017 2952 833 1018 2953 812 1019 2954 812 1019 2955 833 1018 2956 835 1020 2957 812 1019 2958 835 1020 2959 814 1021 2960 814 1021 2961 835 1020 2962 837 1022 2963 814 1021 2964 837 1022 2965 817 1023 2966 817 1023 2967 837 1022 2968 839 1024 2969 817 1023 2970 839 1024 2971 820 1025 2972 820 1025 2973 839 1024 2974 841 1026 2975 820 1025 2976 841 1026 2977 823 1027 2978 823 1027 2979 841 1026 2980 843 1028 2981 823 1027 2982 843 1028 2983 825 995 2984 825 995 2985 843 1028 2986 845 996 2987 894 1029 2988 892 1030 2989 896 1031 2990 896 1031 2991 892 1030 2992 895 352 2993 896 1031 2994 895 352 2995 891 1032 2996 892 1030 2997 894 1029 2998 888 1033 2999 888 1033 3000 894 1029 3001 890 352 3002 888 1033 3003 890 352 3004 884 352 3005 884 352 3006 890 352 3007 886 1034 3008 884 352 3009 886 1034 3010 880 1035 3011 880 1035 3012 886 1034 3013 882 1036 3014 880 1035 3015 882 1036 3016 876 1037 3017 880 1035 3018 876 1037 3019 878 1038 3020 878 1038 3021 876 1037 3022 872 1039 3023 878 1038 3024 872 1039 3025 874 352 3026 874 352 3027 872 1039 3028 868 352 3029 874 352 3030 868 352 3031 870 1040 3032 870 1040 3033 868 352 3034 864 1041 3035 870 1040 3036 864 1041 3037 866 1042 3038 866 1042 3039 864 1041 3040 861 1043 3041 866 1042 3042 861 1043 3043 862 352 3044 862 352 3045 861 1043 3046 865 1044 3047 865 1044 3048 861 1043 3049 863 1045 3050 865 1044 3051 863 1045 3052 869 1046 3053 869 1046 3054 863 1045 3055 867 352 3056 869 1046 3057 867 352 3058 873 352 3059 873 352 3060 867 352 3061 871 352 3062 873 352 3063 871 352 3064 877 352 3065 877 352 3066 871 352 3067 875 352 3068 877 352 3069 875 352 3070 881 352 3071 877 352 3072 881 352 3073 879 352 3074 879 352 3075 881 352 3076 885 352 3077 879 352 3078 885 352 3079 883 1047 3080 883 1047 3081 885 352 3082 889 1048 3083 883 1047 3084 889 1048 3085 887 1049 3086 887 1049 3087 889 1048 3088 893 1050 3089 887 1049 3090 893 1050 3091 891 1032 3092 891 1032 3093 893 1050 3094 896 1031 3095 149 1051 3096 116 1052 3097 150 1053 3098 150 1053 3099 116 1052 3100 119 1054 3101 150 1053 3102 119 1054 3103 115 1055 3104 116 1052 3105 149 1051 3106 112 1056 3107 112 1056 3108 149 1051 3109 147 1057 3110 112 1056 3111 147 1057 3112 108 1058 3113 108 1058 3114 147 1057 3115 145 1059 3116 108 1058 3117 145 1059 3118 104 1060 3119 104 1060 3120 145 1059 3121 143 1061 3122 104 1060 3123 143 1061 3124 102 1062 3125 102 1062 3126 143 1061 3127 141 1063 3128 102 1062 3129 141 1063 3130 98 1064 3131 98 1064 3132 141 1063 3133 139 1065 3134 98 1064 3135 139 1065 3136 94 1066 3137 94 1066 3138 139 1065 3139 137 1067 3140 94 1066 3141 137 1067 3142 90 1068 3143 90 1068 3144 137 1067 3145 135 1069 3146 90 1068 3147 135 1069 3148 86 1070 3149 86 1070 3150 135 1069 3151 134 1071 3152 86 1070 3153 134 1071 3154 89 1072 3155 89 1072 3156 134 1071 3157 136 1073 3158 89 1072 3159 136 1073 3160 93 1074 3161 93 1074 3162 136 1073 3163 138 1075 3164 93 1074 3165 138 1075 3166 97 1076 3167 97 1076 3168 138 1075 3169 140 1077 3170 97 1076 3171 140 1077 3172 101 1078 3173 101 1078 3174 140 1077 3175 142 1079 3176 101 1078 3177 142 1079 3178 103 1080 3179 103 1080 3180 142 1079 3181 144 1081 3182 103 1080 3183 144 1081 3184 107 1082 3185 107 1082 3186 144 1081 3187 146 1083 3188 107 1082 3189 146 1083 3190 111 1084 3191 111 1084 3192 146 1083 3193 148 1085 3194 111 1084 3195 148 1085 3196 115 1055 3197 115 1055 3198 148 1085 3199 150 1053 3200 176 1086 3201 149 1087 3202 177 1088 3203 177 1088 3204 149 1087 3205 150 1089 3206 177 1088 3207 150 1089 3208 175 1090 3209 175 1090 3210 150 1089 3211 148 1091 3212 175 1090 3213 148 1091 3214 173 1092 3215 173 1092 3216 148 1091 3217 146 1093 3218 173 1092 3219 146 1093 3220 170 1094 3221 170 1094 3222 146 1093 3223 144 1095 3224 170 1094 3225 144 1095 3226 167 1096 3227 167 1096 3228 144 1095 3229 142 1097 3230 167 1096 3231 142 1097 3232 164 1098 3233 164 1098 3234 142 1097 3235 140 1099 3236 164 1098 3237 140 1099 3238 162 1100 3239 162 1100 3240 140 1099 3241 138 1101 3242 162 1100 3243 138 1101 3244 159 1102 3245 159 1102 3246 138 1101 3247 136 1103 3248 159 1102 3249 136 1103 3250 157 1104 3251 157 1104 3252 136 1103 3253 134 1105 3254 157 1104 3255 134 1105 3256 158 1106 3257 158 1106 3258 134 1105 3259 135 1107 3260 158 1106 3261 135 1107 3262 160 1108 3263 160 1108 3264 135 1107 3265 137 1109 3266 160 1108 3267 137 1109 3268 163 1110 3269 163 1110 3270 137 1109 3271 139 1111 3272 163 1110 3273 139 1111 3274 165 1112 3275 165 1112 3276 139 1111 3277 141 1113 3278 165 1112 3279 141 1113 3280 168 1114 3281 168 1114 3282 141 1113 3283 143 1115 3284 168 1114 3285 143 1115 3286 171 1116 3287 171 1116 3288 143 1115 3289 145 1117 3290 171 1116 3291 145 1117 3292 174 1118 3293 174 1118 3294 145 1117 3295 147 1119 3296 174 1118 3297 147 1119 3298 176 1086 3299 176 1086 3300 147 1119 3301 149 1087 3302 117 627 3303 115 627 3304 120 1120 3305 120 1120 3306 115 627 3307 119 627 3308 120 1120 3309 119 627 3310 116 1121 3311 115 627 3312 117 627 3313 111 627 3314 111 627 3315 117 627 3316 113 627 3317 111 627 3318 113 627 3319 107 627 3320 107 627 3321 113 627 3322 109 1122 3323 107 627 3324 109 1122 3325 103 1123 3326 103 1123 3327 109 1122 3328 105 1124 3329 103 1123 3330 105 1124 3331 99 1125 3332 103 1123 3333 99 1125 3334 101 1126 3335 101 1126 3336 99 1125 3337 95 1127 3338 101 1126 3339 95 1127 3340 97 1128 3341 97 1128 3342 95 1127 3343 91 1129 3344 97 1128 3345 91 1129 3346 93 1130 3347 93 1130 3348 91 1129 3349 87 1131 3350 93 1130 3351 87 1131 3352 89 1132 3353 89 1132 3354 87 1131 3355 85 1133 3356 89 1132 3357 85 1133 3358 86 627 3359 86 627 3360 85 1133 3361 90 1134 3362 90 1134 3363 85 1133 3364 88 1135 3365 90 1134 3366 88 1135 3367 94 627 3368 94 627 3369 88 1135 3370 92 627 3371 94 627 3372 92 627 3373 98 627 3374 98 627 3375 92 627 3376 96 1136 3377 98 627 3378 96 1136 3379 102 1137 3380 102 1137 3381 96 1136 3382 100 1138 3383 102 1137 3384 100 1138 3385 106 1139 3386 102 1137 3387 106 1139 3388 104 1140 3389 104 1140 3390 106 1139 3391 110 1141 3392 104 1140 3393 110 1141 3394 108 1142 3395 108 1142 3396 110 1141 3397 114 1143 3398 108 1142 3399 114 1143 3400 112 1144 3401 112 1144 3402 114 1143 3403 118 1145 3404 112 1144 3405 118 1145 3406 116 1121 3407 116 1121 3408 118 1145 3409 120 1120 3410 66 1146 3411 31 1147 3412 67 1148 3413 67 1148 3414 31 1147 3415 32 1149 3416 67 1148 3417 32 1149 3418 30 1150 3419 31 1147 3420 66 1146 3421 29 1151 3422 29 1151 3423 66 1146 3424 64 1152 3425 29 1151 3426 64 1152 3427 26 1153 3428 26 1153 3429 64 1152 3430 61 1154 3431 26 1153 3432 61 1154 3433 23 1155 3434 23 1155 3435 61 1154 3436 58 1156 3437 23 1155 3438 58 1156 3439 20 1157 3440 20 1157 3441 58 1156 3442 55 1158 3443 20 1157 3444 55 1158 3445 17 1159 3446 17 1159 3447 55 1158 3448 52 1160 3449 17 1159 3450 52 1160 3451 14 1161 3452 14 1161 3453 52 1160 3454 50 1162 3455 14 1161 3456 50 1162 3457 11 1163 3458 11 1163 3459 50 1162 3460 47 1164 3461 11 1163 3462 47 1164 3463 9 1165 3464 9 1165 3465 47 1164 3466 45 1166 3467 9 1165 3468 45 1166 3469 7 1167 3470 7 1167 3471 45 1166 3472 8 1168 3473 8 1168 3474 45 1166 3475 46 1169 3476 8 1168 3477 46 1169 3478 10 1170 3479 10 1170 3480 46 1169 3481 49 1171 3482 10 1170 3483 49 1171 3484 13 1172 3485 13 1172 3486 49 1171 3487 51 1173 3488 13 1172 3489 51 1173 3490 16 1174 3491 16 1174 3492 51 1173 3493 54 1175 3494 16 1174 3495 54 1175 3496 19 1176 3497 19 1176 3498 54 1175 3499 57 1177 3500 19 1176 3501 57 1177 3502 22 1178 3503 22 1178 3504 57 1177 3505 60 1179 3506 22 1178 3507 60 1179 3508 25 1180 3509 25 1180 3510 60 1179 3511 63 1181 3512 25 1180 3513 63 1181 3514 28 1182 3515 28 1182 3516 63 1181 3517 65 1183 3518 28 1182 3519 65 1183 3520 30 1150 3521 30 1150 3522 65 1183 3523 67 1148 3524 35 627 3525 34 627 3526 36 627 3527 36 627 3528 34 627 3529 37 627 3530 37 627 3531 34 627 3532 26 627 3533 37 627 3534 26 627 3535 23 627 3536 33 627 3537 30 627 3538 34 627 3539 34 627 3540 30 627 3541 32 627 3542 34 627 3543 32 627 3544 31 627 3545 30 627 3546 33 627 3547 28 627 3548 28 627 3549 33 627 3550 27 627 3551 28 627 3552 27 627 3553 25 627 3554 25 627 3555 27 627 3556 24 627 3557 25 627 3558 24 627 3559 22 627 3560 22 627 3561 24 627 3562 21 627 3563 22 627 3564 21 627 3565 19 627 3566 19 627 3567 21 627 3568 18 627 3569 19 627 3570 18 627 3571 16 627 3572 16 627 3573 18 627 3574 15 627 3575 16 627 3576 15 627 3577 13 627 3578 13 627 3579 15 627 3580 12 627 3581 13 627 3582 12 627 3583 10 627 3584 10 627 3585 12 627 3586 6 627 3587 10 627 3588 6 627 3589 8 627 3590 8 627 3591 6 627 3592 4 627 3593 8 627 3594 4 627 3595 7 627 3596 7 627 3597 4 627 3598 3 627 3599 7 627 3600 3 627 3601 9 627 3602 9 627 3603 3 627 3604 5 627 3605 9 627 3606 5 627 3607 11 627 3608 11 627 3609 5 627 3610 14 627 3611 14 627 3612 5 627 3613 17 627 3614 17 627 3615 5 627 3616 20 627 3617 20 627 3618 5 627 3619 23 627 3620 23 627 3621 5 627 3622 37 627 3623 37 627 3624 5 627 3625 2 627 3626 2 627 3627 5 627 3628 0 627 3629 2 627 3630 0 627 3631 1 627 3632 31 627 3633 29 627 3634 34 627 3635 34 627 3636 29 627 3637 26 627 3638 118 1184 3639 66 1185 3640 120 1186 3641 120 1186 3642 66 1185 3643 67 1187 3644 120 1186 3645 67 1187 3646 117 1188 3647 117 1188 3648 67 1187 3649 65 1189 3650 117 1188 3651 65 1189 3652 113 1190 3653 113 1190 3654 65 1189 3655 63 1191 3656 113 1190 3657 63 1191 3658 109 1192 3659 109 1192 3660 63 1191 3661 60 1193 3662 109 1192 3663 60 1193 3664 105 1194 3665 105 1194 3666 60 1193 3667 57 1195 3668 105 1194 3669 57 1195 3670 99 1196 3671 99 1196 3672 57 1195 3673 54 1197 3674 99 1196 3675 54 1197 3676 95 1198 3677 95 1198 3678 54 1197 3679 51 1199 3680 95 1198 3681 51 1199 3682 91 1200 3683 91 1200 3684 51 1199 3685 49 1201 3686 91 1200 3687 49 1201 3688 87 1202 3689 87 1202 3690 49 1201 3691 46 1203 3692 87 1202 3693 46 1203 3694 85 1204 3695 85 1204 3696 46 1203 3697 45 1205 3698 85 1204 3699 45 1205 3700 88 1206 3701 88 1206 3702 45 1205 3703 47 1207 3704 88 1206 3705 47 1207 3706 92 1208 3707 92 1208 3708 47 1207 3709 50 1209 3710 92 1208 3711 50 1209 3712 96 1210 3713 96 1210 3714 50 1209 3715 52 372 3716 96 1210 3717 52 372 3718 100 1211 3719 100 1211 3720 52 372 3721 55 1212 3722 100 1211 3723 55 1212 3724 106 1213 3725 106 1213 3726 55 1212 3727 58 1214 3728 106 1213 3729 58 1214 3730 110 1215 3731 110 1215 3732 58 1214 3733 61 1216 3734 110 1215 3735 61 1216 3736 114 1217 3737 114 1217 3738 61 1216 3739 64 1218 3740 114 1217 3741 64 1218 3742 118 1184 3743 118 1184 3744 64 1218 3745 66 1185 3746 303 1219 3747 329 1219 3748 325 1219 3749 326 1220 3750 330 1220 3751 304 1220 3752 330 1221 3753 329 1222 3754 304 1223 3755 304 1223 3756 329 1222 3757 303 1224 3758 786 1225 3759 790 1225 3760 788 1225 3761 982 1226 3762 947 1227 3763 983 1228 3764 983 1228 3765 947 1227 3766 790 1229 3767 790 1229 3768 947 1227 3769 788 1230 3770 325 1231 3771 329 1232 3772 788 1233 3773 788 1233 3774 329 1232 3775 786 1234 3776 789 1235 3777 791 1235 3778 787 1235 3779 787 1236 3780 791 1237 3781 786 1238 3782 786 1238 3783 791 1237 3784 790 1239 3785 326 1240 3786 789 1241 3787 330 1242 3788 330 1242 3789 789 1241 3790 787 1243 3791 791 1244 3792 789 1245 3793 984 1246 3794 984 1246 3795 789 1245 3796 946 1247 3797 914 1248 3798 950 1249 3799 946 1250 3800 946 1250 3801 950 1249 3802 984 1251 3803 1 1252 3804 949 1253 3805 2 1254 3806 2 1254 3807 949 1253 3808 950 1255 3809 2 1254 3810 950 1255 3811 39 1256 3812 39 1256 3813 950 1255 3814 914 1256 3815 37 1257 3816 2 1258 3817 71 1259 3818 71 1259 3819 2 1258 3820 39 1260 3821 326 1261 3822 304 1261 3823 71 1262 3824 71 1262 3825 304 1261 3826 37 1263 3827 35 1264 3828 36 1264 3829 325 1265 3830 325 1265 3831 36 1264 3832 303 1266 3833 330 1267 3834 787 1268 3835 329 1269 3836 329 1269 3837 787 1268 3838 786 1270 3839 42 1271 3840 38 1272 3841 5 1273 3842 5 1273 3843 38 1272 3844 0 1274 3845 38 1275 3846 913 1276 3847 0 1277 3848 0 1277 3849 913 1276 3850 948 1278 3851 945 1279 3852 947 1280 3853 944 1281 3854 944 1281 3855 947 1280 3856 981 1282 3857 981 1282 3858 947 1280 3859 982 1283 3860 915 1284 3861 916 1285 3862 951 1286 3863 951 1286 3864 916 1285 3865 952 1287 3866 952 1287 3867 916 1285 3868 918 1288 3869 952 1287 3870 918 1288 3871 954 1289 3872 954 1289 3873 918 1288 3874 919 1290 3875 954 1289 3876 919 1290 3877 960 1291 3878 960 1291 3879 919 1290 3880 923 1292 3881 960 1291 3882 923 1292 3883 963 1293 3884 963 1293 3885 923 1292 3886 928 1294 3887 963 1293 3888 928 1294 3889 966 1295 3890 966 1295 3891 928 1294 3892 931 1296 3893 966 1295 3894 931 1296 3895 969 1297 3896 969 1297 3897 931 1296 3898 934 1298 3899 969 1297 3900 934 1298 3901 972 1299 3902 972 1299 3903 934 1298 3904 937 1300 3905 972 1299 3906 937 1300 3907 975 1301 3908 975 1301 3909 937 1300 3910 943 1302 3911 975 1301 3912 943 1302 3913 981 1282 3914 981 1282 3915 943 1302 3916 944 1281 3917 915 1284 3918 951 1286 3919 917 1303 3920 917 1303 3921 951 1286 3922 953 1304 3923 917 1305 3924 953 1306 3925 913 1307 3926 913 1307 3927 953 1306 3928 948 1308 3929 70 1309 3930 69 1310 3931 34 1311 3932 34 1311 3933 69 1310 3934 33 1312 3935 40 1313 3936 3 1314 3937 41 1315 3938 41 1315 3939 3 1314 3940 4 1316 3941 41 1315 3942 4 1316 3943 43 1317 3944 43 1317 3945 4 1316 3946 6 1318 3947 43 1317 3948 6 1318 3949 44 1319 3950 44 1319 3951 6 1318 3952 12 1320 3953 44 1319 3954 12 1320 3955 48 1321 3956 48 1321 3957 12 1320 3958 15 1322 3959 48 1321 3960 15 1322 3961 53 1323 3962 53 1323 3963 15 1322 3964 18 1324 3965 53 1323 3966 18 1324 3967 56 1325 3968 56 1325 3969 18 1324 3970 21 1326 3971 56 1325 3972 21 1326 3973 59 1327 3974 59 1327 3975 21 1326 3976 24 1328 3977 59 1327 3978 24 1328 3979 62 1329 3980 62 1329 3981 24 1328 3982 27 1330 3983 62 1329 3984 27 1330 3985 68 1331 3986 68 1331 3987 27 1330 3988 33 1312 3989 68 1331 3990 33 1312 3991 69 1310 3992 5 1332 3993 3 1314 3994 42 1333 3995 42 1333 3996 3 1314 3997 40 1313 3998 945 1334 3999 944 1335 4000 911 1336 4001 911 1336 4002 944 1335 4003 859 1337 4004 911 1336 4005 859 1337 4006 905 1338 4007 905 1338 4008 859 1337 4009 860 1339 4010 905 1338 4011 860 1339 4012 907 1340 4013 859 1337 4014 944 1335 4015 858 1341 4016 858 1341 4017 944 1335 4018 943 1341 4019 858 1341 4020 943 1341 4021 937 1342 4022 858 1341 4023 937 1342 4024 857 1343 4025 857 1343 4026 937 1342 4027 934 1344 4028 857 1343 4029 934 1344 4030 856 1345 4031 856 1345 4032 934 1344 4033 931 1346 4034 856 1345 4035 931 1346 4036 855 1347 4037 855 1347 4038 931 1346 4039 928 1348 4040 855 1347 4041 928 1348 4042 854 1349 4043 854 1349 4044 928 1348 4045 923 1350 4046 854 1349 4047 923 1350 4048 853 1351 4049 853 1351 4050 923 1350 4051 919 1352 4052 853 1351 4053 919 1352 4054 852 1353 4055 852 1353 4056 919 1352 4057 918 1354 4058 852 1353 4059 918 1354 4060 851 1355 4061 851 1355 4062 918 1354 4063 916 1356 4064 851 1355 4065 916 1356 4066 849 1357 4067 849 1357 4068 916 1356 4069 848 1358 4070 848 1358 4071 916 1356 4072 915 1359 4073 915 1359 4074 917 1360 4075 848 1358 4076 848 1358 4077 917 1360 4078 850 1361 4079 42 1362 4080 40 1363 4081 123 1364 4082 123 1364 4083 40 1363 4084 121 1365 4085 121 1365 4086 40 1363 4087 122 1356 4088 122 1356 4089 40 1363 4090 41 1357 4091 122 1356 4092 41 1357 4093 43 1355 4094 122 1356 4095 43 1355 4096 124 1354 4097 124 1354 4098 43 1355 4099 44 1353 4100 124 1354 4101 44 1353 4102 125 1352 4103 125 1352 4104 44 1353 4105 48 1351 4106 125 1352 4107 48 1351 4108 126 1350 4109 126 1350 4110 48 1351 4111 53 1349 4112 126 1350 4113 53 1349 4114 127 1348 4115 127 1348 4116 53 1349 4117 56 1347 4118 127 1348 4119 56 1347 4120 128 1346 4121 128 1346 4122 56 1347 4123 59 1345 4124 128 1346 4125 59 1345 4126 129 1344 4127 129 1344 4128 59 1345 4129 62 1343 4130 129 1344 4131 62 1343 4132 130 1342 4133 130 1342 4134 62 1343 4135 68 1341 4136 130 1342 4137 68 1341 4138 131 1341 4139 131 1341 4140 68 1341 4141 132 1366 4142 132 1366 4143 68 1341 4144 69 1367 4145 70 1368 4146 72 1369 4147 69 1367 4148 69 1367 4149 72 1369 4150 132 1366 4151 132 1366 4152 72 1369 4153 79 1370 4154 132 1366 4155 79 1370 4156 133 1371 4157 133 1371 4158 79 1370 4159 80 1372 4160 534 1373 4161 539 1374 4162 897 1375 4163 897 1375 4164 539 1374 4165 899 1376 4166 899 1377 4167 419 1378 4168 897 1379 4169 897 1379 4170 419 1378 4171 433 1380 4172 420 1381 4173 436 1382 4174 419 1383 4175 419 1383 4176 436 1382 4177 433 1384 4178 534 1385 4179 897 1386 4180 554 1387 4181 554 1387 4182 897 1386 4183 898 1388 4184 554 1387 4185 898 1388 4186 574 1389 4187 897 1390 4188 433 1391 4189 898 1392 4190 898 1392 4191 433 1391 4192 434 1393 4193 436 352 4194 435 352 4195 433 352 4196 433 352 4197 435 352 4198 434 352 4199 440 1394 4200 423 1395 4201 442 1396 4202 442 1396 4203 423 1395 4204 424 1397 4205 621 1398 4206 620 1399 4207 424 1400 4208 424 1400 4209 620 1399 4210 442 1401 4211 442 1401 4212 620 1399 4213 613 1402 4214 440 352 4215 442 1403 4216 441 1404 4217 441 1404 4218 442 1403 4219 443 1405 4220 613 1406 4221 583 1407 4222 442 1408 4223 442 1408 4224 583 1407 4225 443 1409 4226 437 1410 4227 421 1411 4228 439 1412 4229 439 1412 4230 421 1411 4231 422 1413 4232 437 352 4233 439 352 4234 438 352 4235 394 1414 4236 393 1415 4237 381 1416 4238 381 1416 4239 393 1415 4240 379 1417 4241 381 627 4242 379 627 4243 380 627 4244 375 1418 4245 378 1419 4246 391 1420 4247 391 1420 4248 378 1419 4249 392 1421 4250 375 1422 4251 391 1423 4252 83 1424 4253 83 1424 4254 391 1423 4255 81 1377 4256 81 1425 4257 265 1426 4258 83 1425 4259 83 1425 4260 265 1426 4261 275 1427 4262 378 627 4263 375 627 4264 377 627 4265 377 627 4266 375 627 4267 376 627 4268 375 1428 4269 83 1429 4270 376 1430 4271 376 1430 4272 83 1429 4273 84 1431 4274 275 1432 4275 254 1433 4276 83 1434 4277 83 1434 4278 254 1433 4279 84 1434 4280 84 1434 4281 254 1433 4282 239 1435 4283 628 1436 4284 663 1437 4285 622 1438 4286 622 1438 4287 663 1437 4288 632 1439 4289 746 1440 4290 692 1440 4291 704 1440 4292 690 1441 4293 702 1442 4294 692 1443 4295 692 1443 4296 702 1442 4297 704 1444 4298 690 1441 4299 691 1445 4300 702 1442 4301 702 1442 4302 691 1445 4303 703 1446 4304 703 1446 4305 691 1445 4306 693 1447 4307 703 1446 4308 693 1447 4309 705 1448 4310 705 1448 4311 693 1447 4312 694 1449 4313 705 1448 4314 694 1449 4315 710 1450 4316 710 1450 4317 694 1449 4318 695 1451 4319 710 1450 4320 695 1451 4321 713 1452 4322 713 1452 4323 695 1451 4324 696 1453 4325 713 1452 4326 696 1453 4327 716 1454 4328 716 1454 4329 696 1453 4330 697 1455 4331 716 1454 4332 697 1455 4333 721 1456 4334 721 1456 4335 697 1455 4336 698 1457 4337 721 1456 4338 698 1457 4339 724 1458 4340 724 1458 4341 698 1457 4342 699 1459 4343 724 1458 4344 699 1459 4345 728 1460 4346 728 1460 4347 699 1459 4348 700 1461 4349 701 1462 4350 730 1463 4351 700 1461 4352 700 1461 4353 730 1463 4354 728 1460 4355 729 1464 4356 731 1465 4357 704 1466 4358 704 1466 4359 731 1465 4360 779 1467 4361 704 1466 4362 779 1467 4363 746 1468 4364 619 1469 4365 627 1469 4366 582 1469 4367 582 1470 4368 627 1471 4369 746 1472 4370 746 1472 4371 627 1471 4372 692 1473 4373 620 1474 4374 619 1475 4375 613 1476 4376 613 1476 4377 619 1475 4378 583 1477 4379 583 1477 4380 619 1475 4381 582 1478 4382 662 1479 4383 627 1480 4384 631 1481 4385 631 1481 4386 627 1480 4387 619 1482 4388 675 1483 4389 674 1484 4390 651 1485 4391 651 1485 4392 674 1484 4393 643 1486 4394 651 1485 4395 643 1486 4396 644 1487 4397 674 1484 4398 673 1488 4399 643 1486 4400 643 1486 4401 673 1488 4402 642 1489 4403 642 1489 4404 673 1488 4405 672 1490 4406 642 1489 4407 672 1490 4408 641 1491 4409 641 1491 4410 672 1490 4411 671 1492 4412 641 1491 4413 671 1492 4414 640 1493 4415 640 1493 4416 671 1492 4417 670 1494 4418 640 1493 4419 670 1494 4420 639 1495 4421 639 1495 4422 670 1494 4423 669 1496 4424 639 1495 4425 669 1496 4426 638 1497 4427 638 1497 4428 669 1496 4429 668 1498 4430 638 1497 4431 668 1498 4432 650 1499 4433 650 1499 4434 668 1498 4435 667 1500 4436 650 1499 4437 646 1501 4438 638 1497 4439 638 1497 4440 646 1501 4441 647 1502 4442 638 1497 4443 647 1502 4444 637 1503 4445 644 1487 4446 649 1504 4447 651 1485 4448 651 1485 4449 649 1504 4450 648 1505 4451 666 1506 4452 658 1507 4453 667 1508 4454 667 1508 4455 658 1507 4456 659 1509 4457 667 1508 4458 659 1509 4459 660 1510 4460 660 1510 4461 659 1509 4462 636 1511 4463 660 1510 4464 636 1511 4465 650 1512 4466 664 1513 4467 654 1514 4468 666 1506 4469 666 1506 4470 654 1514 4471 656 1515 4472 666 1506 4473 656 1515 4474 658 1507 4475 658 1507 4476 656 1515 4477 635 1516 4478 658 1507 4479 635 1516 4480 659 1509 4481 659 1509 4482 635 1516 4483 636 1511 4484 664 1513 4485 633 1517 4486 654 1514 4487 654 1514 4488 633 1517 4489 635 1516 4490 654 1514 4491 635 1516 4492 656 1515 4493 650 1512 4494 667 1508 4495 660 1510 4496 634 1518 4497 657 1519 4498 645 1520 4499 645 1520 4500 657 1519 4501 661 1521 4502 645 1520 4503 661 1521 4504 651 1522 4505 651 1522 4506 661 1521 4507 675 1523 4508 675 1523 4509 661 1521 4510 657 1519 4511 675 1523 4512 657 1519 4513 665 1524 4514 665 1524 4515 657 1519 4516 655 1525 4517 665 1524 4518 655 1525 4519 634 1518 4520 634 1518 4521 655 1525 4522 657 1519 4523 631 1481 4524 633 1517 4525 652 1526 4526 652 1526 4527 633 1517 4528 664 1513 4529 652 1526 4530 664 1513 4531 662 1479 4532 662 1479 4533 631 1481 4534 652 1526 4535 663 1437 4536 665 1524 4537 653 1527 4538 653 1527 4539 665 1524 4540 634 1518 4541 653 1527 4542 634 1518 4543 632 1439 4544 632 1439 4545 663 1437 4546 653 1527 4547 583 1528 4548 582 1529 4549 443 1530 4550 443 1530 4551 582 1529 4552 441 1531 4553 441 1531 4554 582 1529 4555 444 1532 4556 444 1532 4557 582 1529 4558 449 1533 4559 449 1533 4560 582 1529 4561 451 1534 4562 451 1534 4563 582 1529 4564 746 1535 4565 451 1534 4566 746 1535 4567 781 1536 4568 781 1536 4569 746 1535 4570 779 1537 4571 725 352 4572 728 352 4573 727 1538 4574 727 1538 4575 728 352 4576 730 1539 4577 727 1538 4578 730 1539 4579 729 1540 4580 725 352 4581 722 1541 4582 728 352 4583 728 352 4584 722 1541 4585 724 1542 4586 724 1542 4587 722 1541 4588 719 1543 4589 724 1542 4590 719 1543 4591 721 1544 4592 721 1544 4593 719 1543 4594 717 1545 4595 721 1544 4596 717 1545 4597 716 1546 4598 716 1546 4599 717 1545 4600 714 1547 4601 716 1546 4602 714 1547 4603 713 1548 4604 713 1548 4605 714 1547 4606 710 1549 4607 710 1549 4608 714 1547 4609 711 1550 4610 710 1549 4611 711 1550 4612 705 1551 4613 705 1551 4614 711 1550 4615 708 1552 4616 705 1551 4617 708 1552 4618 703 1553 4619 703 1553 4620 708 1552 4621 706 1554 4622 703 1553 4623 706 1554 4624 702 1555 4625 702 1555 4626 706 1554 4627 707 1556 4628 702 1555 4629 707 1556 4630 709 1557 4631 702 1555 4632 709 1557 4633 704 1558 4634 704 1558 4635 709 1557 4636 712 1559 4637 704 1558 4638 712 1559 4639 715 1560 4640 715 1560 4641 718 1561 4642 704 1558 4643 704 1558 4644 718 1561 4645 729 1540 4646 729 1540 4647 718 1561 4648 720 1562 4649 729 1540 4650 720 1562 4651 723 1563 4652 723 1563 4653 726 1564 4654 729 1540 4655 729 1540 4656 726 1564 4657 727 1538 4658 664 1565 4659 690 1566 4660 662 1567 4661 662 1567 4662 690 1566 4663 692 1568 4664 662 1567 4665 692 1568 4666 627 1569 4667 628 1570 4668 701 1571 4669 663 1572 4670 663 1572 4671 701 1571 4672 700 1573 4673 663 1572 4674 700 1573 4675 665 1574 4676 665 1574 4677 700 1573 4678 675 1575 4679 675 1575 4680 700 1573 4681 699 1576 4682 675 1575 4683 699 1576 4684 674 1577 4685 674 1577 4686 699 1576 4687 698 1578 4688 674 1577 4689 698 1578 4690 673 1579 4691 673 1579 4692 698 1578 4693 697 1580 4694 673 1579 4695 697 1580 4696 672 1581 4697 672 1581 4698 697 1580 4699 696 1582 4700 672 1581 4701 696 1582 4702 671 1583 4703 671 1583 4704 696 1582 4705 695 1584 4706 671 1583 4707 695 1584 4708 670 1585 4709 670 1585 4710 695 1584 4711 694 1586 4712 670 1585 4713 694 1586 4714 669 1587 4715 669 1587 4716 694 1586 4717 693 1588 4718 669 1587 4719 693 1588 4720 668 1589 4721 668 1589 4722 693 1588 4723 691 1590 4724 668 1589 4725 691 1590 4726 667 1591 4727 667 1591 4728 691 1590 4729 690 1566 4730 667 1591 4731 690 1566 4732 666 1592 4733 666 1592 4734 690 1566 4735 664 1565 4736 793 1593 4737 860 1593 4738 830 1593 4739 829 1594 4740 830 1595 4741 859 1596 4742 859 1596 4743 830 1595 4744 860 1597 4745 848 1598 4746 801 1599 4747 849 1600 4748 849 1600 4749 801 1599 4750 802 1601 4751 849 1600 4752 802 1601 4753 851 1602 4754 851 1602 4755 802 1601 4756 805 1603 4757 851 1602 4758 805 1603 4759 852 1604 4760 852 1604 4761 805 1603 4762 806 1605 4763 852 1604 4764 806 1605 4765 853 1606 4766 853 1606 4767 806 1605 4768 811 1607 4769 853 1606 4770 811 1607 4771 854 1608 4772 854 1608 4773 811 1607 4774 816 1609 4775 854 1608 4776 816 1609 4777 855 1610 4778 855 1610 4779 816 1609 4780 819 1611 4781 855 1610 4782 819 1611 4783 856 1612 4784 856 1612 4785 819 1611 4786 822 1613 4787 856 1612 4788 822 1613 4789 857 1614 4790 857 1614 4791 822 1613 4792 828 1615 4793 857 1614 4794 828 1615 4795 858 1616 4796 858 1616 4797 828 1615 4798 829 1594 4799 858 1616 4800 829 1594 4801 859 1596 4802 803 1617 4803 801 1599 4804 850 1618 4805 850 1618 4806 801 1599 4807 848 1598 4808 792 1619 4809 793 1620 4810 799 1621 4811 799 1621 4812 793 1620 4813 804 1622 4814 804 1622 4815 793 1620 4816 830 1623 4817 907 1624 4818 860 1625 4819 908 1626 4820 908 1626 4821 860 1625 4822 900 1627 4823 900 1627 4824 860 1625 4825 793 1628 4826 905 627 4827 907 627 4828 906 627 4829 906 627 4830 907 627 4831 908 627 4832 906 1629 4833 908 1630 4834 796 1631 4835 796 1631 4836 908 1630 4837 797 1632 4838 797 1632 4839 908 1630 4840 900 1633 4841 900 1634 4842 793 1635 4843 797 1636 4844 797 1636 4845 793 1635 4846 597 1637 4847 597 1637 4848 793 1635 4849 614 1638 4850 614 1638 4851 793 1635 4852 623 1639 4853 623 1639 4854 793 1635 4855 629 1640 4856 629 1640 4857 793 1635 4858 792 1641 4859 629 1640 4860 792 1641 4861 626 1642 4862 183 1643 4863 180 1643 4864 133 1643 4865 153 1644 4866 123 1645 4867 151 1646 4868 151 1646 4869 123 1645 4870 121 1647 4871 121 1647 4872 122 1648 4873 151 1646 4874 151 1646 4875 122 1648 4876 152 1649 4877 152 1649 4878 122 1648 4879 124 1650 4880 152 1649 4881 124 1650 4882 155 1651 4883 155 1651 4884 124 1650 4885 125 1652 4886 155 1651 4887 125 1652 4888 156 1653 4889 156 1653 4890 125 1652 4891 126 1654 4892 156 1653 4893 126 1654 4894 161 1655 4895 161 1655 4896 126 1654 4897 127 1656 4898 161 1655 4899 127 1656 4900 166 1657 4901 166 1657 4902 127 1656 4903 128 1658 4904 166 1657 4905 128 1658 4906 169 1659 4907 169 1659 4908 128 1658 4909 129 1660 4910 169 1659 4911 129 1660 4912 172 1661 4913 172 1661 4914 129 1660 4915 130 1662 4916 172 1661 4917 130 1662 4918 178 1663 4919 178 1663 4920 130 1662 4921 131 1664 4922 178 1663 4923 131 1664 4924 179 1665 4925 179 1665 4926 131 1664 4927 132 1666 4928 179 1665 4929 132 1666 4930 180 1667 4931 180 1667 4932 132 1666 4933 133 1668 4934 80 1669 4935 82 1670 4936 133 1671 4937 133 1671 4938 82 1670 4939 183 1672 4940 180 1673 4941 183 1674 4942 154 1675 4943 154 1675 4944 183 1674 4945 181 1676 4946 181 1676 4947 183 1674 4948 182 1677 4949 175 352 4950 179 352 4951 177 352 4952 177 352 4953 179 352 4954 180 352 4955 177 352 4956 180 352 4957 176 352 4958 176 352 4959 180 352 4960 174 352 4961 174 352 4962 180 352 4963 171 352 4964 171 352 4965 180 352 4966 154 352 4967 171 352 4968 154 352 4969 168 352 4970 168 352 4971 154 352 4972 165 352 4973 165 352 4974 154 352 4975 163 352 4976 163 352 4977 154 352 4978 160 352 4979 160 352 4980 154 352 4981 153 352 4982 160 352 4983 153 352 4984 151 352 4985 175 352 4986 173 352 4987 179 352 4988 179 352 4989 173 352 4990 178 352 4991 178 352 4992 173 352 4993 170 352 4994 178 352 4995 170 352 4996 172 352 4997 172 352 4998 170 352 4999 167 352 5000 172 352 5001 167 352 5002 169 352 5003 169 352 5004 167 352 5005 166 352 5006 166 352 5007 167 352 5008 164 352 5009 166 352 5010 164 352 5011 161 352 5012 161 352 5013 164 352 5014 162 352 5015 161 352 5016 162 352 5017 156 352 5018 156 352 5019 162 352 5020 159 352 5021 156 352 5022 159 352 5023 155 352 5024 155 352 5025 159 352 5026 152 352 5027 152 352 5028 159 352 5029 157 352 5030 152 352 5031 157 352 5032 151 352 5033 151 352 5034 157 352 5035 158 352 5036 151 352 5037 158 352 5038 160 352 5039 192 1678 5040 191 1679 5041 202 1680 5042 202 1680 5043 191 1679 5044 206 1681 5045 202 1680 5046 206 1681 5047 210 1682 5048 206 1681 5049 191 1679 5050 219 1683 5051 219 1683 5052 191 1679 5053 195 1684 5054 219 1683 5055 195 1684 5056 226 1685 5057 226 1685 5058 195 1684 5059 200 1686 5060 226 1685 5061 200 1686 5062 220 1687 5063 247 1688 5064 274 1689 5065 220 1687 5066 220 1687 5067 274 1689 5068 248 1690 5069 220 1687 5070 248 1690 5071 226 1685 5072 247 1688 5073 259 1691 5074 274 1689 5075 274 1689 5076 302 1692 5077 248 1690 5078 557 1693 5079 575 1694 5080 584 1695 5081 584 1695 5082 575 1694 5083 585 1696 5084 584 1695 5085 585 1696 5086 614 1697 5087 614 1697 5088 585 1696 5089 597 1698 5090 584 1695 5091 614 1697 5092 595 1699 5093 595 1699 5094 614 1697 5095 623 1700 5096 595 1699 5097 623 1700 5098 629 1701 5099 626 1702 5100 611 1703 5101 629 1701 5102 629 1701 5103 611 1703 5104 609 1704 5105 629 1701 5106 609 1704 5107 595 1699 5108 611 1703 5109 601 1705 5110 609 1704 5111 575 1706 5112 796 1707 5113 585 1708 5114 585 1708 5115 796 1707 5116 797 1709 5117 585 1708 5118 797 1709 5119 597 1710 5120 224 1711 5121 201 1712 5122 233 1713 5123 233 1713 5124 201 1712 5125 234 1714 5126 233 1713 5127 234 1714 5128 246 1715 5129 224 1711 5130 203 1716 5131 201 1712 5132 201 1712 5133 199 1717 5134 234 1714 5135 234 1714 5136 199 1717 5137 225 1718 5138 225 1718 5139 199 1717 5140 209 1719 5141 225 1718 5142 209 1719 5143 221 1720 5144 199 1717 5145 196 1721 5146 209 1719 5147 381 1722 5148 380 1723 5149 358 1724 5150 358 1724 5151 380 1723 5152 312 1725 5153 358 1724 5154 312 1725 5155 306 1726 5156 306 1726 5157 312 1725 5158 275 1727 5159 306 1726 5160 275 1727 5161 265 1728 5162 312 1725 5163 244 1729 5164 275 1727 5165 275 1727 5166 244 1729 5167 243 1730 5168 275 1727 5169 243 1730 5170 254 1731 5171 254 1731 5172 243 1730 5173 242 1732 5174 254 1731 5175 242 1732 5176 239 1733 5177 358 1724 5178 394 1734 5179 381 1722 5180 84 1735 5181 239 1736 5182 211 1737 5183 211 1737 5184 239 1736 5185 242 1738 5186 211 1737 5187 242 1738 5188 243 1739 5189 243 1739 5190 244 1740 5191 211 1737 5192 211 1737 5193 197 1741 5194 84 1735 5195 84 1735 5196 197 1741 5197 193 1742 5198 84 1735 5199 193 1742 5200 190 1743 5201 190 1743 5202 194 1744 5203 84 1735 5204 84 1735 5205 194 1744 5206 198 1745 5207 84 1735 5208 198 1745 5209 212 1746 5210 212 1746 5211 245 1747 5212 84 1735 5213 84 1735 5214 245 1747 5215 376 1748 5216 376 1748 5217 245 1747 5218 307 1749 5219 376 1748 5220 307 1749 5221 377 1750 5222 618 1751 5223 615 1752 5224 602 1753 5225 602 1753 5226 615 1752 5227 586 1754 5228 602 1753 5229 586 1754 5230 594 1755 5231 615 1752 5232 612 1756 5233 586 1754 5234 586 1754 5235 612 1756 5236 576 1757 5237 576 1757 5238 612 1756 5239 581 1758 5240 576 1757 5241 581 1758 5242 560 1759 5243 612 1756 5244 610 1760 5245 581 1758 5246 581 1758 5247 610 1760 5248 587 1761 5249 533 1762 5250 553 1763 5251 512 1764 5252 512 1764 5253 553 1763 5254 517 1765 5255 512 1764 5256 517 1765 5257 511 1766 5258 511 1766 5259 517 1765 5260 532 1767 5261 533 1762 5262 541 1768 5263 553 1763 5264 553 1763 5265 556 1769 5266 517 1765 5267 517 1765 5268 556 1769 5269 542 1770 5270 542 1770 5271 556 1769 5272 558 1771 5273 511 1766 5274 502 1772 5275 512 1764 5276 512 1764 5277 502 1772 5278 498 1773 5279 554 1774 5280 562 1775 5281 534 1776 5282 534 1776 5283 562 1775 5284 561 1777 5285 534 1776 5286 561 1777 5287 501 1778 5288 501 1778 5289 561 1777 5290 499 1779 5291 501 1778 5292 499 1779 5293 460 1780 5294 460 1780 5295 499 1779 5296 438 1781 5297 460 1780 5298 438 1781 5299 439 1782 5300 574 1783 5301 567 1784 5302 554 1774 5303 554 1774 5304 567 1784 5305 562 1775 5306 439 1782 5307 422 1785 5308 460 1780 5309 501 1778 5310 539 1786 5311 534 1776 5312 327 1787 5313 331 1788 5314 341 1789 5315 341 1789 5316 331 1788 5317 348 1790 5318 341 1789 5319 348 1790 5320 328 1791 5321 327 1787 5322 313 1792 5323 331 1788 5324 331 1788 5325 357 1793 5326 348 1790 5327 348 1790 5328 357 1793 5329 363 1794 5330 363 1794 5331 357 1793 5332 366 1795 5333 363 1794 5334 366 1795 5335 382 1796 5336 357 1793 5337 364 1797 5338 366 1795 5339 366 1795 5340 364 1797 5341 365 1798 5342 211 1799 5343 244 1800 5344 281 1801 5345 281 1801 5346 244 1800 5347 312 1802 5348 281 1801 5349 312 1802 5350 343 1803 5351 343 1803 5352 312 1802 5353 380 1804 5354 343 1803 5355 380 1804 5356 379 1805 5357 379 1805 5358 393 1806 5359 343 1803 5360 281 1801 5361 241 1807 5362 211 1799 5363 211 1799 5364 241 1807 5365 197 1808 5366 197 1808 5367 241 1807 5368 223 1809 5369 197 1808 5370 223 1809 5371 193 1810 5372 193 1810 5373 223 1809 5374 208 1811 5375 193 1810 5376 208 1811 5377 190 1812 5378 190 1812 5379 208 1811 5380 207 1813 5381 190 1812 5382 207 1813 5383 194 1814 5384 194 1814 5385 207 1813 5386 222 1815 5387 194 1814 5388 222 1815 5389 198 1816 5390 198 1816 5391 222 1815 5392 240 1817 5393 198 1816 5394 240 1817 5395 212 1818 5396 212 1818 5397 240 1817 5398 280 1819 5399 212 1818 5400 280 1819 5401 245 1820 5402 245 1820 5403 280 1819 5404 342 1821 5405 245 1820 5406 342 1821 5407 307 1822 5408 307 1822 5409 342 1821 5410 378 1823 5411 307 1822 5412 378 1823 5413 377 1824 5414 342 1821 5415 392 1825 5416 378 1823 5417 437 1826 5418 438 1827 5419 475 1828 5420 475 1828 5421 438 1827 5422 499 1829 5423 475 1828 5424 499 1829 5425 519 1830 5426 519 1830 5427 499 1829 5428 561 1831 5429 519 1830 5430 561 1831 5431 600 1832 5432 519 1830 5433 600 1832 5434 573 1833 5435 573 1833 5436 600 1832 5437 617 1834 5438 573 1833 5439 617 1834 5440 593 1835 5441 593 1835 5442 617 1834 5443 625 1836 5444 593 1835 5445 625 1836 5446 606 1837 5447 606 1837 5448 625 1836 5449 630 1838 5450 606 1837 5451 630 1838 5452 604 1839 5453 604 1839 5454 630 1838 5455 624 1840 5456 604 1839 5457 624 1840 5458 592 1841 5459 592 1841 5460 624 1840 5461 616 1842 5462 592 1841 5463 616 1842 5464 572 1843 5465 572 1843 5466 616 1842 5467 599 1844 5468 572 1843 5469 599 1844 5470 518 1845 5471 518 1845 5472 599 1844 5473 559 1846 5474 518 1845 5475 559 1846 5476 474 1847 5477 474 1847 5478 559 1846 5479 500 1848 5480 474 1847 5481 500 1848 5482 436 1849 5483 436 1849 5484 500 1848 5485 435 1850 5486 436 1849 5487 420 1851 5488 474 1847 5489 475 1828 5490 421 1852 5491 437 1826 5492 421 1853 5493 405 1854 5494 422 1855 5495 422 1855 5496 405 1854 5497 406 1856 5498 406 1856 5499 405 1854 5500 402 1857 5501 402 1857 5502 405 1854 5503 401 1858 5504 402 1857 5505 401 1858 5506 394 1859 5507 394 1859 5508 401 1858 5509 393 1860 5510 561 1861 5511 562 1862 5512 600 1863 5513 600 1863 5514 562 1862 5515 567 1864 5516 600 1863 5517 567 1864 5518 574 1865 5519 574 1865 5520 898 1866 5521 600 1863 5522 600 1863 5523 898 1866 5524 617 1867 5525 617 1867 5526 898 1866 5527 625 1868 5528 625 1868 5529 898 1866 5530 630 1869 5531 630 1869 5532 898 1866 5533 624 1870 5534 624 1870 5535 898 1866 5536 616 1871 5537 616 1871 5538 898 1866 5539 599 1872 5540 599 1872 5541 898 1866 5542 559 1873 5543 559 1873 5544 898 1866 5545 434 1874 5546 559 1873 5547 434 1874 5548 500 1875 5549 500 1875 5550 434 1874 5551 435 1876 5552 364 1877 5553 357 1878 5554 324 1879 5555 324 1879 5556 357 1878 5557 331 1880 5558 324 1879 5559 331 1880 5560 313 1881 5561 313 1881 5562 189 1882 5563 324 1879 5564 82 1883 5565 185 1884 5566 183 1885 5567 183 1885 5568 185 1884 5569 200 1886 5570 183 1885 5571 200 1886 5572 195 1887 5573 247 1888 5574 220 1889 5575 185 1884 5576 185 1884 5577 220 1889 5578 200 1886 5579 195 1887 5580 191 1890 5581 183 1885 5582 183 1885 5583 191 1890 5584 182 1891 5585 182 1891 5586 191 1890 5587 192 1892 5588 799 1893 5589 611 1894 5590 792 1895 5591 792 1895 5592 611 1894 5593 626 1896 5594 196 1897 5595 199 1898 5596 78 1899 5597 78 1899 5598 199 1898 5599 201 1900 5600 78 1899 5601 201 1900 5602 203 1901 5603 203 1901 5604 76 1537 5605 78 1899 5606 902 1902 5607 610 1903 5608 904 1904 5609 904 1904 5610 610 1903 5611 612 1905 5612 904 1904 5613 612 1905 5614 615 1906 5615 615 1906 5616 618 1907 5617 904 1904 5618 791 1908 5619 984 1909 5620 790 1910 5621 790 1910 5622 984 1909 5623 983 1911 5624 803 1912 5625 810 1913 5626 801 1914 5627 801 1914 5628 810 1913 5629 808 627 5630 801 1914 5631 808 627 5632 807 627 5633 803 1912 5634 804 627 5635 810 1913 5636 810 1913 5637 804 627 5638 813 627 5639 813 627 5640 804 627 5641 815 627 5642 815 627 5643 804 627 5644 818 627 5645 818 627 5646 804 627 5647 821 627 5648 821 627 5649 804 627 5650 830 1915 5651 821 627 5652 830 1915 5653 824 627 5654 824 627 5655 830 1915 5656 826 1916 5657 826 1916 5658 830 1915 5659 827 1917 5660 827 1917 5661 830 1915 5662 829 1918 5663 827 1917 5664 829 1918 5665 825 1919 5666 825 1919 5667 829 1918 5668 823 1920 5669 823 1920 5670 829 1918 5671 828 1921 5672 823 1920 5673 828 1921 5674 820 1922 5675 820 1922 5676 828 1921 5677 822 1923 5678 820 1922 5679 822 1923 5680 817 1924 5681 817 1924 5682 822 1923 5683 819 1925 5684 817 1924 5685 819 1925 5686 816 1926 5687 817 1924 5688 816 1926 5689 814 627 5690 814 627 5691 816 1926 5692 811 1927 5693 814 627 5694 811 1927 5695 812 1928 5696 812 1928 5697 811 1927 5698 806 1929 5699 812 1928 5700 806 1929 5701 809 1930 5702 809 1930 5703 806 1929 5704 805 1931 5705 809 1930 5706 805 1931 5707 802 627 5708 809 1930 5709 802 627 5710 807 627 5711 807 627 5712 802 627 5713 801 1914 5714 795 1932 5715 558 1933 5716 784 1934 5717 784 1934 5718 558 1933 5719 556 1935 5720 784 1934 5721 556 1935 5722 553 1936 5723 553 1936 5724 541 1937 5725 784 1934 5726 949 1938 5727 1 1938 5728 948 1938 5729 948 1938 5730 1 1938 5731 0 1938 5732 303 1939 5733 36 1940 5734 304 1941 5735 304 1941 5736 36 1940 5737 37 1942 5738 619 1943 5739 620 1944 5740 631 1945 5741 631 1945 5742 620 1944 5743 632 1946 5744 631 1945 5745 632 1946 5746 633 1947 5747 633 1947 5748 632 1946 5749 635 1948 5750 635 1948 5751 632 1946 5752 637 1949 5753 635 1948 5754 637 1949 5755 636 1950 5756 636 1950 5757 637 1949 5758 647 1951 5759 636 1950 5760 647 1951 5761 646 1952 5762 620 1944 5763 621 1953 5764 632 1946 5765 632 1946 5766 621 1953 5767 622 1954 5768 632 1946 5769 634 1955 5770 637 1949 5771 637 1949 5772 634 1955 5773 644 1956 5774 644 1956 5775 634 1955 5776 645 1957 5777 644 1956 5778 645 1957 5779 649 1958 5780 649 1958 5781 645 1957 5782 648 1959 5783 648 1959 5784 645 1957 5785 651 1960 5786 646 1952 5787 650 1961 5788 636 1950 5789 688 352 5790 678 352 5791 689 352 5792 689 352 5793 678 352 5794 676 352 5795 689 352 5796 676 352 5797 687 352 5798 687 352 5799 676 352 5800 677 352 5801 687 352 5802 677 352 5803 685 352 5804 685 352 5805 677 352 5806 679 352 5807 685 352 5808 679 352 5809 683 352 5810 683 352 5811 679 352 5812 681 352 5813 678 352 5814 688 352 5815 680 352 5816 680 352 5817 688 352 5818 686 352 5819 680 352 5820 686 352 5821 682 352 5822 682 352 5823 686 352 5824 684 352 5825 776 1962 5826 725 1963 5827 778 1964 5828 778 1964 5829 725 1963 5830 727 1965 5831 778 1964 5832 727 1965 5833 777 1966 5834 777 1966 5835 727 1965 5836 726 1967 5837 777 1966 5838 726 1967 5839 723 1968 5840 776 1962 5841 771 1969 5842 725 1963 5843 725 1963 5844 771 1969 5845 722 1970 5846 722 1970 5847 771 1969 5848 767 1971 5849 722 1970 5850 767 1971 5851 719 1972 5852 719 1972 5853 767 1971 5854 763 1973 5855 719 1972 5856 763 1973 5857 717 1974 5858 717 1974 5859 763 1973 5860 759 1975 5861 717 1974 5862 759 1975 5863 714 1976 5864 714 1976 5865 759 1975 5866 755 1977 5867 714 1976 5868 755 1977 5869 711 1978 5870 711 1978 5871 755 1977 5872 749 1979 5873 711 1978 5874 749 1979 5875 708 1980 5876 708 1980 5877 749 1979 5878 747 1981 5879 708 1980 5880 747 1981 5881 706 1982 5882 706 1982 5883 747 1981 5884 748 1983 5885 706 1982 5886 748 1983 5887 707 1984 5888 707 1984 5889 748 1983 5890 750 1985 5891 707 1984 5892 750 1985 5893 709 1986 5894 709 1986 5895 750 1985 5896 756 1987 5897 709 1986 5898 756 1987 5899 712 1988 5900 712 1988 5901 756 1987 5902 760 1989 5903 712 1988 5904 760 1989 5905 715 1990 5906 715 1990 5907 760 1989 5908 764 1991 5909 715 1990 5910 764 1991 5911 718 1992 5912 718 1992 5913 764 1991 5914 768 1993 5915 718 1992 5916 768 1993 5917 720 1994 5918 720 1994 5919 768 1993 5920 772 1995 5921 720 1994 5922 772 1995 5923 723 1968 5924 723 1968 5925 772 1995 5926 777 1966 5927 643 1996 5928 639 1997 5929 644 1998 5930 644 1998 5931 639 1997 5932 638 627 5933 644 1998 5934 638 627 5935 637 627 5936 639 1997 5937 643 1996 5938 640 1999 5939 640 1999 5940 643 1996 5941 642 627 5942 640 1999 5943 642 627 5944 641 627 5945</p>
        </triangles>
      </mesh>
    </geometry>
  </library_geometries>
  <library_visual_scenes>
    <visual_scene id="Scene" name="Scene">
      <node id="Soporte_Camara" name="Soporte_Camara" type="NODE">
        <matrix sid="transform">-4.37108e-11 -9.99987e-4 0 0 9.99987e-4 -4.37108e-11 0 0 0 0 9.99987e-4 0 0 0 0 1</matrix>
        <instance_geometry url="#Soporte_Camara-mesh" name="Soporte_Camara">
          <bind_material>
            <technique_common>
              <instance_material symbol="_60_160_160-material" target="#_60_160_160-material">
                <bind_vertex_input semantic="UVMap" input_semantic="TEXCOORD" input_set="0"/>
              </instance_material>
            </technique_common>
          </bind_material>
        </instance_geometry>
      </node>
      <node id="Camera" name="Camera" type="NODE">
        <matrix sid="transform">0.6859207 -0.3240135 0.6515582 7.358891 0.7276763 0.3054208 -0.6141704 -6.925791 0 0.8953956 0.4452714 4.958309 0 0 0 1</matrix>
        <instance_camera url="#Camera-camera"/>
      </node>
      <node id="Light" name="Light" type="NODE">
        <matrix sid="transform">-0.2908646 -0.7711008 0.5663932 4.076245 0.9551712 -0.1998834 0.2183912 1.005454 -0.05518906 0.6045247 0.7946723 5.903862 0 0 0 1</matrix>
        <instance_light url="#Light-light"/>
      </node>
    </visual_scene>
  </library_visual_scenes>
  <scene>
    <instance_visual_scene url="#Scene"/>
  </scene>
</COLLADA>