<?xml version="1.0" encoding="utf-8"?>
<COLLADA xmlns="http://www.collada.org/2005/11/COLLADASchema" version="1.4.1" xmlns:xsi="http://www.w3.org/2001/XMLSchema-instance">
  <asset>
    <contributor>
      <author>Blender User</author>
      <authoring_tool>Blender 4.4.3 commit date:2025-04-29, commit time:14:09, hash:802179c51ccc</authoring_tool>
    </contributor>
    <created>2026-06-28T18:27:39</created>
    <modified>2026-06-28T18:27:39</modified>
    <unit name="meter" meter="1"/>
    <up_axis>Z_UP</up_axis>
  </asset>
  <library_cameras>
    <camera id="Camera_002-camera" name="Camera.002">
      <optics>
        <technique_common>
          <perspective>
            <xfov sid="xfov">39.59775</xfov>
            <aspect_ratio>1.777778</aspect_ratio>
            <znear sid="znear">0.1</znear>
            <zfar sid="zfar">100</zfar>
          </perspective>
        </technique_common>
      </optics>
      <extra>
        <technique profile="blender">
          <shiftx sid="shiftx" type="float">0</shiftx>
          <shifty sid="shifty" type="float">0</shifty>
          <dof_distance sid="dof_distance" type="float">10</dof_distance>
        </technique>
      </extra>
    </camera>
    <camera id="Camera_001-camera" name="Camera.001">
      <optics>
        <technique_common>
          <perspective>
            <xfov sid="xfov">39.59775</xfov>
            <aspect_ratio>1.777778</aspect_ratio>
            <znear sid="znear">0.1</znear>
            <zfar sid="zfar">100</zfar>
          </perspective>
        </technique_common>
      </optics>
      <extra>
        <technique profile="blender">
          <shiftx sid="shiftx" type="float">0</shiftx>
          <shifty sid="shifty" type="float">0</shifty>
          <dof_distance sid="dof_distance" type="float">10</dof_distance>
        </technique>
      </extra>
    </camera>
    <camera id="Camera-camera" name="Camera">
      <optics>
        <technique_common>
          <perspective>
            <xfov sid="xfov">39.59775</xfov>
            <aspect_ratio>1.777778</aspect_ratio>
            <znear sid="znear">0.1</znear>
            <zfar sid="zfar">100</zfar>
          </perspective>
        </technique_common>
      </optics>
      <extra>
        <technique profile="blender">
          <shiftx sid="shiftx" type="float">0</shiftx>
          <shifty sid="shifty" type="float">0</shifty>
          <dof_distance sid="dof_distance" type="float">10</dof_distance>
        </technique>
      </extra>
    </camera>
  </library_cameras>
  <library_lights>
    <light id="Light_002-light" name="Light.002">
      <technique_common>
        <point>
          <color sid="color">1000 1000 1000</color>
          <constant_attenuation>1</constant_attenuation>
          <linear_attenuation>0</linear_attenuation>
          <quadratic_attenuation>0</quadratic_attenuation>
        </point>
      </technique_common>
      <extra>
        <technique profile="blender">
          <type sid="type" type="int">0</type>
          <flag sid="flag" type="int">0</flag>
          <mode sid="mode" type="int">2097153</mode>
          <red sid="red" type="float">1</red>
          <green sid="green" type="float">1</green>
          <blue sid="blue" type="float">1</blue>
          <energy sid="blender_energy" type="float">1000</energy>
          <spotsize sid="spotsize" type="float">75</spotsize>
          <spotblend sid="spotblend" type="float">0.15</spotblend>
          <clipsta sid="clipsta" type="float">0.04999995</clipsta>
          <clipend sid="clipend" type="float">40</clipend>
          <radius sid="radius" type="float">0.1</radius>
          <area_shape sid="area_shape" type="int">1</area_shape>
          <area_size sid="area_size" type="float">0.1</area_size>
          <area_sizey sid="area_sizey" type="float">0.1</area_sizey>
          <area_sizez sid="area_sizez" type="float">1</area_sizez>
        </technique>
      </extra>
    </light>
    <light id="Light_001-light" name="Light.001">
      <technique_common>
        <point>
          <color sid="color">1000 1000 1000</color>
          <constant_attenuation>1</constant_attenuation>
          <linear_attenuation>0</linear_attenuation>
          <quadratic_attenuation>0</quadratic_attenuation>
        </point>
      </technique_common>
      <extra>
        <technique profile="blender">
          <type sid="type" type="int">0</type>
          <flag sid="flag" type="int">0</flag>
          <mode sid="mode" type="int">2097153</mode>
          <red sid="red" type="float">1</red>
          <green sid="green" type="float">1</green>
          <blue sid="blue" type="float">1</blue>
          <energy sid="blender_energy" type="float">1000</energy>
          <spotsize sid="spotsize" type="float">75</spotsize>
          <spotblend sid="spotblend" type="float">0.15</spotblend>
          <clipsta sid="clipsta" type="float">0.04999995</clipsta>
          <clipend sid="clipend" type="float">40</clipend>
          <radius sid="radius" type="float">0.1</radius>
          <area_shape sid="area_shape" type="int">1</area_shape>
          <area_size sid="area_size" type="float">0.1</area_size>
          <area_sizey sid="area_sizey" type="float">0.1</area_sizey>
          <area_sizez sid="area_sizez" type="float">1</area_sizez>
        </technique>
      </extra>
    </light>
    <light id="Light-light" name="Light">
      <technique_common>
        <point>
          <color sid="color">1000 1000 1000</color>
          <constant_attenuation>1</constant_attenuation>
          <linear_attenuation>0</linear_attenuation>
          <quadratic_attenuation>0</quadratic_attenuation>
        </point>
      </technique_common>
      <extra>
        <technique profile="blender">
          <type sid="type" type="int">0</type>
          <flag sid="flag" type="int">0</flag>
          <mode sid="mode" type="int">2097153</mode>
          <red sid="red" type="float">1</red>
          <green sid="green" type="float">1</green>
          <blue sid="blue" type="float">1</blue>
          <energy sid="blender_energy" type="float">1000</energy>
          <spotsize sid="spotsize" type="float">75</spotsize>
          <spotblend sid="spotblend" type="float">0.15</spotblend>
          <clipsta sid="clipsta" type="float">0.04999995</clipsta>
          <clipend sid="clipend" type="float">40</clipend>
          <radius sid="radius" type="float">0.1</radius>
          <area_shape sid="area_shape" type="int">1</area_shape>
          <area_size sid="area_size" type="float">0.1</area_size>
          <area_sizey sid="area_sizey" type="float">0.1</area_sizey>
          <area_sizez sid="area_sizez" type="float">1</area_sizez>
        </technique>
      </extra>
    </light>
  </library_lights>
  <library_effects>
    <effect id="_60_160_160-effect">
      <profile_COMMON>
        <technique sid="common">
          <lambert>
            <emission>
              <color sid="emission">0 0 0 1</color>
            </emission>
            <diffuse>
              <color sid="diffuse">0.627451 0.627451 0.627451 1</color>
            </diffuse>
            <index_of_refraction>
              <float sid="ior">1.5</float>
            </index_of_refraction>
          </lambert>
        </technique>
      </profile_COMMON>
    </effect>
    <effect id="_60_160_160_1-effect">
      <profile_COMMON>
        <technique sid="common">
          <lambert>
            <emission>
              <color sid="emission">0 0 0 1</color>
            </emission>
            <diffuse>
              <color sid="diffuse">0.627451 0.627451 0.627451 1</color>
            </diffuse>
            <index_of_refraction>
              <float sid="ior">1.5</float>
            </index_of_refraction>
          </lambert>
        </technique>
      </profile_COMMON>
    </effect>
  </library_effects>
  <library_images/>
  <library_materials>
    <material id="_60_160_160-material" name="160,160,160">
      <instance_effect url="#_60_160_160-effect"/>
    </material>
    <material id="_60_160_160_1-material" name="160,160,160_1">
      <instance_effect url="#_60_160_160_1-effect"/>
    </material>
  </library_materials>
  <library_geometries>
    <geometry id="Giro_dynamixel_001-mesh" name="Giro_dynamixel.001">
      <mesh>
        <source id="Giro_dynamixel_001-mesh-positions">
          <float_array id="Giro_dynamixel_001-mesh-positions-array" count="3000">-8.995038 -0.1000003 0.1725316 -8.970746 -0.1000003 -0.4179282 -8.903106 -0.1000003 0.7562947 -8.831186 -0.1000003 -0.9921699 -8.698524 -0.1000003 1.310711 -8.58176 -0.1000003 -1.527912 -8.389232 -0.1000003 1.81427 -7.987232 -0.1000003 2.247427 -7.820758 -0.1000003 -2.71643 -7.508113 -0.1000003 2.593375 -7.099998 -0.1000003 4.76837e-7 -7.046165 -0.1000003 -0.3399177 -7.046165 -0.1000003 0.3399186 -6.978149 -0.1000003 -3.848562 -6.970481 -0.1000003 2.83869 -6.889919 -0.1000003 -0.646564 -6.889919 -0.1000003 0.6465631 -6.646564 -0.1000003 -0.8899188 -6.646564 -0.1000003 0.8899198 -6.395187 -0.1000003 2.973856 -6.33992 -0.1000003 -1.046161 -6.33992 -0.1000003 1.046162 -6.058105 -0.1000003 -4.918716 -6.000003 -0.1000003 -1.100002 -6.000003 -0.1000003 1.099999 -5.804561 -0.1000003 2.993628 -5.660079 -0.1000003 -1.046161 -5.660079 -0.1000003 1.046162 -5.353435 -0.1000003 -0.8899188 -5.353435 -0.1000003 0.8899198 -5.221515 -0.1000003 2.897234 -5.11008 -0.1000003 -0.646564 -5.11008 -0.1000003 0.6465631 -5.06517 -0.1000003 -5.921604 -4.953838 -0.1000003 -0.3399177 -4.953838 -0.1000003 0.3399186 -4.900001 -0.1000003 4.76837e-7 -4.668678 -0.1000003 2.688418 -4.167503 -0.1000003 2.375281 -4.004241 -0.1000003 -6.852272 -3.737434 -0.1000003 1.969975 -2.966903 -0.1000003 1.155871 -2.880569 -0.1000003 -7.706121 -2.131488 -0.1000003 0.4084954 -1.699695 -0.1000003 -8.47894 -1.236953 -0.1000003 -0.2669997 -1.100002 -0.1000003 -6 -1.046161 -0.1000003 -6.33992 -1.046161 -0.1000003 -5.660081 -0.8899187 -0.1000003 -6.646564 -0.8899187 -0.1000003 -5.353435 -0.6465677 -0.1000003 -6.889919 -0.6465677 -0.1000003 -5.11008 -0.4674562 -0.1000003 -9.166907 -0.3399156 -0.1000003 -7.046163 -0.3399156 -0.1000003 -4.953838 -0.2894625 -0.1000003 -0.865953 5.96046e-7 -0.1000003 -7.1 5.96046e-7 -0.1000003 -4.899999 0.3399206 -0.1000003 -7.046163 0.3399206 -0.1000003 -4.953838 0.6465651 -0.1000003 -6.889919 0.6465651 -0.1000003 -5.11008 0.7044531 -0.1000003 -1.384237 0.810063 -0.1000003 -9.766621 0.8899161 -0.1000003 -6.646564 0.8899161 -0.1000003 -5.353435 1.046162 -0.1000003 -6.33992 1.046162 -0.1000003 -5.660081 1.099999 -0.1000003 -6 1.400387 -0.1000003 -6.604223 1.426896 -0.1000003 -7.546663 1.478848 -0.1000003 -5.66468 1.558056 -0.1000003 -8.480305 1.661324 -0.1000003 -4.739694 1.737939 -0.1000003 -1.818281 1.792248 -0.1000003 -9.39357 1.945538 -0.1000003 -3.840742 2.126549 -0.1000003 -10.27512 2.327969 -0.1000003 -2.978975 2.803872 -0.1000003 -2.165086 2.983368 -0.1038942 -2.214002 2.59097 -0.1157674 -10.42994 2.032078 -0.1506767 -6.895158 2.064045 -0.1506767 -6.128677 2.075272 -0.1506767 -7.66109 2.170872 -0.1506767 -5.369003 2.193219 -0.1506767 -8.419119 2.351532 -0.1506767 -4.623432 2.384785 -0.1506767 -9.161963 2.604294 -0.1506767 -3.899116 2.648129 -0.1506767 -9.882494 2.926724 -0.1506767 -3.203018 3.315732 -0.1506767 -2.541812 3.529362 -0.1611976 -2.346317 3.075036 -0.1643648 -10.57999 3.545281 -0.2410402 -10.71538 4.116452 -0.2965899 -2.458742 2.650681 -0.301425 -6.890626 2.680127 -0.301425 -6.184705 2.690464 -0.301425 -7.596038 2.778512 -0.301425 -5.485055 2.799092 -0.301425 -8.294177 2.944901 -0.301425 -4.798395 2.975522 -0.301425 -8.978323 3.177685 -0.301425 -4.131309 3.21806 -0.301425 -9.641926 3.474644 -0.301425 -3.490211 3.524376 -0.301425 -10.2786 3.832913 -0.301425 -2.881252 3.326542 -0.3034182 -10.76778 2.956162 -0.3504543 -1.947811 2.282143 -0.3520327 -10.59197 4.055958 -0.4484158 -10.96238 4.431458 -0.459116 -10.94399 4.753571 -0.5236845 -2.544399 3.448143 -0.5266295 -1.91089 3.23753 -0.5484238 -6.886327 3.264576 -0.5484238 -6.237859 3.274075 -0.5484238 -7.534328 3.354954 -0.5484238 -5.595151 3.373864 -0.5484238 -8.175642 3.507802 -0.5484238 -4.964374 3.535935 -0.5484238 -8.804114 3.721642 -0.5484238 -4.351585 3.758732 -0.5484238 -9.413704 3.994431 -0.5484238 -3.762662 4.04012 -0.5484238 -9.998568 4.32354 -0.5484238 -3.203266 4.377392 -0.5484238 -10.55308 4.705822 -0.5484238 -2.67876 3.873208 -0.5883131 -2.002891 -9.499746 -0.6000004 -0.04233109 -9.454174 -0.6000004 0.5645185 -9.43951 -0.6000004 -0.6479011 -9.304182 -0.6000004 1.154299 -9.275293 -0.6000004 -1.233882 -9.054286 -0.6000004 1.709185 -9.012056 -0.6000004 -1.782562 -8.712062 -0.6000004 2.212401 -8.28785 -0.6000004 2.648728 -8.232103 -0.6000004 -3.000677 -7.794464 -0.6000004 3.004981 -7.368515 -0.6000004 -4.161001 -7.246826 -0.6000004 3.270386 -6.661499 -0.6000004 3.436919 -6.425559 -0.6000004 -5.257799 -6.056175 -0.6000004 3.499548 -5.44915 -0.6000004 3.456381 -5.407897 -0.6000004 -6.285659 -4.858779 -0.6000004 3.308718 -4.320552 -0.6000004 -7.2395 -4.302909 -0.6000004 3.061026 -3.798347 -0.6000004 2.720793 -3.36034 -0.6000004 2.298306 -3.168903 -0.6000004 -8.114613 -2.61835 -0.6000004 1.514351 -1.958621 -0.6000004 -8.906672 -1.813876 -0.6000004 0.7946572 -0.9524721 -0.6000004 0.1441826 -0.695701 -0.6000004 -9.611769 -0.04007267 -0.6000004 -0.4325881 0.6136252 -0.6000004 -10.22642 0.9170309 -0.6000004 -0.9316764 1.912243 -0.6000004 -1.349643 1.962891 -0.6000004 -10.74758 2.438958 -0.6000004 -10.90601 2.938698 -0.6000004 -1.683607 3.111535 -0.6000004 -1.730724 3.561318 -0.6243124 -1.841901 4.738522 -0.6392918 -11.12281 3.321545 -0.6514616 -11.16623 4.336907 -0.6994581 -2.08613 4.054272 -0.7052097 -1.944067 5.237553 -0.7329321 -11.12384 4.162503 -0.7876473 -11.37496 5.385788 -0.8232832 -2.590721 4.746422 -0.832572 -2.144805 4.602299 -0.85464 -2.034013 5.36776 -0.8573752 -11.25314 3.777752 -0.8854151 -6.882369 3.80259 -0.8854151 -6.28679 3.811318 -0.8854151 -7.477519 3.885601 -0.8854151 -5.6965 3.902966 -0.8854151 -8.066533 4.025982 -0.8854151 -5.11717 4.051815 -0.8854151 -8.643742 4.222378 -0.8854151 -4.554357 4.256447 -0.8854151 -9.203619 4.47292 -0.8854151 -4.013465 4.514882 -0.8854151 -9.740778 4.775193 -0.8854151 -3.499691 4.824646 -0.8854151 -10.25007 5.12629 -0.8854151 -3.017967 5.18277 -0.8854151 -10.7266 5.585804 -0.8854151 -11.16579 4.946705 -0.981328 -11.53624 5.155713 -0.9952049 -2.189588 5.951424 -1.026051 -11.26238 5.177166 -1.06904 -2.103258 5.953637 -1.091295 -11.35999 5.966183 -1.153718 -2.596286 5.658886 -1.20472 -11.6554 4.25766 -1.303858 -6.878854 4.280541 -1.303858 -6.330257 4.288575 -1.303858 -7.427055 4.356999 -1.303858 -5.786535 4.372994 -1.303858 -7.9696 4.486306 -1.303858 -5.252902 4.510106 -1.303858 -8.501278 4.66721 -1.303858 -4.734489 4.698586 -1.303858 -9.016987 4.897988 -1.303858 -4.236268 4.936638 -1.303858 -9.511775 5.176411 -1.303858 -3.763025 5.22197 -1.303858 -9.980889 5.499817 -1.303858 -3.319299 5.551835 -1.303858 -10.41983 5.865094 -1.303858 -2.909355 5.923081 -1.303858 -10.82437 6.332131 -1.303858 -11.19065 6.571743 -1.30947 -11.36769 6.473748 -1.318206 -11.44345 5.724495 -1.319036 -2.145206 5.845311 -1.325084 -2.23364 6.28547 -1.43119 -11.73919 6.498032 -1.487863 -2.568666 6.241688 -1.58494 -2.16356 7.157437 -1.589683 -11.45419 6.870064 -1.659456 -11.79978 6.482655 -1.672002 -2.239253 7.448563 -1.765998 -11.57079 4.665089 -1.793154 -6.875869 4.68631 -1.793154 -6.36716 4.693757 -1.793154 -7.38421 4.75721 -1.793154 -5.86297 4.772038 -1.793154 -7.887308 4.87711 -1.793154 -5.368139 4.899178 -1.793154 -8.380331 5.044865 -1.793154 -4.887418 5.07396 -1.793154 -8.85854 5.258862 -1.793154 -4.425422 5.294701 -1.793154 -9.317353 5.517045 -1.793154 -3.986587 5.559285 -1.793154 -9.75236 5.816933 -1.793154 -3.575124 5.86517 -1.793154 -10.15938 6.155652 -1.793154 -3.194988 6.209424 -1.793154 -10.53452 6.529942 -1.793154 -2.849822 6.588734 -1.793154 -10.87416 6.936223 -1.793154 -2.542945 6.999463 -1.793154 -11.17505 7.437664 -1.793154 -11.4343 6.990769 -1.804015 -2.515348 7.722886 -1.857807 -11.52478 6.92717 -1.920102 -2.22334 7.948143 -1.988815 -11.62003 4.872677 -2.099999 -7.175479 4.878903 -2.099999 -6.418165 4.980904 -2.099999 -7.925046 4.999432 -2.099999 -5.670476 5.201096 -2.099999 -8.649672 5.231511 -2.099999 -4.949571 5.52821 -2.099999 -9.332726 5.569809 -2.099999 -4.271984 5.954735 -2.099999 -9.95854 6.006558 -2.099999 -3.653266 6.470883 -2.099999 -10.51276 6.531746 -2.099999 -3.107608 7.064812 -2.099999 -10.98266 7.133324 -2.099999 -2.647531 7.208207 -2.099999 -2.14266 7.485985 -2.099999 -2.438018 7.722905 -2.099999 -11.35747 7.761189 -2.099999 -2.600734 7.982998 -2.099999 -11.86875 8.273374 -2.099999 -11.57896 8.386196 -2.099999 -2.524713 8.547798 -2.099999 -11.38064 9.006977 -2.099999 -2.419633 9.372941 -2.099999 -11.3699 9.734811 -2.099999 -2.339576 10.19695 -2.099999 -11.32526 10.46599 -2.099999 -2.378618 10.92027 -2.099999 -11.21141 11.18116 -2.099999 -2.535722 11.61554 -2.099999 -10.98177 11.86138 -2.099999 -2.806732 12.26438 -2.099999 -10.64241 12.48865 -2.099999 -3.184469 12.84958 -2.099999 -10.20231 13.04636 -2.099999 -3.658935 13.35567 -2.099999 -9.67313 13.51973 -2.099999 -4.217567 13.76924 -2.099999 -9.068884 13.89624 -2.099999 -4.845575 14.07933 -2.099999 -8.40557 14.16591 -2.099999 -5.526329 14.27775 -2.099999 -7.700736 14.32162 -2.099999 -6.241804 14.35923 -2.099999 -6.97306 7.538281 -2.229238 -2.491054 8.319337 -2.236982 -11.51464 7.600983 -2.263917 -2.169137 8.692089 -2.279394 -11.66932 8.535432 -2.295359 -11.88056 7.653233 -2.308542 -2.109079 7.953694 -2.329796 -2.349197 8.93567 -2.3409 -11.62073 7.907513 -2.391162 -2.133129 8.164052 -2.440551 -2.211709 9.241754 -2.45016 -11.72416 9.095745 -2.455783 -11.87739 8.079189 -2.466413 -2.0622 8.228382 -2.494316 -2.08834 8.395112 -2.526125 -2.092618 9.562988 -2.531811 -11.79481 9.66856 -2.563166 -11.85836 8.498151 -2.566082 -2.001838 8.646368 -2.581027 -1.996494 9.894824 -2.582565 -11.82897 8.912052 -2.6 -1.928728 9.64676 -2.6 -1.842403 10.23425 -2.6 -11.82387 10.38616 -2.6 -1.865427 10.96584 -2.6 -11.71426 11.11408 -2.6 -1.997299 11.67326 -2.6 -11.49791 11.81457 -2.6 -2.235126 12.34102 -2.6 -11.17955 12.4723 -2.6 -2.573707 12.95448 -2.6 -10.76615 13.07287 -2.6 -3.005626 13.50025 -2.6 -10.26676 13.60315 -2.6 -3.521432 13.96635 -2.6 -9.692313 14.05151 -2.6 -4.109834 14.34259 -2.6 -9.055377 14.40815 -2.6 -4.757951 14.62075 -2.6 -8.369898 14.66526 -2.6 -5.451595 14.79471 -2.6 -7.65088 14.81722 -2.6 -6.175582 14.86068 -2.6 -6.914068 7.561261 -3.1 -6.837799 7.618931 -3.1 -7.349597 7.618931 -3.1 -6.326002 7.789032 -3.1 -7.835731 7.789032 -3.1 -5.839866 8.063053 -3.1 -8.271826 8.063053 -3.1 -5.403774 8.427236 -3.1 -8.636013 8.427236 -3.1 -5.039588 8.863332 -3.1 -8.91003 8.863332 -3.1 -4.765571 9.349462 -3.1 -9.080136 9.349462 -3.1 -4.595464 9.861263 -3.1 -9.137801 9.861263 -3.1 -4.537799 10.37306 -3.1 -9.080136 10.37306 -3.1 -4.595464 10.8592 -3.1 -8.91003 10.8592 -3.1 -4.765571 11.29529 -3.1 -8.636013 11.29529 -3.1 -5.039588 11.65947 -3.1 -8.271826 11.65947 -3.1 -5.403774 11.93349 -3.1 -7.835731 11.93349 -3.1 -5.839866 12.1036 -3.1 -7.349597 12.1036 -3.1 -6.326002 12.16126 -3.1 -6.837799 -7.95 -3.6 4.76837e-7 -7.893337 -3.6 -0.4666667 -7.893337 -3.6 0.4666677 -7.726638 -3.6 -0.9062095 -7.726638 -3.6 0.9062104 -7.459598 -3.6 -1.293088 -7.459598 -3.6 1.293089 -7.107727 -3.6 -1.60482 -7.107727 -3.6 1.604821 -7.099998 -3.6 4.76837e-7 -7.046165 -3.6 -0.3399177 -7.046165 -3.6 0.3399186 -6.889919 -3.6 -0.646564 -6.889919 -3.6 0.6465631 -6.691478 -3.6 -1.823282 -6.691478 -3.6 1.823283 -6.646564 -3.6 -0.8899188 -6.646564 -3.6 0.8899198 -6.33992 -3.6 -1.046161 -6.33992 -3.6 1.046162 -6.235046 -3.6 -1.935781 -6.235046 -3.6 1.935784 -6.000003 -3.6 -1.100002 -6.000003 -3.6 1.099999 -5.764957 -3.6 -1.935781 -5.764957 -3.6 1.935784 -5.660079 -3.6 -1.046161 -5.660079 -3.6 1.046162 -5.353435 -3.6 -0.8899188 -5.353435 -3.6 0.8899198 -5.308521 -3.6 -1.823282 -5.308521 -3.6 1.823283 -5.11008 -3.6 -0.646564 -5.11008 -3.6 0.6465631 -4.953838 -3.6 -0.3399177 -4.953838 -3.6 0.3399186 -4.900001 -3.6 4.76837e-7 -4.892276 -3.6 -1.60482 -4.892276 -3.6 1.604821 -4.540405 -3.6 -1.293088 -4.540405 -3.6 1.293089 -4.273361 -3.6 -0.9062095 -4.273361 -3.6 0.9062104 -4.106662 -3.6 -0.4666667 -4.106662 -3.6 0.4666677 -4.049999 -3.6 4.76837e-7 -1.95 -3.6 -6 -1.893337 -3.6 -6.466667 -1.893337 -3.6 -5.533334 -1.726642 -3.6 -6.906209 -1.726642 -3.6 -5.09379 -1.459598 -3.6 -7.293088 -1.459598 -3.6 -4.706911 -1.107723 -3.6 -7.604818 -1.107723 -3.6 -4.395181 -1.100002 -3.6 -6 -1.046161 -3.6 -6.33992 -1.046161 -3.6 -5.660081 -0.8899187 -3.6 -6.646564 -0.8899187 -3.6 -5.353435 -0.6914781 -3.6 -7.823282 -0.6914781 -3.6 -4.176719 -0.6465677 -3.6 -6.889919 -0.6465677 -3.6 -5.11008 -0.3399156 -3.6 -7.046163 -0.3399156 -3.6 -4.953838 -0.2350457 -3.6 -7.935781 -0.2350457 -3.6 -4.064218 5.96046e-7 -3.6 -7.1 5.96046e-7 -3.6 -4.899999 0.2350431 -3.6 -7.935781 0.2350431 -3.6 -4.064218 0.3399206 -3.6 -7.046163 0.3399206 -3.6 -4.953838 0.6465651 -3.6 -6.889919 0.6465651 -3.6 -5.11008 0.6914793 -3.6 -7.823282 0.6914793 -3.6 -4.176719 0.8899161 -3.6 -6.646564 0.8899161 -3.6 -5.353435 1.046162 -3.6 -6.33992 1.046162 -3.6 -5.660081 1.099999 -3.6 -6 1.107728 -3.6 -7.604818 1.107728 -3.6 -4.395181 1.459595 -3.6 -7.293088 1.459595 -3.6 -4.706911 1.726639 -3.6 -6.906209 1.726639 -3.6 -5.09379 1.893334 -3.6 -6.466667 1.893334 -3.6 -5.533334 1.949998 -3.6 -6 5.580956 -5.6 -2.136449 5.603165 -5.6 -11.64702 6.695904 -5.6 -2.162696 7.140961 -5.6 -11.82215 7.809002 -5.6 -2.093286 8.68757 -5.6 -11.88121 8.912052 -5.6 -1.928728 9.64676 -5.6 -1.842403 10.23425 -5.6 -11.82387 10.38616 -5.6 -1.865427 10.96584 -5.6 -11.71426 11.11408 -5.6 -1.997299 11.67326 -5.6 -11.49791 11.81457 -5.6 -2.235126 12.34102 -5.6 -11.17955 12.4723 -5.6 -2.573707 12.95448 -5.6 -10.76615 13.07287 -5.6 -3.005626 13.50025 -5.6 -10.26676 13.60315 -5.6 -3.521432 13.96635 -5.6 -9.692313 14.05151 -5.6 -4.109834 14.34259 -5.6 -9.055377 14.40815 -5.6 -4.757951 14.62075 -5.6 -8.369898 14.66526 -5.6 -5.451595 14.79471 -5.6 -7.65088 14.81722 -5.6 -6.175582 14.86068 -5.6 -6.914068 4.953595 -5.754581 -2.079416 4.894978 -5.756026 -11.52658 4.162899 -5.836947 -11.37507 4.323067 -5.847394 -1.990949 3.416821 -5.920259 -11.19179 3.699158 -5.940098 -1.872037 5.175972 -5.941822 -2.35254 1.946408 -5.951951 -6.066877 1.889958 -5.9564 -6.46482 1.921094 -5.96269 -5.666082 1.756657 -5.974888 -6.842222 1.812413 -5.988506 -5.282154 2.658532 -6.004149 -10.97479 1.551392 -6.006266 -7.181386 4.599076 -6.010024 -11.21603 1.63049 -6.025528 -4.933029 3.082692 -6.030138 -1.723014 1.283951 -6.047554 -7.466766 1.38622 -6.070197 -4.629791 4.26804 -6.080008 -2.234209 1.889878 -6.087069 -10.72218 0.9691397 -6.094647 -7.690937 3.861832 -6.1 -6.920751 3.902798 -6.1 -6.133035 3.924561 -6.1 -7.707036 4.046738 -6.1 -5.3575 4.089886 -6.1 -8.478301 4.291165 -6.1 -4.607545 4.354958 -6.1 -9.221205 4.631863 -6.1 -3.896139 4.715191 -6.1 -9.922923 5.062935 -6.1 -3.235569 5.164368 -6.1 -10.57132 5.576935 -6.1 -2.637256 5.694714 -6.1 -11.15519 6.611264 -6.1 -6.837799 6.669995 -6.1 -7.452867 6.669995 -6.1 -6.222732 6.725079 -6.1 -2.662212 6.844063 -6.1 -8.045704 6.844063 -6.1 -5.629898 7.127186 -6.1 -8.594883 7.127186 -6.1 -5.080717 7.189801 -6.1 -11.32441 7.509129 -6.1 -9.080555 7.509129 -6.1 -4.595043 7.87119 -6.1 -2.589494 7.976075 -6.1 -9.485175 7.976075 -6.1 -4.190427 8.511163 -6.1 -9.794104 8.511163 -6.1 -3.881494 8.693357 -6.1 -11.38121 9.006977 -6.1 -2.419633 9.095048 -6.1 -9.99619 9.095048 -6.1 -3.67941 9.706624 -6.1 -10.08412 9.706624 -6.1 -3.59148 9.734811 -6.1 -2.339576 10.19695 -6.1 -11.32526 10.32378 -6.1 -10.05472 10.32378 -6.1 -3.62088 10.46599 -6.1 -2.378618 10.92027 -6.1 -11.21141 10.92423 -6.1 -9.909052 10.92423 -6.1 -3.766546 11.18116 -6.1 -2.535722 11.48626 -6.1 -9.652382 11.48626 -6.1 -4.023218 11.61554 -6.1 -10.98177 11.86138 -6.1 -2.806732 11.98956 -6.1 -9.293988 11.98956 -6.1 -4.381612 12.26438 -6.1 -10.64241 12.41594 -6.1 -8.846817 12.41594 -6.1 -4.828783 12.48865 -6.1 -3.184469 12.74998 -6.1 -8.327036 12.74998 -6.1 -5.348564 12.84958 -6.1 -10.20231 12.97961 -6.1 -7.753431 12.97961 -6.1 -5.922168 13.04636 -6.1 -3.658935 13.09654 -6.1 -7.146732 13.09654 -6.1 -6.528867 13.35567 -6.1 -9.67313 13.51973 -6.1 -4.217567 13.76924 -6.1 -9.068884 13.89624 -6.1 -4.845575 14.07933 -6.1 -8.40557 14.16591 -6.1 -5.526329 14.27775 -6.1 -7.700736 14.32162 -6.1 -6.241804 14.35923 -6.1 -6.97306 2.474335 -6.115948 -1.544076 1.090428 -6.118992 -4.38338 3.49862 -6.138753 -10.95678 0.6201865 -6.144345 -7.84839 2.166611 -6.162573 -6.342567 2.194989 -6.162516 -5.989542 0.7550398 -6.16845 -4.202825 1.112736 -6.167673 -10.43199 2.083878 -6.173516 -6.686517 2.166657 -6.174062 -5.636659 4.998188 -6.183862 -11.04272 0.2504317 -6.193453 -7.933673 1.949143 -6.194618 -7.01218 1.875718 -6.196574 -1.335872 2.080685 -6.197122 -5.294275 4.923764 -6.20143 -2.576301 0.3935782 -6.216377 -4.091207 3.371628 -6.21682 -2.053449 1.764771 -6.225155 -7.310342 1.941922 -6.229034 -4.972822 -0.1260293 -6.239554 -7.944572 0.3289763 -6.24462 -10.10227 0.01934492 -6.261113 -4.050485 1.535733 -6.262994 -7.572557 1.755704 -6.267571 -4.678804 2.361729 -6.269525 -10.61974 1.28859 -6.271056 -1.099107 4.286229 -6.270751 -10.89497 -0.4964289 -6.281692 -7.883878 -0.3543161 -6.30103 -4.082496 4.273655 -6.304001 -2.487562 1.269806 -6.305422 -7.794027 1.527306 -6.310555 -4.418603 -0.4598993 -6.316612 -9.730736 -0.8483118 -6.319056 -7.754806 -0.7141718 -6.335398 -4.185688 0.7146841 -6.338457 -0.8344874 2.489426 -6.345403 -1.810819 0.9740568 -6.350492 -7.970935 -1.169242 -6.35084 -7.560569 1.262005 -6.355807 -4.198602 3.559769 -6.359813 -10.7163 -1.048248 -6.364134 -4.355745 2.439831 -6.370988 -6.089414 -1.446349 -6.376587 -7.307882 2.373822 -6.37706 -6.567686 -1.248309 -6.382344 -9.317381 2.412224 -6.385435 -5.607217 -1.344119 -6.38711 -4.587602 0.6555563 -6.396257 -8.09948 1.203789 -6.396166 -10.20024 -1.670303 -6.396616 -7.006202 0.1549687 -6.398363 -0.5426135 0.9659811 -6.401167 -4.024532 2.218495 -6.401972 -7.023744 -1.5899 -6.404374 -4.871677 3.628273 -6.405494 -2.366985 -1.832301 -6.411062 -6.666944 -1.777084 -6.416146 -5.197261 -1.926368 -6.420126 -6.302412 2.289055 -6.420212 -5.141223 -1.897891 -6.422644 -5.553396 -1.948413 -6.423963 -5.926637 -2.021617 -6.440063 -8.868388 0.321736 -6.440753 -8.175816 1.97815 -6.444043 -7.439296 0.6470991 -6.445325 -3.899026 2.820626 -6.449182 -10.50475 -0.3898805 -6.450659 -0.2239241 1.625577 -6.462835 -1.507678 2.078343 -6.469692 -4.710943 0.3595663 -6.482338 -9.842925 -0.01945436 -6.4827 -8.198115 0.3132101 -6.48733 -3.823863 -2.773288 -6.488976 -8.387001 -0.9190782 -6.495172 0.1211724 1.660912 -6.498939 -7.797021 2.988846 -6.503253 -2.214702 -0.35963 -6.521557 -8.167609 -0.02781236 -6.526237 -3.800815 -3.502998 -6.529034 -7.873743 1.789925 -6.528826 -4.330476 -1.432002 -6.531767 0.4925637 1.437226 -6.5367 -7.996021 1.493115 -6.5367 -8.347767 1.563687 -6.5367 -8.696866 1.64882 -6.5367 -9.0427 1.748353 -6.5367 -9.384669 1.80077 -6.5367 -4.12961 1.862122 -6.5367 -9.722167 1.92125 -6.5367 -3.794448 1.989922 -6.5367 -10.05461 2.055657 -6.5367 -3.464626 2.070706 -6.537338 -10.25839 2.203755 -6.5367 -3.140718 2.365288 -6.5367 -2.823297 2.539975 -6.5367 -2.51292 2.727505 -6.5367 -2.21013 0.9102064 -6.551844 -1.204114 -0.6913256 -6.556931 -8.085888 -4.210041 -6.560142 -7.329103 -1.92736 -6.560478 0.8894162 -0.3679499 -6.56113 -3.831485 1.281293 -6.560849 -8.08564 -0.493812 -6.562689 -9.434599 -2.403705 -6.581359 1.310675 -4.893402 -6.582314 -6.753808 -1.006885 -6.588412 -7.954526 -0.6992945 -6.591802 -3.914911 1.433579 -6.592622 -4.013826 -4.209159 -6.594136 -0.7716136 -2.85958 -6.594463 1.755278 -4.421237 -6.594907 -1.144552 -4.083675 -6.594916 -0.3605723 -5.551765 -6.595584 -6.148866 2.356453 -6.595775 -2.030858 -4.710083 -6.596867 -1.462228 -4.051349 -6.596868 0.06662416 -5.059612 -6.598993 -1.708244 -4.112594 -6.598997 0.4894376 -9.49937 -6.6 0.06641435 -9.45219 -6.6 -0.5765205 -9.427825 -6.6 0.7070966 -9.287897 -6.6 -1.199893 -9.239997 -6.6 1.323788 -9.012056 -6.6 -1.782562 -8.942245 -6.6 1.895571 -8.544677 -6.6 2.403044 -8.248641 -6.6 -2.976703 -8.060779 -6.6 2.828991 -7.945617 -6.6 -0.1306738 -7.921894 -6.6 0.3298688 -7.860527 -6.6 -0.5839133 -7.790687 -6.6 0.7719655 -7.671375 -6.6 -1.004493 -7.559329 -6.6 1.170887 -7.506965 -6.6 3.158965 -7.40485 -6.6 -4.115467 -7.388751 -6.6 -1.368894 -7.240768 -6.6 1.504326 -7.028461 -6.6 -1.656738 -6.902027 -6.6 3.381768 -6.852806 -6.6 1.75363 -6.610645 -6.6 -1.851921 -6.484683 -6.6 -5.193456 -6.417156 -6.6 1.904858 -6.266487 -6.6 3.48984 -6.183834 -6.6 -5.515285 -6.158679 -6.6 -1.943532 -5.958168 -6.6 1.949551 -5.697841 -6.6 -1.926448 -5.62191 -6.6 3.479517 -5.501522 -6.6 1.885209 -5.453193 -6.6 -1.871765 -5.072753 -6.6 1.715434 -4.990154 -6.6 3.351151 -4.69585 -6.6 1.449719 -4.392662 -6.6 3.109093 -4.39188 -6.6 1.102923 -4.263671 -6.6 0.8875032 -3.849697 -6.6 2.761557 -3.379688 -6.6 2.320334 -3.36034 -6.599992 2.298306 -3.293533 -6.599843 2.22217 -1.014125 -6.618272 -4.048524 1.311932 -6.62296 -9.975277 0.8536688 -6.625369 -8.295784 0.2148634 -6.629571 -0.8595176 -1.558502 -6.638294 -7.551837 -1.305297 -6.640563 -4.229906 1.021157 -6.656263 -3.774236 -1.78062 -6.656857 -7.290746 -1.564529 -6.658705 -4.454875 -1.959831 -6.671455 -6.997932 -1.803916 -6.670772 -8.708479 -1.786254 -6.672889 -4.717834 -2.091114 -6.682241 -6.680696 1.733101 -6.682139 -1.81611 -1.963718 -6.683207 -5.010007 0.3926855 -6.688098 -8.418009 -2.171714 -6.68939 -6.346607 -2.093727 -6.689954 -5.327384 -2.199096 -6.693023 -6.004331 -2.172668 -6.693218 -5.661699 0.5462271 -6.704735 -9.653439 -0.5715975 -6.705896 -0.4053378 0.5695044 -6.716935 -3.618877 -0.08371293 -6.745882 -8.446171 -3.056491 -6.753803 -7.888135 1.120873 -6.761421 -1.571168 -1.326404 -6.766047 0.1027054 0.09601652 -6.772594 -3.552705 -0.2248529 -6.781404 -9.290602 -0.557609 -6.797718 -8.382225 -2.046875 -6.809883 0.6634526 -4.245506 -6.811112 -6.977657 -0.381801 -6.821249 -3.580514 0.5218283 -6.832724 -1.296745 -2.728923 -6.837611 1.273938 -4.066642 -6.839365 -1.049715 -3.94115 -6.83921 -0.7751136 -4.203414 -6.840242 -1.269676 -3.854324 -6.840021 -0.485332 -4.365539 -6.841705 -1.472499 -3.807991 -6.841641 -0.1868166 -5.366081 -6.842721 -5.980522 -1.011539 -6.842802 -8.229063 -4.550197 -6.843576 -1.654493 -3.803287 -6.843828 0.1148037 -4.754562 -6.845591 -1.813362 -3.827537 -6.845634 0.3448167 -3.875541 -6.847334 0.5708871 -5.056949 -6.848065 -1.987619 -3.946899 -6.848733 0.7904172 -1.061046 -6.849391 -8.339509 -0.9885782 -6.849391 -8.795573 -0.58855 -6.849391 -3.323062 -0.4334825 -6.849391 -2.891895 -0.2592157 -6.849391 -2.464258 -0.06719529 -6.849391 -2.04429 0.1422468 -6.849391 -1.632736 0.3687407 -6.849391 -1.23031 -6.157306 -6.849878 -5.1793 -5.515571 -6.849897 -2.146003 -3.537586 -6.84999 2.121174 -0.99554 -6.851677 -8.886883 -0.8454737 -6.862224 -3.701717 -1.428039 -6.880331 -7.989593 -1.278011 -6.895746 -3.91106 -0.0628618 -6.895713 -0.9934688 -1.789111 -6.910036 -7.672052 -1.751464 -6.913777 -8.448309 -1.662067 -6.921993 -4.202192 -2.081611 -6.932675 -7.2894 -1.981456 -6.941334 -4.562395 -2.293594 -6.948721 -6.856889 -0.6323198 -6.950327 -0.6618457 -2.224727 -6.954302 -4.977376 -2.417045 -6.958652 -6.390935 -2.381462 -6.961396 -5.432521 -2.446563 -6.962827 -5.910097 -2.486442 -6.966963 -7.977926 -1.185592 -6.996441 -0.3023372 -3.20008 -7.011227 -7.476259 -1.721881 -7.033977 0.08489465 -3.697113 -7.037311 -6.986537 -3.691448 -7.037311 -6.41864 -3.66201 -7.037311 -5.851478 -3.60926 -7.037311 -5.289676 -3.532047 -7.037311 -4.72334 -3.431751 -7.037311 -4.164342 -3.308143 -7.037311 -3.610034 -3.161426 -7.037311 -3.061388 -2.991302 -7.037311 -2.517702 -2.799747 -7.037311 -1.984924 -2.585426 -7.037311 -1.45899 -2.349266 -7.037311 -0.942493 -2.091686 -7.037311 -0.4363437 -1.813136 -7.037311 0.05858075 -3.891628 -7.04651 -6.943786 -2.239768 -7.063004 0.4989038 -4.560043 -7.072853 -6.38124 -3.750061 -7.084166 -0.9694247 -2.737678 -7.083621 0.9385285 -4.015243 -7.085815 -1.436258 -3.592781 -7.085832 -0.4551063 -5.204025 -7.090316 -5.789627 -4.376945 -7.090148 -1.835002 -3.551624 -7.090153 0.08049821 -4.8162 -7.095378 -2.144977 -3.628005 -7.095387 0.6124253 -3.214019 -7.095921 1.402606 -5.822254 -7.098959 -5.169946 -5.312984 -7.09926 -2.351703 -3.818458 -7.09926 1.115067 -8.995325 -7.099999 0.1675133 -8.970279 -7.099999 -0.4212451 -8.904787 -7.099999 0.7498098 -8.830633 -7.099999 -0.9937492 -8.702173 -7.099999 1.303172 -8.58176 -7.099999 -1.527912 -8.449531 -7.099999 -0.04815042 -8.404188 -7.099999 0.4715715 -8.395298 -7.099999 1.806256 -8.383806 -7.099999 -0.5656867 -8.249839 -7.099999 0.9699063 -8.209987 -7.099999 -1.057573 -7.996002 -7.099999 2.239644 -7.993484 -7.099999 1.424267 -7.93597 -7.099999 -1.501506 -7.836894 -7.099999 -2.693038 -7.646732 -7.099999 1.814049 -7.574169 -7.099999 -1.877363 -7.519683 -7.099999 2.586613 -7.225315 -7.099999 2.121579 -7.140998 -7.099999 -2.168092 -7.013607 -7.099999 -3.804138 -6.984733 -7.099999 2.833779 -6.748348 -7.099999 2.332913 -6.656085 -7.099999 -2.360517 -6.411785 -7.099999 2.971604 -6.237442 -7.099999 2.438467 -6.141433 -7.099999 -2.445915 -6.115791 -7.099999 -4.855936 -5.992561 -7.099999 -4.035942 -5.82727 -7.099999 -3.223381 -5.822952 -7.099999 2.994771 -5.715774 -7.099999 2.433459 -5.620365 -7.099999 -2.420408 -5.240943 -7.099999 2.902384 -5.206993 -7.099999 2.318112 -4.734165 -7.099999 2.097657 -4.688228 -7.099999 2.69801 -4.318737 -7.099999 1.782092 -4.18613 -7.099999 2.389534 -3.979537 -7.099999 1.385724 -3.877502 -7.099999 1.555083 -3.773391 -7.099999 1.723176 -3.754013 -7.099999 1.988858 -3.737251 -7.099999 1.969765 -3.667224 -7.099999 1.889975 7.561261 -7.599999 -6.837799 7.618931 -7.599999 -7.349597 7.618931 -7.599999 -6.326002 7.789032 -7.599999 -7.835731 7.789032 -7.599999 -5.839866 8.063053 -7.599999 -8.271826 8.063053 -7.599999 -5.403774 8.427236 -7.599999 -8.636013 8.427236 -7.599999 -5.039588 8.863332 -7.599999 -8.91003 8.863332 -7.599999 -4.765571 9.349462 -7.599999 -9.080136 9.349462 -7.599999 -4.595464 9.861263 -7.599999 -9.137801 9.861263 -7.599999 -4.537799 10.37306 -7.599999 -9.080136 10.37306 -7.599999 -4.595464 10.8592 -7.599999 -8.91003 10.8592 -7.599999 -4.765571 11.29529 -7.599999 -8.636013 11.29529 -7.599999 -5.039588 11.65947 -7.599999 -8.271826 11.65947 -7.599999 -5.403774 11.93349 -7.599999 -7.835731 11.93349 -7.599999 -5.839866 12.1036 -7.599999 -7.349597 12.1036 -7.599999 -6.326002 12.16126 -7.599999 -6.837799 6.611264 -8.100002 -6.837799 6.669995 -8.100002 -7.452867 6.669995 -8.100002 -6.222732 6.844063 -8.100002 -8.045704 6.844063 -8.100002 -5.629898 7.061264 -8.100002 -6.837799 7.11858 -8.100002 -7.401435 7.11858 -8.100002 -6.274164 7.127186 -8.100002 -8.594883 7.127186 -8.100002 -5.080717 7.288182 -8.100002 -7.941995 7.288182 -8.100002 -5.733602 7.509129 -8.100002 -9.080555 7.509129 -8.100002 -4.595043 7.563126 -8.100002 -8.437354 7.563126 -8.100002 -5.238248 7.932152 -8.100002 -8.867218 7.932152 -8.100002 -4.80838 7.976075 -8.100002 -9.485175 7.976075 -8.100002 -4.190427 8.380165 -8.100002 -9.214005 8.380165 -8.100002 -4.461595 8.511163 -8.100002 -9.794104 8.511163 -8.100002 -3.881494 8.888813 -8.100002 -9.463505 8.888813 -8.100002 -4.212093 9.095048 -8.100002 -9.99619 9.095048 -8.100002 -3.67941 9.437261 -8.100002 -9.605511 9.437261 -8.100002 -4.070087 9.706624 -8.100002 -10.08412 9.706624 -8.100002 -3.59148 10.00308 -8.100002 -9.634207 10.00308 -8.100002 -4.041393 10.32378 -8.100002 -10.05472 10.32378 -8.100002 -3.62088 10.56309 -8.100002 -9.548418 10.56309 -8.100002 -4.127183 10.92423 -8.100002 -9.909052 10.92423 -8.100002 -3.766546 11.09437 -8.100002 -9.351655 11.09437 -8.100002 -4.323947 11.48626 -8.100002 -9.652382 11.48626 -8.100002 -4.023218 11.57516 -8.100002 -9.051974 11.57516 -8.100002 -4.623626 11.98578 -8.100002 -8.661643 11.98578 -8.100002 -5.013957 11.98956 -8.100002 -9.293988 11.98956 -8.100002 -4.381612 12.30943 -8.100002 -8.196646 12.30943 -8.100002 -5.478954 12.41594 -8.100002 -8.846817 12.41594 -8.100002 -4.828783 12.53285 -8.100002 -7.676017 12.53285 -8.100002 -5.999584 12.6469 -8.100002 -7.12107 12.6469 -8.100002 -6.554529 12.74998 -8.100002 -8.327036 12.74998 -8.100002 -5.348564 12.97961 -8.100002 -7.753431 12.97961 -8.100002 -5.922168 13.09654 -8.100002 -7.146732 13.09654 -8.100002 -6.528867</float_array>
          <technique_common>
            <accessor source="#Giro_dynamixel_001-mesh-positions-array" count="1000" stride="3">
              <param name="X" type="float"/>
              <param name="Y" type="float"/>
              <param name="Z" type="float"/>
            </accessor>
          </technique_common>
        </source>
        <source id="Giro_dynamixel_001-mesh-normals">
          <float_array id="Giro_dynamixel_001-mesh-normals-array" count="4824">0.559437 -0.68151 0.4717777 0.4635666 -0.683479 0.5638816 0.5467932 -0.6813678 0.486575 0.4790899 -0.6819434 0.5526537 0.5704404 -0.6805191 0.459882 0.6120565 -0.6801725 0.4034256 0.6436669 -0.6796901 0.3517305 0.664621 -0.6797409 0.3102116 0.6967121 -0.679256 0.2306594 0.7032899 -0.679315 0.2095581 0.7267908 -0.67913 0.1027501 0.7264267 -0.6791591 0.1051061 0.7340926 -0.6790421 -0.00316745 0.7259983 -0.6791978 0.1077812 0.7335264 -0.6790079 -0.02979028 0.725925 -0.6789446 -0.109851 0.7156324 -0.6790326 -0.1636612 0.7020618 -0.6790661 -0.2144261 0.6723179 -0.6793606 -0.2940372 0.6623299 -0.6793502 -0.3159154 0.6066458 -0.6797689 -0.4121835 0.6096411 -0.6795851 -0.4080465 0.5440887 -0.6801683 -0.4912622 0.6130874 -0.6793661 -0.4032192 0.5319104 -0.679898 -0.5047871 0.733481 -0.6790139 -0.03075546 0.7163357 -0.6790037 -0.1606776 0.6753173 -0.6791775 -0.2875145 0.4664739 -0.6812019 -0.5642393 0.4319854 -0.6811829 -0.5910825 0.378946 -0.6825508 -0.6249195 0.3200007 -0.6829627 -0.656629 0.2855824 -0.6845214 -0.6707258 0.1987366 -0.6859478 -0.6999853 0.1864362 -0.6872884 -0.7020514 0.0826146 -0.6909874 -0.7181305 0.1769552 -0.6882487 -0.7035629 0.0460931 -0.6931324 -0.719335 -0.02136468 -0.6953146 -0.7183879 -0.08229893 -0.6991415 -0.7102311 -0.1241471 -0.7005048 -0.7027663 -0.2067492 -0.7070001 -0.6763178 -0.2230576 -0.7076014 -0.6704816 -0.3263126 -0.7170065 -0.6159723 -0.3199112 -0.7159564 -0.6205347 -0.4089756 -0.725074 -0.5540819 -0.3110328 -0.7144272 -0.6267795 -0.4241667 -0.7263392 -0.5408455 0.06927382 -0.6904917 -0.7200155 -0.06022882 -0.6961733 -0.7153427 -0.1877006 -0.7041151 -0.6848288 -0.486787 -0.7343032 -0.4731144 -0.5178768 -0.738261 -0.4321742 -0.5519832 -0.7434346 -0.3776502 -0.5898809 -0.7494415 -0.3006294 -0.6025549 -0.7517887 -0.2678455 -0.635493 -0.7584541 -0.144555 -0.6358729 -0.7585544 -0.142341 -0.6472712 -0.7621746 -0.01140338 -0.6360796 -0.7586323 -0.1409956 -0.6466311 -0.762523 0.02066367 -0.6371076 -0.7622957 0.1140147 -0.6248679 -0.761195 0.1735581 -0.6074542 -0.7592456 0.2335498 -0.5734047 -0.7551406 0.3177573 -0.5585069 -0.7532365 0.3474262 -0.4916899 -0.7449229 0.4509224 -0.4892977 -0.7445451 0.4541369 -0.4082634 -0.7350437 0.5413241 -0.4859727 -0.7439767 0.4586167 -0.3810544 -0.73171 0.5651532 -0.6466237 -0.7625254 0.02080637 -0.6244059 -0.7611174 0.1755499 -0.5715442 -0.7548379 0.3218028 -0.318784 -0.7256678 0.6097402 -0.2632241 -0.7199324 0.642192 -0.2221329 -0.7168878 0.6608546 -0.1359338 -0.7092958 0.6916803 -0.1202929 -0.7089242 0.6949505 -0.001811504 -0.6998907 0.7142477 -0.01416152 -0.7016288 0.712402 0.09141987 -0.6953127 0.7128693 -0.02323096 -0.7028386 0.7109699 0.1070354 -0.695205 0.7107977 0.1918948 -0.690187 0.6977237 0.2318232 -0.6898034 0.6858785 0.2900982 -0.687144 0.6660902 0.3509362 -0.6862435 0.6371135 0.382597 -0.6848499 0.6201614 0.3708134 -0.6842141 0.6279718 0.2539176 -0.6873044 0.6805428 0.1293951 -0.6923828 0.7098331 -0.1545706 -0.7120556 0.6848977 -0.2776377 -0.7222095 0.6335068 -0.3909404 -0.7333709 0.5561771 -0.5926699 -0.7501039 -0.2934054 -0.5238225 -0.7395232 -0.4227475 -0.4341774 -0.7282228 -0.5302655 0.300895 -0.6847358 -0.6637763 0.4167712 -0.6824358 -0.6004859 0.5212881 -0.6807141 -0.5146718 0.6935644 -0.6795541 0.2391124 0.6369312 -0.680305 0.3626345 0.01276463 -0.9999102 -0.00408715 0.005145192 -0.9999856 -0.001541435 0.04700922 -0.9987935 -0.01420986 -1.08629e-5 -1 1.02967e-5 0.04733264 -0.9988129 -0.01151365 2.27038e-5 -1 -7.20844e-6 0.0482757 -0.9987869 -0.009705305 2.56822e-5 -1 -5.1891e-6 0.04870444 -0.9987837 -0.007685482 3.29172e-5 -1 2.50805e-6 4.8941e-5 -1 1.7304e-5 0.04898399 -0.9987838 -0.005625724 0.006323695 -0.9999798 -6.73559e-4 0.0489397 -0.9987964 -0.003315806 0.01934039 -0.9998121 -0.001321256 0.03243279 -0.9994734 -0.001025021 0.04931509 -0.9987821 -0.001517236 0.04544192 -0.9989669 3.18984e-4 0.04920983 -0.9987875 -0.001459479 0.04553121 -0.9989629 2.84138e-4 0.04933959 -0.998782 4.6209e-4 0.0494005 -0.998779 4.90458e-4 0.04549759 -0.9989645 2.71592e-4 0.05861288 -0.9982768 0.002858281 0.08048945 -0.9967509 0.00303936 0.07146096 -0.9974219 0.00656569 0.08558768 -0.9963119 0.00612992 0.08461856 -0.9963486 0.01136857 0.09128254 -0.9957835 0.009113609 0.0974738 -0.9951424 0.01380956 0.09898906 -0.9950076 0.01268833 0.1069344 -0.9941402 0.0158264 0.09697616 -0.9951331 0.01749128 0.1155072 -0.9931315 0.01865708 0.1245905 -0.9920026 0.02020215 0.1451455 -0.9890635 0.02619808 0.1336862 -0.990788 0.02161419 0.1426362 -0.9895563 0.02081739 0.1460975 -0.9890663 0.02008944 0.1512722 -0.9883338 0.01769942 0.1940329 -0.9805837 0.02840626 0.1586571 -0.9872598 0.01208925 0.1960697 -0.9805863 0.002706825 0.1641027 -0.9864352 0.003997147 0.1947478 -0.980583 -0.02303206 0.1670445 -0.985931 -0.00603348 0.1669237 -0.9858263 -0.01682853 0.1900528 -0.9805809 -0.04838365 0.1637872 -0.9861244 -0.02706313 0.1580319 -0.9867997 -0.03538793 0.1504292 -0.9877662 -0.04110068 0.1820361 -0.9805873 -0.07287907 0.1418263 -0.988911 -0.04404896 0.1398223 -0.9890614 -0.04698371 0.1327853 -0.9901443 -0.04452282 0.1237261 -0.991389 -0.04289227 0.1377829 -0.9890558 -0.05276918 0.1149712 -0.9925699 -0.0398336 0.09199506 -0.9951354 -0.03524959 0.09337037 -0.9951354 -0.03142452 0.0461415 -0.9987784 -0.01768893 0.04686242 -0.998777 -0.01576489 0.01847809 -0.9998082 -0.006496787 0.09638321 -0.995178 0.01819503 0.1439771 -0.9890502 0.0324071 0.107916 -0.9938133 0.02625554 0.1425395 -0.9890481 0.03829342 0.1183735 -0.9923243 0.03578341 0.1407754 -0.9890545 0.04420191 0.1274533 -0.9907422 0.04675179 0.1387546 -0.9890623 0.05003035 0.1365615 -0.9890587 0.05580228 0.1886394 -0.9805815 0.05362147 0.1799405 -0.9805886 0.07789355 0.1349825 -0.9890734 0.05927556 0.1405526 -0.9873626 0.07321339 0.1438801 -0.9856239 0.08856683 0.16818 -0.9805862 0.1008273 0.1445449 -0.9838882 0.1052191 0.1535152 -0.9805827 0.1220278 0.1420504 -0.9822034 0.1228752 0.1361847 -0.9805849 0.1410918 0.1708945 -0.9805877 -0.09613972 0.1347608 -0.9891517 -0.05846834 0.1568333 -0.9805818 -0.1177406 0.1270091 -0.989059 -0.07504034 0.12992 -0.9890634 -0.06981843 0.1322402 -0.989171 -0.06366586 0.08684116 -0.9951298 -0.04664099 0.08843952 -0.995166 -0.04269939 0.04347854 -0.9987813 -0.02335673 0.04441505 -0.998783 -0.02144765 0.01738369 -0.9998087 -0.008969724 0.02121204 -0.9997244 -0.01006036 0.1400282 -0.9805835 -0.1372885 0.1407488 -0.98256 -0.1215142 0.1381632 -0.9845489 -0.1075844 0.1329569 -0.986516 -0.0954402 0.1259354 -0.9884124 -0.08474129 0.1237482 -0.9890619 -0.08026838 0.1175137 -0.9902143 -0.07527512 0.1081135 -0.9918919 -0.06679862 0.09774869 -0.9934248 -0.05960232 0.08752793 -0.994807 -0.05194288 0.08488535 -0.9951301 -0.05010586 0.07663488 -0.9960355 -0.04517209 0.06566709 -0.9970935 -0.03863143 0.05453848 -0.997989 -0.03230619 0.04238748 -0.9987874 -0.0250442 0.043428 -0.9987195 -0.02595049 0.03235852 -0.9992842 -0.01960182 0.004651784 -0.9999856 -0.002686321 0.02138787 -0.9996843 -0.01318401 -3.40547e-5 -1 7.34814e-7 -6.82398e-6 -1 -9.02498e-6 0.02136945 -0.9996846 -0.0131967 1.65943e-5 -1 -1.58371e-5 0.010571 -0.9999218 -0.006685376 -3.75947e-5 -1 2.45031e-5 -3.80436e-5 -1 2.18749e-5 0.01173156 -0.9999104 -0.006465435 0.04534113 -0.9987794 -0.01959413 0.02277624 -0.9996924 -0.00982052 0.0218926 -0.9997241 -0.008523821 0.07660412 -0.9970617 1.23991e-4 0.07396477 -0.9972573 -0.002696514 0.07274502 -0.9973356 -0.005481839 0.07282203 -0.9973101 -0.0083552 0.07427757 -0.9971721 -0.01143538 0.07701456 -0.9969204 -0.01478379 0.08098059 -0.9965438 -0.01851415 0.08603763 -0.9960355 -0.02260124 0.09209764 -0.9953853 -0.02695065 0.09902369 -0.9945867 -0.03149414 0.1066869 -0.9936449 -0.03588497 0.09015017 -0.995166 -0.03895759 -0.9709559 -0.001017868 0.2392569 -0.9994077 3.82538e-5 0.03441476 -1 -2.36079e-5 7.86137e-6 -0.9852277 1.97838e-4 -0.1712494 -0.9709383 -1.49845e-5 -0.2393298 -0.9297335 4.60562e-6 -0.3682332 -0.8854544 -1.76579e-5 -0.4647263 -0.8367638 0 -0.547564 -0.7485059 -2.95197e-5 -0.6631283 -0.7111775 1.01292e-5 -0.7030125 -0.5680655 2.99595e-5 -0.8229835 -0.559178 -2.16998e-7 -0.8290477 -0.3871741 1.63176e-5 -0.9220067 -0.8854626 -7.04192e-5 0.4647109 -0.901755 8.73415e-5 0.4322475 -0.9710633 2.22775e-5 0.2388226 -0.7955953 -8.05082e-6 0.6058284 -0.7485116 -6.19367e-5 0.6631218 -0.6586543 5.54579e-6 0.7524456 -0.5680572 -2.42507e-5 0.8229891 -0.49724 1.10972e-5 0.8676131 -0.3545951 -1.09496e-5 0.93502 -0.318087 4.62303e-6 0.9480615 -0.120541 -1.75282e-5 0.9927085 -0.1283742 -1.72528e-7 0.9917259 0.06468999 3.29199e-6 0.9979054 0.1205044 -3.28164e-4 0.9927128 0.2548337 1.39244e-5 0.9669849 0.3545956 1.86823e-6 0.9350198 0.4352414 6.4394e-6 0.9003138 0.568067 -8.15045e-5 0.8229824 0.5996708 8.52102e-6 0.8002469 0.7485053 -6.2594e-5 0.6631288 0.7417356 -2.22353e-7 0.6706925 0.8565596 -3.03098e-5 0.5160483 0.8854607 9.98657e-6 0.4647144 0.9396998 5.90407e-5 0.3420005 0.970941 -1.66367e-5 0.239319 0.9879093 8.62894e-5 0.1550333 1 -7.36327e-6 8.68577e-6 0.9992904 1.40608e-5 -0.0376684 0.9709454 -1.45756e-4 -0.2393014 0.9737333 4.7419e-5 -0.2276918 0.9113817 7.56338e-5 -0.4115623 0.8854645 -1.62367e-4 -0.4647071 0.8155202 2.43154e-5 -0.5787286 0.7485133 1.02068e-5 -0.6631199 0.6894379 5.3996e-5 -0.7243448 0.5680465 -9.92091e-5 -0.8229965 0.5375761 9.11183e-7 -0.8432154 0.3546065 -7.53647e-5 -0.9350156 0.3663708 -3.26778e-7 -0.930469 0.1816884 -3.39712e-6 -0.9833562 0.1205393 -2.33483e-6 -0.9927086 -0.009910106 4.62704e-6 -0.9999509 -0.1205409 -1.31237e-5 -0.9927085 -0.2019311 2.77197e-6 -0.9793998 -0.354612 -5.68691e-5 -0.9350137 0.6893102 -0.7071805 -0.1573128 0.6927255 -0.70704 -0.1422184 0.7069402 -0.7072733 -6.30826e-7 0.7071104 -0.7071032 0 0.6925402 -0.7071748 0.14245 0.6500793 -0.7068682 -0.2788089 0.6370637 -0.7071287 -0.3067884 0.5804061 -0.7070675 -0.4039609 0.5528414 -0.7071048 -0.4408735 0.4871696 -0.7071092 -0.5125061 0.4408737 -0.707098 -0.5528498 0.374043 -0.7070901 -0.6000962 0.3067957 -0.7071089 -0.6370821 0.2455824 -0.7070981 -0.6631001 0.1573448 -0.7071117 -0.6893735 0.1070737 -0.7070424 -0.6990181 -3.24351e-6 -0.7071141 -0.7070995 -0.03582853 -0.7070702 -0.7062352 -0.1573493 -0.7071115 -0.6893726 -0.1774068 -0.7069852 -0.6846159 -0.3067941 -0.7071508 -0.6370363 -0.3122827 -0.707164 -0.6343491 -0.4327207 -0.7070934 -0.5592601 -0.4408429 -0.7071373 -0.552824 -0.5365512 -0.7069771 -0.4607562 -0.5528315 -0.7071174 -0.4408654 -0.6182846 -0.7070657 -0.3431941 -0.6370856 -0.7071024 -0.3068031 -0.6747255 -0.7070541 -0.2117075 -0.689387 -0.7070975 -0.1573492 -0.7034913 -0.7070941 -0.07153964 -0.7071093 -0.7071042 6.50645e-7 -0.7036214 -0.7069623 0.07156342 -0.6893547 -0.7071298 0.1573455 -0.6746972 -0.7070864 0.2116898 -0.6370848 -0.7071027 0.3068041 -0.6182852 -0.7070659 0.3431928 -0.5528315 -0.7071169 0.4408663 -0.5365437 -0.7070063 0.4607201 -0.4406966 -0.7072941 0.55274 -0.4325895 -0.7070705 0.5593904 -0.3067953 -0.7071506 0.6370359 -0.3115522 -0.7071224 0.6347544 -0.1774408 -0.7069625 0.6846305 -0.1573435 -0.7072101 0.6892728 -0.03581315 -0.7071027 0.7062035 1.23208e-6 -0.7071137 0.7070999 0.1070642 -0.7069775 0.6990852 0.1573513 -0.7071105 0.6893733 0.2455899 -0.707064 0.6631336 0.3068013 -0.7071076 0.6370807 0.3740431 -0.7070891 0.6000974 0.4408759 -0.7070968 0.5528495 0.4872214 -0.7070428 0.5125485 0.5528425 -0.7071046 0.4408724 0.5803731 -0.7071001 0.4039511 0.6370919 -0.7070963 0.3068041 0.6498687 -0.7070496 0.2788398 0.6893398 -0.7071482 0.1573279 0.9749281 0 -0.2225203 0.9749283 0 -0.2225199 1 0 -5.20277e-7 1 0 3.38896e-7 0.9749281 0 0.2225204 0.974928 0 0.2225211 0.9009698 0 0.4338818 0.9009691 0 0.4338834 0.7818318 0 0.6234895 0.7818307 0 0.6234909 0.623492 0 0.7818298 0.6234903 0 0.7818312 0.4338862 0 0.9009677 0.433883 0 0.9009693 0.2225222 0 0.9749276 0.2225199 0 0.9749282 0 0 1 -8.2576e-7 0 1 -0.2225171 0 0.9749289 -0.2225193 0 0.9749284 -0.4338827 0 0.9009695 -0.4338858 0 0.9009679 -0.6234946 0 0.7818277 -0.6234962 0 0.7818264 -0.7818324 0 0.6234888 -0.7818334 0 0.6234875 -0.9009656 0 0.4338904 -0.9009664 0 0.433889 -0.9749283 0 0.2225198 -0.9749283 0 0.2225191 -1 0 3.34122e-7 -1 0 -4.9641e-7 -0.9749285 0 -0.2225185 -0.9749284 0 -0.222519 -0.9009658 0 -0.4338904 -0.9009656 0 -0.4338904 -0.7818317 0 -0.6234896 -0.7818314 0 -0.6234899 -0.6234958 0 -0.7818267 -0.6234946 0 -0.7818276 -0.4338865 0 -0.9009675 -0.4338846 0 -0.9009685 -0.2225201 0 -0.9749282 -0.2225193 0 -0.9749284 0 0 -1 -7.68482e-7 0 -1 0.2225222 0 -0.9749277 0.222523 0 -0.9749274 0.433885 0 -0.9009684 0.4338869 0 -0.9009674 0.6234903 0 -0.7818311 0.6234914 0 -0.7818302 0.7818298 0 -0.6234919 0.78183 0 -0.6234917 0.9009692 0 -0.4338833 0.9009691 0 -0.4338833 0 -1 0 0 -1 -2.1535e-7 0 -1 1.8642e-6 0 -1 -8.67321e-7 0 -1 -1.83923e-6 0 -1 -1.82263e-6 0 -1 -3.54066e-6 0 -1 -1.81401e-6 0 -1 3.54498e-6 0 -1 1.81255e-6 0 -1 3.54591e-6 0 -1 -1.14129e-6 0 -1 1.75755e-6 0 -1 -1.37574e-6 0 -1 1.74955e-6 0 -1 -9.22332e-7 0 -1 8.7001e-7 0 -1 -1.85716e-6 0 -1 1.2967e-6 0 -1 -1.29671e-6 0 -1 1.85715e-6 0 -1 -8.70013e-7 0 -1 -1.74956e-6 0 -1 1.83432e-6 0 -1 -1.75755e-6 0 -1 1.82606e-6 0 -1 -3.54591e-6 0 -1 -1.81255e-6 0 -1 -3.54499e-6 0 -1 1.81402e-6 0 -1 3.54067e-6 0 -1 9.08668e-7 0 -1 1.82264e-6 0 -1 4.57493e-7 0 -1 9.19621e-7 0 -1 8.67327e-7 0 -1 -1.8642e-6 -0.3374216 -0.7096604 0.6184892 -0.1981957 -0.7076395 0.678207 -0.2982862 -0.7090356 0.6389788 -0.1951322 -0.7076156 0.6791198 -0.3349946 -0.7096219 0.6198512 -0.3939245 -0.7104989 0.5831079 -0.4601211 -0.7117995 0.5306885 -0.4588781 -0.7117558 0.5318219 -0.5179976 -0.7124149 0.4734382 -0.4616793 -0.7118034 0.5293282 -0.5658345 -0.7135071 0.4132058 -0.5703348 -0.7135579 0.4068825 -0.6146307 -0.7139159 0.3354897 -0.5651768 -0.7134914 0.4141319 -0.6429126 -0.7141013 0.2769886 -0.6555526 -0.7140888 0.2456176 -0.689181 -0.7134938 0.1263184 -0.6838241 -0.713667 0.1518684 -0.6993342 -0.7127053 0.05461615 -0.6889674 -0.7135012 0.1274359 -0.7018138 -0.7117949 -0.0283789 -0.7012906 -0.7115987 -0.04264789 -0.6942055 -0.7104677 -0.1153886 -0.7017641 -0.7117583 -0.03045171 -0.680755 -0.7096047 -0.1817519 -0.6277061 -0.7076305 -0.3244137 -0.6572782 -0.7085227 -0.2568677 -0.6794056 -0.7095237 -0.1870404 -0.6814551 -0.7096194 -0.1790516 -0.6291647 -0.7076249 -0.3215881 -0.6428908 -0.7141193 0.276993 -0.1095052 -0.7070951 0.698588 -0.1095777 -0.7071092 0.6985623 0.04068171 -0.7070259 0.7060167 0.0575366 -0.7071155 0.7047533 0.1893451 -0.7070527 0.6813406 0.2214154 -0.7071397 0.6715123 0.3293098 -0.7071107 0.6257392 0.372937 -0.7071168 0.6007527 0.4543368 -0.7070999 0.5418375 0.5035988 -0.7070945 0.4963927 0.5587729 -0.7070774 0.4333757 0.6060563 -0.7071276 0.364234 0.6378736 -0.7070686 0.3052399 0.6746497 -0.7071184 0.2117343 0.6880929 -0.7070161 0.1632682 0.7055125 -0.7071112 0.04739016 0.7069925 -0.7070847 0.01388776 0.6968721 -0.7071487 -0.1196243 0.6939087 -0.7070677 -0.1361836 0.6493287 -0.7071155 -0.2799283 0.6493375 -0.707108 -0.2799269 0.5754958 -0.7070269 -0.4109959 0.5654311 -0.7071197 -0.4245816 0.475361 -0.7070245 -0.5235918 0.4499084 -0.707141 -0.5454668 0.3536918 -0.707048 -0.6123604 0.3092386 -0.7071178 -0.6358898 0.2159977 -0.7070691 -0.6733486 0.1512645 -0.7071283 -0.690716 0.06852889 -0.707111 -0.7037742 -0.0151723 -0.7071284 -0.7069224 -0.08203965 -0.7070702 -0.7023683 -0.1807604 -0.7071193 -0.6835993 -0.2288842 -0.7070812 -0.6690652 -0.3362408 -0.7071087 -0.6220445 -0.3656905 -0.7067463 -0.6056237 -0.4729021 -0.7071171 -0.5256893 -0.4853171 -0.7070642 -0.5143226 -0.5831158 -0.7071079 -0.3999682 -0.5831474 -0.707112 -0.3999148 -0.1096054 -0.7071124 0.6985548 -0.1546018 -0.7072049 0.6898982 -0.1095477 -0.707093 0.6985836 0 -1 8.63218e-7 0 -1 -6.16471e-7 0 -1 -1.10967e-6 0 -1 -1.21069e-6 0 -1 1.23518e-6 0 -1 -1.62232e-6 0 -1 -1.62083e-6 0 -1 2.02717e-7 0 -1 4.06249e-7 0 -1 -1.43028e-6 0 -1 8.61175e-7 0 -1 -7.22848e-7 0 -1 8.49996e-7 0 -1 -2.73694e-7 0 -1 -3.68038e-7 0 -1 -1.66436e-6 0 -1 7.41521e-7 0 -1 1.65079e-6 0 -1 -1.49222e-6 0 -1 -1.62195e-6 0 -1 -1.21887e-6 -0.9709458 -2.73437e-4 0.2392998 -0.9827583 5.67986e-5 0.184895 -1 -1.09374e-4 -1.15335e-5 -0.9994162 6.91856e-7 -0.03416657 -0.9709177 -3.12891e-4 -0.2394136 -0.9678946 2.3246e-5 -0.2513564 -0.8854902 -1.54602e-4 -0.4646581 -0.8904296 3.39089e-7 -0.4551212 -0.8246718 8.68924e-7 -0.5656118 -0.9183841 1.05702e-4 0.3956903 -0.8854594 -5.38295e-5 0.4647169 -0.8096212 5.0033e-6 0.5869528 -0.7485159 -1.03656e-6 0.6631169 -0.6615337 5.10381e-5 0.7499155 -0.5680667 -1.11301e-4 0.8229826 -0.4822448 2.1392e-4 0.8760365 -0.3546004 4.4378e-5 0.935018 -0.2804092 0 0.9598807 -0.1205427 2.45904e-5 0.9927082 -0.1549659 -1.06396e-5 0.9879199 0.08133381 9.78876e-4 0.9966865 0.1205321 -1.64276e-4 0.9927095 0.3131491 4.43682e-5 0.949704 0.3545855 -6.49688e-4 0.9350234 0.5274077 1.07899e-4 0.8496124 0.5680642 2.643e-5 0.8229842 0.7121755 1.59641e-4 0.7020015 0.7485081 -3.41498e-4 0.6631256 0.8571169 1.44246e-5 0.515122 0.8854602 -1.00746e-4 0.4647154 0.9541093 3.61701e-4 0.2994583 0.9709429 -7.60052e-5 0.2393113 0.9977517 8.27666e-6 0.06702089 1 8.11298e-6 -9.47562e-6 0.9855892 5.67262e-5 -0.1691566 0.9709415 -2.17424e-4 -0.2393171 0.9183003 2.68919e-7 -0.3958845 0.8854615 -6.25597e-5 -0.4647127 0.7996535 2.31019e-5 -0.6004617 0.7485142 -3.3732e-5 -0.6631188 0.6362888 -1.31584e-5 -0.7714511 0.5680633 -3.86494e-5 -0.8229849 0.4373393 2.95814e-5 -0.8992966 0.3545998 1.53747e-5 -0.9350183 0.2139222 2.90343e-4 -0.9768507 0.1205421 -9.76445e-6 -0.9927083 -0.02144998 -1.29975e-5 -0.9997699 -0.1205381 -1.13892e-4 -0.9927087 -0.2556284 -6.95232e-6 -0.9667751 -0.3546005 2.388e-5 -0.935018 -0.4755076 3.22675e-5 -0.8797118 -0.568063 -9.60007e-6 -0.8229851 -0.6687982 5.90128e-5 -0.743444 -0.7485122 -4.89774e-4 -0.6631209 -0.01328235 0.7071121 -0.7069767 -0.005220293 0.7072419 -0.7069525 0.0082255 0.7070913 -0.7070745 0.02375936 0.7071753 -0.706639 0.01885885 0.707131 -0.706831 0.02984577 0.7071406 -0.7064429 0.05275058 0.7071082 -0.705135 0.04111593 0.707127 -0.7058902 0.05274754 0.7071055 -0.7051379 -0.03436845 0.7071074 -0.7062705 -0.1342338 0.7071031 0.6942525 -0.03082937 0.7069449 0.7065964 -0.1342486 0.7069377 0.6944181 -0.01989018 0.7072261 0.7067077 0.07415425 0.7070295 0.7032854 0.09501743 0.7071219 0.7006785 0.1771602 0.7070856 0.684576 0.2073939 0.7071292 0.6759853 0.2762438 0.7070108 0.6510186 0.3142885 0.7071101 0.6334178 0.3692685 0.7070838 0.6030533 0.4128359 0.7071272 0.5740537 0.454261 0.7070124 0.5420152 0.5004642 0.7071415 0.4994863 0.529213 0.7070736 0.4690208 0.5748835 0.7070927 0.4117389 0.5926972 0.7070195 0.3857896 0.6340249 0.7071182 0.3130435 0.643586 0.7066962 0.2939008 0.6763659 0.7071563 0.2060565 0.6794893 0.7070517 0.1958881 0.700838 0.7071469 0.09364503 0.7008756 0.7071086 0.0936532 0.7070836 0.7070504 -0.01060956 0.7067055 0.7071894 -0.02122783 0.6977878 0.7070271 -0.1149135 0.6939681 0.7071216 -0.1355999 0.6734784 0.7067724 -0.2165632 0.6627857 0.7071285 -0.2463422 0.6337926 0.7070738 -0.313614 0.6140825 0.707104 -0.3505805 0.5806334 0.7070118 -0.4037316 0.5490777 0.7071266 -0.4455174 0.5147778 0.706876 -0.4851083 0.4695489 0.7071405 -0.5286551 0.4374605 0.7070724 -0.5555871 0.3776184 0.7070907 -0.5978521 0.3506839 0.7070189 -0.6141214 0.2756305 0.7071903 -0.6510835 0.2560971 0.7068619 -0.6593638 0.1663885 0.7071571 -0.6871998 0.1562145 0.7071078 -0.6896345 -0.09257042 0.7070488 0.7010797 -0.1016923 0.7071419 0.6997207 -0.08048027 0.7070735 0.7025455 -0.06902551 0.7070336 0.7038032 -0.05786943 0.7071115 0.7047302 -0.03612756 0.7071006 0.7061895 -0.1055834 0.7070891 0.6991975 -0.1196131 0.7070767 0.6969472 0 1 0 0 1 3.62355e-7 0 1 0 0 1 0 0 1 -7.78269e-7 0 1 -1.84428e-6 0 1 2.74195e-6 0 1 5.8793e-7 0 1 1.74204e-7 0 1 -2.90094e-7 0 1 0 0 1 2.27345e-7 0 1 -5.28675e-7 0 1 5.38528e-7 0 1 -4.71393e-7 0 1 -6.45743e-7 0 1 -8.11142e-7 -0.008150577 -2.1618e-5 -0.9999668 -5.59928e-4 3.53111e-6 -0.9999999 -0.03478074 -1.61119e-6 -0.9993951 -0.07571214 -2.92975e-5 -0.9971297 -0.088467 -4.27367e-4 -0.996079 -0.1173216 -1.07216e-5 -0.993094 -0.1504325 1.94414e-7 -0.9886203 -0.1478395 0 -0.9890114 -0.1828875 2.50563e-5 -0.9831339 -0.1849089 -1.69352e-6 -0.9827557 -0.2204641 2.47598e-6 -0.9753951 -0.2205177 3.1761e-7 -0.975383 -0.2566798 -2.15778e-6 -0.9664965 0.01919502 -1.08244e-4 -0.9998158 0.04701602 -7.91836e-5 -0.9988942 0.07462221 -3.72343e-6 -0.9972119 0.07458525 -2.96019e-5 -0.9972147 -0.2614924 5.30591e-5 -0.9652056 -0.2939356 -1.31046e-4 -0.9558253 -0.3041588 1.8873e-6 -0.9526214 -0.3310319 -9.64507e-6 -0.9436196 -0.3273089 9.5315e-7 -0.9449174 -0.3685979 8.54379e-7 -0.929589 -0.3929257 4.99655e-4 -0.9195702 -0.4073618 1.25628e-4 -0.9132668 -0.4564739 1.43361e-4 -0.8897368 -0.4450196 -7.88402e-6 -0.8955209 -0.4842756 -2.70494e-4 -0.8749154 -0.5178652 2.35696e-4 -0.8554622 -0.5212793 1.62002e-5 -0.8533862 -0.557444 -2.51098e-6 -0.8302146 -0.5766693 7.42264e-6 -0.8169777 -0.5937205 2.87033e-5 -0.8046714 -0.6326236 6.67637e-5 -0.7744595 -0.6273517 7.51277e-5 -0.778736 -0.660638 -3.02605e-4 -0.7507045 -0.6854596 1.53552e-7 -0.7281107 -0.6928679 1.7442e-4 -0.7210646 -0.7231556 3.43629e-7 -0.6906852 -0.7351403 9.88727e-4 -0.6779143 -0.7377967 -4.98971e-7 -0.675023 -0.7807545 3.45354e-4 -0.6248379 -0.7825249 -2.05204e-4 -0.6226193 -0.8227168 2.10993e-4 -0.5684514 -0.823522 -6.93076e-5 -0.5672843 -0.8605853 7.13115e-5 -0.5093066 -0.8605829 -4.72151e-7 -0.5093105 0.2976638 0.8450775 -0.4441176 0.3450912 0.8499762 -0.398061 0.3207043 0.8832497 -0.3420799 0.3446599 0.8712339 -0.3495154 0.298094 0.9116076 -0.2830402 0.3381151 0.8851839 -0.3195743 0.2734124 0.9246485 -0.2650864 0.2954694 0.8208798 -0.4887272 0.2565985 0.8309202 -0.493689 0.2499699 0.8094135 -0.5313801 0.1982334 0.8175218 -0.5407049 0.1884083 0.79767 -0.5729092 0.1193183 0.8021034 -0.585144 0.113657 0.7846449 -0.6094379 0.02198928 0.7823268 -0.62248 0.02598136 0.7683181 -0.6395407 -0.0901153 0.7555463 -0.6488676 -0.07280296 0.7468203 -0.6610289 -0.2113724 0.718162 -0.6629972 -0.1688845 0.7174862 -0.6757897 -0.1026192 0.735817 -0.66936 -0.03803169 0.7511392 -0.6590476 0.07993644 0.7742278 -0.6278388 0.1792711 0.7910899 -0.5848407 0.2562035 0.8051027 -0.5349481 0.3097003 0.818966 -0.4830947 0.3434893 0.8357882 -0.4283379 0.3544663 0.8575251 -0.372833 0.219515 0.9439818 -0.2463973 0.2321913 0.9387894 -0.2544831 0.293749 0.909528 -0.2940582 0.1570065 0.9597108 -0.2330327 0.1345718 0.963785 -0.230237 0.09014242 0.9698372 -0.2264735 0.01707774 0.973529 -0.2279249 -0.2314646 0.7071129 -0.6681433 -0.2314661 0.7071082 -0.6681478 -0.2778003 0.7071087 -0.6502495 -0.2778 0.7071083 -0.65025 -0.3227897 0.7071061 -0.6291326 -0.3227897 0.7071055 -0.6291333 -0.3661831 0.7071048 -0.6049073 -0.3661819 0.7071052 -0.6049076 -0.4077641 0.7071075 -0.5776916 -0.4077632 0.7071076 -0.5776921 -0.4473349 0.7071058 -0.5476249 -0.4473347 0.7071053 -0.5476256 -0.4846952 0.7071049 -0.5148526 -0.4846941 0.7071052 -0.5148532 -0.5196596 0.7071061 -0.4795361 -0.5196579 0.7071072 -0.4795365 -0.5520547 0.7071092 -0.441851 -0.5520538 0.7071096 -0.4418513 -0.5817283 0.7071077 -0.4019836 -0.5817281 0.7071076 -0.4019843 -0.6085214 0.7071092 -0.3601367 -0.6085269 0.7071068 -0.360132 -0.6617338 0.7067419 -0.250249 -0.6672803 0.7071421 -0.2338529 -0.6948925 0.7070985 -0.1309056 -0.7001962 0.7071214 -0.09851193 -0.7070659 0.7070959 -0.008553147 -0.7059213 0.707122 0.04066514 -0.6978701 0.7070855 0.1140501 -0.6842705 0.7071049 0.1782602 -0.6677005 0.706929 0.2332971 -0.6360352 0.70712 0.3089346 -0.6170949 0.70705 0.345361 -0.5631384 0.7071171 0.4276221 -0.5479242 0.7069895 0.4471521 -0.4683816 0.7071206 0.5297161 -0.4620741 0.7071298 0.5352149 -0.3629816 0.7071703 0.6067575 -0.3554646 0.7071855 0.6111739 -0.2520273 0.7070176 0.6607635 -0.2287367 0.7071189 0.6690758 -0.1336792 0.707051 0.6944125 -0.09315037 0.7071194 0.7009317 -0.01135003 0.7070997 0.7070229 0.0460695 0.7071039 0.7056073 0.1112871 0.7071215 0.6982796 0.1834874 0.7071229 0.6828687 0.2305674 0.7070965 0.6684709 0.3137926 0.7071205 0.6336519 0.3430486 0.7069412 0.6185078 0.431921 0.707107 0.5598607 0.4448024 0.7071098 0.5496788 0.5332892 0.707107 0.4643301 0.5332733 0.7071058 0.4643502 0.1907017 0.7071104 0.6809022 0.1906554 0.7071081 0.6809175 0.2464989 0.7071089 0.6627484 0.2464991 0.7071088 0.6627483 0.3006325 0.7071074 0.640015 0.3006331 0.7071071 0.6400151 0.3526924 0.707107 0.6128685 0.3526925 0.707107 0.6128685 0.4023208 0.707107 0.5814962 0.4023211 0.7071068 0.5814962 0.4491755 0.7071055 0.5461164 0.449176 0.7071053 0.5461164 0.4929343 0.7071048 0.5069701 0.4929336 0.7071053 0.5069699 -0.2314406 0.7071088 -0.668156 -0.2114714 0.7099218 -0.6717819 -0.2314489 0.7071126 -0.6681491 0.4453736 0.7940029 0.4137653 0.4221435 0.8075804 0.411836 0.4002725 0.8395135 0.3674222 0.3973217 0.8332774 0.3844272 0.3558889 0.8669866 0.3488228 0.3409825 0.8755996 0.342135 0.2954924 0.9006401 0.3186406 0.2446215 0.9220159 0.3000783 0.2066594 0.9354692 0.286687 0.1147092 0.9587708 0.260001 0.1572584 0.9495348 0.2713921 0.06371057 0.9670251 0.2465838 -0.04316741 0.9736863 0.223767 0.4301493 0.7824692 0.4502372 0.4549473 0.7649821 0.4558789 0.4132488 0.7605946 0.5007209 0.441769 0.7469944 0.4968294 0.4107282 0.7370826 0.5366672 0.3727762 0.7475871 0.5496832 0.3656895 0.731675 0.575259 0.3419091 0.742159 0.5764532 0.3074835 0.7367144 0.6022507 0.3241432 0.742726 0.5859089 0.2754122 0.7339177 0.6208969 0.2651041 0.7291812 0.6308841 0.2277576 0.7233216 0.6518685 0.2238086 0.7201675 0.6567105 0.1803615 0.7098588 0.68086 0.208725 0.7095681 0.6730133 0.260837 0.7199839 0.6431076 0.3131711 0.7268471 0.6112425 0.3686252 0.7510265 0.5477907 0.4016914 0.7615649 0.5085893 0.4211465 0.7766793 0.4684069 0.2391749 0.9246789 0.2962504 0.31062 0.8947896 0.3207285 0.1906544 0.7071167 0.6809089 0.1930589 0.7073689 0.6799688 0.190694 0.7071112 0.6809035 0.1904967 0.7071077 0.6809623 0.1904958 0.707111 0.6809591 0.1931232 0.7074019 0.6799162 0 1 0 0 1 0 0 1 0 0 1 0 0 1 0 0 1 0 0 1 0 0 1 0 0 1 0 0 1 0 0 1 0 0 1 0 0 1 0 0 1 0 0 1 0 0 1 0 0 1 0 0 1 0 0 1 0 0 1 0 0 1 0 0 1 0 0 1 0 0 1 0 0 1 0 0 1 0 0 1 0 0 1 0 0 1 0 0 1 0 0 1 0 0 1 0 0 1 0 0 1 0 0 1 0 0 1 0 0 1 0 0 1 0 0 1 0 0 1 0 0 1 0 0 1 0 0 1 0 0 1 0 0.1706917 0.4398193 0.8817162 0.2750267 0.5000314 0.8211754 0.2770358 0.465804 0.8404033 0.3437211 0.5605571 0.7534133 0.370347 0.5000198 0.7828304 0.3810201 0.5767125 0.7226523 0.3703867 0.5000252 0.7828081 0.4843571 0.5000047 0.7179092 0.449918 0.5767135 0.681891 0.5144887 0.5767323 0.6345717 0.4209855 0.6976274 0.5797303 0.4503436 0.6990463 0.5554503 0.4237022 0.7684807 0.4794934 0.5023904 0.6989711 0.5089631 0.4182343 0.8036495 0.4233528 0.5497449 0.6992679 0.4569519 0.4575973 0.8036663 0.3804275 0.5917152 0.6994069 0.4008781 0.4925237 0.803789 0.333682 0.6273545 0.7002776 0.3406431 0.522817 0.8037883 0.2838785 0.6587837 0.6990567 0.2780717 0.548196 0.8037018 0.231397 0.6827691 0.6991268 0.2122454 0.567384 0.8043417 0.17638 0.7002615 0.6991279 0.1444097 0.5825394 0.8038758 0.1201315 0.7109999 0.6991621 0.07517719 0.5908737 0.8043413 0.06247931 0.7147388 0.6993719 0.005236148 0.5950149 0.8037029 0.004361212 0.711954 0.6992344 -0.06475198 0.5925071 0.8037611 -0.05388504 0.7011953 0.7002787 -0.1339215 0.5836179 0.8043416 -0.1114676 0.6847247 0.700277 -0.2019015 0.5705865 0.8038188 -0.1682453 0.6620572 0.6998608 -0.2680956 0.5514549 0.8037606 -0.2233081 0.6332454 0.6991638 -0.3319193 0.5269178 0.8037893 -0.2761893 0.5977233 0.6991634 -0.3922976 0.4974253 0.8037313 -0.3264722 0.5564898 0.6991284 -0.4489305 0.4631934 0.8036407 -0.3736491 0.5099499 0.6990371 -0.5012965 0.4574798 0.7365651 -0.4981809 0.4686687 0.6530201 -0.5949072 0.3934711 0.6275755 0.6718107 0.3959085 0.8417537 0.3670249 0.3303264 0.9102099 0.2498049 0.3808863 0.887914 0.2579427 0.2243123 0.9647386 0.1377078 0.2753723 0.9496406 0.1495091 0.4042527 0.8879185 0.219501 0.4237545 0.8879415 0.1788634 0.1564198 0.9839177 0.08625018 0.2884632 0.9496942 0.1219425 0.4392643 0.8879186 0.1365558 0.146138 0.9873329 0.06178528 0.07953321 0.9960568 0.03931248 5.18709e-5 1 3.14638e-5 8.35955e-6 1 9.35048e-6 0.1509456 0.9874292 0.04689663 0.2989806 0.9497225 0.09293961 0.3067778 0.9496765 0.06326127 0.4505613 0.8878968 0.09291946 0.4574055 0.8879418 0.04836899 0.1552283 0.9873595 0.03202229 2.86475e-5 1 1.41347e-5 0.1577642 0.9873358 0.01668822 7.97957e-6 1 -9.30158e-7 0.1585868 0.9873445 0.001163423 3.69251e-5 1 -1.74623e-6 0.1578963 0.9873514 -0.01435685 5.88223e-5 1 -4.48897e-6 0.1556848 0.9873591 -0.02973848 4.02853e-5 1 -8.2124e-6 0.1520199 0.9873601 -0.04483509 2.01389e-5 1 4.76837e-7 0.1469962 0.9873439 -0.05953431 -2.93553e-6 1 3.54275e-6 0.140528 0.987331 -0.07368475 0.036641 0.9990251 -0.02462536 0.132683 0.9873265 -0.08707374 0.1429125 0.9845305 -0.1013693 0.2622104 0.9495757 -0.1719063 0.2466046 0.9507078 -0.1879916 0.3428516 0.8940809 -0.2882226 4.06557e-6 1 -1.73273e-6 0.3580659 0.887889 -0.2888633 0.4160286 0.8191708 -0.3948157 0.4530063 0.5740051 -0.6821315 0.4598549 0.5767039 -0.6752379 0.523734 0.5767163 -0.6269777 0.5825857 0.5767062 -0.5727163 0.635842 0.5766983 -0.5129562 0.6829614 0.5767419 -0.448255 0.7235572 0.5767369 -0.3792621 0.7572292 0.5766975 -0.3066334 0.7835709 0.5767396 -0.231059 0.8024277 0.576736 -0.1532497 0.8135787 0.5767283 -0.07398849 0.8169123 0.5767309 0.005987942 0.8124203 0.5767081 0.08591347 0.8001183 0.5767024 0.165 0.7801136 0.5767253 0.2425091 0.7526517 0.5767035 0.3176928 0.7179458 0.5767015 0.3898324 0.6763391 0.5767126 0.4582226 0.6282546 0.5767043 0.5222149 0.5741302 0.5767176 0.5811809 0.4725183 0.5000287 -0.7257394 0.4113925 0.5000152 -0.7620637 0.4166066 0.4676789 -0.7795612 0.3507403 0.4425332 -0.8253155 0.576675 0.5000329 -0.6460752 0.6676401 0.5000282 -0.5515692 0.7433026 0.500006 -0.4444044 0.8018831 0.5000258 -0.3270441 0.8420824 0.5000185 -0.202185 0.8629713 0.4999985 -0.07267761 0.8640322 0.5000269 0.05849325 0.8452954 0.5000125 0.1883172 0.8071593 0.4999996 0.3138386 0.7505089 0.5000022 0.4321278 0.6766125 0.5000312 0.5405223 0.5872236 0.5000172 0.636515 0.311589 0.9496456 0.03294932 0.4600313 0.8878964 0.003370702 0.3133183 0.9496455 0.0023005 0.3118999 0.9496915 -0.02836781 0.3077181 0.9496609 -0.05876946 0.3004443 0.9496763 -0.08859008 0.2902439 0.949707 -0.1175374 0.2774755 0.9496609 -0.1454363 0.4581532 0.8878961 -0.04166936 0.4518745 0.8878964 -0.08630973 0.4412199 0.8879186 -0.1300988 0.4262487 0.8879861 -0.1726056 0.4075007 0.8878737 -0.2135967 0.3844943 0.8879643 -0.2523561 -0.6085335 -0.7071074 -0.3601198 -0.6085395 -0.7071093 -0.3601057 -0.664381 -0.7065663 -0.2436432 -0.6671202 -0.707171 -0.2342218 -0.6974895 -0.7070599 -0.1165111 -0.7000805 -0.7071278 -0.0992859 -0.7071244 -0.7069633 0.01334941 -0.7059631 -0.7071474 0.03948056 -0.6925497 -0.7070839 0.1428542 -0.684642 -0.7071301 0.1767269 -0.654838 -0.706852 0.2674838 -0.6368895 -0.7071274 0.3071525 -0.5944319 -0.7070989 0.3829647 -0.5645919 -0.7070872 0.4257509 -0.5141103 -0.7070933 0.4854995 -0.4704638 -0.7070984 0.5278975 -0.4163421 -0.707106 0.5715421 -0.3581939 -0.7070999 0.6096777 -0.3044546 -0.7070965 0.6382178 -0.2320938 -0.707124 0.6679133 -0.1822401 -0.7070997 0.6832266 -0.09705686 -0.707128 0.7003927 -0.05384302 -0.7071262 0.7050344 0.04173243 -0.7070962 0.7058849 0.076429 -0.7070195 0.7030521 0.178909 -0.7071154 0.6840903 0.2040294 -0.7070983 0.6770406 0.3090821 -0.7073729 0.6356823 0.3247123 -0.707124 0.6281223 0.4275177 -0.7071381 0.5631912 0.4346631 -0.7070013 0.5578684 0.5293728 -0.7071436 0.4687349 0.5293737 -0.7071251 0.4687618 -0.5216999 -0.7071038 -0.4773191 -0.5216892 -0.7071054 -0.4773284 -0.5533065 -0.7071059 -0.4402878 -0.5533058 -0.7071059 -0.4402886 -0.5822967 -0.7071081 -0.4011594 -0.582296 -0.7071086 -0.4011595 -0.1063533 -0.7071078 -0.6990619 -0.05365556 -0.7070103 -0.705165 -0.1057367 -0.707109 -0.6991542 -0.1057592 -0.707108 -0.6991519 -0.05360996 -0.7070084 -0.7051703 -0.05297607 -0.7071681 -0.705058 -4.18648e-4 -0.7070478 -0.7071658 -9.8476e-5 -0.7071278 -0.7070858 0.0527637 -0.7071049 -0.7051374 0.05276292 -0.7071098 -0.7051324 -0.1342398 -0.7071067 0.6942476 -0.1342422 -0.7071048 0.6942492 -0.03042358 -0.7070767 0.7064822 -0.01990133 -0.7072958 0.7066376 0.07418149 -0.707058 0.7032541 0.09501957 -0.7071229 0.7006772 0.1770418 -0.7067715 0.6849309 0.2073945 -0.70713 0.6759843 0.27624 -0.7070788 0.6509463 0.3142886 -0.7071107 0.6334171 0.3692837 -0.7070497 0.6030839 0.412837 -0.7071275 0.5740527 0.4542859 -0.7069785 0.5420385 0.5004885 -0.7071074 0.4995101 0.5292116 -0.7070742 0.4690216 0.5748825 -0.7070934 0.4117391 0.5926968 -0.7070203 0.3857886 0.6340254 -0.7071191 0.3130408 0.6431742 -0.7069987 0.2940745 0.676334 -0.7071916 0.20604 0.6795952 -0.7069926 0.1957343 0.7007685 -0.7072172 0.09363442 0.7008747 -0.7071095 0.09365296 0.7070673 -0.707066 -0.01065349 0.7067734 -0.7071211 -0.02124279 0.6977552 -0.707055 -0.1149392 0.6939328 -0.7071572 -0.1355949 0.6732239 -0.7069932 -0.216634 0.6627844 -0.7071297 -0.2463425 0.6337922 -0.7070747 -0.3136128 0.614081 -0.7071045 -0.350582 0.5809093 -0.7067018 -0.4038777 0.5490755 -0.7071274 -0.4455188 0.5146431 -0.7070842 -0.4849478 0.4695696 -0.7071067 -0.528682 0.4374603 -0.7070732 -0.5555862 0.3776164 -0.7070916 -0.5978524 0.3506806 -0.7069886 -0.6141582 0.2756274 -0.7071911 -0.6510839 0.2562057 -0.7070268 -0.6591447 0.1664168 -0.7070893 -0.6872628 0.1561338 -0.7070789 -0.6896823 0.04695618 -0.7071063 0.7055465 0.04539662 -0.7068193 0.705936 -0.01357781 -0.7073555 0.7067276 -0.01497089 -0.7069651 0.70709 -0.07420879 -0.7072585 0.7030495 -0.07491934 -0.7070577 0.7031762 0.1879611 -0.7357441 0.6506546 0.1524184 -0.7437679 0.6508288 0.1721303 -0.7391463 0.651179 0.1456623 -0.7447425 0.6512612 0.1821942 -0.7367547 0.6511511 0.2197989 -0.7288005 0.6484892 0.2156164 -0.7295678 0.6490304 0.2464955 -0.7234604 0.6448605 0.260653 -0.7209928 0.6420509 0.2744329 -0.7186026 0.6389811 0.2985952 -0.7150194 0.6321299 0.3014015 -0.7145016 0.6313831 0.3266764 -0.7113458 0.6223101 0.3333492 -0.7107337 0.6194643 0.3509263 -0.7088435 0.6118756 0.3622668 -0.7079984 0.6062188 0.3740786 -0.7070105 0.6001678 0.3897579 -0.7061285 0.591161 0.3963488 -0.7057642 0.5872006 0.4192901 -0.7050347 0.5719458 0.4172604 -0.7048738 0.5736261 0.4384414 -0.7044963 0.5580808 0.4482215 -0.7044842 0.5502722 0.4585542 -0.7043186 0.5419073 0.4756276 -0.7047083 0.5264645 0.4777078 -0.7046414 0.5246675 0.4961118 -0.7051672 0.5065692 0.5015004 -0.7054437 0.5008459 0.5138431 -0.7059581 0.4874304 0.5308473 -0.7069806 0.4673111 0.5296752 -0.7069957 0.4686166 0.5125444 -0.7060116 0.4887187 0.494741 -0.7052502 0.507793 0.4762831 -0.7047409 0.5258276 0.4570657 -0.704526 0.5428943 0.4370415 -0.7047289 0.5588847 0.41645 -0.7051361 0.5738925 0.3952647 -0.7059614 0.5876942 0.3734144 -0.7076314 0.5998496 0.3505457 -0.7090876 0.611811 0.3269014 -0.7113986 0.6221315 0.3023186 -0.7144661 0.6309847 0.2763429 -0.7183082 0.6384888 0.2495093 -0.7229871 0.6442319 0.2204467 -0.7287983 0.6482718 -0.01959234 -0.7572877 -0.6527875 -0.01170229 -0.7564132 -0.6539894 -0.04121035 -0.7531615 -0.6565436 -0.04776275 -0.7506195 -0.6590063 -0.06547385 -0.7489917 -0.6593366 -0.08853518 -0.7446504 -0.6615568 -0.09262537 -0.7450968 -0.6604933 -0.1213589 -0.7415708 -0.6598067 -0.1337441 -0.7394863 -0.6597519 -0.1520851 -0.7382969 -0.6571056 -0.1814283 -0.7348605 -0.6535012 -0.1843324 -0.7353016 -0.6521911 -0.2176861 -0.7324075 -0.6451296 -0.2186389 -0.731774 -0.6455261 -0.2522305 -0.7296882 -0.6355588 -0.2568032 -0.7288779 -0.6346569 -0.2867362 -0.7269806 -0.6239243 -0.3153223 -0.7245035 -0.6129165 -0.3215386 -0.7243559 -0.6098537 -0.3554217 -0.7217565 -0.5939217 -0.3731625 -0.7201049 -0.5849776 -0.3885567 -0.7191134 -0.5761074 -0.4285639 -0.7155872 -0.5516049 -0.4207875 -0.7164287 -0.5564782 -0.4519513 -0.7136569 -0.5351953 -0.4799287 -0.7108334 -0.5141832 -0.4822095 -0.7109689 -0.5118568 -0.5107865 -0.7078396 -0.4879143 -0.5084246 -0.7078399 -0.4903745 -0.4796036 -0.710728 -0.5146322 -0.4490969 -0.7135561 -0.5377265 -0.4177008 -0.7162603 -0.5590146 -0.3851797 -0.7188678 -0.5786758 -0.3517294 -0.7214381 -0.5965012 -0.3174819 -0.7239695 -0.6124325 -0.2823598 -0.7264812 -0.6264967 -0.2469753 -0.7287206 -0.638725 -0.212475 -0.7321596 -0.6471451 -0.1785888 -0.7345054 -0.6546815 -0.1459327 -0.7374415 -0.6594571 -0.1147505 -0.7405943 -0.6620818 -0.08629566 -0.7442961 -0.6622509 -0.05793106 -0.7478144 -0.6613755 -0.03330749 -0.7519675 -0.6583583 0.5308918 -0.7069913 0.4672442 0.5333473 -0.7071153 0.4642507 0.5329569 -0.7070383 0.4648159 0.5332169 -0.7071151 0.4644007 0.5329947 -0.7070324 0.4647816 0.5332972 -0.7071283 0.4642884 0.5296993 -0.7069977 0.4685861 0.5329778 -0.7070317 0.4648021 0.5332952 -0.7071296 0.4642888 0.5333377 -0.7071149 0.4642622 0.5293957 -0.7071423 0.468711 0.5333428 -0.7071149 0.4642564 -0.5158113 -0.7074534 -0.4831649 -0.1898127 8.7847e-7 0.9818204 -0.157743 1.82936e-4 0.9874802 -0.1898196 -1.63631e-5 0.981819 -0.1049857 1.15566e-4 0.9944738 -0.1256423 5.31716e-5 0.9920756 -0.09298378 3.49199e-6 0.9956676 -0.05875396 -5.72298e-7 0.9982725 -0.01936399 9.21024e-5 0.9998125 0.0166015 2.45064e-5 0.9998623 0.06636798 1.50434e-5 0.9977952 0.05540901 1.47847e-7 0.9984638 0.09744763 1.3581e-6 0.9952407 0.114698 1.10147e-5 0.9934005 0.1416918 -2.1474e-6 0.9899109 0.1636398 1.74803e-4 0.9865201 0.1838698 -9.94538e-6 0.9829506 0.2115315 1.15726e-4 0.9773712 0.2228889 -5.75804e-5 0.9748439 0.2587054 3.45382e-5 0.9659563 0.2563649 -3.85258e-7 0.9665802 0.2696352 6.84638e-7 0.9629626 0.3054402 6.8786e-6 0.9522113 0.3486053 -1.74359e-4 0.9372697 0.3514475 2.78655e-7 0.9362077 0.3978168 1.37101e-4 0.9174649 0.425174 -1.28546e-4 0.9051117 0.4407635 -9.42918e-6 0.8976233 0.4987698 -1.0227e-4 0.8667345 0.4838613 -3.62196e-5 0.8751448 0.5259142 1.50877e-5 0.8505377 0.5689694 -9.13518e-5 0.8223587 0.5664356 -3.83203e-7 0.8241061 0.6063153 1.35734e-4 0.7952244 0.6352315 9.57958e-6 0.7723219 0.6442614 -4.37033e-5 0.7648054 0.6805195 -6.66903e-5 0.73273 0.6971028 -3.65322e-4 0.7169712 0.7159667 6.56329e-6 0.6981345 0.7541813 -3.94537e-6 0.6566662 0.7490574 -2.74606e-4 0.6625052 0.7490894 4.96402e-7 0.662469 0.7541794 1.34736e-6 0.6566684 0.7541757 5.9855e-6 0.6566728 0.2209202 0 -0.9752919 0.2209202 0 -0.975292 0.3623984 0 -0.9320233 0.3623971 0 -0.9320238 0.4959533 0 -0.8683492 0.4959518 0 -0.8683501 0.6186452 0 -0.7856705 0.6186438 0 -0.7856716 0.7277954 0 -0.6857944 0.7277935 0 -0.6857964 0.8210211 0 -0.5708979 0.8210193 0 -0.5709006 0.8962658 0 -0.4435176 0.8962641 0 -0.4435207 0.9518959 0 -0.3064219 0.951895 0 -0.3064247 0.9866903 0 -0.1626114 0.9866898 0 -0.162614 0.9998837 0 -0.01525527 0.9998836 0 -0.01525801 0.9911901 0 0.1324473 0.9911905 0 0.1324447 0.9607984 0 0.2772482 0.960799 0 0.2772458 0.9093784 0 0.41597 0.9093794 0 0.4159679 0.8380514 0 0.5455913 0.8380529 0 0.5455889 0.7483764 0 0.6632744 0.7483781 0 0.6632725 0.6423203 0 0.7664363 0.6423225 0 0.7664346 0.5222082 0 0.8528181 0.5222107 0 0.8528165 0.3906599 0 0.9205351 0.3906622 0 0.9205341 0.2505616 0 0.9681007 0.2505638 0 0.9681001 0.1049787 0 0.9944745 0.1049813 0 0.9944743 -0.04290199 0 0.9990793 -0.04290217 0 0.9990793 0 -1 4.50792e-7 0 -1 9.08844e-7 0 -1 -6.0659e-7 0 -1 -4.01712e-7 0 -1 6.06831e-7 0 -1 -2.00858e-7 0 -1 5.08167e-7 0 -1 6.0659e-7 0 -1 -3.02947e-7 0 -1 6.76189e-7 0 -1 -6.76188e-7 0 -1 3.02948e-7 0 -1 -6.0659e-7 0 -1 -8.13064e-7 0 -1 -6.06831e-7 0 -1 2.00856e-7 0 -1 0 0 -1 6.0659e-7 0 -1 -9.08848e-7 0.9510558 0 -0.3090193 0.9510558 0 -0.3090193 1 0 -1.18136e-6 1 0 6.9153e-7 0.9510552 0 0.309021 0.9510557 0 0.3090197 0.8090206 0 0.5877803 0.8090211 0 -0.5877797 0.8090201 0 -0.5877812 0.5877843 0 -0.8090177 0.5877817 0 -0.8090196 0.3090149 0 -0.9510572 0.3090105 0 -0.9510587 3.29917e-6 0 -1 -1.53673e-6 0 -1 -0.3090145 0 -0.9510574 -0.3090189 0 -0.951056 -0.5877857 0 -0.8090167 -0.5877884 0 -0.8090147 -0.8090174 0 -0.5877849 -0.8090184 0 -0.5877834 -0.9510559 0 -0.3090189 -0.9510565 0 -0.3090172 -1 0 -1.18616e-6 -1 0 6.86726e-7 -0.9510563 0 0.3090176 -0.9510554 0 0.3090207 -0.8090179 0 0.587784 -0.809016 0 0.5877866 -0.5877907 0 0.8090132 -0.5877892 0 0.8090143 -0.3090172 0 0.9510565 -0.3090169 0 0.9510567 1.40227e-6 0 1 3.55369e-7 0 1 0.3090128 0 0.9510579 0.3090132 0 0.9510578 0.5877851 0 0.8090171 0.5877867 0 0.8090161 0.8090187 0 0.5877829 0 -1 -3.00527e-7 0 -1 9.09889e-7 0 -1 4.01712e-7 0 -1 4.06542e-7 0 -1 6.03115e-7 0 -1 -1.6111e-6 0 -1 3.03296e-7 0 -1 3.02948e-7 0 -1 -3.00527e-7 0 -1 3.00527e-7 0 -1 -3.02948e-7 0 -1 1.60473e-6 0 -1 -3.03298e-7 0 -1 -6.03114e-7 0 -1 -4.01714e-7 0 -1 2.00854e-7 0 -1 -9.09891e-7 0.9510575 0 -0.3090143 0.9510574 0 -0.3090143 1 0 -9.41245e-7 1 0 9.26839e-7 0.9510578 0 0.3090131 0.8090161 0 0.5877867 0.8090165 0 -0.587786 0.8090153 0 -0.5877876 0.5877869 0 -0.8090158 0.5877853 0 -0.809017 0.3090164 0 -0.9510567 0.3090141 0 -0.9510576 2.81414e-6 0 -1 1.96893e-7 0 -1 -0.3090127 0 -0.951058 -0.309015 0 -0.9510573 -0.5877849 0 -0.8090174 -0.5877866 0 -0.8090161 -0.8090183 0 -0.5877835 -0.8090195 0 -0.587782 -0.9510571 0 -0.3090151 -0.9510578 0 -0.3090133 -1 0 -9.36445e-7 -1 0 9.36445e-7 -0.9510582 0 0.3090121 -0.9510576 0 0.3090139 -0.809019 0 0.5877826 -0.809018 0 0.5877841 -0.5877849 0 0.8090173 -0.5877835 0 0.8090184 -0.3090202 0 0.9510556 -0.3090186 0 0.951056 7.68366e-7 0 1 2.26188e-6 0 1 0.30902 0 0.9510556 0.3090216 0 0.9510551 0.5877839 0 0.809018 0.5877853 0 0.809017 0.8090149 0 0.5877882 0 -1 0 0 -1 0 0 -1 -2.95838e-7 0 -1 1.05532e-6 0 -1 -1.52017e-7 0 -1 1.21349e-6 0 -1 -4.10779e-6 0 -1 4.03924e-6 0 -1 4.14175e-7 0 -1 -1.05531e-6 0 -1 1.52016e-7 0 -1 9.13036e-7 0 -1 -1.30784e-6 0 -1 2.73856e-6 0 -1 -4.03924e-6 -0.98193 0 0.1892453 -0.9819289 0 0.1892502 -1 0 -2.29191e-6 -1 0 2.4968e-6 -0.9819291 0 -0.1892492 -0.98193 0 -0.1892448 -0.9283679 0 -0.3716624 -0.9283697 0 -0.3716581 -0.8412497 0 -0.5406469 -0.8412519 0 -0.5406433 -0.7237331 0 -0.6900801 -0.7237361 0 -0.6900769 -0.5800567 0 -0.8145762 -0.5800608 0 -0.8145734 -0.415411 0 -0.9096339 -0.4154154 0 -0.9096319 -0.235758 0 -0.9718119 -0.2357615 0 -0.9718109 -0.04757922 0 -0.9988675 -0.0475828 0 -0.9988673 0.1423199 0 -0.9898208 0.142314 0 -0.9898216 0.3270712 0 -0.9449997 0.3270657 0 -0.9450017 0.4999991 0 -0.866026 0.4999951 0 -0.8660283 0.6548587 0 -0.7557514 0.6548553 0 -0.7557544 0.7860546 0 -0.6181571 0.7860515 0 -0.6181612 0.88884 0 -0.458218 0.8888376 0 -0.4582223 0.9594956 0 -0.2817239 0.9594942 0 -0.2817283 0.9954723 0 -0.0950523 0.9954719 0 -0.09505718 0.9954719 0 0.09505707 0.9954723 0 0.09505236 0.9594941 0 0.2817286 0.9594955 0 0.2817243 0.8888373 0 0.4582229 0.8888397 0 0.4582183 0.7860516 0 0.6181611 0.7860549 0 0.6181567 0.6548554 0 0.7557542 0.6548589 0 0.7557512 0.499996 0 0.8660277 0.5000005 0 0.8660252 0.3270655 0 0.9450017 0.3270708 0 0.9449999 0.1423121 0 0.9898219 0.1423169 0 0.9898211 -0.04758238 0 0.9988673 -0.04757732 0 0.9988676 -0.2357596 0 0.9718114 -0.2357551 0 0.9718125 -0.4154163 0 0.9096315 -0.4154127 0 0.9096331 -0.5800614 0 0.8145729 -0.5800576 0 0.8145754 -0.7237357 0 0.6900774 -0.7237325 0 0.6900807 -0.8412527 0 0.5406422 -0.8412504 0 0.5406457 -0.9283698 0 0.3716579 -0.928368 0 0.3716624 0 -1 -6.12748e-7 0 -1 1.96732e-7 0 -1 6.16509e-7 0 -1 1.30444e-7 0 -1 -1.04711e-6 0 -1 6.14107e-7 0 -1 6.11343e-7 0 -1 -6.10776e-7 0 -1 2.06575e-6 0 -1 -6.24277e-7 0 -1 -3.09088e-7 0 -1 1.05416e-6 0 -1 -9.16344e-7 0 -1 6.13219e-7 0 -1 -1.0425e-6 0 -1 -6.23003e-7 0 -1 1.03456e-6 0 -1 5.26059e-7 0 -1 -4.20062e-7 0 -1 -1.31786e-7 0 -1 -6.11022e-7 0 -1 5.03629e-7 0 -1 -5.35851e-7 0 -1 0 0 -1 5.39587e-7 0 -1 5.20822e-7 0 -1 -3.90925e-7 0 -1 1.09428e-6 0 -1 -1.12764e-6 0 -1 8.81216e-7 0 -1 -6.07374e-7 0 -1 3.58338e-7 0 -1 -7.70143e-7 0 -1 2.23926e-6 0 -1 -3.31217e-7 0 -1 -1.1034e-6 0 -1 4.35476e-7 0 -1 -2.20793e-7 0 -1 0 0 -1 1.55441e-6 0.7486468 -4.00254e-4 0.662969 0.6291537 5.81976e-4 0.7772808 0.6144263 -5.56335e-4 0.7889741 0.4849913 9.66355e-4 0.8745185 0.4592509 -1.25187e-4 0.8883066 0.3260762 2.10541e-4 0.9453436 0.2885535 -4.73142e-4 0.9574637 0.1574671 0.001559674 0.987523 0.1080305 -2.24697e-5 0.9941477 -0.01603984 2.90113e-4 0.9998714 -0.07613682 -1.54941e-4 0.9970974 -0.1889933 2.43755e-4 0.9819784 -0.2577164 -2.78136e-4 0.9662206 -0.3562353 1.39035e-4 0.9343963 -0.430561 2.95439e-6 0.9025616 -0.5126962 -2.40447e-5 0.8585702 -0.5887963 -2.99499e-4 0.8082814 -0.65367 4.95102e-4 0.7567797 -0.7270557 -2.46027e-4 0.6865785 -0.7748791 1.67186e-4 0.6321094 -0.8406465 -1.8292e-4 0.5415844 -0.8726535 2.76953e-5 0.48834 -0.9257156 -3.09346e-4 0.3782203 -0.9440535 1.75027e-4 0.3297924 -0.9793805 -1.29849e-4 0.2020248 -0.9869223 0.00134772 0.1611912 -0.9998207 -6.80099e-4 0.01892763 -0.9999266 2.00333e-4 -0.01211404 -0.9863358 -2.36146e-4 -0.1647474 -0.982691 6.59907e-4 -0.1852514 -0.9393491 -7.12986e-4 -0.3429617 -0.9357421 2.28968e-4 -0.3526852</float_array>
          <technique_common>
            <accessor source="#Giro_dynamixel_001-mesh-normals-array" count="1608" stride="3">
              <param name="X" type="float"/>
              <param name="Y" type="float"/>
              <param name="Z" type="float"/>
            </accessor>
          </technique_common>
        </source>
        <source id="Giro_dynamixel_001-mesh-map-0">
          <float_array id="Giro_dynamixel_001-mesh-map-0-array" count="12024">0 0.04342699 0 0 0.03459197 0.03474098 0.03459197 0.03474098 0 0 0.069184 0 0.03459197 0.03474098 0.069184 0 0.069184 0.04342699 0.03459197 0.03474098 0.069184 0.04342699 0.03459197 0.06948298 0.03459197 0.06948298 0.069184 0.04342699 0.069184 0.08685696 0.03459197 0.06948298 0.069184 0.08685696 0.03459197 0.104224 0.03459197 0.104224 0.069184 0.08685696 0.069184 0.130309 0.03459197 0.104224 0.069184 0.130309 0.03459197 0.138966 0.03459197 0.138966 0.069184 0.130309 0.069184 0.173714 0.03459197 0.138966 0.069184 0.173714 0.03459197 0.173714 0.03459197 0.173714 0.069184 0.173714 0.03459197 0.208449 0.03459197 0.173714 0.03459197 0.208449 3e-6 0.173714 3e-6 0.173714 0.03459197 0.208449 1.7e-5 0.2171609 1.7e-5 0.2171609 0.03459197 0.208449 0.03459197 0.2431899 1.7e-5 0.2171609 0.03459197 0.2431899 2.2e-5 0.260554 2.2e-5 0.260554 0.03459197 0.2431899 0.03459197 0.277931 2.2e-5 0.260554 0.03459197 0.277931 2e-6 0.303986 2e-6 0.303986 0.03459197 0.277931 0.03459197 0.312673 2e-6 0.303986 0.03459197 0.312673 3.6e-5 0.347316 3.6e-5 0.347316 0.03459197 0.312673 0.03459197 0.347315 3.6e-5 0.347316 0.03459197 0.347315 0.03459197 0.382156 0.03459197 0.382156 0.03459197 0.347315 0.069184 0.347313 0.03459197 0.382156 0.069184 0.347313 0.069184 0.390795 0.069184 0.173714 0.069184 0.2171609 0.03459197 0.208449 0.03459197 0.208449 0.069184 0.2171609 0.03459197 0.2431899 0.069184 0.2171609 0.069184 0.260554 0.03459197 0.2431899 0.03459197 0.2431899 0.069184 0.260554 0.03459197 0.277931 0.069184 0.260554 0.069184 0.303986 0.03459197 0.277931 0.03459197 0.277931 0.069184 0.303986 0.03459197 0.312673 0.069184 0.303986 0.069184 0.347313 0.03459197 0.312673 0.03459197 0.312673 0.069184 0.347313 0.03459197 0.347315 0.03459197 0.382156 0.069184 0.390795 0.03459197 0.416897 0.03459197 0.416897 0.069184 0.390795 0.069184 0.434274 0.03459197 0.416897 0.069184 0.434274 0.03459197 0.451639 0.03459197 0.451639 0.069184 0.434274 0.069184 0.477768 0.03459197 0.451639 0.069184 0.477768 0.03459197 0.48638 0.03459197 0.48638 0.069184 0.477768 0.069184 0.521132 0.03459197 0.48638 0.069184 0.521132 0.03459197 0.521133 0.03459197 0.521133 0.069184 0.521132 0.03459197 0.555863 0.03459197 0.521133 0.03459197 0.555863 4e-6 0.521133 4e-6 0.521133 0.03459197 0.555863 5.3e-5 0.564542 5.3e-5 0.564542 0.03459197 0.555863 0.03459197 0.590604 5.3e-5 0.564542 0.03459197 0.590604 1.49e-4 0.607955 1.49e-4 0.607955 0.03459197 0.590604 0.03459197 0.625346 1.49e-4 0.607955 0.03459197 0.625346 9.8e-5 0.651402 9.8e-5 0.651402 0.03459197 0.625346 0.03459197 0.660087 9.8e-5 0.651402 0.03459197 0.660087 0 0.694829 0 0.694829 0.03459197 0.660087 0.03459197 0.694829 0 0.694829 0.03459197 0.694829 0.03459197 0.72957 0.03459197 0.72957 0.03459197 0.694829 0.069184 0.694829 0.03459197 0.72957 0.069184 0.694829 0.069184 0.738294 0.069184 0.521132 0.069184 0.564554 0.03459197 0.555863 0.03459197 0.555863 0.069184 0.564554 0.03459197 0.590604 0.069184 0.564554 0.069184 0.607987 0.03459197 0.590604 0.03459197 0.590604 0.069184 0.607987 0.03459197 0.625346 0.069184 0.607987 0.069184 0.651422 0.03459197 0.625346 0.03459197 0.625346 0.069184 0.651422 0.03459197 0.660087 0.069184 0.651422 0.069184 0.694829 0.03459197 0.660087 0.03459197 0.660087 0.069184 0.694829 0.03459197 0.694829 0.03459197 0.72957 0.069184 0.738294 0.03459197 0.764312 0.03459197 0.764312 0.069184 0.738294 0.069184 0.781773 0.03459197 0.764312 0.069184 0.781773 0.03459197 0.799053 0.03459197 0.799053 0.069184 0.781773 0.069184 0.825136 0.03459197 0.799053 0.069184 0.825136 0.03459197 0.833794 0.03459197 0.833794 0.069184 0.825136 0.069184 0.868536 0.03459197 0.833794 0.069184 0.868536 0.03459197 0.868537 0.03459197 0.868537 0.069184 0.868536 0.03459197 0.903277 0.03459197 0.868537 0.03459197 0.903277 2e-6 0.868538 2e-6 0.868538 0.03459197 0.903277 6.2e-5 0.912013 6.2e-5 0.912013 0.03459197 0.903277 0.03459197 0.938019 6.2e-5 0.912013 0.03459197 0.938019 10e-5 0.95539 10e-5 0.95539 0.03459197 0.938019 0.03459197 0.97276 10e-5 0.95539 0.03459197 0.97276 5.4e-5 0.99887 5.4e-5 0.99887 0.03459197 0.97276 0.03459197 1.007502 5.4e-5 0.99887 0.03459197 1.007502 0 1.042243 0 1.042243 0.03459197 1.007502 0.03459197 1.042243 0 1.042243 0.03459197 1.042243 0.03459197 1.076984 0.03459197 1.076984 0.03459197 1.042243 0.069184 1.042243 0.03459197 1.076984 0.069184 1.042243 0.069184 1.085675 0.069184 0.868536 0.069184 0.911981 0.03459197 0.903277 0.03459197 0.903277 0.069184 0.911981 0.03459197 0.938019 0.069184 0.911981 0.069184 0.955354 0.03459197 0.938019 0.03459197 0.938019 0.069184 0.955354 0.03459197 0.97276 0.069184 0.955354 0.069184 0.998858 0.03459197 0.97276 0.03459197 0.97276 0.069184 0.998858 0.03459197 1.007502 0.069184 0.998858 0.069184 1.042243 0.03459197 1.007502 0.03459197 1.007502 0.069184 1.042243 0.03459197 1.042243 0.03459197 1.076984 0.069184 1.085675 0.03459197 1.111726 0.03459197 1.111726 0.069184 1.085675 0.069184 1.129066 0.03459197 1.111726 0.069184 1.129066 0.03459197 1.146467 0.03459197 1.146467 0.069184 1.129066 0.069184 1.172516 0.03459197 1.146467 0.069184 1.172516 0.03459197 1.181209 0.03459197 1.181209 0.069184 1.172516 0.069184 1.215931 0.03459197 1.181209 0.069184 1.215931 0.03459197 1.215932 0.03459197 1.215932 0.069184 1.215931 0.03459197 1.250692 0.03459197 1.215932 0.03459197 1.250692 2.6e-5 1.215932 2.6e-5 1.215932 0.03459197 1.250692 1.89e-4 1.2593 1.89e-4 1.2593 0.03459197 1.250692 0.03459197 1.285433 1.89e-4 1.2593 0.03459197 1.285433 2.46e-4 1.302719 2.46e-4 1.302719 0.03459197 1.285433 0.03459197 1.320175 2.46e-4 1.302719 0.03459197 1.320175 1.2e-4 1.346175 1.2e-4 1.346175 0.03459197 1.320175 0.03459197 1.354916 1.2e-4 1.346175 0.03459197 1.354916 0 1.389657 0 1.389657 0.03459197 1.354916 0.069184 1.389657 0.069184 1.389657 0.03459197 1.354916 0.069184 1.34616 0.069184 1.34616 0.03459197 1.354916 0.03459197 1.320175 0.069184 1.34616 0.03459197 1.320175 0.069184 1.302695 0.069184 1.302695 0.03459197 1.320175 0.03459197 1.285433 0.069184 1.302695 0.03459197 1.285433 0.069184 1.259286 0.069184 1.259286 0.03459197 1.285433 0.03459197 1.250692 0.069184 1.259286 0.03459197 1.250692 0.069184 1.215931 0.03459197 1.215932 2.6e-5 1.215932 0.03459197 1.181209 0.03459197 1.181209 2.6e-5 1.215932 3.9e-5 1.172536 0.03459197 1.181209 3.9e-5 1.172536 0.03459197 1.146467 0.03459197 1.146467 3.9e-5 1.172536 1.25e-4 1.129129 0.03459197 1.146467 1.25e-4 1.129129 0.03459197 1.111726 0.03459197 1.111726 1.25e-4 1.129129 8.4e-5 1.085719 0.03459197 1.111726 8.4e-5 1.085719 0.03459197 1.076984 0.03459197 1.076984 8.4e-5 1.085719 0 1.042243 0.03459197 0.868537 2e-6 0.868538 0.03459197 0.833794 0.03459197 0.833794 2e-6 0.868538 5.2e-5 0.825097 0.03459197 0.833794 5.2e-5 0.825097 0.03459197 0.799053 0.03459197 0.799053 5.2e-5 0.825097 1.22e-4 0.781689 0.03459197 0.799053 1.22e-4 0.781689 0.03459197 0.764312 0.03459197 0.764312 1.22e-4 0.781689 7.3e-5 0.738247 0.03459197 0.764312 7.3e-5 0.738247 0.03459197 0.72957 0.03459197 0.72957 7.3e-5 0.738247 0 0.694829 0.03459197 0.521133 4e-6 0.521133 0.03459197 0.48638 0.03459197 0.48638 4e-6 0.521133 2.3e-5 0.477769 0.03459197 0.48638 2.3e-5 0.477769 0.03459197 0.451639 0.03459197 0.451639 2.3e-5 0.477769 3e-6 0.434274 0.03459197 0.451639 3e-6 0.434274 0.03459197 0.416897 0.03459197 0.416897 3e-6 0.434274 2.2e-5 0.390797 0.03459197 0.416897 2.2e-5 0.390797 0.03459197 0.382156 0.03459197 0.382156 2.2e-5 0.390797 3.6e-5 0.347316 0.03459197 0.173714 3e-6 0.173714 0.03459197 0.138966 0.03459197 0.138966 3e-6 0.173714 8e-6 0.130309 0.03459197 0.138966 8e-6 0.130309 0.03459197 0.104224 0.03459197 0.104224 8e-6 0.130309 4e-6 0.08685696 0.03459197 0.104224 4e-6 0.08685696 0.03459197 0.06948298 0.03459197 0.06948298 4e-6 0.08685696 0 0.04342699 0.03459197 0.06948298 0 0.04342699 0.03459197 0.03474098 8.158614 -3.341259 8.117203 -3.365522 8.343736 -3.371261 8.343736 -3.371261 8.117203 -3.365522 8.089605 -3.376002 8.343736 -3.371261 8.089605 -3.376002 8.343736 -3.417443 8.343736 -3.417443 8.089605 -3.376002 8.089605 -3.432793 8.343736 -3.417443 8.089605 -3.432793 8.343736 -3.463625 8.343736 3.463625 8.089605 3.494456 8.089605 3.437665 8.343736 3.463625 8.089605 3.437665 8.343736 3.417443 8.343736 3.417443 8.089605 3.437665 8.089605 3.380875 8.343736 3.417443 8.089605 3.380875 8.343736 3.370964 8.343736 3.370964 8.089605 3.380875 8.12236 3.361617 8.343736 3.370964 8.12236 3.361617 8.343736 3.32508 8.343736 3.32508 8.12236 3.361617 8.18939 3.321394 8.343736 3.32508 8.18939 3.321394 8.256731 3.279703 8.343736 3.32508 8.256731 3.279703 8.343736 3.278898 8.343736 3.278898 8.256731 3.279703 8.324303 3.236314 8.343736 3.278898 8.324303 3.236314 8.343736 3.232716 8.343736 3.232716 8.324303 3.236314 8.392032 3.190961 8.343736 3.232716 8.392032 3.190961 8.504861 3.203141 8.504861 3.203141 8.392032 3.190961 8.45985 3.143298 8.504861 3.203141 8.45985 3.143298 8.532075 3.165998 8.532075 3.165998 8.45985 3.143298 8.527693 3.092879 8.532075 3.165998 8.527693 3.092879 8.565441 3.132715 8.565441 3.132715 8.527693 3.092879 8.597871 3.094171 8.565441 3.132715 8.597871 3.094171 8.604268 3.104498 8.604268 3.104498 8.597871 3.094171 8.647377 3.082564 8.647377 3.082564 8.597871 3.094171 8.597871 3.04799 8.647377 3.082564 8.597871 3.04799 8.693521 3.068036 8.693521 3.068036 8.597871 3.04799 8.741338 3.062494 8.741338 3.062494 8.597871 3.04799 8.852005 3.04799 8.741338 3.062494 8.852005 3.04799 8.789222 3.067891 8.789222 3.067891 8.852005 3.04799 8.835139 3.085582 8.835139 3.085582 8.852005 3.04799 8.852005 3.094171 8.835139 3.085582 8.852005 3.094171 8.876996 3.11643 8.876996 3.11643 8.852005 3.094171 9.106142 3.084523 8.876996 3.11643 9.106142 3.084523 8.912446 3.16085 8.912446 3.16085 9.106142 3.084523 9.106142 3.229567 8.912446 3.16085 9.106142 3.229567 8.938882 3.217992 8.938882 3.217992 9.106142 3.229567 9.106142 3.374611 8.938882 3.217992 9.106142 3.374611 8.954358 3.284567 8.954358 3.284567 9.106142 3.374611 8.957736 3.355614 8.957736 3.355614 9.106142 3.374611 9.106142 3.519655 8.957736 3.355614 9.106142 3.519655 8.94853 3.425314 8.94853 -3.501935 9.106142 -3.407594 8.927248 -3.439432 8.927248 -3.439432 9.106142 -3.407594 8.896018 -3.388335 8.896018 -3.388335 9.106142 -3.407594 9.106142 -3.26255 8.896018 -3.388335 9.106142 -3.26255 8.857213 -3.35037 8.857213 -3.35037 9.106142 -3.26255 8.852005 -3.32508 8.857213 -3.35037 8.852005 -3.32508 8.813107 -3.325971 8.813107 -3.325971 8.852005 -3.32508 8.765911 -3.314642 8.765911 -3.314642 8.852005 -3.32508 8.852005 -3.278898 8.765911 -3.314642 8.852005 -3.278898 8.717761 -3.314765 8.717761 -3.314765 8.852005 -3.278898 8.597871 -3.278898 8.717761 -3.314765 8.597871 -3.278898 8.597871 -3.324722 8.597871 -3.324722 8.597871 -3.278898 8.343736 -3.278898 8.597871 -3.324722 8.343736 -3.278898 8.343736 -3.324937 8.343736 -3.324937 8.343736 -3.278898 8.190404 -3.309913 8.343736 -3.324937 8.190404 -3.309913 8.158614 -3.341259 8.597871 3.094171 8.527693 3.092879 8.597871 3.04799 8.597871 3.04799 8.527693 3.092879 8.59552 3.039146 8.597871 3.04799 8.59552 3.039146 8.852005 3.001808 8.852005 3.001808 8.59552 3.039146 8.66273 2.981802 8.852005 3.001808 8.66273 2.981802 8.852005 2.955626 8.852005 2.955626 8.66273 2.981802 8.728059 2.921185 8.852005 2.955626 8.728059 2.921185 8.852005 2.909445 8.852005 2.909445 8.728059 2.921185 8.791035 2.857031 8.852005 2.909445 8.791035 2.857031 8.852005 2.863263 8.852005 2.863263 8.791035 2.857031 8.852005 2.817081 8.852005 2.863263 8.852005 2.817081 9.106142 2.939479 9.106142 2.939479 8.852005 2.817081 9.106142 2.794436 9.106142 2.794436 8.852005 2.817081 8.85149 2.788674 9.106142 2.794436 8.85149 2.788674 8.909175 2.71542 8.791035 2.857031 8.85149 2.788674 8.852005 2.817081 8.909175 2.71542 8.963804 2.636524 9.106142 2.794436 9.106142 2.794436 8.963804 2.636524 9.106142 2.649392 9.106142 2.649392 8.963804 2.636524 9.01502 2.551223 9.106142 2.649392 9.01502 2.551223 9.106142 2.504348 9.106142 2.504348 9.01502 2.551223 9.062438 2.458784 9.106142 2.504348 9.062438 2.458784 9.106142 2.359304 9.106142 3.084523 8.852005 2.955626 9.106142 2.939479 9.106142 2.939479 8.852005 2.955626 8.852005 2.909445 9.106142 2.939479 8.852005 2.909445 8.852005 2.863263 9.106142 -3.117506 8.852005 -3.232716 9.106142 -3.26255 9.106142 -3.26255 8.852005 -3.232716 8.852005 -3.278898 9.106142 -3.26255 8.852005 -3.278898 8.852005 -3.32508 9.106142 -2.972462 8.852005 -3.094171 9.106142 -3.117506 9.106142 -3.117506 8.852005 -3.094171 8.852005 -3.140353 9.106142 -3.117506 8.852005 -3.140353 8.852005 -3.186535 8.852005 -3.186535 8.852005 -3.140353 8.597871 -3.140353 8.852005 -3.186535 8.597871 -3.140353 8.597871 -3.186535 8.597871 -3.186535 8.597871 -3.140353 8.343736 -3.140353 8.597871 -3.186535 8.343736 -3.140353 8.343736 -3.186535 8.343736 -3.186535 8.343736 -3.140353 8.190361 -3.157421 8.343736 -3.186535 8.190361 -3.157421 8.210435 -3.194068 9.106142 -2.827419 9.052945 -2.897406 9.106142 -2.972462 9.106142 -2.972462 9.052945 -2.897406 8.996093 -2.953104 9.106142 -2.972462 8.996093 -2.953104 8.936303 -2.996425 8.936303 -2.996425 8.874318 -3.029568 9.106142 -2.972462 9.106142 -2.972462 8.874318 -3.029568 8.852005 -3.04799 9.106142 -2.972462 8.852005 -3.04799 8.852005 -3.094171 8.852005 -3.094171 8.852005 -3.04799 8.810683 -3.054365 8.852005 -3.094171 8.810683 -3.054365 8.745903 -3.072295 8.874318 -3.029568 8.810683 -3.054365 8.852005 -3.04799 8.745903 -3.072295 8.680398 -3.084548 8.852005 -3.094171 8.852005 -3.094171 8.680398 -3.084548 8.614515 -3.092073 8.852005 -3.094171 8.614515 -3.092073 8.852005 -3.140353 8.852005 -3.140353 8.614515 -3.092073 8.597871 -3.140353 8.597871 -3.140353 8.614515 -3.092073 8.597871 -3.094171 8.597871 -3.094171 8.614515 -3.092073 8.548445 -3.095664 8.597871 -3.094171 8.548445 -3.095664 8.597871 -3.140353 8.597871 -3.140353 8.548445 -3.095664 8.482322 -3.095955 8.597871 -3.140353 8.482322 -3.095955 8.343736 -3.140353 8.343736 -3.140353 8.482322 -3.095955 8.41624 -3.093447 8.343736 -3.140353 8.41624 -3.093447 8.343736 -3.094171 8.343736 -3.094171 8.41624 -3.093447 8.350248 -3.088528 8.343736 -3.094171 8.350248 -3.088528 8.284461 -3.08154 8.343736 -3.094171 8.284461 -3.08154 8.117203 -3.101857 8.117203 -3.101857 8.284461 -3.08154 8.219013 -3.072769 8.117203 -3.101857 8.219013 -3.072769 8.089605 -3.091377 8.089605 -3.091377 8.219013 -3.072769 8.089605 -3.077837 8.089605 -3.077837 8.219013 -3.072769 8.154023 -3.062445 8.089605 -3.077837 8.154023 -3.062445 8.089605 -3.064296 8.089605 -3.064296 8.154023 -3.062445 8.089605 -3.050756 8.117203 -3.101857 8.158561 -3.1261 8.343736 -3.094171 8.343736 -3.094171 8.158561 -3.1261 8.343736 -3.140353 8.158561 -3.1261 8.190361 -3.157421 8.343736 -3.140353 8.343736 -3.186535 8.210435 -3.194068 8.343736 -3.232716 8.343736 -3.232716 8.210435 -3.194068 8.217317 -3.233654 8.343736 -3.232716 8.217317 -3.233654 8.343736 -3.278898 8.343736 -3.278898 8.217317 -3.233654 8.210492 -3.273175 8.343736 -3.278898 8.210492 -3.273175 8.190404 -3.309913 8.343736 -3.324937 8.158614 -3.341259 8.343736 -3.371261 8.504861 3.203141 8.484454 3.243079 8.343736 3.232716 8.343736 3.232716 8.484454 3.243079 8.343736 3.278898 8.484454 3.243079 8.471261 3.284918 8.343736 3.278898 8.343736 3.278898 8.471261 3.284918 8.343736 3.32508 8.471261 3.284918 8.465614 3.327755 8.343736 3.32508 8.343736 3.32508 8.465614 3.327755 8.343736 3.370964 8.465614 3.327755 8.46758 3.37081 8.343736 3.370964 8.343736 3.370964 8.46758 3.37081 8.477086 3.4132 8.343736 3.370964 8.477086 3.4132 8.343736 3.417443 8.343736 3.417443 8.477086 3.4132 8.494034 3.454091 8.343736 -3.509806 8.494034 -3.473158 8.343736 -3.463625 8.343736 -3.463625 8.494034 -3.473158 8.517956 -3.434538 8.343736 -3.463625 8.517956 -3.434538 8.343736 -3.417443 8.343736 -3.417443 8.517956 -3.434538 8.548424 -3.399168 8.343736 -3.417443 8.548424 -3.399168 8.343736 -3.371261 8.343736 -3.371261 8.548424 -3.399168 8.584657 -3.368294 8.343736 -3.371261 8.584657 -3.368294 8.343736 -3.324937 8.343736 -3.324937 8.584657 -3.368294 8.625669 -3.342992 8.343736 -3.324937 8.625669 -3.342992 8.597871 -3.324722 8.597871 -3.324722 8.625669 -3.342992 8.670484 -3.32466 8.597871 -3.324722 8.670484 -3.32466 8.717761 -3.314765 8.852005 -3.232716 9.106142 -3.117506 8.852005 -3.186535 8.852005 3.094171 8.852005 3.04799 9.106142 3.084523 9.106142 3.084523 8.852005 3.04799 8.852005 3.001808 9.106142 3.084523 8.852005 3.001808 8.852005 2.955626 8.852005 3.001808 8.852005 3.04799 8.597871 3.04799 8.597871 -3.278898 8.852005 -3.278898 8.597871 -3.232716 8.597871 -3.232716 8.852005 -3.278898 8.852005 -3.232716 8.597871 -3.232716 8.852005 -3.232716 8.597871 -3.186535 8.597871 -3.186535 8.852005 -3.232716 8.852005 -3.186535 8.343736 -3.278898 8.597871 -3.278898 8.343736 -3.232716 8.343736 -3.232716 8.597871 -3.278898 8.597871 -3.232716 8.343736 -3.232716 8.597871 -3.232716 8.343736 -3.186535 8.343736 -3.186535 8.597871 -3.232716 8.597871 -3.186535 0.175 0.04712384 -0.06019484 0.006696999 0.175 0 0.175 0 -0.06019484 0.006696999 -0.06126886 -0.03355896 0.175 0 -0.06126886 -0.03355896 0.175 -0.04712384 0.175 -0.04712384 -0.06126886 -0.03355896 -0.06385099 -0.073538 0.175 -0.04712384 -0.06385099 -0.073538 0.175 -0.09424799 0.175 -0.09424799 -0.06385099 -0.073538 -0.06755298 -0.112994 0.175 -0.09424799 -0.06755298 -0.112994 0.175 -0.141372 0.175 -0.141372 -0.06755298 -0.112994 -0.07201999 -0.15202 0.175 -0.141372 -0.07201999 -0.15202 0.175 -0.1884959 0.175 -0.1884959 -0.07201999 -0.15202 -0.07689899 -0.19059 0.175 -0.1884959 -0.07689899 -0.19059 -0.08184498 -0.228747 0.175 0.09424799 -0.06248897 0.08717799 0.175 0.04712384 0.175 0.04712384 -0.06248897 0.08717799 -0.06063985 0.04702496 0.175 0.04712384 -0.06063985 0.04702496 -0.06019484 0.006696999 -0.06248897 0.08717799 0.175 0.09424799 -0.06562697 0.12691 -0.06562697 0.12691 0.175 0.09424799 0.175 0.141372 -0.06562697 0.12691 0.175 0.141372 -0.06975495 0.166093 -0.06975495 0.166093 0.175 0.141372 0.175 0.1884959 -0.06975495 0.166093 0.175 0.1884959 -0.07446497 0.204821 -0.07446497 0.204821 0.175 0.1884959 0.175 0.235619 -0.07446497 0.204821 0.175 0.235619 -0.07943397 0.243179 -0.07943397 0.243179 0.175 0.235619 0.175 0.282743 -0.07943397 0.243179 0.175 0.282743 -0.08434498 0.281191 -0.08434498 0.281191 0.175 0.282743 -0.08895498 0.318926 -0.08895498 0.318926 0.175 0.282743 0.175 0.329867 -0.08895498 0.318926 0.175 0.329867 -0.09316897 0.356548 -0.09316897 0.356548 0.175 0.329867 0.175 0.376991 -0.09316897 0.356548 0.175 0.376991 -0.096906 0.394113 -0.096906 0.394113 0.175 0.376991 0.175 0.424115 -0.096906 0.394113 0.175 0.424115 -0.100084 0.431693 -0.100084 0.431693 0.175 0.424115 0.175 0.471239 -0.100084 0.431693 0.175 0.471239 -0.102659 0.469253 -0.102659 0.469253 0.175 0.471239 -0.104662 0.506884 -0.104662 0.506884 0.175 0.471239 0.175 0.518363 -0.104662 0.506884 0.175 0.518363 -0.106106 0.544539 -0.106106 0.544539 0.175 0.518363 0.175 0.565487 -0.106106 0.544539 0.175 0.565487 -0.107013 0.582246 -0.107013 0.582246 0.175 0.565487 0.175 0.612611 -0.107013 0.582246 0.175 0.612611 -0.107396 0.619949 -0.107396 -0.605272 0.175 -0.612611 0.175 -0.565487 -0.107396 -0.605272 0.175 -0.565487 -0.107264 -0.567544 -0.107264 -0.567544 0.175 -0.565487 -0.106615 -0.529876 -0.106615 -0.529876 0.175 -0.565487 0.175 -0.518363 -0.106615 -0.529876 0.175 -0.518363 -0.105437 -0.492258 -0.105437 -0.492258 0.175 -0.518363 0.175 -0.471239 -0.105437 -0.492258 0.175 -0.471239 -0.103711 -0.454629 -0.103711 -0.454629 0.175 -0.471239 0.175 -0.424115 -0.103711 -0.454629 0.175 -0.424115 -0.101413 -0.416978 -0.101413 -0.416978 0.175 -0.424115 0.175 -0.376991 -0.101413 -0.416978 0.175 -0.376991 -0.09854 -0.379431 -0.09854 -0.379431 0.175 -0.376991 -0.09510296 -0.341935 -0.09510296 -0.341935 0.175 -0.376991 0.175 -0.329867 -0.09510296 -0.341935 0.175 -0.329867 -0.091111 -0.30437 -0.091111 -0.30437 0.175 -0.329867 0.175 -0.282743 -0.091111 -0.30437 0.175 -0.282743 -0.08663797 -0.266654 -0.08663797 -0.266654 0.175 -0.282743 0.175 -0.235619 -0.08663797 -0.266654 0.175 -0.235619 -0.08184498 -0.228747 -0.08184498 -0.228747 0.175 -0.235619 0.175 -0.1884959 -0.03535497 0.743884 0.03535497 0.749422 -0.03535497 0.801106 -0.03535497 0.801106 0.03535497 0.749422 0.03535497 0.801106 -0.03535497 -0.801106 0.03535497 -0.801106 0.03535497 -0.749422 0.03535497 0.749422 -0.03535497 0.743884 0.03535497 0.697738 0.03535497 0.697738 -0.03535497 0.743884 -0.03535497 0.686662 0.03535497 0.697738 -0.03535497 0.686662 0.03535497 0.646053 0.03535497 0.646053 -0.03535497 0.686662 -0.03535497 0.629441 0.03535497 0.646053 -0.03535497 0.629441 0.03535497 0.594369 0.03535497 0.594369 -0.03535497 0.629441 -0.03535497 0.572219 0.03535497 0.594369 -0.03535497 0.572219 0.03535497 0.542685 0.03535497 0.542685 -0.03535497 0.572219 -0.03535497 0.514997 0.03535497 0.542685 -0.03535497 0.514997 0.03535497 0.491001 0.03535497 0.491001 -0.03535497 0.514997 -0.03535497 0.457775 0.03535497 0.491001 -0.03535497 0.457775 0.03535497 0.439316 0.03535497 0.439316 -0.03535497 0.457775 -0.03535497 0.400553 0.03535497 0.439316 -0.03535497 0.400553 0.03535497 0.387632 0.03535497 0.387632 -0.03535497 0.400553 -0.03535497 0.343331 0.03535497 0.387632 -0.03535497 0.343331 0.03535497 0.335948 0.03535497 0.335948 -0.03535497 0.343331 -0.03535497 0.286109 0.03535497 0.335948 -0.03535497 0.286109 0.03535497 0.284263 0.03535497 0.284263 -0.03535497 0.286109 0.03535497 0.2325789 0.03535497 0.2325789 -0.03535497 0.286109 -0.03535497 0.228887 0.03535497 0.2325789 -0.03535497 0.228887 0.03535497 0.180895 0.03535497 0.180895 -0.03535497 0.228887 -0.03535497 0.171666 0.03535497 0.180895 -0.03535497 0.171666 0.03535497 0.129211 0.03535497 0.129211 -0.03535497 0.171666 -0.03535497 0.114444 0.03535497 0.129211 -0.03535497 0.114444 0.03535497 0.07752597 0.03535497 0.07752597 -0.03535497 0.114444 -0.03535497 0.05722182 0.03535497 0.07752597 -0.03535497 0.05722182 0.03535497 0.02584195 0.03535497 0.02584195 -0.03535497 0.05722182 -0.03535497 0 0.03535497 0.02584195 -0.03535497 0 0.03535497 -0.02584195 0.03535497 -0.02584195 -0.03535497 0 -0.03535497 -0.05722182 0.03535497 -0.02584195 -0.03535497 -0.05722182 0.03535497 -0.07752597 0.03535497 -0.07752597 -0.03535497 -0.05722182 -0.03535497 -0.114444 0.03535497 -0.07752597 -0.03535497 -0.114444 0.03535497 -0.129211 0.03535497 -0.129211 -0.03535497 -0.114444 -0.03535497 -0.171666 0.03535497 -0.129211 -0.03535497 -0.171666 0.03535497 -0.180895 0.03535497 -0.180895 -0.03535497 -0.171666 -0.03535497 -0.228887 0.03535497 -0.180895 -0.03535497 -0.228887 0.03535497 -0.2325789 0.03535497 -0.2325789 -0.03535497 -0.228887 -0.03535497 -0.286109 0.03535497 -0.2325789 -0.03535497 -0.286109 0.03535497 -0.284263 0.03535497 -0.284263 -0.03535497 -0.286109 0.03535497 -0.335948 0.03535497 -0.335948 -0.03535497 -0.286109 -0.03535497 -0.343331 0.03535497 -0.335948 -0.03535497 -0.343331 0.03535497 -0.387632 0.03535497 -0.387632 -0.03535497 -0.343331 -0.03535497 -0.400553 0.03535497 -0.387632 -0.03535497 -0.400553 0.03535497 -0.439316 0.03535497 -0.439316 -0.03535497 -0.400553 -0.03535497 -0.457775 0.03535497 -0.439316 -0.03535497 -0.457775 0.03535497 -0.491001 0.03535497 -0.491001 -0.03535497 -0.457775 -0.03535497 -0.514997 0.03535497 -0.491001 -0.03535497 -0.514997 0.03535497 -0.542685 0.03535497 -0.542685 -0.03535497 -0.514997 -0.03535497 -0.572219 0.03535497 -0.542685 -0.03535497 -0.572219 0.03535497 -0.594369 0.03535497 -0.594369 -0.03535497 -0.572219 -0.03535497 -0.629441 0.03535497 -0.594369 -0.03535497 -0.629441 0.03535497 -0.646053 0.03535497 -0.646053 -0.03535497 -0.629441 -0.03535497 -0.686662 0.03535497 -0.646053 -0.03535497 -0.686662 0.03535497 -0.697738 0.03535497 -0.697738 -0.03535497 -0.686662 -0.03535497 -0.743884 0.03535497 -0.697738 -0.03535497 -0.743884 0.03535497 -0.749422 0.03535497 -0.749422 -0.03535497 -0.743884 -0.03535497 -0.801106 0.1 0.670954 0.55 0.670954 0.1 0.722566 0.1 0.722566 0.55 0.670954 0.55 0.722566 0.1 -0.722566 0.55 -0.722566 0.1 -0.670954 0.1 -0.670954 0.55 -0.722566 0.55 -0.670954 0.1 -0.670954 0.55 -0.670954 0.1 -0.619343 0.1 -0.619343 0.55 -0.670954 0.55 -0.619343 0.1 -0.619343 0.55 -0.619343 0.1 -0.567731 0.1 -0.567731 0.55 -0.619343 0.55 -0.567731 0.1 -0.567731 0.55 -0.567731 0.1 -0.516119 0.1 -0.516119 0.55 -0.567731 0.55 -0.516119 0.1 -0.516119 0.55 -0.516119 0.1 -0.464507 0.1 -0.464507 0.55 -0.516119 0.55 -0.464507 0.1 -0.464507 0.55 -0.464507 0.1 -0.412895 0.1 -0.412895 0.55 -0.464507 0.55 -0.412895 0.1 -0.412895 0.55 -0.412895 0.1 -0.361283 0.1 -0.361283 0.55 -0.412895 0.55 -0.361283 0.1 -0.361283 0.55 -0.361283 0.1 -0.309671 0.1 -0.309671 0.55 -0.361283 0.55 -0.309671 0.1 -0.309671 0.55 -0.309671 0.1 -0.258059 0.1 -0.258059 0.55 -0.309671 0.55 -0.258059 0.1 -0.258059 0.55 -0.258059 0.1 -0.206448 0.1 -0.206448 0.55 -0.258059 0.55 -0.206448 0.1 -0.206448 0.55 -0.206448 0.1 -0.1548359 0.1 -0.1548359 0.55 -0.206448 0.55 -0.1548359 0.1 -0.1548359 0.55 -0.1548359 0.1 -0.103224 0.1 -0.103224 0.55 -0.1548359 0.55 -0.103224 0.1 -0.103224 0.55 -0.103224 0.1 -0.0516119 0.1 -0.0516119 0.55 -0.103224 0.55 -0.0516119 0.1 -0.0516119 0.55 -0.0516119 0.1 0 0.1 0 0.55 -0.0516119 0.55 0 0.1 0 0.55 0 0.1 0.0516119 0.1 0.0516119 0.55 0 0.55 0.0516119 0.1 0.0516119 0.55 0.0516119 0.1 0.103224 0.1 0.103224 0.55 0.0516119 0.55 0.103224 0.1 0.103224 0.55 0.103224 0.1 0.1548359 0.1 0.1548359 0.55 0.103224 0.55 0.1548359 0.1 0.1548359 0.55 0.1548359 0.1 0.206448 0.1 0.206448 0.55 0.1548359 0.55 0.206448 0.1 0.206448 0.55 0.206448 0.1 0.258059 0.1 0.258059 0.55 0.206448 0.55 0.258059 0.1 0.258059 0.55 0.258059 0.1 0.309671 0.1 0.309671 0.55 0.258059 0.55 0.309671 0.1 0.309671 0.55 0.309671 0.1 0.361283 0.1 0.361283 0.55 0.309671 0.55 0.361283 0.1 0.361283 0.55 0.361283 0.1 0.412895 0.1 0.412895 0.55 0.361283 0.55 0.412895 0.1 0.412895 0.55 0.412895 0.1 0.464507 0.1 0.464507 0.55 0.412895 0.55 0.464507 0.1 0.464507 0.55 0.464507 0.1 0.516119 0.1 0.516119 0.55 0.464507 0.55 0.516119 0.1 0.516119 0.55 0.516119 0.1 0.567731 0.1 0.567731 0.55 0.516119 0.55 0.567731 0.1 0.567731 0.55 0.567731 0.1 0.619343 0.1 0.619343 0.55 0.567731 0.55 0.619343 0.1 0.619343 0.55 0.619343 0.1 0.670954 0.1 0.670954 0.55 0.619343 0.55 0.670954 -0.319127 0.06150686 -0.325 0 -0.28 0 -0.28 0 -0.325 0 -0.319127 -0.06150686 -0.28 0 -0.319127 -0.06150686 -0.274268 -0.05636394 -0.274268 -0.05636394 -0.319127 -0.06150686 -0.30172 -0.12079 -0.274268 -0.05636394 -0.30172 -0.12079 -0.257308 -0.11042 -0.257308 -0.11042 -0.30172 -0.12079 -0.273407 -0.1757079 -0.257308 -0.11042 -0.273407 -0.1757079 -0.2298139 -0.159955 -0.2298139 -0.159955 -0.273407 -0.1757079 -0.2352139 -0.224276 -0.2298139 -0.159955 -0.2352139 -0.224276 -0.192911 -0.202942 -0.192911 -0.202942 -0.2352139 -0.224276 -0.188518 -0.264737 -0.192911 -0.202942 -0.188518 -0.264737 -0.14811 -0.2376199 -0.14811 -0.2376199 -0.188518 -0.264737 -0.13501 -0.29563 -0.14811 -0.2376199 -0.13501 -0.29563 -0.09724497 -0.262571 -0.09724497 -0.262571 -0.13501 -0.29563 -0.076622 -0.315839 -0.09724497 -0.262571 -0.076622 -0.315839 -0.0424 -0.276771 -0.0424 -0.276771 -0.076622 -0.315839 -0.01546382 -0.324632 -0.0424 -0.276771 -0.01546382 -0.324632 0.01418197 -0.279641 0.01418197 -0.279641 -0.01546382 -0.324632 0.04625195 -0.321692 0.01418197 -0.279641 0.04625195 -0.321692 0.07018297 -0.271062 0.07018297 -0.271062 0.04625195 -0.321692 0.106297 -0.307125 0.07018297 -0.271062 0.106297 -0.307125 0.12331 -0.251385 0.12331 -0.251385 0.106297 -0.307125 0.1625 -0.281458 0.12331 -0.251385 0.1625 -0.281458 0.1713899 -0.221417 0.1713899 -0.221417 0.1625 -0.281458 0.21283 -0.2456189 0.1713899 -0.221417 0.21283 -0.2456189 0.2124519 -0.182384 0.2124519 -0.182384 0.21283 -0.2456189 0.255467 -0.200902 0.2124519 -0.182384 0.255467 -0.200902 0.244817 -0.135885 0.244817 -0.135885 0.255467 -0.200902 0.288872 -0.1489239 0.244817 -0.135885 0.288872 -0.1489239 0.267159 -0.08382195 0.267159 -0.08382195 0.288872 -0.1489239 0.311835 -0.09156298 0.267159 -0.08382195 0.311835 -0.09156298 0.278563 -0.02832686 0.278563 -0.02832686 0.311835 -0.09156298 0.323528 -0.03089284 0.278563 -0.02832686 0.323528 -0.03089284 0.278563 0.02832686 0.278563 0.02832686 0.323528 -0.03089284 0.323528 0.03089284 0.278563 0.02832686 0.323528 0.03089284 0.311835 0.09156298 0.278563 0.02832686 0.311835 0.09156298 0.267159 0.08382195 0.267159 0.08382195 0.311835 0.09156298 0.288872 0.1489239 0.267159 0.08382195 0.288872 0.1489239 0.244817 0.135885 0.244817 0.135885 0.288872 0.1489239 0.255467 0.200902 0.244817 0.135885 0.255467 0.200902 0.2124519 0.182384 0.2124519 0.182384 0.255467 0.200902 0.21283 0.2456189 0.2124519 0.182384 0.21283 0.2456189 0.1713899 0.221417 0.1713899 0.221417 0.21283 0.2456189 0.1625 0.281458 0.1713899 0.221417 0.1625 0.281458 0.12331 0.251385 0.12331 0.251385 0.1625 0.281458 0.106297 0.307125 0.12331 0.251385 0.106297 0.307125 0.07018297 0.271062 0.07018297 0.271062 0.106297 0.307125 0.04625195 0.321692 0.07018297 0.271062 0.04625195 0.321692 0.01418197 0.279641 0.01418197 0.279641 0.04625195 0.321692 -0.01546382 0.324632 0.01418197 0.279641 -0.01546382 0.324632 -0.0424 0.276771 -0.0424 0.276771 -0.01546382 0.324632 -0.076622 0.315839 -0.0424 0.276771 -0.076622 0.315839 -0.09724497 0.262571 -0.09724497 0.262571 -0.076622 0.315839 -0.13501 0.29563 -0.09724497 0.262571 -0.13501 0.29563 -0.14811 0.2376199 -0.14811 0.2376199 -0.13501 0.29563 -0.188518 0.264737 -0.14811 0.2376199 -0.188518 0.264737 -0.192911 0.202942 -0.192911 0.202942 -0.188518 0.264737 -0.2352139 0.224276 -0.192911 0.202942 -0.2352139 0.224276 -0.2298139 0.159955 -0.2298139 0.159955 -0.2352139 0.224276 -0.273407 0.1757079 -0.2298139 0.159955 -0.273407 0.1757079 -0.257308 0.11042 -0.257308 0.11042 -0.273407 0.1757079 -0.30172 0.12079 -0.257308 0.11042 -0.30172 0.12079 -0.274268 0.05636394 -0.274268 0.05636394 -0.30172 0.12079 -0.319127 0.06150686 -0.274268 0.05636394 -0.319127 0.06150686 -0.28 0 0.07000195 0.338834 0.06999796 0.387233 0.03500092 0.352236 0.03500092 0.352236 0.06999796 0.387233 0 0.387232 0.03500092 0.352236 0 0.387232 0 0.338834 0.03500092 0.352236 0 0.338834 0.03500092 0.317239 0.03500092 0.317239 0 0.338834 0 0.290429 0.03500092 0.317239 0 0.290429 0.03500092 0.291319 0.03500092 0.291319 0 0.290429 0.03500092 0.265399 0.03500092 0.291319 0.03500092 0.265399 0.07000195 0.290429 0.07000195 0.290429 0.03500092 0.265399 0.07000195 0.242024 0.07000195 0.242024 0.03500092 0.265399 0.03500092 0.2394779 0.07000195 0.242024 0.03500092 0.2394779 0.03500092 0.213558 0.03500092 0.213558 0.03500092 0.2394779 0 0.242024 0.03500092 0.213558 0 0.242024 0 0.193619 0 0.290429 0 0.242024 0.03500092 0.265399 0.03500092 0.265399 0 0.242024 0.03500092 0.2394779 0.03500092 0.213558 0 0.193619 0.03500092 0.183338 0.03500092 0.183338 0 0.193619 0 0.145214 0.03500092 0.183338 0 0.145214 0.03500092 0.153117 0.03500092 0.153117 0 0.145214 0.03500092 0.122897 0.03500092 0.153117 0.03500092 0.122897 0.07000195 0.145214 0.07000195 0.145214 0.03500092 0.122897 0.07000195 0.09680998 0.07000195 0.09680998 0.03500092 0.122897 0.03500092 0.09267699 0.07000195 0.09680998 0.03500092 0.09267699 0.03500092 0.069507 0.03500092 0.069507 0.03500092 0.09267699 0 0.09680998 0.03500092 0.069507 0 0.09680998 0 0.04840499 0 0.145214 0 0.09680998 0.03500092 0.122897 0.03500092 0.122897 0 0.09680998 0.03500092 0.09267699 0 -3e-6 0.03500092 0.023166 0 0.04840499 0 0.04840499 0.03500092 0.023166 0.03500092 0.04633682 0 0.04840499 0.03500092 0.04633682 0.03500092 0.069507 0.03500092 0.069507 0.03500092 0.04633682 0.07000195 0.04840499 0.03500092 0.069507 0.07000195 0.04840499 0.07000195 0.09680998 0 -3e-6 0.06999999 -4e-6 0.03500092 0.023166 0.03500092 0.023166 0.06999999 -4e-6 0.07000195 0.04840499 0.03500092 0.023166 0.07000195 0.04840499 0.03500092 0.04633682 0.03500092 0.153117 0.07000195 0.145214 0.03500092 0.183338 0.03500092 0.183338 0.07000195 0.145214 0.07000195 0.193619 0.03500092 0.183338 0.07000195 0.193619 0.03500092 0.213558 0.03500092 0.213558 0.07000195 0.193619 0.07000195 0.242024 0.03500092 0.291319 0.07000195 0.290429 0.03500092 0.317239 0.03500092 0.317239 0.07000195 0.290429 0.07000195 0.338834 0.03500092 0.317239 0.07000195 0.338834 0.03500092 0.352236 0.03535497 0.379803 -0.03535497 0.379803 0.03535497 0.332868 0.03535497 0.332868 -0.03535497 0.379803 -0.03535497 0.327653 0.03535497 0.332868 -0.03535497 0.327653 0.03535497 0.285933 0.03535497 0.285933 -0.03535497 0.327653 -0.03535497 0.275503 0.03535497 0.285933 -0.03535497 0.275503 0.03535497 0.2389979 0.03535497 0.2389979 -0.03535497 0.275503 -0.03535497 0.223353 0.03535497 0.2389979 -0.03535497 0.223353 0.03535497 0.192063 0.03535497 0.192063 -0.03535497 0.223353 -0.03535497 0.171204 0.03535497 0.192063 -0.03535497 0.171204 0.03535497 0.145129 0.03535497 0.145129 -0.03535497 0.171204 -0.03535497 0.119054 0.03535497 0.145129 -0.03535497 0.119054 0.03535497 0.098194 0.03535497 0.098194 -0.03535497 0.119054 -0.03535497 0.066904 0.03535497 0.098194 -0.03535497 0.066904 0.03535497 0.05125898 0.03535497 0.05125898 -0.03535497 0.066904 -0.03535497 0.01475387 0.03535497 0.05125898 -0.03535497 0.01475387 0.03535497 0.004323959 0.03535497 0.004323959 -0.03535497 0.01475387 -0.03535497 -0.03739595 0.03535497 0.004323959 -0.03535497 -0.03739595 0.03535497 -0.042611 0.03535497 -0.042611 -0.03535497 -0.03739595 -0.03535497 -0.08954596 0.03535497 -0.042611 -0.03535497 -0.08954596 0.03535497 -0.08954596 0.03535497 -0.08954596 -0.03535497 -0.08954596 0.03535497 -0.136481 0.03535497 -0.136481 -0.03535497 -0.08954596 -0.03535497 -0.141696 0.03535497 -0.136481 -0.03535497 -0.141696 0.03535497 -0.183416 0.03535497 -0.183416 -0.03535497 -0.141696 -0.03535497 -0.193846 0.03535497 -0.183416 -0.03535497 -0.193846 0.03535497 -0.23035 0.03535497 -0.23035 -0.03535497 -0.193846 -0.03535497 -0.245995 0.03535497 -0.23035 -0.03535497 -0.245995 0.03535497 -0.277285 0.03535497 -0.277285 -0.03535497 -0.245995 -0.03535497 -0.298145 0.03535497 -0.277285 -0.03535497 -0.298145 0.03535497 -0.32422 0.03535497 -0.32422 -0.03535497 -0.298145 -0.03535497 -0.350295 0.03535497 -0.32422 -0.03535497 -0.350295 0.03535497 -0.371155 0.03535497 -0.371155 -0.03535497 -0.350295 -0.03535497 -0.402445 0.03535497 -0.371155 -0.03535497 -0.402445 0.03535497 -0.41809 0.03535497 -0.41809 -0.03535497 -0.402445 -0.03535497 -0.454595 0.03535497 -0.41809 -0.03535497 -0.454595 0.03535497 -0.465025 0.03535497 -0.465025 -0.03535497 -0.454595 -0.03535497 -0.506745 0.03535497 -0.465025 -0.03535497 -0.506745 0.03535497 -0.51196 0.03535497 -0.51196 -0.03535497 -0.506745 -0.03535497 -0.558895 0.03535497 -0.51196 -0.03535497 -0.558895 0.03535497 -0.558895 0.070697 0.283046 0.070697 0.311348 0.03534895 0.296732 0.03534895 0.296732 0.070697 0.311348 0 0.311348 0.03534895 0.296732 0 0.311348 0 0.283046 0 0.283046 0.070697 0.283046 0.03534895 0.296732 0.07069396 -0.103954 0 -0.103954 0.070697 -0.132256 0.070697 -0.132256 0 -0.103954 0 -0.132256 -0.408188 0.170708 -0.460295 0.168157 -0.428878 0.09040999 -0.428878 0.09040999 -0.460295 0.168157 -0.547512 0.03233498 -0.428878 0.09040999 -0.547512 0.03233498 -0.445407 0.009153962 -0.445407 0.009153962 -0.547512 0.03233498 -0.457731 -0.07284498 -0.460295 0.168157 -0.51176 0.176697 -0.547512 0.03233498 -0.547512 0.03233498 -0.51176 0.176697 -0.560251 0.195939 -0.547512 0.03233498 -0.560251 0.195939 -0.629841 0.143445 -0.629841 0.143445 -0.560251 0.195939 -0.603569 0.225012 -0.629841 0.143445 -0.603569 0.225012 -0.639748 0.262598 -0.629841 0.143445 -0.639748 0.262598 -0.704328 0.259957 -0.704328 0.259957 -0.639748 0.262598 -0.66715 0.306991 -0.704328 0.259957 -0.66715 0.306991 -0.729214 0.313374 -0.729214 0.313374 -0.66715 0.306991 -0.684531 0.35618 -0.729214 0.313374 -0.684531 0.35618 -0.743179 0.370624 -0.743179 0.370624 -0.684531 0.35618 -0.691104 0.407934 -0.743179 0.370624 -0.691104 0.407934 -0.745683 0.4295 -0.745683 0.4295 -0.691104 0.407934 -0.68657 0.459905 -0.745683 0.4295 -0.68657 0.459905 -0.73663 0.487729 -0.73663 0.487729 -0.68657 0.459905 -0.716369 0.543066 -0.716369 0.543066 -0.68657 0.459905 -0.671135 0.509739 -0.716369 0.543066 -0.671135 0.509739 -0.685681 0.593374 -0.685681 0.593374 -0.671135 0.509739 -0.645499 0.555175 -0.685681 0.593374 -0.645499 0.555175 -0.645751 0.636713 -0.645751 0.636713 -0.645499 0.555175 -0.610825 0.594153 -0.645751 0.636713 -0.610825 0.594153 -0.59812 0.67141 -0.59812 0.67141 -0.610825 0.594153 -0.568683 0.624906 -0.59812 0.67141 -0.568683 0.624906 -0.544625 0.696126 -0.544625 0.696126 -0.568683 0.624906 -0.520986 0.64604 -0.544625 0.696126 -0.520986 0.64604 -0.48733 0.709909 -0.48733 0.709909 -0.520986 0.64604 -0.469896 0.656595 -0.48733 0.709909 -0.469896 0.656595 -0.428447 0.712226 -0.428447 0.712226 -0.469896 0.656595 -0.417729 0.656094 -0.428447 0.712226 -0.417729 0.656094 -0.370246 0.702987 -0.370246 0.702987 -0.417729 0.656094 -0.366851 0.64456 -0.370246 0.702987 -0.366851 0.64456 -0.314975 0.682549 -0.314975 0.682549 -0.366851 0.64456 -0.319568 0.622514 -0.314975 0.682549 -0.319568 0.622514 -0.264764 0.651702 -0.264764 0.651702 -0.319568 0.622514 -0.278025 0.590958 -0.264764 0.651702 -0.278025 0.590958 -0.221553 0.611634 -0.221553 0.611634 -0.278025 0.590958 -0.223491 0.585066 -0.221553 0.611634 -0.223491 0.585066 -0.219877 0.609725 -0.219877 0.609725 -0.223491 0.585066 -0.2128739 0.601746 -0.244105 0.551321 -0.233902 0.568257 -0.278025 0.590958 -0.278025 0.590958 -0.233902 0.568257 -0.223491 0.585066 0.175 0.04712384 -0.124492 0.03626698 0.175 0 0.175 0 -0.124492 0.03626698 -0.124687 -0.006663978 0.175 0 -0.124687 -0.006663978 0.175 -0.04712384 0.175 -0.04712384 -0.124687 -0.006663978 -0.1249 -0.04947698 0.175 -0.04712384 -0.1249 -0.04947698 0.175 -0.09424799 0.175 -0.09424799 -0.1249 -0.04947698 -0.125 -0.09214097 0.175 -0.09424799 -0.125 -0.09214097 -0.125 -0.117227 -0.124492 0.03626698 0.175 0.04712384 -0.124414 0.07933199 -0.124414 0.07933199 0.175 0.04712384 0.175 0.09424799 -0.124414 0.07933199 0.175 0.09424799 -0.124491 0.122321 -0.124491 0.122321 0.175 0.09424799 0.175 0.141372 -0.124491 0.122321 0.175 0.141372 -0.124687 0.165345 -0.124687 0.165345 0.175 0.141372 0.175 0.1884959 -0.124687 0.165345 0.175 0.1884959 -0.124899 0.208176 -0.124899 0.208176 0.175 0.1884959 0.175 0.235619 -0.124899 0.208176 0.175 0.235619 -0.125 0.250881 -0.125 0.250881 0.175 0.235619 0.175 0.282743 -0.125 0.250881 0.175 0.282743 -0.125 0.275967 -0.125 0.275967 0.175 0.282743 -0.125 0.322191 -0.125 0.322191 0.175 0.282743 0.175 0.329867 -0.125 0.322191 0.175 0.329867 -0.125 0.368414 -0.125 0.368414 0.175 0.329867 0.175 0.376991 -0.125 0.368414 0.175 0.376991 -0.125 0.414638 -0.125 0.414638 0.175 0.376991 0.175 0.424115 -0.125 0.414638 0.175 0.424115 -0.125 0.460862 -0.125 0.460862 0.175 0.424115 0.175 0.471239 -0.125 0.460862 0.175 0.471239 -0.125 0.507086 -0.125 0.507086 0.175 0.471239 0.175 0.518363 -0.125 0.507086 0.175 0.518363 -0.125 0.55331 -0.125 0.55331 0.175 0.518363 0.175 0.565487 -0.125 0.55331 0.175 0.565487 -0.125 0.599533 -0.125 0.599533 0.175 0.565487 0.175 0.612611 -0.125 0.599533 0.175 0.612611 -0.125 0.645757 -0.125 -0.579464 0.175 -0.612611 0.175 -0.565487 -0.125 -0.579464 0.175 -0.565487 -0.125 -0.53324 -0.125 -0.53324 0.175 -0.565487 0.175 -0.518363 -0.125 -0.53324 0.175 -0.518363 -0.125 -0.487017 -0.125 -0.487017 0.175 -0.518363 0.175 -0.471239 -0.125 -0.487017 0.175 -0.471239 -0.125 -0.440793 -0.125 -0.440793 0.175 -0.471239 0.175 -0.424115 -0.125 -0.440793 0.175 -0.424115 -0.125 -0.394569 -0.125 -0.394569 0.175 -0.424115 0.175 -0.376991 -0.125 -0.394569 0.175 -0.376991 -0.125 -0.348345 -0.125 -0.348345 0.175 -0.376991 0.175 -0.329867 -0.125 -0.348345 0.175 -0.329867 -0.125 -0.302122 -0.125 -0.302122 0.175 -0.329867 0.175 -0.282743 -0.125 -0.302122 0.175 -0.282743 -0.125 -0.255898 -0.125 -0.255898 0.175 -0.282743 0.175 -0.235619 -0.125 -0.255898 0.175 -0.235619 -0.125 -0.209674 -0.125 -0.209674 0.175 -0.235619 0.175 -0.1884959 -0.125 -0.209674 0.175 -0.1884959 -0.125 -0.16345 -0.125 -0.16345 0.175 -0.1884959 0.175 -0.141372 -0.125 -0.16345 0.175 -0.141372 -0.125 -0.117227 -0.125 -0.117227 0.175 -0.141372 0.175 -0.09424799 -0.01598197 -2.068885 -0.03535497 -2.091757 -0.001286864 -2.130743 -0.001286864 -2.130743 -0.03535497 -2.091757 -0.03535497 -2.175311 -0.001286864 -2.130743 -0.03535497 -2.175311 0.01416498 -2.161081 0.01416498 -2.161081 -0.03535497 -2.175311 0.02571094 -2.192724 0.02571094 -2.192724 -0.03535497 -2.175311 -0.03535497 -2.258866 0.02571094 -2.192724 -0.03535497 -2.258866 0.03288882 -2.225362 0.03288882 -2.225362 -0.03535497 -2.258866 0.03535497 -2.258866 -0.01598197 -2.068885 -0.03535497 -2.008202 -0.03535497 -2.091757 -0.03535497 0.836854 -0.03535497 0.766512 0.03535497 0.836854 0.03535497 0.836854 -0.03535497 0.766512 0.03535497 0.759478 0.03535497 0.759478 -0.03535497 0.766512 -0.03535497 0.696171 0.03535497 0.759478 -0.03535497 0.696171 0.03535497 0.682102 0.03535497 0.682102 -0.03535497 0.696171 -0.03535497 0.625829 0.03535497 0.682102 -0.03535497 0.625829 0.03535497 0.604726 0.03535497 0.604726 -0.03535497 0.625829 -0.03535497 0.555487 0.03535497 0.604726 -0.03535497 0.555487 0.03535497 0.527351 0.03535497 0.527351 -0.03535497 0.555487 -0.03535497 0.485146 0.03535497 0.527351 -0.03535497 0.485146 0.03535497 0.449975 0.03535497 0.449975 -0.03535497 0.485146 -0.03535497 0.414804 0.03535497 0.449975 -0.03535497 0.414804 0.03535497 0.372599 0.03535497 0.372599 -0.03535497 0.414804 -0.03535497 0.344463 0.03535497 0.372599 -0.03535497 0.344463 0.03535497 0.295223 0.03535497 0.295223 -0.03535497 0.344463 -0.03535497 0.274121 0.03535497 0.295223 -0.03535497 0.274121 0.03535497 0.217848 0.03535497 0.217848 -0.03535497 0.274121 -0.03535497 0.203779 0.03535497 0.217848 -0.03535497 0.203779 0.03535497 0.1404719 0.03535497 0.1404719 -0.03535497 0.203779 -0.03535497 0.133438 0.03535497 0.1404719 -0.03535497 0.133438 0.03535497 0.06309598 0.03535497 0.06309598 -0.03535497 0.133438 -0.03535497 0.06309598 0.03535497 0.06309598 -0.03535497 0.06309598 -0.03535497 -0.007245898 0.03535497 0.06309598 -0.03535497 -0.007245898 0.03535497 -0.01427996 0.03535497 -0.01427996 -0.03535497 -0.007245898 -0.03535497 -0.077587 0.03535497 -0.01427996 -0.03535497 -0.077587 0.03535497 -0.09165596 0.03535497 -0.09165596 -0.03535497 -0.077587 -0.03535497 -0.147929 0.03535497 -0.09165596 -0.03535497 -0.147929 0.03535497 -0.169031 0.03535497 -0.169031 -0.03535497 -0.147929 -0.03535497 -0.21827 0.03535497 -0.169031 -0.03535497 -0.21827 0.03535497 -0.246407 0.03535497 -0.246407 -0.03535497 -0.21827 -0.03535497 -0.288612 0.03535497 -0.246407 -0.03535497 -0.288612 0.03535497 -0.323783 0.03535497 -0.323783 -0.03535497 -0.288612 -0.03535497 -0.358954 0.03535497 -0.323783 -0.03535497 -0.358954 0.03535497 -0.401159 0.03535497 -0.401159 -0.03535497 -0.358954 -0.03535497 -0.429295 0.03535497 -0.401159 -0.03535497 -0.429295 0.03535497 -0.478534 0.03535497 -0.478534 -0.03535497 -0.429295 -0.03535497 -0.499637 0.03535497 -0.478534 -0.03535497 -0.499637 0.03535497 -0.55591 0.03535497 -0.55591 -0.03535497 -0.499637 -0.03535497 -0.569979 0.03535497 -0.55591 -0.03535497 -0.569979 0.03535497 -0.633286 0.03535497 -0.633286 -0.03535497 -0.569979 -0.03535497 -0.64032 0.03535497 -0.633286 -0.03535497 -0.64032 0.03535497 -0.710662 0.03535497 -0.710662 -0.03535497 -0.64032 -0.03535497 -0.710662 -0.01280486 -1.305777 0.03535497 -1.323379 0.00285691 -1.283158 0.00285691 -1.283158 0.03535497 -1.323379 0.03535497 -1.261578 0.00285691 -1.283158 0.03535497 -1.261578 0.01707798 -1.240653 0.01707798 -1.240653 0.03535497 -1.261578 0.03535497 -1.199777 -0.01280486 -1.305777 -0.024908 -1.330573 0.03535497 -1.323379 0.03535497 -1.323379 -0.024908 -1.330573 0.03535497 -1.385179 0.03535497 -1.385179 -0.024908 -1.330573 -0.03267186 -1.357319 0.03535497 -1.385179 -0.03267186 -1.357319 -0.03535497 -1.385179 0.272794 0.419027 0.210007 0.423707 0.332952 0.373019 0.332952 0.373019 0.210007 0.423707 0.38547 0.318453 0.38547 0.318453 0.210007 0.423707 0.429146 0.256581 0.429146 0.256581 0.210007 0.423707 0.147507 0.431309 0.429146 0.256581 0.147507 0.431309 0.462975 0.188823 0.462975 0.188823 0.147507 0.431309 0.486183 0.116732 0.486183 0.116732 0.147507 0.431309 0.498236 0.04196399 0.498236 0.04196399 0.147507 0.431309 0.498858 -0.03376787 0.498858 -0.03376787 0.147507 0.431309 0.08542895 0.441817 0.498858 -0.03376787 0.08542895 0.441817 -0.421807 -0.156777 -0.421807 -0.156777 0.08542895 0.441817 -0.441648 -0.08629399 -0.441648 -0.08629399 0.08542895 0.441817 -0.449797 -0.01352596 -0.449797 -0.01352596 0.08542895 0.441817 -0.446036 0.05959987 -0.446036 0.05959987 0.08542895 0.441817 -0.430465 0.131147 -0.430465 0.131147 0.08542895 0.441817 -0.403498 0.199223 -0.403498 0.199223 0.08542895 0.441817 -0.365847 0.262023 -0.365847 0.262023 0.08542895 0.441817 -0.318509 0.317886 -0.318509 0.317886 0.08542895 0.441817 -0.262739 0.365333 -0.262739 0.365333 0.08542895 0.441817 -0.200012 0.403107 -0.200012 0.403107 0.08542895 0.441817 -0.13199 0.430208 -0.13199 0.430208 0.08542895 0.441817 -0.0604729 0.445918 -0.0604729 0.445918 0.08542895 0.441817 0.0126459 0.449822 -0.421807 -0.156777 -0.390797 -0.2231079 0.498858 -0.03376787 0.498858 -0.03376787 -0.390797 -0.2231079 -0.349441 -0.283533 0.498858 -0.03376787 -0.349441 -0.283533 -0.298832 -0.336451 -0.298832 -0.336451 -0.240312 -0.380461 0.498858 -0.03376787 0.498858 -0.03376787 -0.240312 -0.380461 -0.175428 -0.414397 0.498858 -0.03376787 -0.175428 -0.414397 -0.1059 -0.437362 -0.1059 -0.437362 -0.03356885 -0.448746 0.498858 -0.03376787 0.498858 -0.03376787 -0.03356885 -0.448746 0.488036 -0.108725 0.488036 -0.108725 -0.03356885 -0.448746 0.04883188 -0.45321 0.488036 -0.108725 0.04883188 -0.45321 0.466016 -0.181187 0.466016 -0.181187 0.04883188 -0.45321 0.433305 -0.249493 0.433305 -0.249493 0.04883188 -0.45321 0.390653 -0.312074 0.390653 -0.312074 0.04883188 -0.45321 0.339038 -0.367496 0.339038 -0.367496 0.04883188 -0.45321 0.131347 -0.454284 0.339038 -0.367496 0.131347 -0.454284 0.279645 -0.414486 0.279645 -0.414486 0.131347 -0.454284 0.213836 -0.451967 -0.219536 2.116619 -0.55 2.131833 -0.2 2.061362 -0.2 2.061362 -0.55 2.131833 -0.55 1.977023 -0.2 2.061362 -0.55 1.977023 -0.155945 1.949841 -0.155945 1.949841 -0.55 1.977023 -0.133119 1.891066 -0.133119 1.891066 -0.55 1.977023 -0.55 1.822213 -0.133119 1.891066 -0.55 1.822213 -0.110472 1.827847 -0.110472 1.827847 -0.55 1.822213 -0.08813297 1.755636 -0.08813297 1.755636 -0.55 1.822213 -0.565602 1.750373 -0.08813297 1.755636 -0.565602 1.750373 -0.06876498 1.675569 -0.06876498 1.675569 -0.565602 1.750373 -0.573695 1.67561 -0.06876498 1.675569 -0.573695 1.67561 -0.582026 1.598779 -0.219536 2.116619 -0.235578 2.172652 -0.55 2.131833 -0.55 2.131833 -0.235578 2.172652 -0.246317 2.229967 -0.55 2.131833 -0.246317 2.229967 -0.55 2.286643 -0.55 2.286643 -0.246317 2.229967 -0.25 2.286643 -0.06876498 1.675569 -0.582026 1.598779 -0.05514585 1.588915 -0.05514585 1.588915 -0.582026 1.598779 -0.590415 1.519902 -0.05514585 1.588915 -0.590415 1.519902 -0.04999995 1.496892 -0.04999995 1.496892 -0.590415 1.519902 -0.598707 1.438987 -0.04999995 1.496892 -0.598707 1.438987 -0.04999995 1.446718 -0.04999995 1.446718 -0.598707 1.438987 -0.606767 1.356026 -0.04999995 1.446718 -0.606767 1.356026 -0.04999995 1.302046 -0.04999995 1.302046 -0.606767 1.356026 -0.614462 1.270991 -0.04999995 1.302046 -0.614462 1.270991 -0.04999995 1.157374 -0.04999995 1.157374 -0.614462 1.270991 -0.621661 1.183786 -0.04999995 1.157374 -0.621661 1.183786 -0.628234 1.094758 -0.04999995 1.157374 -0.628234 1.094758 -0.04999995 1.012702 -0.04999995 1.012702 -0.628234 1.094758 -0.634006 1.005331 -0.04999995 1.012702 -0.634006 1.005331 -0.638898 0.916063 -0.04999995 1.012702 -0.638898 0.916063 -0.04999995 0.868031 -0.04999995 0.868031 -0.638898 0.916063 -0.642903 0.826843 -0.04999995 0.868031 -0.642903 0.826843 -0.04999995 0.723359 -0.04999995 0.723359 -0.642903 0.826843 -0.646014 0.737586 -0.04999995 0.723359 -0.646014 0.737586 -0.648231 0.648251 -0.04999995 0.723359 -0.648231 0.648251 -0.04999995 0.578687 -0.04999995 0.578687 -0.648231 0.648251 -0.649558 0.558835 -0.04999995 0.578687 -0.649558 0.558835 -0.65 0.469333 -0.04999995 0.578687 -0.65 0.469333 -0.04999995 0.434015 -0.04999995 0.434015 -0.65 0.469333 -0.65 0.425277 -0.04999995 0.434015 -0.65 0.425277 -0.04999995 0.289344 -0.04999995 0.289344 -0.65 0.425277 -0.65 0.283518 -0.04999995 0.289344 -0.65 0.283518 -0.04999995 0.144672 -0.04999995 0.144672 -0.65 0.283518 -0.65 0.141759 -0.04999995 0.144672 -0.65 0.141759 -0.04999995 0 -0.04999995 0 -0.65 0.141759 -0.65 0 0.04180687 0.539389 0.009257972 0.482352 0.04179883 0.41591 0.04179883 0.41591 0.009257972 0.482352 0.009257972 0.424339 0.04179883 0.41591 0.009257972 0.424339 0.009257972 0.336325 0.009257972 0.336325 0.009257972 0.424339 -4e-6 0.38686 0.009257972 0.336325 -4e-6 0.38686 -2e-6 0.30885 0.009257972 0.482352 0.04180687 0.539389 0.009257972 0.590879 0.009257972 0.590879 0.04180687 0.539389 0.04180687 0.601129 0.009257972 0.590879 0.04180687 0.601129 0.009257972 0.645143 0.009257972 0.645143 0.04180687 0.601129 0.04180186 0.662867 0.009257972 0.645143 0.04180186 0.662867 0.009257972 0.699406 0.009257972 0.699406 0.04180186 0.662867 0.04180598 0.72461 0.009257972 0.699406 0.04180598 0.72461 0.009257972 0.751993 0.009257972 0.751993 0.04180598 0.72461 0.04180687 0.786351 0.009257972 0.751993 0.04180687 0.786351 0.009257972 0.80458 0.009257972 0.80458 0.04180687 0.786351 0.04180687 0.84809 0.009257972 0.80458 0.04180687 0.84809 0.009257972 0.857167 0.009257972 0.857167 0.04180687 0.84809 0.041803 0.909753 0.009257972 0.857167 0.041803 0.909753 -5e-6 0.909751 -5e-6 0.909751 -4e-6 0.877102 0.009257972 0.857167 0.009257972 0.857167 -4e-6 0.877102 0 0.84446 0.009257972 0.857167 0 0.84446 0.009257972 0.80458 0.009257972 0.80458 0 0.84446 0 0.779089 0.009257972 0.80458 0 0.779089 0.009257972 0.751993 0.009257972 0.751993 0 0.779089 -10e-7 0.713715 0.009257972 0.751993 -10e-7 0.713715 0.009257972 0.699406 0.009257972 0.699406 -10e-7 0.713715 -10e-7 0.648343 0.009257972 0.699406 -10e-7 0.648343 0.009257972 0.645143 0.009257972 0.645143 -10e-7 0.648343 0.009257972 0.590879 -10e-7 0.648343 0 0.582973 0.009257972 0.590879 0.009257972 0.590879 0 0.582973 0.009257972 0.482352 0 0.582973 -10e-7 0.517601 0.009257972 0.482352 0.009257972 0.482352 -10e-7 0.517601 -10e-6 0.45223 0.009257972 0.482352 -10e-6 0.45223 0.009257972 0.424339 0.009257972 0.424339 -10e-6 0.45223 -4e-6 0.38686 -2e-6 0.30885 0.01618099 0.274365 0.009257972 0.336325 0.009257972 0.336325 0.01618099 0.274365 0.04180687 0.289742 0.009257972 0.336325 0.04180687 0.289742 0.04180687 0.352191 0.01618099 0.274365 0.02957898 0.239917 0.04180687 0.289742 0.04180687 0.289742 0.02957898 0.239917 0.04182785 0.228976 0.04182785 0.228976 0.02957898 0.239917 0.03858697 0.205529 0.04182785 0.228976 0.03858697 0.205529 0.04180687 0.170898 0.04180687 0.352191 0.04179883 0.41591 0.009257972 0.336325 0.03535497 1.429144 -0.03535497 1.429144 0.03535497 1.286229 0.03535497 1.286229 -0.03535497 1.429144 -0.03535497 1.286229 0.03535497 1.286229 -0.03535497 1.286229 0.03535497 1.143315 0.03535497 1.143315 -0.03535497 1.286229 -0.03535497 1.143315 0.03535497 1.143315 -0.03535497 1.143315 0.03535497 1.000401 0.03535497 1.000401 -0.03535497 1.143315 -0.03535497 1.000401 0.03535497 1.000401 -0.03535497 1.000401 0.03535497 0.857486 0.03535497 0.857486 -0.03535497 1.000401 -0.03535497 0.857486 0.03535497 0.857486 -0.03535497 0.857486 0.03535497 0.714572 0.03535497 0.714572 -0.03535497 0.857486 -0.03535497 0.714572 0.03535497 0.714572 -0.03535497 0.714572 0.03535497 0.571657 0.03535497 0.571657 -0.03535497 0.714572 -0.03535497 0.571657 0.03535497 0.571657 -0.03535497 0.571657 0.03535497 0.428743 0.03535497 0.428743 -0.03535497 0.571657 -0.03535497 0.428743 0.03535497 0.428743 -0.03535497 0.428743 0.03535497 0.285829 0.03535497 0.285829 -0.03535497 0.428743 -0.03535497 0.285829 0.03535497 0.285829 -0.03535497 0.285829 0.03535497 0.1429139 0.03535497 0.1429139 -0.03535497 0.285829 -0.03535497 0.1429139 0.03535497 0.1429139 -0.03535497 0.1429139 0.03535497 0 0.03535497 0 -0.03535497 0.1429139 -0.03535497 0 -0.03535497 0.173672 -0.03535497 0.117092 0.03535497 0.173672 0.03535497 0.173672 -0.03535497 0.117092 0.03535497 0.109548 0.03535497 0.109548 -0.03535497 0.117092 -0.03535497 0.06051099 0.03535497 0.109548 -0.03535497 0.06051099 0.03535497 0.04542297 0.03535497 0.04542297 -0.03535497 0.06051099 -0.03535497 0.003930926 0.03535497 0.04542297 -0.03535497 0.003930926 0.03535497 -0.01870083 0.03535497 -0.01870083 -0.03535497 0.003930926 -0.03535497 -0.05264896 0.03535497 -0.01870083 -0.03535497 -0.05264896 0.03535497 -0.08282595 0.03535497 -0.08282595 -0.03535497 -0.05264896 -0.03535497 -0.10923 0.03535497 -0.08282595 -0.03535497 -0.10923 0.03535497 -0.14695 0.03535497 -0.14695 -0.03535497 -0.10923 -0.03535497 -0.1658099 0.03535497 -0.14695 -0.03535497 -0.1658099 0.03535497 -0.2110739 0.03535497 -0.2110739 -0.03535497 -0.1658099 -0.03535497 -0.222391 0.03535497 -0.2110739 -0.03535497 -0.222391 0.03535497 -0.275199 0.03535497 -0.275199 -0.03535497 -0.222391 -0.03535497 -0.278971 0.03535497 -0.275199 -0.03535497 -0.278971 -0.03535497 -0.335551 0.03535497 -0.275199 -0.03535497 -0.335551 0.03535497 -0.339323 0.03535497 -0.339323 -0.03535497 -0.335551 -0.03535497 -0.392132 0.03535497 -0.339323 -0.03535497 -0.392132 0.03535497 -0.403448 0.03535497 -0.403448 -0.03535497 -0.392132 -0.03535497 -0.448712 0.03535497 -0.403448 -0.03535497 -0.448712 0.03535497 -0.467572 0.03535497 -0.467572 -0.03535497 -0.448712 -0.03535497 -0.505292 0.03535497 -0.467572 -0.03535497 -0.505292 0.03535497 -0.531697 0.03535497 -0.531697 -0.03535497 -0.505292 -0.03535497 -0.561873 0.03535497 -0.531697 -0.03535497 -0.561873 0.03535497 -0.595821 0.03535497 -0.595821 -0.03535497 -0.561873 -0.03535497 -0.618453 0.03535497 -0.595821 -0.03535497 -0.618453 0.03535497 -0.659945 0.03535497 -0.659945 -0.03535497 -0.618453 -0.03535497 -0.675034 0.03535497 -0.659945 -0.03535497 -0.675034 0.03535497 -0.72407 0.03535497 -0.72407 -0.03535497 -0.675034 -0.03535497 -0.731614 0.03535497 -0.72407 -0.03535497 -0.731614 0.03535497 -0.788194 0.03535497 -0.788194 -0.03535497 -0.731614 -0.03535497 -0.788194 -0.03535497 -0.770343 0.03535497 -0.770343 -0.03535497 -0.660294 -0.03535497 -0.660294 0.03535497 -0.770343 0.03535497 -0.660294 -0.03535497 -0.660294 0.03535497 -0.660294 -0.03535497 -0.550245 -0.03535497 -0.550245 0.03535497 -0.660294 0.03535497 -0.550245 -0.03535497 -0.550245 0.03535497 -0.550245 -0.03535497 -0.440196 -0.03535497 -0.440196 0.03535497 -0.550245 0.03535497 -0.440196 -0.03535497 -0.440196 0.03535497 -0.440196 -0.03535497 -0.330147 -0.03535497 -0.330147 0.03535497 -0.440196 0.03535497 -0.330147 -0.03535497 -0.330147 0.03535497 -0.330147 -0.03535497 -0.220098 -0.03535497 -0.220098 0.03535497 -0.330147 0.03535497 -0.220098 -0.03535497 -0.220098 0.03535497 -0.220098 -0.03535497 -0.110049 -0.03535497 -0.110049 0.03535497 -0.220098 0.03535497 -0.110049 -0.03535497 -0.110049 0.03535497 -0.110049 -0.03535497 0 -0.03535497 0 0.03535497 -0.110049 0.03535497 0 0.07042896 -1.478898 0.07042896 -1.429326 0.03521496 -1.454403 0.03521496 -1.454403 0.07042896 -1.429326 0 -1.429326 0.03521496 -1.454403 0 -1.429326 0 -1.478898 0 -1.478898 0.07042896 -1.478898 0.03521496 -1.454403 0 0.435453 0.04014194 0.436775 0 0.49766 0 0.49766 0.04014194 0.436775 0.04933285 0.473245 0 0.49766 0.04933285 0.473245 0.04014194 0.518769 0.04014194 0.518769 0.04933285 0.473245 0.04928195 0.526452 0.04014194 0.518769 0.04928195 0.526452 0.04014194 0.554806 0.04014194 0.554806 0.04928195 0.526452 0.04927897 0.575633 0.04014194 0.554806 0.04927897 0.575633 0.04014194 0.590996 0.04014194 0.590996 0.04927897 0.575633 0.04935085 0.620746 0.04014194 0.590996 0.04935085 0.620746 0.03396683 0.608305 0.03396683 0.608305 0.04935085 0.620746 0.04521083 0.635721 0.04521083 0.635721 0.04935085 0.620746 0.04933583 0.663222 0.04014194 0.436775 0 0.435453 0.04014194 0.381507 0.04014194 0.381507 0 0.435453 0 0.373245 0.04014194 0.381507 0 0.373245 0.04014194 0.307083 0.04014194 0.307083 0 0.373245 0 0.311038 0.04014194 0.307083 0 0.311038 0 0.24883 0.04014194 0.307083 0 0.24883 0.04014194 0.2326599 0.04014194 0.2326599 0 0.24883 0 0.186623 0.04014194 0.2326599 0 0.186623 0.04014194 0.1908659 0.04014194 0.1908659 0 0.186623 0.04014194 0.149072 0.04014194 0.1908659 0.04014194 0.149072 0.049335 0.177468 0.049335 0.177468 0.04014194 0.149072 0.04927295 0.118453 0.04927295 0.118453 0.04014194 0.149072 0.04014194 0.09790396 0.04927295 0.118453 0.04014194 0.09790396 0.04928499 0.05943298 0.04928499 0.05943298 0.04014194 0.09790396 0.04014194 0.04673486 0.04928499 0.05943298 0.04014194 0.04673486 0.04934185 -8.1e-5 0.04934185 -8.1e-5 0.04014194 0.04673486 7e-6 -8.3e-5 7e-6 -8.3e-5 0.04014194 0.04673486 -5.6e-5 0.06254297 -5.6e-5 0.06254297 0.04014194 0.04673486 0.04014194 0.09790396 -5.6e-5 0.06254297 0.04014194 0.09790396 -6e-5 0.124573 -6e-5 0.124573 0.04014194 0.09790396 0.04014194 0.149072 -6e-5 0.124573 0.04014194 0.149072 0 0.186623 0.049335 0.177468 0.04933583 0.236622 0.04014194 0.1908659 0.04014194 0.1908659 0.04933583 0.236622 0.04014194 0.2326599 0.04933583 0.236622 0.04933583 0.295777 0.04014194 0.2326599 0.04014194 0.2326599 0.04933583 0.295777 0.04014194 0.307083 0.04933583 0.295777 0.04933583 0.354933 0.04014194 0.307083 0.04014194 0.307083 0.04933583 0.354933 0.04014194 0.381507 0.04014194 0.381507 0.04933583 0.354933 0.04014194 0.436775 0.04014194 0.436775 0.04933583 0.354933 0.04933285 0.473245 0.03396683 0.608305 0.01813495 0.581267 0.04014194 0.590996 0.04014194 0.590996 0.01813495 0.581267 0.04014194 0.554806 0.01813495 0.581267 0 0.55447 0.04014194 0.554806 0.04014194 0.554806 0 0.55447 0.04014194 0.518769 0 0.55447 0 0.49766 0.04014194 0.518769 0.07064199 0.770386 0.07064199 0.788647 0.03532087 0.779194 0.03532087 0.779194 0.07064199 0.788647 0 0.788647 0.03532087 0.779194 0 0.788647 0 0.770386 0 0.770386 0.07064199 0.770386 0.03532087 0.779194 0.550768 0.378757 0.743226 0.370956 0.556152 0.412748 0.556152 0.412748 0.743226 0.370956 0.745655 0.430002 0.556152 0.412748 0.745655 0.430002 0.736462 0.488378 0.535143 0.348092 0.704328 0.259957 0.550768 0.378757 0.550768 0.378757 0.704328 0.259957 0.72927 0.313532 0.550768 0.378757 0.72927 0.313532 0.743226 0.370956 0.704328 0.259957 0.535143 0.348092 0.628227 0.1411049 0.628227 0.1411049 0.535143 0.348092 0.510808 0.323757 0.628227 0.1411049 0.510808 0.323757 0.480143 0.308132 0.628227 0.1411049 0.480143 0.308132 0.543966 0.02789199 0.543966 0.02789199 0.480143 0.308132 0.446151 0.302748 0.543966 0.02789199 0.446151 0.302748 0.41216 0.308132 0.543966 0.02789199 0.41216 0.308132 0.451962 -0.07912296 0.451962 -0.07912296 0.41216 0.308132 0.381495 0.323757 0.451962 -0.07912296 0.381495 0.323757 0.352668 -0.179412 0.352668 -0.179412 0.381495 0.323757 0.35716 0.348092 0.352668 -0.179412 0.35716 0.348092 -0.064857 -0.122595 -0.064857 -0.122595 0.35716 0.348092 -0.03015285 0.386049 -0.064857 -0.122595 -0.03015285 0.386049 -0.08919197 -0.09825998 -0.08919197 -0.09825998 -0.03015285 0.386049 -0.124902 0.326153 -0.08919197 -0.09825998 -0.124902 0.326153 -0.119857 -0.08263498 -0.119857 -0.08263498 -0.124902 0.326153 -0.224294 0.274325 -0.119857 -0.08263498 -0.224294 0.274325 -0.1538479 -0.07725197 -0.1538479 -0.07725197 -0.224294 0.274325 -0.18784 -0.08263498 -0.18784 -0.08263498 -0.224294 0.274325 -0.348403 0.02867388 -0.18784 -0.08263498 -0.348403 0.02867388 -0.319981 -0.061221 -0.03015285 0.386049 0.35716 0.348092 0.05930083 0.453598 0.05930083 0.453598 0.35716 0.348092 0.341535 0.378757 0.05930083 0.453598 0.341535 0.378757 0.336152 0.412748 0.05930083 0.453598 0.336152 0.412748 0.1428419 0.528335 0.1428419 0.528335 0.336152 0.412748 0.341535 0.44674 0.1428419 0.528335 0.341535 0.44674 0.219895 0.609746 0.219895 0.609746 0.341535 0.44674 0.35716 0.477405 0.219895 0.609746 0.35716 0.477405 0.262902 0.650277 0.262902 0.650277 0.35716 0.477405 0.381495 0.50174 0.262902 0.650277 0.381495 0.50174 0.313019 0.68159 0.313019 0.68159 0.381495 0.50174 0.41216 0.517365 0.313019 0.68159 0.41216 0.517365 0.368303 0.702472 0.368303 0.702472 0.41216 0.517365 0.426607 0.712111 0.426607 0.712111 0.41216 0.517365 0.446151 0.522748 0.426607 0.712111 0.446151 0.522748 0.48567 0.710134 0.48567 0.710134 0.446151 0.522748 0.480143 0.517365 0.48567 0.710134 0.480143 0.517365 0.543199 0.696618 0.543199 0.696618 0.480143 0.517365 0.510808 0.50174 0.543199 0.696618 0.510808 0.50174 0.596963 0.672086 0.596963 0.672086 0.510808 0.50174 0.644874 0.637491 0.644874 0.637491 0.510808 0.50174 0.535143 0.477405 0.644874 0.637491 0.535143 0.477405 0.685075 0.594175 0.685075 0.594175 0.535143 0.477405 0.550768 0.44674 0.685075 0.594175 0.550768 0.44674 0.716004 0.54382 0.716004 0.54382 0.550768 0.44674 0.736462 0.488378 0.736462 0.488378 0.550768 0.44674 0.556152 0.412748 -0.04923182 -0.221243 0.134208 -0.357864 -0.04384785 -0.187252 -0.04384785 -0.187252 0.134208 -0.357864 0.246576 -0.272479 -0.04384785 -0.187252 0.246576 -0.272479 -0.04923182 -0.1532599 -0.04923182 -0.1532599 0.246576 -0.272479 0.352668 -0.179412 -0.04923182 -0.1532599 0.352668 -0.179412 -0.064857 -0.122595 -0.04923182 -0.221243 -0.064857 -0.251908 0.134208 -0.357864 0.134208 -0.357864 -0.064857 -0.251908 0.01612097 -0.435145 0.01612097 -0.435145 -0.064857 -0.251908 -0.08919197 -0.276243 0.01612097 -0.435145 -0.08919197 -0.276243 -0.119857 -0.291868 0.01612097 -0.435145 -0.119857 -0.291868 -0.107103 -0.503942 -0.107103 -0.503942 -0.119857 -0.291868 -0.1538479 -0.297252 -0.107103 -0.503942 -0.1538479 -0.297252 -0.18784 -0.291868 -0.218505 -0.276243 -0.296538 -0.341918 -0.18784 -0.291868 -0.18784 -0.291868 -0.296538 -0.341918 -0.309654 -0.435282 -0.18784 -0.291868 -0.309654 -0.435282 -0.107103 -0.503942 -0.107103 -0.503942 -0.309654 -0.435282 -0.2348549 -0.563914 -0.2348549 -0.563914 -0.309654 -0.435282 -0.333073 -0.526609 -0.2348549 -0.563914 -0.333073 -0.526609 -0.366503 -0.614764 -0.218505 -0.276243 -0.2428399 -0.251908 -0.296538 -0.341918 -0.296538 -0.341918 -0.2428399 -0.251908 -0.293887 -0.247674 -0.293887 -0.247674 -0.2428399 -0.251908 -0.258465 -0.221243 -0.293887 -0.247674 -0.258465 -0.221243 -0.263848 -0.187252 -0.293887 -0.247674 -0.263848 -0.187252 -0.301734 -0.15372 -0.301734 -0.15372 -0.263848 -0.187252 -0.258465 -0.1532599 -0.301734 -0.15372 -0.258465 -0.1532599 -0.2428399 -0.122595 -0.301734 -0.15372 -0.2428399 -0.122595 -0.319981 -0.061221 -0.319981 -0.061221 -0.2428399 -0.122595 -0.218505 -0.09825998 -0.319981 -0.061221 -0.218505 -0.09825998 -0.18784 -0.08263498 -0.224294 0.274325 -0.327642 0.230921 -0.348403 0.02867388 -0.348403 0.02867388 -0.327642 0.230921 -0.386646 0.1148509 -0.386646 0.1148509 -0.327642 0.230921 -0.434236 0.19624 1.074498 -1.252016 1.047198 -1.335808 1.062841 -1.332823 1.062841 -1.332823 1.047198 -1.335808 1.018611 -1.40236 1.062841 -1.332823 1.018611 -1.40236 1.047198 -1.411174 1.047198 -1.411174 1.018611 -1.40236 1.010758 -1.438663 1.047198 -1.411174 1.010758 -1.438663 1.047198 -1.507404 1.047198 -1.507404 1.010758 -1.438663 1.010758 -1.500878 1.047198 -1.507404 1.010758 -1.500878 1.010758 -1.563094 1.010758 -1.563094 1.010758 -1.500878 0.947801 -1.529335 1.010758 -1.563094 0.947801 -1.529335 0.947018 -1.563094 0.947018 -1.563094 0.947801 -1.529335 0.906054 -1.590034 0.947018 -1.563094 0.906054 -1.590034 0.947018 -1.625309 0.947018 -1.625309 0.906054 -1.590034 0.883278 -1.625309 0.947018 -1.625309 0.883278 -1.625309 0.947018 -1.687525 0.947018 -1.687525 0.883278 -1.625309 0.883278 -1.687525 0.947018 -1.687525 0.883278 -1.687525 0.947018 -1.74974 0.947018 -1.74974 0.883278 -1.687525 0.883278 -1.74974 0.947018 -1.74974 0.883278 -1.74974 0.947018 -1.811956 0.947018 -1.811956 0.883278 -1.74974 0.883278 -1.811956 0.947018 -1.811956 0.883278 -1.811956 0.947018 -1.874171 0.947018 -1.874171 0.883278 -1.811956 0.883278 -1.874171 0.947018 -1.874171 0.883278 -1.874171 0.947018 -1.936387 0.947018 -1.936387 0.883278 -1.874171 0.883278 -1.936387 0.947018 -1.936387 0.883278 -1.936387 0.947018 -1.998602 0.947018 -1.998602 0.883278 -1.936387 0.883278 -1.998602 0.947018 -1.998602 0.883278 -1.998602 0.947018 -2.060818 0.947018 -2.060818 0.883278 -1.998602 0.883278 -2.060818 0.947018 -2.060818 0.883278 -2.060818 0.947018 -2.123033 0.947018 -2.123033 0.883278 -2.060818 0.883278 -2.123033 0.947018 -2.123033 0.883278 -2.123033 0.947018 -2.185249 0.947018 -2.185249 0.883278 -2.123033 0.883278 -2.185249 0.947018 -2.185249 0.883278 -2.185249 0.947018 -2.247464 0.947018 -2.247464 0.883278 -2.185249 0.883278 -2.247464 0.947018 -2.247464 0.883278 -2.247464 0.947018 -2.30968 0.947018 -2.30968 0.883278 -2.247464 0.883278 -2.30968 0.947018 -2.30968 0.883278 -2.30968 0.947018 -2.371895 0.947018 -2.371895 0.883278 -2.30968 0.883278 -2.371895 0.947018 -2.371895 0.883278 -2.371895 0.947018 -2.434111 0.947018 -2.434111 0.883278 -2.371895 0.883278 -2.434111 0.947018 -2.434111 0.883278 -2.434111 0.947018 -2.496326 0.947018 -2.496326 0.883278 -2.434111 0.883278 -2.496326 0.947018 -2.496326 0.883278 -2.496326 0.947018 -2.558542 0.947018 -2.558542 0.883278 -2.496326 0.883278 -2.558542 0.947018 -2.558542 0.883278 -2.558542 0.947018 -2.620757 0.947018 -2.620757 0.883278 -2.558542 0.925443 -2.653189 0.947018 -2.620757 0.925443 -2.653189 0.972004 -2.701165 1.018611 -1.40236 0.985259 -1.46698 1.010758 -1.438663 1.010758 -1.438663 0.985259 -1.46698 1.010758 -1.500878 0.985259 -1.46698 0.947801 -1.529335 1.010758 -1.500878 0.906054 -1.590034 0.856424 -1.653228 0.883278 -1.625309 0.883278 -1.625309 0.856424 -1.653228 0.883278 -1.687525 0.856424 -1.653228 0.79911 -1.716724 0.883278 -1.687525 0.883278 -1.687525 0.79911 -1.716724 0.819538 -1.74974 0.883278 -1.687525 0.819538 -1.74974 0.883278 -1.74974 0.883278 -1.74974 0.819538 -1.74974 0.883278 -1.811956 0.79911 -1.716724 0.734855 -1.778213 0.819538 -1.74974 0.819538 -1.74974 0.734855 -1.778213 0.755798 -1.811956 0.819538 -1.74974 0.755798 -1.811956 0.819538 -1.811956 0.819538 -1.811956 0.755798 -1.811956 0.819538 -1.874171 0.819538 -1.811956 0.819538 -1.874171 0.883278 -1.874171 0.883278 -1.874171 0.819538 -1.874171 0.883278 -1.936387 0.734855 -1.778213 0.700151 -1.807824 0.755798 -1.811956 0.755798 -1.811956 0.700151 -1.807824 0.755798 -1.874171 0.755798 -1.811956 0.755798 -1.874171 0.819538 -1.874171 0.819538 -1.874171 0.755798 -1.874171 0.819538 -1.936387 0.819538 -1.874171 0.819538 -1.936387 0.883278 -1.936387 0.883278 -1.936387 0.819538 -1.936387 0.883278 -1.998602 0.755798 -1.874171 0.700151 -1.807824 0.692058 -1.874171 0.692058 -1.874171 0.700151 -1.807824 0.663846 -1.836413 0.692058 -1.874171 0.663846 -1.836413 0.628319 -1.862255 0.628319 -1.862255 0.628319 -1.932992 0.692058 -1.874171 0.692058 -1.874171 0.628319 -1.932992 0.692058 -1.936387 0.692058 -1.874171 0.692058 -1.936387 0.755798 -1.936387 0.755798 -1.936387 0.692058 -1.936387 0.755798 -1.998602 0.755798 -1.936387 0.755798 -1.998602 0.819538 -1.998602 0.819538 -1.998602 0.755798 -1.998602 0.819538 -2.060818 0.819538 -1.998602 0.819538 -2.060818 0.883278 -2.060818 0.883278 -2.060818 0.819538 -2.060818 0.883278 -2.123033 0.692058 -1.936387 0.628319 -1.932992 0.692058 -1.998602 0.692058 -1.998602 0.628319 -1.932992 0.628319 -2.003728 0.692058 -1.998602 0.628319 -2.003728 0.692058 -2.060818 0.692058 -2.060818 0.628319 -2.003728 0.628319 -2.074465 0.692058 -2.060818 0.628319 -2.074465 0.692058 -2.123033 0.692058 -2.123033 0.628319 -2.074465 0.628319 -2.145201 0.692058 -2.123033 0.628319 -2.145201 0.692058 -2.185249 0.692058 -2.185249 0.628319 -2.145201 0.628319 -2.215937 0.692058 -2.185249 0.628319 -2.215937 0.692058 -2.247464 0.692058 -2.247464 0.628319 -2.215937 0.628319 -2.286674 0.692058 -2.247464 0.628319 -2.286674 0.692058 -2.30968 0.692058 -2.30968 0.628319 -2.286674 0.628319 -2.35741 0.692058 -2.30968 0.628319 -2.35741 0.692058 -2.371895 0.692058 -2.371895 0.628319 -2.35741 0.628319 -2.428146 0.692058 -2.371895 0.628319 -2.428146 0.692058 -2.434111 0.692058 -2.434111 0.628319 -2.428146 0.64597 -2.503348 0.692058 -2.434111 0.64597 -2.503348 0.692058 -2.496326 0.692058 -2.496326 0.64597 -2.503348 0.698766 -2.519278 0.692058 -2.496326 0.698766 -2.519278 0.755798 -2.496326 0.755798 -2.496326 0.698766 -2.519278 0.754438 -2.54107 0.755798 -2.496326 0.754438 -2.54107 0.814089 -2.571342 0.628319 -2.428146 0.628319 -2.498883 0.64597 -2.503348 0.755798 -2.496326 0.814089 -2.571342 0.819538 -2.558542 0.819538 -2.558542 0.814089 -2.571342 0.872651 -2.609565 0.819538 -2.558542 0.872651 -2.609565 0.883278 -2.558542 0.883278 -2.558542 0.872651 -2.609565 0.925443 -2.653189 1.01208 -2.752604 1.010758 -2.745188 0.972004 -2.701165 0.972004 -2.701165 1.010758 -2.745188 1.010758 -2.682973 0.972004 -2.701165 1.010758 -2.682973 0.947018 -2.620757 0.947018 -2.620757 1.010758 -2.682973 1.010758 -2.620757 0.947018 -2.620757 1.010758 -2.620757 0.947018 -2.558542 0.947018 -2.558542 1.010758 -2.620757 1.010758 -2.558542 0.947018 -2.558542 1.010758 -2.558542 0.947018 -2.496326 0.947018 -2.496326 1.010758 -2.558542 1.010758 -2.496326 0.947018 -2.496326 1.010758 -2.496326 0.947018 -2.434111 0.947018 -2.434111 1.010758 -2.496326 1.010758 -2.434111 0.947018 -2.434111 1.010758 -2.434111 0.947018 -2.371895 0.947018 -2.371895 1.010758 -2.434111 1.010758 -2.371895 0.947018 -2.371895 1.010758 -2.371895 0.947018 -2.30968 0.947018 -2.30968 1.010758 -2.371895 1.010758 -2.30968 0.947018 -2.30968 1.010758 -2.30968 0.947018 -2.247464 0.947018 -2.247464 1.010758 -2.30968 1.010758 -2.247464 0.947018 -2.247464 1.010758 -2.247464 0.947018 -2.185249 0.947018 -2.185249 1.010758 -2.247464 1.010758 -2.185249 0.947018 -2.185249 1.010758 -2.185249 0.947018 -2.123033 0.947018 -2.123033 1.010758 -2.185249 1.010758 -2.123033 0.947018 -2.123033 1.010758 -2.123033 0.947018 -2.060818 0.947018 -2.060818 1.010758 -2.123033 1.010758 -2.060818 0.947018 -2.060818 1.010758 -2.060818 0.947018 -1.998602 0.947018 -1.998602 1.010758 -2.060818 1.010758 -1.998602 0.947018 -1.998602 1.010758 -1.998602 0.947018 -1.936387 0.947018 -1.936387 1.010758 -1.998602 1.010758 -1.936387 0.947018 -1.936387 1.010758 -1.936387 0.947018 -1.874171 0.947018 -1.874171 1.010758 -1.936387 1.010758 -1.874171 0.947018 -1.874171 1.010758 -1.874171 0.947018 -1.811956 0.947018 -1.811956 1.010758 -1.874171 1.010758 -1.811956 0.947018 -1.811956 1.010758 -1.811956 0.947018 -1.74974 0.947018 -1.74974 1.010758 -1.811956 1.010758 -1.74974 0.947018 -1.74974 1.010758 -1.74974 0.947018 -1.687525 0.947018 -1.687525 1.010758 -1.74974 1.010758 -1.687525 0.947018 -1.687525 1.010758 -1.687525 0.947018 -1.625309 0.947018 -1.625309 1.010758 -1.687525 1.010758 -1.625309 0.947018 -1.625309 1.010758 -1.625309 0.947018 -1.563094 0.947018 -1.563094 1.010758 -1.625309 1.010758 -1.563094 1.010758 -2.745188 1.01208 -2.752604 1.047198 -2.758396 1.047198 -2.758396 1.01208 -2.752604 1.047198 -2.810483 1.047198 -2.758396 1.047198 -2.810483 1.061967 -2.813164 1.061967 -2.813164 1.047198 -2.810483 1.073261 -2.869619 1.010758 -2.745188 1.047198 -2.758396 1.010758 -2.682973 1.010758 -2.682973 1.047198 -2.758396 1.047198 -2.662166 1.010758 -2.682973 1.047198 -2.662166 1.010758 -2.620757 1.010758 -2.620757 1.047198 -2.662166 1.047198 -2.565936 1.010758 -2.620757 1.047198 -2.565936 1.010758 -2.558542 1.010758 -2.558542 1.047198 -2.565936 1.010758 -2.496326 1.047198 -2.565936 1.047198 -2.469705 1.010758 -2.496326 1.010758 -2.496326 1.047198 -2.469705 1.010758 -2.434111 1.047198 -2.469705 1.047198 -2.373475 1.010758 -2.434111 1.010758 -2.434111 1.047198 -2.373475 1.010758 -2.371895 1.010758 -2.371895 1.047198 -2.373475 1.010758 -2.30968 1.010758 -2.30968 1.047198 -2.373475 1.047198 -2.277245 1.010758 -2.30968 1.047198 -2.277245 1.010758 -2.247464 1.010758 -2.247464 1.047198 -2.277245 1.047198 -2.181015 1.010758 -2.247464 1.047198 -2.181015 1.010758 -2.185249 1.010758 -2.185249 1.047198 -2.181015 1.010758 -2.123033 1.047198 -2.181015 1.047198 -2.084785 1.010758 -2.123033 1.010758 -2.123033 1.047198 -2.084785 1.010758 -2.060818 1.047198 -2.084785 1.047198 -1.988555 1.010758 -2.060818 1.010758 -2.060818 1.047198 -1.988555 1.010758 -1.998602 1.010758 -1.998602 1.047198 -1.988555 1.010758 -1.936387 1.010758 -1.936387 1.047198 -1.988555 1.047198 -1.892325 1.010758 -1.936387 1.047198 -1.892325 1.010758 -1.874171 1.010758 -1.874171 1.047198 -1.892325 1.047198 -1.796095 1.010758 -1.874171 1.047198 -1.796095 1.010758 -1.811956 1.010758 -1.811956 1.047198 -1.796095 1.010758 -1.74974 1.047198 -1.796095 1.047198 -1.699864 1.010758 -1.74974 1.010758 -1.74974 1.047198 -1.699864 1.010758 -1.687525 1.010758 -1.687525 1.047198 -1.699864 1.010758 -1.625309 1.010758 -1.625309 1.047198 -1.699864 1.047198 -1.603634 1.010758 -1.625309 1.047198 -1.603634 1.010758 -1.563094 1.010758 -1.563094 1.047198 -1.603634 1.047198 -1.507404 0.883278 -1.811956 0.819538 -1.74974 0.819538 -1.811956 0.883278 -1.874171 0.883278 -1.811956 0.819538 -1.811956 0.819538 -1.936387 0.755798 -1.874171 0.755798 -1.936387 0.755798 -1.936387 0.755798 -1.874171 0.692058 -1.874171 0.883278 -1.998602 0.819538 -1.936387 0.819538 -1.998602 0.819538 -1.998602 0.819538 -1.936387 0.755798 -1.936387 0.692058 -2.060818 0.755798 -2.060818 0.692058 -1.998602 0.692058 -1.998602 0.755798 -2.060818 0.755798 -1.998602 0.692058 -1.998602 0.755798 -1.998602 0.692058 -1.936387 0.755798 -1.998602 0.755798 -2.060818 0.819538 -2.060818 0.819538 -2.060818 0.755798 -2.060818 0.819538 -2.123033 0.819538 -2.060818 0.819538 -2.123033 0.883278 -2.123033 0.883278 -2.123033 0.819538 -2.123033 0.883278 -2.185249 0.755798 -2.060818 0.692058 -2.060818 0.755798 -2.123033 0.755798 -2.123033 0.692058 -2.060818 0.692058 -2.123033 0.755798 -2.123033 0.692058 -2.123033 0.755798 -2.185249 0.755798 -2.185249 0.692058 -2.123033 0.692058 -2.185249 0.755798 -2.185249 0.692058 -2.185249 0.755798 -2.247464 0.755798 -2.247464 0.692058 -2.185249 0.692058 -2.247464 0.755798 -2.247464 0.692058 -2.247464 0.755798 -2.30968 0.755798 -2.30968 0.692058 -2.247464 0.692058 -2.30968 0.755798 -2.30968 0.692058 -2.30968 0.755798 -2.371895 0.755798 -2.371895 0.692058 -2.30968 0.692058 -2.371895 0.755798 -2.371895 0.692058 -2.371895 0.755798 -2.434111 0.755798 -2.434111 0.692058 -2.371895 0.692058 -2.434111 0.755798 -2.434111 0.692058 -2.434111 0.755798 -2.496326 0.755798 -2.496326 0.692058 -2.434111 0.692058 -2.496326 0.883278 -1.998602 0.819538 -1.998602 0.883278 -2.060818 0.755798 -2.060818 0.755798 -2.123033 0.819538 -2.123033 0.819538 -2.123033 0.755798 -2.123033 0.819538 -2.185249 0.819538 -2.123033 0.819538 -2.185249 0.883278 -2.185249 0.883278 -2.185249 0.819538 -2.185249 0.883278 -2.247464 0.819538 -2.185249 0.755798 -2.123033 0.755798 -2.185249 0.819538 -2.185249 0.755798 -2.185249 0.819538 -2.247464 0.819538 -2.247464 0.755798 -2.185249 0.755798 -2.247464 0.819538 -2.247464 0.755798 -2.247464 0.819538 -2.30968 0.819538 -2.30968 0.755798 -2.247464 0.755798 -2.30968 0.819538 -2.30968 0.755798 -2.30968 0.819538 -2.371895 0.819538 -2.371895 0.755798 -2.30968 0.755798 -2.371895 0.819538 -2.371895 0.755798 -2.371895 0.819538 -2.434111 0.819538 -2.434111 0.755798 -2.371895 0.755798 -2.434111 0.819538 -2.434111 0.755798 -2.434111 0.819538 -2.496326 0.819538 -2.496326 0.755798 -2.434111 0.755798 -2.496326 0.819538 -2.496326 0.755798 -2.496326 0.819538 -2.558542 0.883278 -2.30968 0.883278 -2.247464 0.819538 -2.247464 0.819538 -2.247464 0.883278 -2.247464 0.819538 -2.185249 0.883278 -2.30968 0.819538 -2.247464 0.819538 -2.30968 0.883278 -2.371895 0.883278 -2.30968 0.819538 -2.30968 0.883278 -2.371895 0.819538 -2.30968 0.819538 -2.371895 0.883278 -2.434111 0.883278 -2.371895 0.819538 -2.371895 0.883278 -2.434111 0.819538 -2.371895 0.819538 -2.434111 0.883278 -2.496326 0.883278 -2.434111 0.819538 -2.434111 0.883278 -2.496326 0.819538 -2.434111 0.819538 -2.496326 0.819538 -2.558542 0.883278 -2.558542 0.819538 -2.496326 0.819538 -2.496326 0.883278 -2.558542 0.883278 -2.496326 0.03535497 0.173672 -0.03535497 0.173672 0.03535497 0.113726 0.03535497 0.113726 -0.03535497 0.173672 -0.03535497 0.109729 0.03535497 0.113726 -0.03535497 0.109729 0.03535497 0.05377882 0.03535497 0.05377882 -0.03535497 0.109729 -0.03535497 0.04578596 0.03535497 0.05377882 -0.03535497 0.04578596 0.03535497 -0.006166875 0.03535497 -0.006166875 -0.03535497 0.04578596 -0.03535497 -0.018157 0.03535497 -0.006166875 -0.03535497 -0.018157 0.03535497 -0.066114 0.03535497 -0.066114 -0.03535497 -0.018157 -0.03535497 -0.08209997 0.03535497 -0.066114 -0.03535497 -0.08209997 0.03535497 -0.126061 0.03535497 -0.126061 -0.03535497 -0.08209997 -0.03535497 -0.146043 0.03535497 -0.126061 -0.03535497 -0.146043 0.03535497 -0.186007 0.03535497 -0.186007 -0.03535497 -0.146043 -0.03535497 -0.209986 0.03535497 -0.186007 -0.03535497 -0.209986 0.03535497 -0.245954 0.03535497 -0.245954 -0.03535497 -0.209986 -0.03535497 -0.273929 0.03535497 -0.245954 -0.03535497 -0.273929 0.03535497 -0.3059 0.03535497 -0.3059 -0.03535497 -0.273929 -0.03535497 -0.337871 0.03535497 -0.3059 -0.03535497 -0.337871 0.03535497 -0.365847 0.03535497 -0.365847 -0.03535497 -0.337871 -0.03535497 -0.401814 0.03535497 -0.365847 -0.03535497 -0.401814 0.03535497 -0.425793 0.03535497 -0.425793 -0.03535497 -0.401814 -0.03535497 -0.465757 0.03535497 -0.425793 -0.03535497 -0.465757 0.03535497 -0.48574 0.03535497 -0.48574 -0.03535497 -0.465757 -0.03535497 -0.5297 0.03535497 -0.48574 -0.03535497 -0.5297 0.03535497 -0.545686 0.03535497 -0.545686 -0.03535497 -0.5297 -0.03535497 -0.593643 0.03535497 -0.545686 -0.03535497 -0.593643 0.03535497 -0.605633 0.03535497 -0.605633 -0.03535497 -0.593643 -0.03535497 -0.657586 0.03535497 -0.605633 -0.03535497 -0.657586 0.03535497 -0.665579 0.03535497 -0.665579 -0.03535497 -0.657586 -0.03535497 -0.721529 0.03535497 -0.665579 -0.03535497 -0.721529 0.03535497 -0.725526 0.03535497 -0.725526 -0.03535497 -0.721529 -0.03535497 -0.785472 0.03535497 -0.725526 -0.03535497 -0.785472 0.03535497 -0.785472 0.03535497 0.420111 -0.03535497 0.420111 0.03535497 0.280074 0.03535497 0.280074 -0.03535497 0.420111 -0.03535497 0.280074 0.03535497 0.280074 -0.03535497 0.280074 0.03535497 0.140037 0.03535497 0.140037 -0.03535497 0.280074 -0.03535497 0.140037 0.03535497 0.140037 -0.03535497 0.140037 0.03535497 0 0.03535497 0 -0.03535497 0.140037 -0.03535497 0 0.03535497 1.800077 0.03535497 1.953007 -0.03535497 1.80175 -0.03535497 1.80175 0.03535497 1.953007 -0.03535497 1.954122 -0.03535497 1.954122 0.03535497 1.953007 0.03535497 2.105937 -0.03535497 1.954122 0.03535497 2.105937 -0.03535497 2.106494 -0.03535497 2.106494 0.03535497 2.105937 0.03535497 2.258866 -0.03535497 2.106494 0.03535497 2.258866 -0.03535497 2.258866 0.03535497 0.836854 -0.03535497 0.836854 0.03535497 0.766512 0.03535497 0.766512 -0.03535497 0.836854 -0.03535497 0.759478 0.03535497 0.766512 -0.03535497 0.759478 0.03535497 0.696171 0.03535497 0.696171 -0.03535497 0.759478 -0.03535497 0.682102 0.03535497 0.696171 -0.03535497 0.682102 0.03535497 0.625829 0.03535497 0.625829 -0.03535497 0.682102 -0.03535497 0.604726 0.03535497 0.625829 -0.03535497 0.604726 0.03535497 0.555487 0.03535497 0.555487 -0.03535497 0.604726 -0.03535497 0.527351 0.03535497 0.555487 -0.03535497 0.527351 0.03535497 0.485146 0.03535497 0.485146 -0.03535497 0.527351 -0.03535497 0.449975 0.03535497 0.485146 -0.03535497 0.449975 0.03535497 0.414804 0.03535497 0.414804 -0.03535497 0.449975 -0.03535497 0.372599 0.03535497 0.414804 -0.03535497 0.372599 0.03535497 0.344463 0.03535497 0.344463 -0.03535497 0.372599 -0.03535497 0.295223 0.03535497 0.344463 -0.03535497 0.295223 0.03535497 0.274121 0.03535497 0.274121 -0.03535497 0.295223 -0.03535497 0.217848 0.03535497 0.274121 -0.03535497 0.217848 0.03535497 0.203779 0.03535497 0.203779 -0.03535497 0.217848 -0.03535497 0.1404719 0.03535497 0.203779 -0.03535497 0.1404719 0.03535497 0.133438 0.03535497 0.133438 -0.03535497 0.1404719 -0.03535497 0.06309598 0.03535497 0.133438 -0.03535497 0.06309598 0.03535497 0.06309598 0.03535497 0.06309598 -0.03535497 0.06309598 0.03535497 -0.007245898 0.03535497 -0.007245898 -0.03535497 0.06309598 -0.03535497 -0.01427996 0.03535497 -0.007245898 -0.03535497 -0.01427996 0.03535497 -0.077587 0.03535497 -0.077587 -0.03535497 -0.01427996 -0.03535497 -0.09165596 0.03535497 -0.077587 -0.03535497 -0.09165596 0.03535497 -0.147929 0.03535497 -0.147929 -0.03535497 -0.09165596 -0.03535497 -0.169031 0.03535497 -0.147929 -0.03535497 -0.169031 0.03535497 -0.21827 0.03535497 -0.21827 -0.03535497 -0.169031 -0.03535497 -0.246407 0.03535497 -0.21827 -0.03535497 -0.246407 0.03535497 -0.288612 0.03535497 -0.288612 -0.03535497 -0.246407 -0.03535497 -0.323783 0.03535497 -0.288612 -0.03535497 -0.323783 0.03535497 -0.358954 0.03535497 -0.358954 -0.03535497 -0.323783 -0.03535497 -0.401159 0.03535497 -0.358954 -0.03535497 -0.401159 0.03535497 -0.429295 0.03535497 -0.429295 -0.03535497 -0.401159 -0.03535497 -0.478534 0.03535497 -0.429295 -0.03535497 -0.478534 0.03535497 -0.499637 0.03535497 -0.499637 -0.03535497 -0.478534 -0.03535497 -0.55591 0.03535497 -0.499637 -0.03535497 -0.55591 0.03535497 -0.569979 0.03535497 -0.569979 -0.03535497 -0.55591 -0.03535497 -0.633286 0.03535497 -0.569979 -0.03535497 -0.633286 0.03535497 -0.64032 0.03535497 -0.64032 -0.03535497 -0.633286 -0.03535497 -0.710662 0.03535497 -0.64032 -0.03535497 -0.710662 0.03535497 -0.710662 -0.03535497 1.044063 0.03535497 1.046933 -0.03535497 1.157768 -0.03535497 1.157768 0.03535497 1.046933 0.03535497 1.159682 -0.03535497 1.157768 0.03535497 1.159682 -0.03535497 1.271474 -0.03535497 1.271474 0.03535497 1.159682 0.03535497 1.27243 -0.03535497 1.271474 0.03535497 1.27243 -0.03535497 1.385179 -0.03535497 1.385179 0.03535497 1.27243 0.03535497 1.385179 0 0.114404 0 0.04968982 0.03516799 0.08859497 0.03516799 0.08859497 0 0.04968982 0.07033598 0.04558187 0.03516799 0.08859497 0.07033598 0.04558187 0.070311 0.110549 0.03516799 0.08859497 0.070311 0.110549 0.03516799 0.180427 0.03516799 0.180427 0.070311 0.110549 0.07032001 0.1755149 0.03516799 0.180427 0.07032001 0.1755149 0.07033395 0.240483 0.03516799 0.180427 0.07033395 0.240483 0.03516799 0.27226 0.03516799 0.27226 0.07033395 0.240483 0.07033598 0.305458 0.03516799 0.27226 0.07033598 0.305458 0.03516799 0.364093 0.03516799 0.364093 0.07033598 0.305458 0.07033598 0.370434 0.03516799 0.364093 0.07033598 0.370434 0.07033598 0.43541 0.03516799 0.364093 0.07033598 0.43541 0.03516799 0.455926 0.03516799 0.455926 0.07033598 0.43541 0.07033598 0.500386 0.03516799 0.455926 0.07033598 0.500386 0.03516799 0.53394 0.03516799 0.53394 0.07033598 0.500386 0.07033598 0.565361 0.03516799 0.53394 0.07033598 0.565361 0.03516799 0.611955 0.03516799 0.611955 0.07033598 0.565361 0.07033598 0.630337 0.03516799 0.611955 0.07033598 0.630337 0.03516799 0.703257 0.03516799 0.703257 0.07033598 0.630337 0.07033598 0.695313 0.03516799 0.703257 0.07033598 0.695313 0.07033598 0.760289 0.03516799 0.703257 0.07033598 0.760289 0.03516799 0.794559 0.03516799 0.794559 0.07033598 0.760289 0.07033497 0.825266 0.03516799 0.794559 0.07033497 0.825266 0.03516799 0.88586 0.03516799 0.88586 0.07033497 0.825266 0.07033395 0.890242 0.03516799 0.88586 0.07033395 0.890242 0.07033199 0.955218 0.03516799 0.88586 0.07033199 0.955218 0.03516799 0.977162 0.03516799 0.977162 0.07033199 0.955218 0.070333 1.020194 0.03516799 0.977162 0.070333 1.020194 0.07033598 1.08517 0.07033598 1.08517 0 1.08517 0.03516799 0.977162 0.03516799 0.977162 0 1.08517 0 1.020451 0.03516799 0.977162 0 1.020451 0 0.955732 0.03516799 0.977162 0 0.955732 0.03516799 0.88586 0.03516799 0.88586 0 0.955732 0 0.891013 0.03516799 0.88586 0 0.891013 0 0.826294 0.03516799 0.88586 0 0.826294 0.03516799 0.794559 0.03516799 0.794559 0 0.826294 0 0.761575 0.03516799 0.794559 0 0.761575 0.03516799 0.703257 0.03516799 0.703257 0 0.761575 0 0.696856 0.03516799 0.703257 0 0.696856 0 0.632137 0.03516799 0.703257 0 0.632137 0.03516799 0.611955 0.03516799 0.611955 0 0.632137 0 0.567418 0.03516799 0.611955 0 0.567418 0.03516799 0.53394 0.03516799 0.53394 0 0.567418 0 0.502699 0.03516799 0.53394 0 0.502699 0.03516799 0.455926 0.03516799 0.455926 0 0.502699 0 0.437981 0.03516799 0.455926 0 0.437981 0.03516799 0.364093 0.03516799 0.364093 0 0.437981 0 0.373262 0.03516799 0.364093 0 0.373262 0 0.308543 0.03516799 0.364093 0 0.308543 0.03516799 0.27226 0.03516799 0.27226 0 0.308543 0 0.243825 0.03516799 0.27226 0 0.243825 0.03516799 0.180427 0.03516799 0.180427 0 0.243825 0 0.179114 0.03516799 0.180427 0 0.179114 0 0.114404 0.03516799 0.180427 0 0.114404 0.03516799 0.08859497 0.068147 1.402296 0 1.398104 0.06814599 1.314645 0.06814599 1.314645 0 1.398104 0.03407299 1.270347 0.06814599 1.314645 0.03407299 1.270347 0.06814599 1.226986 0.06814599 1.226986 0.03407299 1.270347 0.03407299 1.138865 0.06814599 1.226986 0.03407299 1.138865 0.068147 1.139333 0.068147 1.139333 0.03407299 1.138865 0.068147 1.051692 0.068147 1.051692 0.03407299 1.138865 0.03407299 1.006449 0.068147 1.051692 0.03407299 1.006449 0.068147 0.964051 0.068147 0.964051 0.03407299 1.006449 0.03407299 0.874144 0.068147 0.964051 0.03407299 0.874144 0.068147 0.87641 0.068147 0.87641 0.03407299 0.874144 0.068147 0.788769 0.068147 0.788769 0.03407299 0.874144 0.03407299 0.77882 0.068147 0.788769 0.03407299 0.77882 0.068147 0.701128 0.068147 0.701128 0.03407299 0.77882 0.03407299 0.683141 0.068147 0.701128 0.03407299 0.683141 0.068147 0.613487 0.068147 0.613487 0.03407299 0.683141 0.03407299 0.534644 0.068147 0.613487 0.03407299 0.534644 0.068147 0.525846 0.068147 0.525846 0.03407299 0.534644 0.068147 0.438205 0.068147 0.438205 0.03407299 0.534644 0.03407299 0.386147 0.068147 0.438205 0.03407299 0.386147 0.068147 0.350564 0.068147 0.350564 0.03407299 0.386147 0.03407299 0.237651 0.068147 0.350564 0.03407299 0.237651 0.068147 0.262928 0.068147 0.262928 0.03407299 0.237651 0.068147 0.175298 0.068147 0.175298 0.03407299 0.237651 0.03407299 0.089154 0.068147 0.175298 0.03407299 0.089154 0.068147 0.087668 0.068147 0.087668 0.03407299 0.089154 0.068147 3.3e-5 0.068147 3.3e-5 0.03407299 0.089154 0 3.2e-5 0 3.2e-5 0.03407299 0.089154 10e-7 0.08740597 10e-7 0.08740597 0.03407299 0.089154 10e-7 0.174774 10e-7 0.174774 0.03407299 0.089154 0.03407299 0.237651 10e-7 0.174774 0.03407299 0.237651 10e-7 0.262142 10e-7 0.262142 0.03407299 0.237651 0 0.349515 0 0.349515 0.03407299 0.237651 0.03407299 0.386147 0 0.349515 0.03407299 0.386147 0 0.436894 0 0.436894 0.03407299 0.386147 0.03407299 0.534644 0 0.436894 0.03407299 0.534644 0 0.524273 0 0.524273 0.03407299 0.534644 0 0.611652 0 0.611652 0.03407299 0.534644 0.03407299 0.683141 0 0.611652 0.03407299 0.683141 0 0.69903 0 0.69903 0.03407299 0.683141 0.03407299 0.77882 0 0.69903 0.03407299 0.77882 0 0.786409 0 0.786409 0.03407299 0.77882 0.03407299 0.874144 0 0.786409 0.03407299 0.874144 0 0.873788 0 0.873788 0.03407299 0.874144 0 0.961167 0 0.961167 0.03407299 0.874144 0.03407299 1.006449 0 0.961167 0.03407299 1.006449 0 1.048545 0 1.048545 0.03407299 1.006449 0.03407299 1.138865 0 1.048545 0.03407299 1.138865 0 1.135925 0 1.135925 0.03407299 1.138865 0 1.223315 0 1.223315 0.03407299 1.138865 0.03407299 1.270347 0 1.223315 0.03407299 1.270347 0 1.310714 0 1.310714 0.03407299 1.270347 0 1.398104 0.07071501 1.090654 0.07071501 1.101026 0.03535687 1.09932 0.03535687 1.09932 0.07071501 1.101026 0 1.101026 0.03535687 1.09932 0 1.101026 0 1.090654 0 1.090654 0.07071501 1.090654 0.03535687 1.09932 0 0.232793 0.07071095 0.232823 0 0.235545 0 0.235545 0.07071095 0.232823 0.07071095 0.235545 0.070692 0.420111 0.070692 0.463632 0.03534597 0.441167 0.03534597 0.441167 0.070692 0.463632 0 0.463632 0.03534597 0.441167 0 0.463632 0 0.420111 0 0.420111 0.070692 0.420111 0.03534597 0.441167 0.25 1.359044 0.246608 1.317011 0.55 1.359044 0.55 1.359044 0.246608 1.317011 0.55 1.247484 0.55 1.247484 0.246608 1.317011 0.236641 1.27468 0.55 1.247484 0.236641 1.27468 0.220854 1.231827 0.220854 1.231827 0.2 1.187196 0.55 1.247484 0.55 1.247484 0.2 1.187196 0.55 1.135924 0.55 1.135924 0.2 1.187196 0.148494 1.0905 0.55 1.135924 0.148494 1.0905 0.55 1.024364 0.55 1.024364 0.148494 1.0905 0.121904 1.038744 0.55 1.024364 0.121904 1.038744 0.09690397 0.983847 0.55 1.024364 0.09690397 0.983847 0.565458 0.961363 0.565458 0.961363 0.09690397 0.983847 0.07546401 0.92594 0.565458 0.961363 0.07546401 0.92594 0.574739 0.897686 0.574739 0.897686 0.07546401 0.92594 0.06052082 0.870401 0.574739 0.897686 0.06052082 0.870401 0.58401 0.834166 0.58401 0.834166 0.06052082 0.870401 0.05243086 0.820056 0.58401 0.834166 0.05243086 0.820056 0.593014 0.770737 0.593014 0.770737 0.05243086 0.820056 0.04999995 0.773723 0.593014 0.770737 0.04999995 0.773723 0.04999995 0.755808 0.593014 0.770737 0.04999995 0.755808 0.601595 0.707318 0.601595 0.707318 0.04999995 0.755808 0.04999995 0.647835 0.601595 0.707318 0.04999995 0.647835 0.609657 0.643932 0.609657 0.643932 0.04999995 0.647835 0.617106 0.580619 0.617106 0.580619 0.04999995 0.647835 0.04999995 0.539863 0.617106 0.580619 0.04999995 0.539863 0.623846 0.517415 0.623846 0.517415 0.04999995 0.539863 0.04999995 0.43189 0.623846 0.517415 0.04999995 0.43189 0.629836 0.454284 0.629836 0.454284 0.04999995 0.43189 0.635066 0.391157 0.635066 0.391157 0.04999995 0.43189 0.04999995 0.323918 0.635066 0.391157 0.04999995 0.323918 0.639517 0.327973 0.639517 0.327973 0.04999995 0.323918 0.643177 0.26464 0.643177 0.26464 0.04999995 0.323918 0.04999995 0.215945 0.643177 0.26464 0.04999995 0.215945 0.646048 0.20116 0.646048 0.20116 0.04999995 0.215945 0.648136 0.137563 0.648136 0.137563 0.04999995 0.215945 0.04999995 0.107973 0.648136 0.137563 0.04999995 0.107973 0.649446 0.07387799 0.649446 0.07387799 0.04999995 0.107973 0.04999995 0 0.649446 0.07387799 0.04999995 0 0.649984 0.01012897 0.649984 0.01012897 0.04999995 0 0.649999 0 -0.35 -0.748065 -0.04999995 -0.748065 -0.35 -0.674021 -0.35 -0.674021 -0.04999995 -0.748065 -0.04999995 -0.674021 -0.35 -0.674021 -0.04999995 -0.674021 -0.04999995 -0.599977 -0.35 -0.674021 -0.04999995 -0.599977 -0.35 -0.599977 -0.35 -0.599977 -0.04999995 -0.599977 -0.04999995 -0.525934 -0.35 -0.599977 -0.04999995 -0.525934 -0.35 -0.525934 -0.35 -0.525934 -0.04999995 -0.525934 -0.04999995 -0.45189 -0.35 -0.525934 -0.04999995 -0.45189 -0.35 -0.45189 -0.35 -0.45189 -0.04999995 -0.45189 -0.04999995 -0.377846 -0.35 -0.45189 -0.04999995 -0.377846 -0.35 -0.377846 -0.35 -0.377846 -0.04999995 -0.377846 -0.04999995 -0.303802 -0.35 -0.377846 -0.04999995 -0.303802 -0.35 -0.303802 -0.35 -0.303802 -0.04999995 -0.303802 -0.04999995 -0.229758 -0.35 -0.303802 -0.04999995 -0.229758 -0.35 -0.229758 -0.35 -0.229758 -0.04999995 -0.229758 -0.04999995 -0.155715 -0.35 -0.229758 -0.04999995 -0.155715 -0.35 -0.155715 -0.35 -0.155715 -0.04999995 -0.155715 -0.04999995 -0.08167099 -0.35 -0.155715 -0.04999995 -0.08167099 -0.35 -0.08167099 -0.35 -0.08167099 -0.04999995 -0.08167099 -0.04999995 -0.007626891 -0.35 -0.08167099 -0.04999995 -0.007626891 -0.35 -0.007626891 -0.35 -0.007626891 -0.04999995 -0.007626891 -0.04999995 0.06641697 -0.35 -0.007626891 -0.04999995 0.06641697 -0.35 0.06641697 -0.35 0.06641697 -0.04999995 0.06641697 -0.04999995 0.140461 -0.35 0.06641697 -0.04999995 0.140461 -0.35 0.140461 -0.35 0.140461 -0.04999995 0.140461 -0.04999995 0.214504 -0.35 0.140461 -0.04999995 0.214504 -0.35 0.214504 -0.35 0.214504 -0.04999995 0.214504 -0.04999995 0.288548 -0.35 0.214504 -0.04999995 0.288548 -0.35 0.288548 -0.35 0.288548 -0.04999995 0.288548 -0.04999995 0.362592 -0.35 0.288548 -0.04999995 0.362592 -0.35 0.362592 -0.35 0.362592 -0.04999995 0.362592 -0.04999995 0.436636 -0.35 0.362592 -0.04999995 0.436636 -0.35 0.436636 -0.35 0.436636 -0.04999995 0.436636 -0.04999995 0.51068 -0.35 0.436636 -0.04999995 0.51068 -0.35 0.51068 -0.35 0.51068 -0.04999995 0.51068 -0.04999995 0.584724 -0.35 0.51068 -0.04999995 0.584724 -0.35 0.584724 -0.35 0.584724 -0.04999995 0.584724 -0.04999995 0.658767 -0.35 0.584724 -0.04999995 0.658767 -0.35 0.658767 -0.35 0.658767 -0.04999995 0.658767 -0.04999995 0.732811 -0.35 0.658767 -0.04999995 0.732811 -0.35 0.732811 -0.35 0.732811 -0.04999995 0.732811 -0.04999995 0.806855 -0.35 0.732811 -0.04999995 0.806855 -0.35 0.806855 -0.35 0.806855 -0.04999995 0.806855 -0.35 0.880899 -0.35 0.880899 -0.04999995 0.806855 -0.04999995 0.880899 -0.189334 0.04666692 -0.1949999 0 -0.11 0 -0.11 0 -0.1949999 0 -0.189334 -0.04666692 -0.11 0 -0.189334 -0.04666692 -0.104616 -0.03399199 -0.104616 -0.03399199 -0.189334 -0.04666692 -0.172664 -0.09062099 -0.104616 -0.03399199 -0.172664 -0.09062099 -0.08899199 -0.06465595 -0.08899199 -0.06465595 -0.172664 -0.09062099 -0.14596 -0.1293089 -0.08899199 -0.06465595 -0.14596 -0.1293089 -0.06465595 -0.08899199 -0.06465595 -0.08899199 -0.14596 -0.1293089 -0.110773 -0.160482 -0.06465595 -0.08899199 -0.110773 -0.160482 -0.069148 -0.182328 -0.06465595 -0.08899199 -0.069148 -0.182328 -0.03399199 -0.104616 -0.03399199 -0.104616 -0.069148 -0.182328 -0.02350497 -0.193578 -0.03399199 -0.104616 -0.02350497 -0.193578 0 -0.11 0 -0.11 -0.02350497 -0.193578 0.02350497 -0.193578 0 -0.11 0.02350497 -0.193578 0.03399199 -0.104616 0.03399199 -0.104616 0.02350497 -0.193578 0.069148 -0.182328 0.03399199 -0.104616 0.069148 -0.182328 0.06465595 -0.08899199 0.06465595 -0.08899199 0.069148 -0.182328 0.110773 -0.160482 0.06465595 -0.08899199 0.110773 -0.160482 0.14596 -0.1293089 0.06465595 -0.08899199 0.14596 -0.1293089 0.08899199 -0.06465595 0.08899199 -0.06465595 0.14596 -0.1293089 0.172664 -0.09062099 0.08899199 -0.06465595 0.172664 -0.09062099 0.104616 -0.03399199 0.104616 -0.03399199 0.172664 -0.09062099 0.189334 -0.04666692 0.104616 -0.03399199 0.189334 -0.04666692 0.11 0 0.11 0 0.189334 -0.04666692 0.1949999 0 0.11 0 0.1949999 0 0.189334 0.04666692 0.11 0 0.189334 0.04666692 0.104616 0.03399199 0.104616 0.03399199 0.189334 0.04666692 0.172664 0.09062099 0.104616 0.03399199 0.172664 0.09062099 0.08899199 0.06465595 0.08899199 0.06465595 0.172664 0.09062099 0.14596 0.1293089 0.08899199 0.06465595 0.14596 0.1293089 0.06465595 0.08899199 0.06465595 0.08899199 0.14596 0.1293089 0.110773 0.160482 0.06465595 0.08899199 0.110773 0.160482 0.069148 0.182328 0.06465595 0.08899199 0.069148 0.182328 0.03399199 0.104616 0.03399199 0.104616 0.069148 0.182328 0.02350497 0.193578 0.03399199 0.104616 0.02350497 0.193578 0 0.11 0 0.11 0.02350497 0.193578 -0.02350497 0.193578 0 0.11 -0.02350497 0.193578 -0.03399199 0.104616 -0.03399199 0.104616 -0.02350497 0.193578 -0.069148 0.182328 -0.03399199 0.104616 -0.069148 0.182328 -0.06465595 0.08899199 -0.06465595 0.08899199 -0.069148 0.182328 -0.110773 0.160482 -0.06465595 0.08899199 -0.110773 0.160482 -0.14596 0.1293089 -0.06465595 0.08899199 -0.14596 0.1293089 -0.08899199 0.06465595 -0.08899199 0.06465595 -0.14596 0.1293089 -0.172664 0.09062099 -0.08899199 0.06465595 -0.172664 0.09062099 -0.104616 0.03399199 -0.104616 0.03399199 -0.172664 0.09062099 -0.189334 0.04666692 -0.104616 0.03399199 -0.189334 0.04666692 -0.11 0 0.15 -0.311018 -0.2 -0.311018 0.15 -0.345575 0.15 -0.345575 -0.2 -0.311018 -0.2 -0.345575 0.15 0.345575 -0.2 0.345575 0.15 0.311018 0.15 0.311018 -0.2 0.345575 -0.2 0.311018 0.15 0.311018 -0.2 0.311018 -0.2 0.27646 0.15 -0.311018 0.15 -0.27646 -0.2 -0.311018 -0.2 -0.311018 0.15 -0.27646 -0.2 -0.27646 -0.2 -0.27646 0.15 -0.27646 0.15 -0.241903 -0.2 -0.27646 0.15 -0.241903 -0.2 -0.241903 -0.2 -0.241903 0.15 -0.241903 0.15 -0.207345 -0.2 -0.241903 0.15 -0.207345 -0.2 -0.207345 -0.2 -0.207345 0.15 -0.207345 0.15 -0.172788 -0.2 -0.207345 0.15 -0.172788 -0.2 -0.172788 -0.2 -0.172788 0.15 -0.172788 0.15 -0.13823 -0.2 -0.172788 0.15 -0.13823 -0.2 -0.13823 -0.2 -0.13823 0.15 -0.13823 0.15 -0.103673 -0.2 -0.13823 0.15 -0.103673 -0.2 -0.103673 -0.2 -0.103673 0.15 -0.103673 0.15 -0.06911498 -0.2 -0.103673 0.15 -0.06911498 -0.2 -0.06911498 -0.2 -0.06911498 0.15 -0.06911498 0.15 -0.03455787 -0.2 -0.06911498 0.15 -0.03455787 -0.2 -0.03455787 -0.2 -0.03455787 0.15 -0.03455787 0.15 0 -0.2 -0.03455787 0.15 0 -0.2 0 -0.2 0 0.15 0 0.15 0.03455787 -0.2 0 0.15 0.03455787 -0.2 0.03455787 -0.2 0.03455787 0.15 0.03455787 0.15 0.06911498 -0.2 0.03455787 0.15 0.06911498 -0.2 0.06911498 -0.2 0.06911498 0.15 0.06911498 0.15 0.103673 -0.2 0.06911498 0.15 0.103673 -0.2 0.103673 -0.2 0.103673 0.15 0.103673 0.15 0.13823 -0.2 0.103673 0.15 0.13823 -0.2 0.13823 -0.2 0.13823 0.15 0.13823 0.15 0.172788 -0.2 0.13823 0.15 0.172788 -0.2 0.172788 -0.2 0.172788 0.15 0.172788 0.15 0.207345 -0.2 0.172788 0.15 0.207345 -0.2 0.207345 -0.2 0.207345 0.15 0.207345 0.15 0.241903 -0.2 0.207345 0.15 0.241903 -0.2 0.241903 -0.2 0.241903 0.15 0.241903 0.15 0.27646 -0.2 0.241903 0.15 0.27646 -0.2 0.27646 -0.2 0.27646 0.15 0.27646 0.15 0.311018 -0.189334 0.04666692 -0.1949999 0 -0.11 0 -0.11 0 -0.1949999 0 -0.189334 -0.04666692 -0.11 0 -0.189334 -0.04666692 -0.104616 -0.03399199 -0.104616 -0.03399199 -0.189334 -0.04666692 -0.172664 -0.09062099 -0.104616 -0.03399199 -0.172664 -0.09062099 -0.08899199 -0.06465595 -0.08899199 -0.06465595 -0.172664 -0.09062099 -0.14596 -0.1293089 -0.08899199 -0.06465595 -0.14596 -0.1293089 -0.06465595 -0.08899199 -0.06465595 -0.08899199 -0.14596 -0.1293089 -0.110773 -0.160482 -0.06465595 -0.08899199 -0.110773 -0.160482 -0.069148 -0.182328 -0.06465595 -0.08899199 -0.069148 -0.182328 -0.03399199 -0.104616 -0.03399199 -0.104616 -0.069148 -0.182328 -0.02350497 -0.193578 -0.03399199 -0.104616 -0.02350497 -0.193578 0 -0.11 0 -0.11 -0.02350497 -0.193578 0.02350497 -0.193578 0 -0.11 0.02350497 -0.193578 0.03399199 -0.104616 0.03399199 -0.104616 0.02350497 -0.193578 0.069148 -0.182328 0.03399199 -0.104616 0.069148 -0.182328 0.06465595 -0.08899199 0.06465595 -0.08899199 0.069148 -0.182328 0.110773 -0.160482 0.06465595 -0.08899199 0.110773 -0.160482 0.14596 -0.1293089 0.06465595 -0.08899199 0.14596 -0.1293089 0.08899199 -0.06465595 0.08899199 -0.06465595 0.14596 -0.1293089 0.172664 -0.09062099 0.08899199 -0.06465595 0.172664 -0.09062099 0.104616 -0.03399199 0.104616 -0.03399199 0.172664 -0.09062099 0.189334 -0.04666692 0.104616 -0.03399199 0.189334 -0.04666692 0.11 0 0.11 0 0.189334 -0.04666692 0.1949999 0 0.11 0 0.1949999 0 0.189334 0.04666692 0.11 0 0.189334 0.04666692 0.104616 0.03399199 0.104616 0.03399199 0.189334 0.04666692 0.172664 0.09062099 0.104616 0.03399199 0.172664 0.09062099 0.08899199 0.06465595 0.08899199 0.06465595 0.172664 0.09062099 0.14596 0.1293089 0.08899199 0.06465595 0.14596 0.1293089 0.06465595 0.08899199 0.06465595 0.08899199 0.14596 0.1293089 0.110773 0.160482 0.06465595 0.08899199 0.110773 0.160482 0.069148 0.182328 0.06465595 0.08899199 0.069148 0.182328 0.03399199 0.104616 0.03399199 0.104616 0.069148 0.182328 0.02350497 0.193578 0.03399199 0.104616 0.02350497 0.193578 0 0.11 0 0.11 0.02350497 0.193578 -0.02350497 0.193578 0 0.11 -0.02350497 0.193578 -0.03399199 0.104616 -0.03399199 0.104616 -0.02350497 0.193578 -0.069148 0.182328 -0.03399199 0.104616 -0.069148 0.182328 -0.06465595 0.08899199 -0.06465595 0.08899199 -0.069148 0.182328 -0.110773 0.160482 -0.06465595 0.08899199 -0.110773 0.160482 -0.14596 0.1293089 -0.06465595 0.08899199 -0.14596 0.1293089 -0.08899199 0.06465595 -0.08899199 0.06465595 -0.14596 0.1293089 -0.172664 0.09062099 -0.08899199 0.06465595 -0.172664 0.09062099 -0.104616 0.03399199 -0.104616 0.03399199 -0.172664 0.09062099 -0.189334 0.04666692 -0.104616 0.03399199 -0.189334 0.04666692 -0.11 0 0.15 -0.311018 -0.2 -0.311018 0.15 -0.345575 0.15 -0.345575 -0.2 -0.311018 -0.2 -0.345575 0.15 0.345575 -0.2 0.345575 0.15 0.311018 0.15 0.311018 -0.2 0.345575 -0.2 0.311018 0.15 0.311018 -0.2 0.311018 -0.2 0.27646 0.15 -0.311018 0.15 -0.27646 -0.2 -0.311018 -0.2 -0.311018 0.15 -0.27646 -0.2 -0.27646 -0.2 -0.27646 0.15 -0.27646 0.15 -0.241903 -0.2 -0.27646 0.15 -0.241903 -0.2 -0.241903 -0.2 -0.241903 0.15 -0.241903 0.15 -0.207345 -0.2 -0.241903 0.15 -0.207345 -0.2 -0.207345 -0.2 -0.207345 0.15 -0.207345 0.15 -0.172788 -0.2 -0.207345 0.15 -0.172788 -0.2 -0.172788 -0.2 -0.172788 0.15 -0.172788 0.15 -0.13823 -0.2 -0.172788 0.15 -0.13823 -0.2 -0.13823 -0.2 -0.13823 0.15 -0.13823 0.15 -0.103673 -0.2 -0.13823 0.15 -0.103673 -0.2 -0.103673 -0.2 -0.103673 0.15 -0.103673 0.15 -0.06911498 -0.2 -0.103673 0.15 -0.06911498 -0.2 -0.06911498 -0.2 -0.06911498 0.15 -0.06911498 0.15 -0.03455787 -0.2 -0.06911498 0.15 -0.03455787 -0.2 -0.03455787 -0.2 -0.03455787 0.15 -0.03455787 0.15 0 -0.2 -0.03455787 0.15 0 -0.2 0 -0.2 0 0.15 0 0.15 0.03455787 -0.2 0 0.15 0.03455787 -0.2 0.03455787 -0.2 0.03455787 0.15 0.03455787 0.15 0.06911498 -0.2 0.03455787 0.15 0.06911498 -0.2 0.06911498 -0.2 0.06911498 0.15 0.06911498 0.15 0.103673 -0.2 0.06911498 0.15 0.103673 -0.2 0.103673 -0.2 0.103673 0.15 0.103673 0.15 0.13823 -0.2 0.103673 0.15 0.13823 -0.2 0.13823 -0.2 0.13823 0.15 0.13823 0.15 0.172788 -0.2 0.13823 0.15 0.172788 -0.2 0.172788 -0.2 0.172788 0.15 0.172788 0.15 0.207345 -0.2 0.172788 0.15 0.207345 -0.2 0.207345 -0.2 0.207345 0.15 0.207345 0.15 0.241903 -0.2 0.207345 0.15 0.241903 -0.2 0.241903 -0.2 0.241903 0.15 0.241903 0.15 0.27646 -0.2 0.241903 0.15 0.27646 -0.2 0.27646 -0.2 0.27646 0.15 0.27646 0.15 0.311018 -0.224233 -0.05117988 0.224233 -0.05117988 -0.23 0 -0.23 0 0.224233 -0.05117988 0.23 0 -0.23 0 0.23 0 -0.224233 0.05117988 -0.224233 0.05117988 0.23 0 0.224233 0.05117988 -0.224233 0.05117988 0.224233 0.05117988 -0.2072229 0.09979295 -0.2072229 0.09979295 0.224233 0.05117988 0.2072229 0.09979295 -0.2072229 0.09979295 0.2072229 0.09979295 -0.179821 0.1434029 -0.179821 0.1434029 0.2072229 0.09979295 0.179821 0.1434029 -0.179821 0.1434029 0.179821 0.1434029 -0.1434029 0.179821 -0.1434029 0.179821 0.179821 0.1434029 0.1434029 0.179821 -0.1434029 0.179821 0.1434029 0.179821 -0.09979295 0.2072229 -0.09979295 0.2072229 0.1434029 0.179821 0.09979295 0.2072229 -0.09979295 0.2072229 0.09979295 0.2072229 -0.05117988 0.224233 -0.05117988 0.224233 0.09979295 0.2072229 0.05117988 0.224233 -0.05117988 0.224233 0.05117988 0.224233 0 0.23 0.224233 -0.05117988 -0.224233 -0.05117988 0.2072229 -0.09979295 0.2072229 -0.09979295 -0.224233 -0.05117988 -0.2072229 -0.09979295 0.2072229 -0.09979295 -0.2072229 -0.09979295 0.179821 -0.1434029 0.179821 -0.1434029 -0.2072229 -0.09979295 -0.179821 -0.1434029 0.179821 -0.1434029 -0.179821 -0.1434029 0.1434029 -0.179821 0.1434029 -0.179821 -0.179821 -0.1434029 -0.1434029 -0.179821 0.1434029 -0.179821 -0.1434029 -0.179821 0.09979295 -0.2072229 0.09979295 -0.2072229 -0.1434029 -0.179821 -0.09979295 -0.2072229 0.09979295 -0.2072229 -0.09979295 -0.2072229 0.05117988 -0.224233 0.05117988 -0.224233 -0.09979295 -0.2072229 -0.05117988 -0.224233 0.05117988 -0.224233 -0.05117988 -0.224233 0 -0.23 -0.6 0.959138 -0.4 0.959138 -0.6 1.021018 -0.6 1.021018 -0.4 0.959138 -0.4 1.021018 -0.6 -1.021018 -0.4 -1.021018 -0.6 -0.959138 -0.6 -0.959138 -0.4 -1.021018 -0.4 -0.959138 -0.6 -0.959138 -0.4 -0.959138 -0.6 -0.897258 -0.6 -0.897258 -0.4 -0.959138 -0.4 -0.897258 -0.6 -0.897258 -0.4 -0.897258 -0.6 -0.835378 -0.6 -0.835378 -0.4 -0.897258 -0.4 -0.835378 -0.6 -0.835378 -0.4 -0.835378 -0.6 -0.773498 -0.6 -0.773498 -0.4 -0.835378 -0.4 -0.773498 -0.6 -0.773498 -0.4 -0.773498 -0.6 -0.711618 -0.6 -0.711618 -0.4 -0.773498 -0.4 -0.711618 -0.6 -0.711618 -0.4 -0.711618 -0.6 -0.649738 -0.6 -0.649738 -0.4 -0.711618 -0.4 -0.649738 -0.6 -0.649738 -0.4 -0.649738 -0.6 -0.587859 -0.6 -0.587859 -0.4 -0.649738 -0.4 -0.587859 -0.6 -0.587859 -0.4 -0.587859 -0.6 -0.525979 -0.6 -0.525979 -0.4 -0.587859 -0.4 -0.525979 -0.6 -0.525979 -0.4 -0.525979 -0.6 -0.464099 -0.6 -0.464099 -0.4 -0.525979 -0.4 -0.464099 -0.6 -0.464099 -0.4 -0.464099 -0.6 -0.402219 -0.6 -0.402219 -0.4 -0.464099 -0.4 -0.402219 -0.6 -0.402219 -0.4 -0.402219 -0.6 -0.340339 -0.6 -0.340339 -0.4 -0.402219 -0.4 -0.340339 -0.6 -0.340339 -0.4 -0.340339 -0.6 -0.278459 -0.6 -0.278459 -0.4 -0.340339 -0.4 -0.278459 -0.6 -0.278459 -0.4 -0.278459 -0.6 -0.216579 -0.6 -0.216579 -0.4 -0.278459 -0.4 -0.216579 -0.6 -0.216579 -0.4 -0.216579 -0.6 -0.1547 -0.6 -0.1547 -0.4 -0.216579 -0.4 -0.1547 -0.6 -0.1547 -0.4 -0.1547 -0.6 -0.09281998 -0.6 -0.09281998 -0.4 -0.1547 -0.4 -0.09281998 -0.6 -0.09281998 -0.4 -0.09281998 -0.6 -0.03093999 -0.6 -0.03093999 -0.4 -0.09281998 -0.4 -0.03093999 -0.6 -0.03093999 -0.4 -0.03093999 -0.6 0.03093999 -0.6 0.03093999 -0.4 -0.03093999 -0.4 0.03093999 -0.6 0.03093999 -0.4 0.03093999 -0.6 0.09281998 -0.6 0.09281998 -0.4 0.03093999 -0.4 0.09281998 -0.6 0.09281998 -0.4 0.09281998 -0.6 0.1547 -0.6 0.1547 -0.4 0.09281998 -0.4 0.1547 -0.6 0.1547 -0.4 0.1547 -0.6 0.216579 -0.6 0.216579 -0.4 0.1547 -0.4 0.216579 -0.6 0.216579 -0.4 0.216579 -0.6 0.278459 -0.6 0.278459 -0.4 0.216579 -0.4 0.278459 -0.6 0.278459 -0.4 0.278459 -0.6 0.340339 -0.6 0.340339 -0.4 0.278459 -0.4 0.340339 -0.6 0.340339 -0.4 0.340339 -0.6 0.402219 -0.6 0.402219 -0.4 0.340339 -0.4 0.402219 -0.6 0.402219 -0.4 0.402219 -0.6 0.464099 -0.6 0.464099 -0.4 0.402219 -0.4 0.464099 -0.6 0.464099 -0.4 0.464099 -0.6 0.525979 -0.6 0.525979 -0.4 0.464099 -0.4 0.525979 -0.6 0.525979 -0.4 0.525979 -0.6 0.587859 -0.6 0.587859 -0.4 0.525979 -0.4 0.587859 -0.6 0.587859 -0.4 0.587859 -0.6 0.649738 -0.6 0.649738 -0.4 0.587859 -0.4 0.649738 -0.6 0.649738 -0.4 0.649738 -0.6 0.711618 -0.6 0.711618 -0.4 0.649738 -0.4 0.711618 -0.6 0.711618 -0.4 0.711618 -0.6 0.773498 -0.6 0.773498 -0.4 0.711618 -0.4 0.773498 -0.6 0.773498 -0.4 0.773498 -0.6 0.835378 -0.6 0.835378 -0.4 0.773498 -0.4 0.835378 -0.6 0.835378 -0.4 0.835378 -0.6 0.897258 -0.6 0.897258 -0.4 0.835378 -0.4 0.897258 -0.6 0.897258 -0.4 0.897258 -0.6 0.959138 -0.6 0.959138 -0.4 0.897258 -0.4 0.959138 0.08234399 0.431547 0.204729 0.322556 0.195922 0.448533 0.195922 0.448533 0.204729 0.322556 0.265887 0.331349 0.195922 0.448533 0.265887 0.331349 0.268705 0.456539 0.268705 0.456539 0.265887 0.331349 0.327603 0.328409 0.268705 0.456539 0.327603 0.328409 0.341823 0.452635 0.341823 0.452635 0.327603 0.328409 0.413341 0.436925 0.413341 0.436925 0.327603 0.328409 0.387648 0.313842 0.413341 0.436925 0.387648 0.313842 0.481363 0.409824 0.481363 0.409824 0.387648 0.313842 0.443851 0.288175 0.481363 0.409824 0.443851 0.288175 0.54409 0.37205 0.54409 0.37205 0.443851 0.288175 0.494181 0.252335 0.54409 0.37205 0.494181 0.252335 0.59986 0.324603 0.59986 0.324603 0.494181 0.252335 0.536818 0.207619 0.59986 0.324603 0.536818 0.207619 0.647198 0.26874 0.647198 0.26874 0.536818 0.207619 0.684848 0.2059389 0.684848 0.2059389 0.536818 0.207619 0.570222 0.15564 0.684848 0.2059389 0.570222 0.15564 0.711816 0.1378639 0.711816 0.1378639 0.570222 0.15564 0.593186 0.09827995 0.711816 0.1378639 0.593186 0.09827995 0.727387 0.066316 0.727387 0.066316 0.593186 0.09827995 0.604879 0.03760999 0.727387 0.066316 0.604879 0.03760999 0.731147 -0.006808996 0.731147 -0.006808996 0.604879 0.03760999 0.604879 -0.024176 0.731147 -0.006808996 0.604879 -0.024176 0.722999 -0.07957696 0.722999 -0.07957696 0.604879 -0.024176 0.593186 -0.08484596 0.722999 -0.07957696 0.593186 -0.08484596 0.703158 -0.1500599 0.703158 -0.1500599 0.593186 -0.08484596 0.570222 -0.142207 0.703158 -0.1500599 0.570222 -0.142207 0.672148 -0.216392 0.672148 -0.216392 0.570222 -0.142207 0.536818 -0.194185 0.672148 -0.216392 0.536818 -0.194185 0.630792 -0.276816 0.630792 -0.276816 0.536818 -0.194185 0.494181 -0.238902 0.630792 -0.276816 0.494181 -0.238902 0.580183 -0.329734 0.580183 -0.329734 0.494181 -0.238902 0.443851 -0.274741 0.580183 -0.329734 0.443851 -0.274741 0.521663 -0.373744 0.521663 -0.373744 0.443851 -0.274741 0.456779 -0.40768 0.456779 -0.40768 0.443851 -0.274741 0.387648 -0.300408 0.456779 -0.40768 0.387648 -0.300408 0.387251 -0.430645 0.387251 -0.430645 0.387648 -0.300408 0.327603 -0.314975 0.387251 -0.430645 0.327603 -0.314975 0.314919 -0.442029 0.314919 -0.442029 0.327603 -0.314975 0.265887 -0.317915 0.314919 -0.442029 0.265887 -0.317915 0.16456 -0.447624 0.16456 -0.447624 0.265887 -0.317915 0.204729 -0.309122 0.16456 -0.447624 0.204729 -0.309122 0.146341 -0.288914 -0.03226697 0.424276 0.09283196 0.271454 0.08234399 0.431547 0.08234399 0.431547 0.09283196 0.271454 0.146341 0.302347 0.08234399 0.431547 0.146341 0.302347 0.204729 0.322556 -0.147082 0.426771 -0.198482 0.36694 -0.03226697 0.424276 -0.03226697 0.424276 -0.198482 0.36694 0.04613697 0.230993 -0.03226697 0.424276 0.04613697 0.230993 0.09283196 0.271454 0.04613697 0.230993 -0.198482 0.36694 0.007942974 0.182425 0.007942974 0.182425 -0.198482 0.36694 -0.241589 0.300883 0.007942974 0.182425 -0.241589 0.300883 -0.275659 0.229742 0.007942974 0.182425 -0.275659 0.229742 -0.02036899 0.127507 -0.02036899 0.127507 -0.275659 0.229742 -0.300102 0.154747 -0.02036899 0.127507 -0.300102 0.154747 -0.03777599 0.06822299 -0.03777599 0.06822299 -0.300102 0.154747 -0.314496 0.07719296 -0.03777599 0.06822299 -0.314496 0.07719296 -0.04364883 0.006716907 -0.04364883 0.006716907 -0.314496 0.07719296 -0.318592 -0.001577973 -0.04364883 0.006716907 -0.318592 -0.001577973 -0.312319 -0.08020699 -0.04364883 0.006716907 -0.312319 -0.08020699 -0.03777599 -0.05478996 -0.03777599 -0.05478996 -0.312319 -0.08020699 -0.295787 -0.157333 -0.03777599 -0.05478996 -0.295787 -0.157333 -0.02036899 -0.114073 -0.02036899 -0.114073 -0.295787 -0.157333 -0.26928 -0.231624 -0.02036899 -0.114073 -0.26928 -0.231624 0.007942974 -0.168991 0.007942974 -0.168991 -0.26928 -0.231624 -0.233256 -0.301795 0.007942974 -0.168991 -0.233256 -0.301795 0.04613697 -0.217559 0.04613697 -0.217559 -0.233256 -0.301795 -0.1883389 -0.366635 0.04613697 -0.217559 -0.1883389 -0.366635 -0.135304 -0.425022 -0.135304 -0.425022 0.01420384 -0.441944 0.04613697 -0.217559 0.04613697 -0.217559 0.01420384 -0.441944 0.09283196 -0.25802 0.09283196 -0.25802 0.01420384 -0.441944 0.146341 -0.288914 0.146341 -0.288914 0.01420384 -0.441944 0.16456 -0.447624 -0.649999 0.250733 -0.04999995 0.250733 -0.65 0.253664 -0.65 0.253664 -0.04999995 0.250733 -0.04999995 0.311666 -0.65 0.253664 -0.04999995 0.311666 -0.65 0.318222 -0.65 0.318222 -0.04999995 0.311666 -0.04999995 0.372598 -0.65 0.318222 -0.04999995 0.372598 -0.65 0.38278 -0.65 0.38278 -0.04999995 0.372598 -0.04999995 0.433531 -0.65 0.38278 -0.04999995 0.433531 -0.65 0.447338 -0.65 0.447338 -0.04999995 0.433531 -0.04999995 0.494464 -0.65 0.447338 -0.04999995 0.494464 -0.65 0.511895 -0.65 0.511895 -0.04999995 0.494464 -0.04999995 0.555396 -0.65 0.511895 -0.04999995 0.555396 -0.65 0.576453 -0.65 0.576453 -0.04999995 0.555396 -0.04999995 0.616329 -0.65 0.576453 -0.04999995 0.616329 -0.65 0.641011 -0.65 0.641011 -0.04999995 0.616329 -0.04999995 0.677262 -0.65 0.641011 -0.04999995 0.677262 -0.65 0.705569 -0.65 0.705569 -0.04999995 0.677262 -0.04999995 0.738194 -0.65 0.705569 -0.04999995 0.738194 -0.65 0.770127 -0.65 0.770127 -0.04999995 0.738194 -0.04999995 0.799127 -0.65 0.770127 -0.04999995 0.799127 -0.65 0.834684 -0.65 0.834684 -0.04999995 0.799127 -0.04999995 0.86006 -0.65 0.834684 -0.04999995 0.86006 -0.65 0.899242 -0.65 0.899242 -0.04999995 0.86006 -0.04999995 0.920993 -0.65 0.899242 -0.04999995 0.920993 -0.65 0.9638 -0.65 0.9638 -0.04999995 0.920993 -0.04999995 0.981925 -0.65 0.9638 -0.04999995 0.981925 -0.65 1.028358 -0.65 1.028358 -0.04999995 0.981925 -0.04999995 1.042858 -0.65 1.028358 -0.04999995 1.042858 -0.65 1.092916 -0.65 1.092916 -0.04999995 1.042858 -0.04999995 1.103791 -0.65 1.092916 -0.04999995 1.103791 -0.65 1.157473 -0.65 1.157473 -0.04999995 1.103791 -0.04999995 1.164723 -0.65 1.157473 -0.04999995 1.164723 -0.65 1.222031 -0.65 1.222031 -0.04999995 1.164723 -0.04999995 1.225656 -0.65 1.222031 -0.04999995 1.225656 -0.65 1.286589 -0.65 1.286589 -0.04999995 1.225656 -0.04999995 1.286589</float_array>
          <technique_common>
            <accessor source="#Giro_dynamixel_001-mesh-map-0-array" count="6012" stride="2">
              <param name="S" type="float"/>
              <param name="T" type="float"/>
            </accessor>
          </technique_common>
        </source>
        <vertices id="Giro_dynamixel_001-mesh-vertices">
          <input semantic="POSITION" source="#Giro_dynamixel_001-mesh-positions"/>
        </vertices>
        <triangles material="_60_160_160_1-material" count="2004">
          <input semantic="VERTEX" source="#Giro_dynamixel_001-mesh-vertices" offset="0"/>
          <input semantic="NORMAL" source="#Giro_dynamixel_001-mesh-normals" offset="1"/>
          <input semantic="TEXCOORD" source="#Giro_dynamixel_001-mesh-map-0" offset="2" set="0"/>
          <p>817 0 0 814 1 1 755 2 2 755 2 3 814 1 4 626 3 5 755 2 6 626 3 7 631 4 8 755 2 9 631 4 10 758 5 11 758 5 12 631 4 13 638 6 14 758 5 15 638 6 16 760 7 17 760 7 18 638 6 19 644 8 20 760 7 21 644 8 22 763 9 23 763 9 24 644 8 25 646 10 26 763 9 27 646 10 28 767 11 29 767 11 30 646 10 31 769 12 32 767 11 33 769 12 34 825 13 35 825 13 36 769 12 37 827 14 38 827 14 39 769 12 40 770 15 41 827 14 42 770 15 43 826 16 44 826 16 45 770 15 46 768 17 47 826 16 48 768 17 49 824 18 50 824 18 51 768 17 52 765 19 53 824 18 54 765 19 55 821 20 56 821 20 57 765 19 58 762 21 59 821 20 60 762 21 61 759 22 62 759 22 63 762 21 64 642 23 65 759 22 66 642 23 67 635 24 68 646 10 69 649 25 70 769 12 71 769 12 72 649 25 73 770 15 74 649 25 75 648 26 76 770 15 77 770 15 78 648 26 79 768 17 80 648 26 81 645 27 82 768 17 83 768 17 84 645 27 85 765 19 86 645 27 87 642 23 88 765 19 89 765 19 90 642 23 91 762 21 92 759 22 93 635 24 94 756 28 95 756 28 96 635 24 97 629 29 98 756 28 99 629 29 100 751 30 101 751 30 102 629 29 103 622 31 104 751 30 105 622 31 106 695 32 107 695 32 108 622 31 109 616 33 110 695 32 111 616 33 112 689 34 113 689 34 114 616 33 115 666 35 116 689 34 117 666 35 118 783 36 119 783 36 120 666 35 121 778 37 122 778 37 123 666 35 124 660 38 125 778 37 126 660 38 127 773 39 128 773 39 129 660 38 130 653 40 131 773 39 132 653 40 133 757 41 134 757 41 135 653 40 136 640 42 137 757 41 138 640 42 139 696 43 140 696 43 141 640 42 142 627 44 143 696 43 144 627 44 145 619 45 146 619 45 147 627 44 148 588 46 149 619 45 150 588 46 151 512 47 152 616 33 153 609 48 154 666 35 155 666 35 156 609 48 157 660 38 158 609 48 159 603 49 160 660 38 161 660 38 162 603 49 163 653 40 164 603 49 165 593 50 166 653 40 167 653 40 168 593 50 169 640 42 170 593 50 171 588 46 172 640 42 173 640 42 174 588 46 175 627 44 176 619 45 177 512 47 178 611 51 179 611 51 180 512 47 181 509 52 182 611 51 183 509 52 184 606 53 185 606 53 186 509 52 187 505 54 188 606 53 189 505 54 190 601 55 191 601 55 192 505 54 193 503 56 194 601 55 195 503 56 196 596 57 197 596 57 198 503 56 199 592 58 200 596 57 201 592 58 202 634 59 203 634 59 204 592 58 205 630 60 206 630 60 207 592 58 208 591 61 209 630 60 210 591 61 211 632 62 212 632 62 213 591 61 214 595 63 215 632 62 216 595 63 217 641 64 218 641 64 219 595 63 220 599 65 221 641 64 222 599 65 223 652 66 224 652 66 225 599 65 226 605 67 227 652 66 228 605 67 229 610 68 230 610 68 231 605 67 232 507 69 233 610 68 234 507 69 235 511 70 236 503 56 237 501 71 238 592 58 239 592 58 240 501 71 241 591 61 242 501 71 243 502 72 244 591 61 245 591 61 246 502 72 247 595 63 248 502 72 249 504 73 250 595 63 251 595 63 252 504 73 253 599 65 254 504 73 255 507 69 256 599 65 257 599 65 258 507 69 259 605 67 260 610 68 261 511 70 262 618 74 263 618 74 264 511 70 265 515 75 266 618 74 267 515 75 268 625 76 269 625 76 270 515 75 271 590 77 272 625 76 273 590 77 274 636 78 275 636 78 276 590 77 277 598 79 278 636 78 279 598 79 280 651 80 281 651 80 282 598 79 283 659 81 284 651 80 285 659 81 286 766 82 287 766 82 288 659 81 289 774 83 290 774 83 291 659 81 292 665 84 293 774 83 294 665 84 295 780 85 296 780 85 297 665 84 298 686 86 299 780 85 300 686 86 301 793 87 302 793 87 303 686 86 304 694 88 305 793 87 306 694 88 307 814 1 308 814 1 309 694 88 310 626 3 311 626 3 312 694 88 313 621 89 314 621 89 315 694 88 316 686 86 317 621 89 318 686 86 319 615 90 320 615 90 321 686 86 322 665 84 323 615 90 324 665 84 325 607 91 326 607 91 327 665 84 328 659 81 329 607 91 330 659 81 331 598 79 332 651 80 333 766 82 334 636 78 335 636 78 336 766 82 337 753 92 338 636 78 339 753 92 340 625 76 341 625 76 342 753 92 343 690 93 344 625 76 345 690 93 346 618 74 347 618 74 348 690 93 349 663 94 350 618 74 351 663 94 352 610 68 353 610 68 354 663 94 355 652 66 356 596 57 357 634 59 358 601 55 359 601 55 360 634 59 361 647 95 362 601 55 363 647 95 364 606 53 365 606 53 366 647 95 367 657 96 368 606 53 369 657 96 370 611 51 371 611 51 372 657 96 373 668 97 374 611 51 375 668 97 376 619 45 377 619 45 378 668 97 379 696 43 380 689 34 381 783 36 382 695 32 383 695 32 384 783 36 385 813 98 386 695 32 387 813 98 388 751 30 389 751 30 390 813 98 391 815 99 392 751 30 393 815 99 394 756 28 395 756 28 396 815 99 397 819 100 398 756 28 399 819 100 400 759 22 401 759 22 402 819 100 403 821 20 404 767 11 405 825 13 406 763 9 407 763 9 408 825 13 409 822 101 410 763 9 411 822 101 412 760 7 413 760 7 414 822 101 415 820 102 416 760 7 417 820 102 418 758 5 419 758 5 420 820 102 421 817 0 422 758 5 423 817 0 424 755 2 425 856 103 426 860 104 427 839 105 428 839 105 429 860 104 430 895 106 431 839 105 432 895 106 433 838 107 434 838 107 435 895 106 436 892 108 437 838 107 438 892 108 439 837 109 440 837 109 441 892 108 442 891 110 443 837 109 444 891 110 445 836 111 446 836 111 447 891 110 448 890 112 449 836 111 450 890 113 451 835 114 452 835 114 453 890 113 454 859 115 455 835 114 456 859 115 457 834 116 458 834 116 459 859 115 460 853 117 461 834 116 462 853 117 463 848 118 464 834 116 465 848 118 466 833 119 467 833 119 468 848 118 469 846 120 470 833 121 471 846 122 472 832 123 473 832 124 474 846 125 475 830 126 476 832 124 477 830 126 478 820 127 479 820 127 480 830 126 481 828 128 482 820 127 483 828 128 484 817 129 485 817 129 486 828 128 487 818 130 488 817 129 489 818 130 490 814 131 491 814 131 492 818 130 493 801 132 494 814 131 495 801 132 496 793 133 497 793 133 498 801 132 499 780 134 500 780 134 501 801 132 502 802 135 503 780 134 504 802 135 505 774 136 506 774 136 507 802 135 508 766 137 509 766 137 510 802 135 511 671 138 512 766 137 513 671 138 514 753 139 515 753 139 516 671 138 517 690 140 518 690 140 519 671 138 520 670 141 521 690 140 522 670 141 523 663 142 524 663 142 525 670 141 526 518 143 527 663 142 528 518 143 529 652 144 530 652 144 531 518 143 532 516 145 533 652 144 534 516 145 535 641 146 536 641 146 537 516 145 538 517 147 539 641 146 540 517 147 541 632 148 542 632 148 543 517 147 544 630 149 545 630 149 546 517 147 547 519 150 548 630 149 549 519 150 550 634 151 551 634 151 552 519 150 553 647 152 554 647 152 555 519 150 556 657 153 557 657 153 558 519 150 559 521 154 560 657 153 561 521 154 562 668 155 563 668 155 564 521 154 565 675 156 566 668 155 567 675 156 568 696 157 569 696 157 570 675 156 571 757 158 572 757 158 573 675 156 574 677 159 575 757 158 576 677 159 577 773 160 578 773 160 579 677 159 580 804 161 581 773 160 582 804 161 583 803 162 584 803 162 585 804 161 586 841 163 587 803 162 588 841 163 589 840 164 590 840 164 591 841 163 592 854 165 593 840 164 594 854 165 595 856 103 596 801 132 597 818 130 598 802 135 599 802 135 600 818 130 601 812 166 602 802 135 603 812 166 604 672 167 605 672 167 606 812 166 607 779 168 608 672 167 609 779 168 610 673 169 611 673 169 612 779 168 613 771 170 614 673 169 615 771 170 616 674 171 617 674 171 618 771 170 619 752 172 620 674 171 621 752 172 622 676 173 623 676 173 624 752 172 625 678 174 626 676 173 627 678 174 628 520 175 629 520 175 630 678 174 631 522 176 632 522 176 633 678 174 634 680 177 635 522 176 636 680 177 637 654 178 638 752 172 639 680 177 640 678 174 641 654 178 642 628 179 643 522 176 644 522 176 645 628 179 646 524 180 647 524 180 648 628 179 649 614 181 650 524 180 651 614 181 652 526 182 653 526 182 654 614 181 655 597 183 656 526 182 657 597 183 658 528 184 659 518 143 660 673 169 661 520 175 662 520 175 663 673 169 664 674 171 665 520 175 666 674 171 667 676 173 668 523 185 669 679 186 670 521 154 671 521 154 672 679 186 673 677 159 674 521 154 675 677 159 676 675 156 677 525 187 678 683 188 679 523 185 680 523 185 681 683 188 682 682 189 683 523 185 684 682 189 685 681 190 686 681 190 687 682 189 688 807 191 689 681 190 690 807 191 691 806 192 692 806 192 693 807 191 694 844 193 695 806 192 696 844 193 697 843 194 698 843 194 699 844 193 700 855 195 701 843 194 702 855 195 703 852 196 704 527 197 705 602 198 706 525 187 707 525 187 708 602 198 709 617 199 710 525 187 711 617 199 712 643 200 713 643 200 714 664 201 715 525 187 716 525 187 717 664 201 718 684 202 719 525 187 720 684 202 721 683 188 722 683 188 723 684 202 724 702 203 725 683 188 726 702 203 727 764 204 728 664 201 729 702 203 730 684 202 731 764 204 732 776 205 733 683 188 734 683 188 735 776 205 736 784 206 737 683 188 738 784 206 739 682 189 740 682 189 741 784 206 742 807 191 743 807 191 744 784 206 745 808 207 746 808 207 747 784 206 748 816 208 749 808 207 750 816 208 751 807 191 752 807 191 753 816 208 754 823 209 755 807 191 756 823 209 757 844 193 758 844 193 759 823 209 760 829 210 761 844 193 762 829 210 763 845 211 764 845 211 765 829 210 766 831 212 767 845 211 768 831 212 769 847 213 770 845 211 771 847 213 772 861 214 773 861 214 774 847 213 775 850 215 776 861 214 777 850 215 778 902 216 779 902 217 780 850 218 781 903 219 782 903 219 783 850 218 784 858 220 785 903 219 786 858 220 787 904 221 788 904 221 789 858 220 790 907 222 791 861 214 792 857 223 793 845 211 794 845 211 795 857 223 796 844 193 797 857 223 798 855 195 799 844 193 800 843 194 801 852 196 802 842 224 803 842 224 804 852 196 805 849 225 806 842 224 807 849 225 808 841 163 809 841 163 810 849 225 811 851 226 812 841 163 813 851 226 814 854 165 815 840 164 816 856 103 817 839 105 818 820 127 819 822 227 820 832 124 821 832 124 822 822 227 823 833 119 824 822 227 825 825 228 826 833 119 827 833 119 828 825 228 829 834 116 830 825 228 831 827 229 832 834 116 833 834 116 834 827 229 835 835 114 836 827 229 837 826 230 838 835 114 839 835 114 840 826 230 841 824 231 842 835 114 843 824 231 844 836 111 845 836 111 846 824 231 847 821 232 848 836 111 849 821 232 850 837 109 851 837 109 852 821 232 853 819 233 854 837 109 855 819 233 856 838 107 857 838 107 858 819 233 859 815 234 860 838 107 861 815 234 862 839 105 863 839 105 864 815 234 865 813 235 866 839 105 867 813 235 868 840 164 869 840 164 870 813 235 871 783 236 872 840 164 873 783 236 874 803 162 875 803 162 876 783 236 877 778 237 878 803 162 879 778 237 880 773 160 881 679 186 882 523 185 883 681 190 884 670 141 885 671 138 886 518 143 887 518 143 888 671 138 889 672 167 890 518 143 891 672 167 892 673 169 893 672 167 894 671 138 895 802 135 896 804 161 897 677 159 898 805 238 899 805 238 900 677 159 901 679 186 902 805 238 903 679 186 904 806 192 905 806 192 906 679 186 907 681 190 908 841 163 909 804 161 910 842 224 911 842 224 912 804 161 913 805 238 914 842 224 915 805 238 916 843 194 917 843 194 918 805 238 919 806 192 920 462 239 921 501 240 922 464 241 923 464 241 924 501 240 925 503 242 926 464 241 927 503 242 928 463 243 929 463 243 930 503 242 931 505 244 932 463 243 933 505 244 934 461 245 935 461 245 936 505 244 937 509 246 938 461 245 939 509 246 940 459 247 941 459 247 942 509 246 943 512 248 944 459 247 945 512 248 946 457 249 947 457 249 948 512 248 949 588 250 950 457 249 951 588 250 952 593 251 953 460 252 954 504 253 955 462 239 956 462 239 957 504 253 958 502 254 959 462 239 960 502 254 961 501 240 962 504 253 963 460 252 964 507 255 965 507 255 966 460 252 967 458 256 968 507 255 969 458 256 970 511 257 971 511 257 972 458 256 973 456 258 974 511 257 975 456 258 976 515 259 977 515 259 978 456 258 979 449 260 980 515 259 981 449 260 982 590 261 983 590 261 984 449 260 985 443 262 986 590 261 987 443 262 988 598 263 989 598 263 990 443 262 991 607 264 992 607 264 993 443 262 994 439 265 995 607 264 996 439 265 997 615 266 998 615 266 999 439 265 1000 433 267 1001 615 266 1002 433 267 1003 621 268 1004 621 268 1005 433 267 1006 426 269 1007 621 268 1008 426 269 1009 626 270 1010 626 270 1011 426 269 1012 424 271 1013 626 270 1014 424 271 1015 631 272 1016 631 272 1017 424 271 1018 638 273 1019 638 273 1020 424 271 1021 422 274 1022 638 273 1023 422 274 1024 644 275 1025 644 275 1026 422 274 1027 420 276 1028 644 275 1029 420 276 1030 646 277 1031 646 277 1032 420 276 1033 419 278 1034 646 277 1035 419 278 1036 649 279 1037 649 279 1038 419 278 1039 421 280 1040 649 279 1041 421 280 1042 648 281 1043 648 281 1044 421 280 1045 645 282 1046 645 282 1047 421 280 1048 423 283 1049 645 282 1050 423 283 1051 642 284 1052 642 284 1053 423 283 1054 425 285 1055 642 284 1056 425 285 1057 635 286 1058 635 286 1059 425 285 1060 427 287 1061 635 286 1062 427 287 1063 629 288 1064 629 288 1065 427 287 1066 434 289 1067 629 288 1068 434 289 1069 622 290 1070 622 290 1071 434 289 1072 616 291 1073 616 291 1074 434 289 1075 440 292 1076 616 291 1077 440 292 1078 609 293 1079 609 293 1080 440 292 1081 444 294 1082 609 293 1083 444 294 1084 603 295 1085 603 295 1086 444 294 1087 450 296 1088 603 295 1089 450 296 1090 593 251 1091 593 251 1092 450 296 1093 457 249 1094 910 297 1095 943 298 1096 908 299 1097 908 299 1098 943 298 1099 941 300 1100 908 299 1101 941 300 1102 942 301 1103 943 298 1104 910 297 1105 947 302 1106 947 302 1107 910 297 1108 912 303 1109 947 302 1110 912 303 1111 951 304 1112 951 304 1113 912 303 1114 914 305 1115 951 304 1116 914 305 1117 953 306 1118 953 306 1119 914 305 1120 916 307 1121 953 306 1122 916 307 1123 957 308 1124 957 308 1125 916 307 1126 918 309 1127 957 308 1128 918 309 1129 961 310 1130 961 310 1131 918 309 1132 920 311 1133 961 310 1134 920 311 1135 965 312 1136 965 312 1137 920 311 1138 922 313 1139 965 312 1140 922 313 1141 969 314 1142 969 314 1143 922 313 1144 924 315 1145 969 314 1146 924 315 1147 973 316 1148 973 316 1149 924 315 1150 926 317 1151 973 316 1152 926 317 1153 977 318 1154 977 318 1155 926 317 1156 981 319 1157 981 319 1158 926 317 1159 928 320 1160 981 319 1161 928 320 1162 983 321 1163 983 321 1164 928 320 1165 930 322 1166 983 321 1167 930 322 1168 987 323 1169 987 323 1170 930 322 1171 932 324 1172 987 323 1173 932 324 1174 991 325 1175 991 325 1176 932 324 1177 934 326 1178 991 325 1179 934 326 1180 993 327 1181 993 327 1182 934 326 1183 935 328 1184 993 327 1185 935 328 1186 992 329 1187 992 329 1188 935 328 1189 933 330 1190 992 329 1191 933 330 1192 990 331 1193 990 331 1194 933 330 1195 931 332 1196 990 331 1197 931 332 1198 986 333 1199 986 333 1200 931 332 1201 929 334 1202 986 333 1203 929 334 1204 982 335 1205 982 335 1206 929 334 1207 927 336 1208 982 335 1209 927 336 1210 980 337 1211 980 337 1212 927 336 1213 925 338 1214 980 337 1215 925 338 1216 976 339 1217 976 339 1218 925 338 1219 972 340 1220 972 340 1221 925 338 1222 923 341 1223 972 340 1224 923 341 1225 968 342 1226 968 342 1227 923 341 1228 921 343 1229 968 342 1230 921 343 1231 964 344 1232 964 344 1233 921 343 1234 919 345 1235 964 344 1236 919 345 1237 960 346 1238 960 346 1239 919 345 1240 917 347 1241 960 346 1242 917 347 1243 956 348 1244 956 348 1245 917 347 1246 915 349 1247 956 348 1248 915 349 1249 952 350 1250 952 350 1251 915 349 1252 913 351 1253 952 350 1254 913 351 1255 950 352 1256 950 352 1257 913 351 1258 911 353 1259 950 352 1260 911 353 1261 946 354 1262 946 354 1263 911 353 1264 909 355 1265 946 354 1266 909 355 1267 942 301 1268 942 301 1269 909 355 1270 908 299 1271 347 356 1272 910 357 1273 345 358 1274 345 358 1275 910 357 1276 908 359 1277 345 358 1278 908 359 1279 346 360 1280 346 360 1281 908 359 1282 909 361 1283 346 360 1284 909 361 1285 348 362 1286 348 362 1287 909 361 1288 911 363 1289 348 362 1290 911 363 1291 350 364 1292 350 364 1293 911 363 1294 913 365 1295 350 364 1296 913 365 1297 352 366 1298 352 366 1299 913 365 1300 915 367 1301 352 366 1302 915 367 1303 354 368 1304 354 368 1305 915 367 1306 917 369 1307 354 368 1308 917 369 1309 356 370 1310 356 370 1311 917 369 1312 919 371 1313 356 370 1314 919 371 1315 358 372 1316 358 372 1317 919 371 1318 921 373 1319 358 372 1320 921 373 1321 360 374 1322 360 374 1323 921 373 1324 923 375 1325 360 374 1326 923 375 1327 362 376 1328 362 376 1329 923 375 1330 925 377 1331 362 376 1332 925 377 1333 364 378 1334 364 378 1335 925 377 1336 927 379 1337 364 378 1338 927 379 1339 366 380 1340 366 380 1341 927 379 1342 929 381 1343 366 380 1344 929 381 1345 368 382 1346 368 382 1347 929 381 1348 931 383 1349 368 382 1350 931 383 1351 370 384 1352 370 384 1353 931 383 1354 933 385 1355 370 384 1356 933 385 1357 372 386 1358 372 386 1359 933 385 1360 935 387 1361 372 386 1362 935 387 1363 371 388 1364 371 388 1365 935 387 1366 934 389 1367 371 388 1368 934 389 1369 369 390 1370 369 390 1371 934 389 1372 932 391 1373 369 390 1374 932 391 1375 367 392 1376 367 392 1377 932 391 1378 930 393 1379 367 392 1380 930 393 1381 365 394 1382 365 394 1383 930 393 1384 928 395 1385 365 394 1386 928 395 1387 363 396 1388 363 396 1389 928 395 1390 926 397 1391 363 396 1392 926 397 1393 361 398 1394 361 398 1395 926 397 1396 924 399 1397 361 398 1398 924 399 1399 359 400 1400 359 400 1401 924 399 1402 922 401 1403 359 400 1404 922 401 1405 357 402 1406 357 402 1407 922 401 1408 920 403 1409 357 402 1410 920 403 1411 355 404 1412 355 404 1413 920 403 1414 918 405 1415 355 404 1416 918 405 1417 353 406 1418 353 406 1419 918 405 1420 916 407 1421 353 406 1422 916 407 1423 351 408 1424 351 408 1425 916 407 1426 914 409 1427 351 408 1428 914 409 1429 349 410 1430 349 410 1431 914 409 1432 912 411 1433 349 410 1434 912 411 1435 347 356 1436 347 356 1437 912 411 1438 910 357 1439 938 412 1440 936 412 1441 941 412 1442 941 413 1443 936 413 1444 937 413 1445 941 414 1446 937 414 1447 942 414 1448 942 415 1449 937 415 1450 939 415 1451 942 412 1452 939 412 1453 946 412 1454 946 412 1455 939 412 1456 944 412 1457 946 416 1458 944 416 1459 950 416 1460 950 412 1461 944 412 1462 948 412 1463 950 412 1464 948 412 1465 952 412 1466 952 412 1467 948 412 1468 954 412 1469 952 417 1470 954 417 1471 956 417 1472 956 412 1473 954 412 1474 958 412 1475 956 412 1476 958 412 1477 960 412 1478 960 418 1479 958 418 1480 962 418 1481 960 419 1482 962 419 1483 964 419 1484 964 420 1485 962 420 1486 966 420 1487 964 421 1488 966 421 1489 968 421 1490 968 422 1491 966 422 1492 970 422 1493 968 412 1494 970 412 1495 972 412 1496 972 412 1497 970 412 1498 974 412 1499 972 412 1500 974 412 1501 976 412 1502 976 412 1503 974 412 1504 978 412 1505 976 412 1506 978 412 1507 980 412 1508 980 412 1509 978 412 1510 984 412 1511 980 423 1512 984 423 1513 982 423 1514 982 424 1515 984 424 1516 988 424 1517 982 425 1518 988 425 1519 986 425 1520 986 426 1521 988 426 1522 994 426 1523 986 427 1524 994 427 1525 990 427 1526 990 428 1527 994 428 1528 996 428 1529 990 429 1530 996 429 1531 992 429 1532 992 430 1533 996 430 1534 998 430 1535 992 412 1536 998 412 1537 993 412 1538 993 412 1539 998 412 1540 999 412 1541 993 431 1542 999 431 1543 997 431 1544 993 432 1545 997 432 1546 991 432 1547 991 433 1548 997 433 1549 995 433 1550 991 412 1551 995 412 1552 987 412 1553 987 434 1554 995 434 1555 989 434 1556 987 435 1557 989 435 1558 983 435 1559 983 436 1560 989 436 1561 985 436 1562 983 437 1563 985 437 1564 981 437 1565 981 412 1566 985 412 1567 979 412 1568 981 412 1569 979 412 1570 977 412 1571 977 412 1572 979 412 1573 975 412 1574 977 412 1575 975 412 1576 973 412 1577 973 412 1578 975 412 1579 971 412 1580 973 412 1581 971 412 1582 969 412 1583 969 438 1584 971 438 1585 967 438 1586 969 439 1587 967 439 1588 965 439 1589 965 440 1590 967 440 1591 963 440 1592 965 441 1593 963 441 1594 961 441 1595 961 442 1596 963 442 1597 959 442 1598 961 443 1599 959 443 1600 957 443 1601 957 412 1602 959 412 1603 955 412 1604 957 444 1605 955 444 1606 953 444 1607 953 412 1608 955 412 1609 949 412 1610 953 445 1611 949 445 1612 951 445 1613 951 412 1614 949 412 1615 945 412 1616 951 446 1617 945 446 1618 947 446 1619 947 412 1620 945 412 1621 940 412 1622 947 412 1623 940 412 1624 943 412 1625 943 447 1626 940 447 1627 938 447 1628 943 448 1629 938 448 1630 941 448 1631 705 449 1632 740 450 1633 799 451 1634 799 451 1635 740 450 1636 860 452 1637 799 451 1638 860 452 1639 856 453 1640 799 451 1641 856 453 1642 796 454 1643 796 454 1644 856 453 1645 854 455 1646 796 454 1647 854 455 1648 794 456 1649 794 456 1650 854 455 1651 790 457 1652 794 456 1653 790 457 1654 703 458 1655 703 458 1656 790 457 1657 699 459 1658 699 459 1659 790 457 1660 788 460 1661 699 459 1662 788 460 1663 786 461 1664 786 461 1665 788 460 1666 851 462 1667 786 461 1668 851 462 1669 849 463 1670 854 455 1671 851 462 1672 790 457 1673 790 457 1674 851 462 1675 788 460 1676 786 461 1677 849 463 1678 787 464 1679 787 464 1680 849 463 1681 852 465 1682 787 464 1683 852 465 1684 789 466 1685 789 466 1686 852 465 1687 791 467 1688 789 466 1689 791 467 1690 700 468 1691 700 468 1692 791 467 1693 704 469 1694 704 469 1695 791 467 1696 795 470 1697 704 469 1698 795 470 1699 797 471 1700 797 471 1701 795 470 1702 855 472 1703 797 471 1704 855 472 1705 857 473 1706 852 465 1707 855 472 1708 791 467 1709 791 467 1710 855 472 1711 795 470 1712 861 474 1713 800 475 1714 857 473 1715 857 473 1716 800 475 1717 798 476 1718 857 473 1719 798 476 1720 797 471 1721 797 471 1722 798 476 1723 706 477 1724 797 471 1725 706 477 1726 704 469 1727 861 474 1728 746 478 1729 800 475 1730 800 475 1731 746 478 1732 706 477 1733 800 475 1734 706 477 1735 798 476 1736 789 466 1737 700 468 1738 787 464 1739 787 464 1740 700 468 1741 697 479 1742 787 464 1743 697 479 1744 786 461 1745 786 461 1746 697 479 1747 699 459 1748 794 456 1749 703 458 1750 796 454 1751 796 454 1752 703 458 1753 705 449 1754 796 454 1755 705 449 1756 799 451 1757 895 480 1758 737 481 1759 889 482 1760 889 482 1761 737 481 1762 735 483 1763 889 482 1764 735 483 1765 886 484 1766 886 484 1767 735 483 1768 730 485 1769 886 484 1770 730 485 1771 882 486 1772 882 486 1773 730 485 1774 727 487 1775 882 486 1776 727 487 1777 879 488 1778 879 488 1779 727 487 1780 725 489 1781 879 488 1782 725 489 1783 876 490 1784 876 490 1785 725 489 1786 721 491 1787 876 490 1788 721 491 1789 873 492 1790 873 492 1791 721 491 1792 719 493 1793 873 492 1794 719 493 1795 871 494 1796 871 494 1797 719 493 1798 717 495 1799 871 494 1800 717 495 1801 868 496 1802 868 496 1803 717 495 1804 718 497 1805 868 496 1806 718 497 1807 869 498 1808 869 498 1809 718 497 1810 720 499 1811 869 498 1812 720 499 1813 872 500 1814 872 500 1815 720 499 1816 875 501 1817 875 501 1818 720 499 1819 722 502 1820 875 501 1821 722 502 1822 878 503 1823 878 503 1824 722 502 1825 726 504 1826 878 503 1827 726 504 1828 881 505 1829 881 505 1830 726 504 1831 729 506 1832 881 505 1833 729 506 1834 885 507 1835 885 507 1836 729 506 1837 732 508 1838 885 507 1839 732 508 1840 888 509 1841 888 509 1842 732 508 1843 736 510 1844 888 509 1845 736 510 1846 894 511 1847 894 511 1848 736 510 1849 739 512 1850 894 511 1851 739 512 1852 897 513 1853 897 513 1854 739 512 1855 741 514 1856 897 513 1857 741 514 1858 898 515 1859 898 515 1860 741 514 1861 743 516 1862 898 515 1863 743 516 1864 900 517 1865 900 517 1866 743 516 1867 745 518 1868 900 517 1869 745 518 1870 902 519 1871 740 450 1872 737 520 1873 810 521 1874 810 521 1875 737 520 1876 895 522 1877 810 521 1878 895 522 1879 860 452 1880 860 452 1881 740 450 1882 810 521 1883 746 478 1884 861 474 1885 745 518 1886 745 518 1887 861 474 1888 902 519 1889 895 412 1890 889 412 1891 892 412 1892 892 523 1893 889 523 1894 883 523 1895 892 412 1896 883 412 1897 891 412 1898 891 412 1899 883 412 1900 890 412 1901 889 524 1902 886 524 1903 883 524 1904 883 412 1905 886 412 1906 882 412 1907 883 412 1908 882 412 1909 877 412 1910 877 525 1911 882 525 1912 879 525 1913 877 526 1914 879 526 1915 876 526 1916 877 527 1917 876 527 1918 867 527 1919 867 528 1920 876 528 1921 873 528 1922 867 412 1923 873 412 1924 865 412 1925 865 529 1926 873 529 1927 871 529 1928 865 412 1929 871 412 1930 863 412 1931 863 530 1932 871 530 1933 868 530 1934 863 412 1935 868 412 1936 862 412 1937 862 531 1938 868 531 1939 869 531 1940 862 412 1941 869 412 1942 864 412 1943 864 532 1944 869 532 1945 866 532 1946 866 533 1947 869 533 1948 872 533 1949 866 534 1950 872 534 1951 870 534 1952 870 535 1953 872 535 1954 875 535 1955 870 536 1956 875 536 1957 874 536 1958 874 412 1959 875 412 1960 878 412 1961 874 537 1962 878 537 1963 880 537 1964 880 538 1965 878 538 1966 881 538 1967 880 539 1968 881 539 1969 884 539 1970 884 540 1971 881 540 1972 885 540 1973 884 541 1974 885 541 1975 887 541 1976 887 412 1977 885 412 1978 888 412 1979 887 412 1980 888 412 1981 893 412 1982 893 412 1983 888 412 1984 894 412 1985 893 412 1986 894 412 1987 896 412 1988 896 412 1989 894 412 1990 897 412 1991 896 412 1992 897 412 1993 899 412 1994 899 542 1995 897 542 1996 898 542 1997 899 412 1998 898 412 1999 901 412 2000 901 412 2001 898 412 2002 900 412 2003 901 412 2004 900 412 2005 905 412 2006 905 412 2007 900 412 2008 904 412 2009 905 412 2010 904 412 2011 906 412 2012 906 412 2013 904 412 2014 907 412 2015 902 412 2016 903 412 2017 900 412 2018 900 543 2019 903 543 2020 904 543 2021 416 544 2022 700 545 2023 418 546 2024 418 546 2025 700 545 2026 704 547 2027 418 546 2028 704 547 2029 417 548 2030 417 548 2031 704 547 2032 706 549 2033 417 548 2034 706 549 2035 415 550 2036 415 550 2037 706 549 2038 746 551 2039 415 550 2040 746 551 2041 745 552 2042 700 545 2043 416 544 2044 697 553 2045 697 553 2046 416 544 2047 414 554 2048 697 553 2049 414 554 2050 699 555 2051 699 555 2052 414 554 2053 412 556 2054 699 555 2055 412 556 2056 703 557 2057 703 557 2058 412 556 2059 410 558 2060 703 557 2061 410 558 2062 705 559 2063 705 559 2064 410 558 2065 403 560 2066 705 559 2067 403 560 2068 740 561 2069 740 561 2070 403 560 2071 397 562 2072 740 561 2073 397 562 2074 737 563 2075 737 563 2076 397 562 2077 735 564 2078 735 564 2079 397 562 2080 393 565 2081 735 564 2082 393 565 2083 730 566 2084 730 566 2085 393 565 2086 387 567 2087 730 566 2088 387 567 2089 727 568 2090 727 568 2091 387 567 2092 380 569 2093 727 568 2094 380 569 2095 725 570 2096 725 570 2097 380 569 2098 378 571 2099 725 570 2100 378 571 2101 721 572 2102 721 572 2103 378 571 2104 376 573 2105 721 572 2106 376 573 2107 719 574 2108 719 574 2109 376 573 2110 374 575 2111 719 574 2112 374 575 2113 717 576 2114 717 576 2115 374 575 2116 373 577 2117 717 576 2118 373 577 2119 718 578 2120 718 578 2121 373 577 2122 375 579 2123 718 578 2124 375 579 2125 720 580 2126 720 580 2127 375 579 2128 377 581 2129 720 580 2130 377 581 2131 722 582 2132 722 582 2133 377 581 2134 379 583 2135 722 582 2136 379 583 2137 726 584 2138 726 584 2139 379 583 2140 381 585 2141 726 584 2142 381 585 2143 729 586 2144 729 586 2145 381 585 2146 388 587 2147 729 586 2148 388 587 2149 732 588 2150 732 588 2151 388 587 2152 394 589 2153 732 588 2154 394 589 2155 736 590 2156 736 590 2157 394 589 2158 398 591 2159 736 590 2160 398 591 2161 739 592 2162 739 592 2163 398 591 2164 404 593 2165 739 592 2166 404 593 2167 741 594 2168 741 594 2169 404 593 2170 411 595 2171 741 594 2172 411 595 2173 743 596 2174 743 596 2175 411 595 2176 413 597 2177 743 596 2178 413 597 2179 745 552 2180 745 552 2181 413 597 2182 415 550 2183 303 598 2184 279 599 2185 309 600 2186 309 600 2187 279 599 2188 281 601 2189 309 600 2190 281 601 2191 312 602 2192 312 602 2193 281 601 2194 317 603 2195 317 603 2196 281 601 2197 283 604 2198 317 603 2199 283 604 2200 321 605 2201 321 605 2202 283 604 2203 324 606 2204 303 598 2205 274 607 2206 279 599 2207 322 608 2208 323 609 2209 280 610 2210 280 610 2211 323 609 2212 282 611 2213 282 611 2214 323 609 2215 325 612 2216 282 611 2217 325 612 2218 284 613 2219 284 613 2220 325 612 2221 327 614 2222 284 613 2223 327 614 2224 286 615 2225 286 615 2226 327 614 2227 329 616 2228 286 615 2229 329 616 2230 288 617 2231 288 617 2232 329 616 2233 331 618 2234 288 617 2235 331 618 2236 290 619 2237 290 619 2238 331 618 2239 333 620 2240 290 619 2241 333 620 2242 292 621 2243 292 621 2244 333 620 2245 335 622 2246 292 621 2247 335 622 2248 294 623 2249 294 623 2250 335 622 2251 337 624 2252 294 623 2253 337 624 2254 296 625 2255 296 625 2256 337 624 2257 339 626 2258 296 625 2259 339 626 2260 298 627 2261 298 627 2262 339 626 2263 341 628 2264 298 627 2265 341 628 2266 300 629 2267 300 629 2268 341 628 2269 343 630 2270 300 629 2271 343 630 2272 344 631 2273 300 629 2274 344 631 2275 301 632 2276 301 632 2277 344 631 2278 342 633 2279 301 632 2280 342 633 2281 299 634 2282 299 634 2283 342 633 2284 340 635 2285 299 634 2286 340 635 2287 297 636 2288 297 636 2289 340 635 2290 338 637 2291 297 636 2292 338 637 2293 295 638 2294 295 638 2295 338 637 2296 336 639 2297 295 638 2298 336 639 2299 293 640 2300 293 640 2301 336 639 2302 334 641 2303 293 640 2304 334 641 2305 291 642 2306 291 642 2307 334 641 2308 332 643 2309 291 642 2310 332 643 2311 289 644 2312 289 644 2313 332 643 2314 330 645 2315 289 644 2316 330 645 2317 287 646 2318 287 646 2319 330 645 2320 328 647 2321 287 646 2322 328 647 2323 285 648 2324 285 648 2325 328 647 2326 326 649 2327 285 648 2328 326 649 2329 283 604 2330 283 604 2331 326 649 2332 324 606 2333 311 650 2334 278 651 2335 308 652 2336 308 652 2337 278 651 2338 275 653 2339 308 652 2340 275 653 2341 302 654 2342 302 654 2343 275 653 2344 271 655 2345 311 650 2346 316 656 2347 278 651 2348 278 651 2349 316 656 2350 280 610 2351 280 610 2352 316 656 2353 320 657 2354 280 610 2355 320 657 2356 322 608 2357 271 658 2358 275 658 2359 269 658 2360 269 658 2361 275 658 2362 267 658 2363 267 658 2364 275 658 2365 265 658 2366 265 658 2367 275 658 2368 278 658 2369 265 658 2370 278 658 2371 263 658 2372 263 658 2373 278 658 2374 261 658 2375 261 658 2376 278 658 2377 259 658 2378 259 659 2379 278 659 2380 258 659 2381 258 660 2382 278 660 2383 280 660 2384 258 661 2385 280 661 2386 297 661 2387 297 658 2388 280 658 2389 299 658 2390 299 658 2391 280 658 2392 301 658 2393 301 658 2394 280 658 2395 300 658 2396 300 658 2397 280 658 2398 298 658 2399 298 658 2400 280 658 2401 296 658 2402 296 658 2403 280 658 2404 294 658 2405 294 658 2406 280 658 2407 292 658 2408 292 662 2409 280 662 2410 290 662 2411 290 658 2412 280 658 2413 288 658 2414 288 658 2415 280 658 2416 286 658 2417 286 663 2418 280 663 2419 284 663 2420 284 664 2421 280 664 2422 282 664 2423 297 665 2424 295 665 2425 258 665 2426 258 666 2427 295 666 2428 293 666 2429 258 667 2430 293 667 2431 291 667 2432 291 658 2433 289 658 2434 258 658 2435 258 668 2436 289 668 2437 287 668 2438 258 669 2439 287 669 2440 285 669 2441 285 670 2442 283 670 2443 258 670 2444 258 671 2445 283 671 2446 260 671 2447 260 672 2448 283 672 2449 281 672 2450 260 658 2451 281 658 2452 262 658 2453 262 658 2454 281 658 2455 264 658 2456 264 658 2457 281 658 2458 266 658 2459 266 658 2460 281 658 2461 268 658 2462 268 673 2463 281 673 2464 279 673 2465 268 658 2466 279 658 2467 270 658 2468 270 674 2469 279 674 2470 274 674 2471 306 675 2472 470 676 2473 276 677 2474 276 677 2475 470 676 2476 468 678 2477 276 677 2478 468 678 2479 229 679 2480 229 679 2481 468 678 2482 225 680 2483 225 680 2484 468 678 2485 466 681 2486 225 680 2487 466 681 2488 202 682 2489 202 682 2490 466 681 2491 196 683 2492 196 683 2493 466 681 2494 495 684 2495 196 683 2496 495 684 2497 175 685 2498 175 685 2499 495 684 2500 496 686 2501 175 685 2502 496 686 2503 498 687 2504 306 675 2505 313 688 2506 470 676 2507 470 676 2508 313 688 2509 318 689 2510 470 676 2511 318 689 2512 473 690 2513 473 690 2514 318 689 2515 324 691 2516 175 685 2517 498 687 2518 171 692 2519 171 692 2520 498 687 2521 506 693 2522 171 692 2523 506 693 2524 166 694 2525 166 694 2526 506 693 2527 514 695 2528 166 694 2529 514 695 2530 165 696 2531 165 696 2532 514 695 2533 594 697 2534 165 696 2535 594 697 2536 162 698 2537 162 698 2538 594 697 2539 608 699 2540 162 698 2541 608 699 2542 160 700 2543 160 700 2544 608 699 2545 620 701 2546 160 700 2547 620 701 2548 633 702 2549 160 700 2550 633 702 2551 157 703 2552 157 703 2553 633 702 2554 650 704 2555 157 703 2556 650 704 2557 661 705 2558 157 703 2559 661 705 2560 155 706 2561 155 706 2562 661 705 2563 667 707 2564 155 706 2565 667 707 2566 151 708 2567 151 708 2568 667 707 2569 687 709 2570 151 708 2571 687 709 2572 693 710 2573 151 708 2574 693 710 2575 149 711 2576 149 711 2577 693 710 2578 701 712 2579 149 711 2580 701 712 2581 734 713 2582 149 711 2583 734 713 2584 146 714 2585 146 714 2586 734 713 2587 731 715 2588 146 714 2589 731 715 2590 143 716 2591 143 716 2592 731 715 2593 724 717 2594 143 716 2595 724 717 2596 141 718 2597 141 718 2598 724 717 2599 715 719 2600 141 718 2601 715 719 2602 138 720 2603 138 720 2604 715 719 2605 712 721 2606 229 722 2607 231 723 2608 276 724 2609 276 724 2610 231 723 2611 257 725 2612 276 724 2613 257 725 2614 305 726 2615 305 726 2616 257 725 2617 277 727 2618 305 726 2619 277 727 2620 309 728 2621 231 723 2622 229 722 2623 222 729 2624 222 729 2625 229 722 2626 225 730 2627 222 729 2628 225 730 2629 200 731 2630 200 731 2631 225 730 2632 202 732 2633 200 731 2634 202 732 2635 179 733 2636 179 733 2637 202 732 2638 196 734 2639 179 733 2640 196 734 2641 170 735 2642 170 735 2643 196 734 2644 175 736 2645 170 735 2646 175 736 2647 113 737 2648 113 737 2649 175 736 2650 171 738 2651 113 737 2652 171 738 2653 110 739 2654 110 739 2655 171 738 2656 166 740 2657 110 739 2658 166 740 2659 82 741 2660 82 741 2661 95 742 2662 110 739 2663 110 739 2664 95 742 2665 96 743 2666 110 739 2667 96 743 2668 113 737 2669 113 737 2670 96 743 2671 114 744 2672 113 737 2673 114 744 2674 170 735 2675 170 735 2676 114 744 2677 174 745 2678 170 735 2679 174 745 2680 179 733 2681 179 733 2682 174 745 2683 198 746 2684 179 733 2685 198 746 2686 200 731 2687 200 731 2688 198 746 2689 222 729 2690 198 746 2691 221 747 2692 222 729 2693 222 729 2694 221 747 2695 231 723 2696 221 747 2697 228 748 2698 231 723 2699 231 723 2700 228 748 2701 255 749 2702 231 723 2703 255 749 2704 257 725 2705 257 725 2706 255 749 2707 277 727 2708 309 728 2709 312 750 2710 305 726 2711 305 726 2712 312 750 2713 313 751 2714 305 726 2715 313 751 2716 306 752 2717 312 750 2718 317 753 2719 313 751 2720 313 751 2721 317 753 2722 318 754 2723 318 754 2724 317 753 2725 321 755 2726 318 754 2727 321 755 2728 324 756 2729 306 752 2730 276 724 2731 305 726 2732 78 757 2733 165 758 2734 64 759 2735 64 759 2736 165 758 2737 162 760 2738 64 759 2739 162 760 2740 53 761 2741 53 761 2742 162 760 2743 160 762 2744 53 761 2745 160 762 2746 44 763 2747 44 763 2748 160 762 2749 157 764 2750 44 763 2751 157 764 2752 42 765 2753 42 765 2754 157 764 2755 155 766 2756 42 765 2757 155 766 2758 39 767 2759 39 767 2760 155 766 2761 151 768 2762 39 767 2763 151 768 2764 33 769 2765 33 769 2766 151 768 2767 149 770 2768 33 769 2769 149 770 2770 22 771 2771 22 771 2772 149 770 2773 146 772 2774 22 771 2775 146 772 2776 13 773 2777 13 773 2778 146 772 2779 143 774 2780 13 773 2781 143 774 2782 8 775 2783 8 775 2784 143 774 2785 141 776 2786 8 775 2787 141 776 2788 5 777 2789 5 777 2790 141 776 2791 138 778 2792 138 778 2793 136 779 2794 5 777 2795 5 777 2796 136 779 2797 3 780 2798 3 780 2799 136 779 2800 134 781 2801 3 780 2802 134 781 2803 1 782 2804 1 782 2805 134 781 2806 132 783 2807 1 782 2808 132 783 2809 0 784 2810 0 784 2811 132 783 2812 133 785 2813 0 784 2814 133 785 2815 2 786 2816 2 786 2817 133 785 2818 135 787 2819 2 786 2820 135 787 2821 4 788 2822 4 788 2823 135 787 2824 137 789 2825 4 788 2826 137 789 2827 6 790 2828 6 790 2829 137 789 2830 139 791 2831 6 790 2832 139 791 2833 7 792 2834 7 792 2835 139 791 2836 140 793 2837 7 792 2838 140 793 2839 142 794 2840 7 792 2841 142 794 2842 9 795 2843 9 795 2844 142 794 2845 144 796 2846 9 795 2847 144 796 2848 14 797 2849 14 797 2850 144 796 2851 145 798 2852 14 797 2853 145 798 2854 19 799 2855 19 799 2856 145 798 2857 147 800 2858 19 799 2859 147 800 2860 25 801 2861 25 801 2862 147 800 2863 148 802 2864 25 801 2865 148 802 2866 30 803 2867 30 803 2868 148 802 2869 150 804 2870 30 803 2871 150 804 2872 37 805 2873 37 805 2874 150 804 2875 152 806 2876 37 805 2877 152 806 2878 38 807 2879 38 807 2880 152 806 2881 153 808 2882 38 807 2883 153 808 2884 40 809 2885 40 809 2886 153 808 2887 154 810 2888 167 811 2889 80 812 2890 164 813 2891 164 813 2892 80 812 2893 75 814 2894 164 813 2895 75 814 2896 163 815 2897 163 815 2898 75 814 2899 63 816 2900 163 815 2901 63 816 2902 161 817 2903 161 817 2904 63 816 2905 56 818 2906 161 817 2907 56 818 2908 159 819 2909 159 819 2910 56 818 2911 45 820 2912 159 819 2913 45 820 2914 158 821 2915 158 821 2916 45 820 2917 43 822 2918 158 821 2919 43 822 2920 156 823 2921 156 823 2922 43 822 2923 41 824 2924 156 823 2925 41 824 2926 154 810 2927 154 810 2928 41 824 2929 40 809 2930 166 740 2931 165 825 2932 112 826 2933 112 826 2934 165 825 2935 78 827 2936 112 826 2937 78 827 2938 82 741 2939 82 741 2940 166 740 2941 112 826 2942 254 828 2943 256 829 2944 273 830 2945 273 830 2946 256 829 2947 272 831 2948 273 830 2949 272 831 2950 304 832 2951 304 832 2952 272 831 2953 307 833 2954 304 832 2955 307 833 2956 310 834 2957 310 834 2958 307 833 2959 314 835 2960 310 834 2961 314 835 2962 315 836 2963 315 836 2964 314 835 2965 319 837 2966 315 836 2967 319 837 2968 316 838 2969 316 838 2970 319 837 2971 320 839 2972 320 839 2973 319 837 2974 322 840 2975 256 829 2976 254 828 2977 230 841 2978 230 841 2979 254 828 2980 226 842 2981 230 841 2982 226 842 2983 224 843 2984 224 843 2985 226 842 2986 201 844 2987 224 843 2988 201 844 2989 176 845 2990 224 843 2991 176 845 2992 197 846 2993 197 846 2994 176 845 2995 115 847 2996 197 846 2997 115 847 2998 177 848 2999 177 848 3000 115 847 3001 172 849 3002 177 848 3003 172 849 3004 178 850 3005 178 850 3006 172 849 3007 173 851 3008 173 851 3009 172 849 3010 131 852 3011 173 851 3012 131 852 3013 169 853 3014 169 853 3015 131 852 3016 116 854 3017 169 853 3018 116 854 3019 168 855 3020 168 855 3021 116 854 3022 81 856 3023 81 856 3024 116 854 3025 94 857 3026 94 857 3027 116 854 3028 131 852 3029 94 857 3030 131 852 3031 97 858 3032 97 858 3033 131 852 3034 172 849 3035 97 858 3036 172 849 3037 115 847 3038 178 850 3039 199 859 3040 177 848 3041 177 848 3042 199 859 3043 197 846 3044 199 859 3045 223 860 3046 197 846 3047 197 846 3048 223 860 3049 224 843 3050 223 860 3051 227 861 3052 224 843 3053 224 843 3054 227 861 3055 230 841 3056 230 841 3057 227 861 3058 256 829 3059 256 829 3060 227 861 3061 272 831 3062 316 838 3063 311 862 3064 315 836 3065 315 836 3066 311 862 3067 310 834 3068 311 862 3069 308 863 3070 310 834 3071 310 834 3072 308 863 3073 304 832 3074 308 863 3075 273 830 3076 304 832 3077 167 864 3078 168 855 3079 111 865 3080 111 865 3081 168 855 3082 81 856 3083 111 865 3084 81 856 3085 80 866 3086 80 867 3087 167 868 3088 111 869 3089 11 658 3090 1 658 3091 10 658 3092 10 870 3093 1 870 3094 0 870 3095 10 871 3096 0 871 3097 2 871 3098 15 872 3099 5 872 3100 11 872 3101 11 873 3102 5 873 3103 3 873 3104 11 874 3105 3 874 3106 1 874 3107 5 875 3108 15 875 3109 8 875 3110 8 876 3111 15 876 3112 17 876 3113 8 658 3114 17 658 3115 20 658 3116 8 658 3117 20 658 3118 13 658 3119 13 658 3120 20 658 3121 23 658 3122 13 877 3123 23 877 3124 26 877 3125 13 878 3126 26 878 3127 22 878 3128 22 879 3129 26 879 3130 28 879 3131 22 658 3132 28 658 3133 33 658 3134 33 658 3135 28 658 3136 31 658 3137 33 658 3138 31 658 3139 50 658 3140 50 658 3141 31 658 3142 45 658 3143 50 658 3144 45 658 3145 52 658 3146 52 658 3147 45 658 3148 56 658 3149 52 880 3150 56 880 3151 55 880 3152 55 658 3153 56 658 3154 63 658 3155 55 658 3156 63 658 3157 58 658 3158 58 658 3159 63 658 3160 60 658 3161 60 881 3162 63 881 3163 77 881 3164 60 882 3165 77 882 3166 74 882 3167 45 883 3168 31 883 3169 43 883 3170 43 884 3171 31 884 3172 34 884 3173 43 885 3174 34 885 3175 36 885 3176 43 886 3177 36 886 3178 41 886 3179 41 887 3180 36 887 3181 35 887 3182 41 658 3183 35 658 3184 40 658 3185 40 888 3186 35 888 3187 32 888 3188 40 889 3189 32 889 3190 38 889 3191 38 658 3192 32 658 3193 29 658 3194 38 658 3195 29 658 3196 37 658 3197 37 890 3198 29 890 3199 27 890 3200 37 891 3201 27 891 3202 30 891 3203 30 892 3204 27 892 3205 25 892 3206 25 658 3207 27 658 3208 24 658 3209 25 893 3210 24 893 3211 19 893 3212 19 658 3213 24 658 3214 21 658 3215 19 658 3216 21 658 3217 14 658 3218 14 658 3219 21 658 3220 18 658 3221 14 658 3222 18 658 3223 9 658 3224 9 658 3225 18 658 3226 7 658 3227 7 894 3228 18 894 3229 16 894 3230 7 895 3231 16 895 3232 6 895 3233 6 896 3234 16 896 3235 12 896 3236 6 658 3237 12 658 3238 4 658 3239 4 658 3240 12 658 3241 2 658 3242 2 897 3243 12 897 3244 10 897 3245 47 658 3246 42 658 3247 46 658 3248 46 658 3249 42 658 3250 39 658 3251 46 658 3252 39 658 3253 48 658 3254 48 658 3255 39 658 3256 33 658 3257 48 658 3258 33 658 3259 50 658 3260 47 658 3261 49 658 3262 42 658 3263 42 658 3264 49 658 3265 44 658 3266 44 898 3267 49 898 3268 51 898 3269 44 899 3270 51 899 3271 54 899 3272 44 900 3273 54 900 3274 53 900 3275 53 658 3276 54 658 3277 57 658 3278 53 901 3279 57 901 3280 59 901 3281 61 658 3282 71 658 3283 59 658 3284 59 902 3285 71 902 3286 73 902 3287 59 903 3288 73 903 3289 53 903 3290 53 658 3291 73 658 3292 64 658 3293 64 904 3294 73 904 3295 76 904 3296 64 905 3297 76 905 3298 78 905 3299 61 658 3300 65 658 3301 71 658 3302 71 906 3303 65 906 3304 70 906 3305 70 907 3306 65 907 3307 67 907 3308 70 908 3309 67 908 3310 69 908 3311 70 658 3312 69 658 3313 72 658 3314 72 909 3315 69 909 3316 68 909 3317 72 910 3318 68 910 3319 66 910 3320 72 658 3321 66 658 3322 74 658 3323 74 911 3324 66 911 3325 62 911 3326 74 912 3327 62 912 3328 60 912 3329 63 913 3330 75 913 3331 77 913 3332 77 658 3333 75 658 3334 79 658 3335 79 658 3336 75 658 3337 80 658 3338 309 914 3339 277 915 3340 303 916 3341 303 916 3342 277 915 3343 255 917 3344 303 916 3345 255 917 3346 274 918 3347 274 918 3348 255 917 3349 253 919 3350 274 920 3351 253 919 3352 270 921 3353 270 921 3354 253 919 3355 252 922 3356 270 921 3357 252 922 3358 250 923 3359 250 923 3360 252 922 3361 221 924 3362 250 923 3363 221 924 3364 220 925 3365 220 925 3366 221 924 3367 198 926 3368 220 925 3369 198 926 3370 219 927 3371 219 927 3372 198 926 3373 195 928 3374 219 927 3375 195 928 3376 217 929 3377 217 929 3378 195 928 3379 194 930 3380 217 929 3381 194 930 3382 215 931 3383 215 931 3384 194 930 3385 192 932 3386 215 931 3387 192 932 3388 213 933 3389 213 933 3390 192 932 3391 190 934 3392 213 933 3393 190 934 3394 211 935 3395 211 935 3396 190 934 3397 188 936 3398 211 935 3399 188 936 3400 209 937 3401 209 937 3402 188 936 3403 186 938 3404 209 937 3405 186 938 3406 207 939 3407 207 939 3408 186 938 3409 184 940 3410 207 939 3411 184 940 3412 205 941 3413 205 941 3414 184 940 3415 182 942 3416 205 941 3417 182 942 3418 203 943 3419 203 943 3420 182 942 3421 180 944 3422 203 943 3423 180 944 3424 204 945 3425 204 945 3426 180 944 3427 181 946 3428 204 945 3429 181 946 3430 206 947 3431 206 947 3432 181 946 3433 183 948 3434 206 947 3435 183 948 3436 208 949 3437 208 949 3438 183 948 3439 185 950 3440 208 949 3441 185 950 3442 210 951 3443 210 951 3444 185 950 3445 187 952 3446 210 951 3447 187 952 3448 212 953 3449 212 953 3450 187 952 3451 189 954 3452 212 953 3453 189 954 3454 214 955 3455 214 955 3456 189 954 3457 191 956 3458 214 955 3459 191 956 3460 216 957 3461 216 957 3462 191 956 3463 193 958 3464 216 957 3465 193 958 3466 218 959 3467 218 959 3468 193 958 3469 201 960 3470 218 959 3471 201 960 3472 226 961 3473 255 917 3474 228 962 3475 253 919 3476 253 919 3477 228 962 3478 252 922 3479 228 962 3480 221 924 3481 252 922 3482 198 926 3483 174 963 3484 195 928 3485 195 928 3486 174 963 3487 194 930 3488 174 963 3489 114 964 3490 194 930 3491 194 930 3492 114 964 3493 129 965 3494 194 930 3495 129 965 3496 192 932 3497 192 932 3498 129 965 3499 190 934 3500 114 964 3501 96 966 3502 129 965 3503 129 965 3504 96 966 3505 108 967 3506 129 965 3507 108 967 3508 127 968 3509 127 968 3510 108 967 3511 125 969 3512 127 968 3513 125 969 3514 188 936 3515 188 936 3516 125 969 3517 186 938 3518 96 966 3519 95 970 3520 108 967 3521 108 967 3522 95 970 3523 106 971 3524 108 967 3525 106 971 3526 125 969 3527 125 969 3528 106 971 3529 123 972 3530 125 969 3531 123 972 3532 186 938 3533 186 938 3534 123 972 3535 184 940 3536 106 971 3537 95 970 3538 91 973 3539 91 973 3540 95 970 3541 82 974 3542 91 973 3543 82 974 3544 78 975 3545 78 975 3546 76 976 3547 91 973 3548 91 973 3549 76 976 3550 89 977 3551 91 973 3552 89 977 3553 104 978 3554 104 978 3555 89 977 3556 102 979 3557 104 978 3558 102 979 3559 121 980 3560 121 980 3561 102 979 3562 119 981 3563 121 980 3564 119 981 3565 182 942 3566 182 942 3567 119 981 3568 180 944 3569 89 977 3570 76 976 3571 87 982 3572 87 982 3573 76 976 3574 73 983 3575 87 982 3576 73 983 3577 85 984 3578 85 984 3579 73 983 3580 71 985 3581 85 984 3582 71 985 3583 83 986 3584 83 986 3585 71 985 3586 70 987 3587 83 986 3588 70 987 3589 84 988 3590 84 988 3591 70 987 3592 72 989 3593 84 988 3594 72 989 3595 86 990 3596 86 990 3597 72 989 3598 74 991 3599 86 990 3600 74 991 3601 88 992 3602 88 992 3603 74 991 3604 77 993 3605 88 992 3606 77 993 3607 90 994 3608 90 994 3609 77 993 3610 79 995 3611 90 994 3612 79 995 3613 92 996 3614 92 996 3615 79 995 3616 81 997 3617 92 996 3618 81 997 3619 93 998 3620 93 998 3621 81 997 3622 94 999 3623 93 998 3624 94 999 3625 109 1000 3626 109 1000 3627 94 999 3628 97 1001 3629 109 1000 3630 97 1001 3631 115 1002 3632 79 995 3633 80 1003 3634 81 997 3635 109 1000 3636 115 1002 3637 130 1004 3638 130 1004 3639 115 1002 3640 176 1005 3641 130 1004 3642 176 1005 3643 193 958 3644 193 958 3645 176 1005 3646 201 960 3647 254 1006 3648 251 1007 3649 226 961 3650 226 961 3651 251 1007 3652 249 1008 3653 226 961 3654 249 1008 3655 218 959 3656 218 959 3657 249 1008 3658 247 1009 3659 218 959 3660 247 1009 3661 216 957 3662 216 957 3663 247 1009 3664 245 1010 3665 216 957 3666 245 1010 3667 214 955 3668 214 955 3669 245 1010 3670 243 1011 3671 214 955 3672 243 1011 3673 212 953 3674 212 953 3675 243 1011 3676 241 1012 3677 212 953 3678 241 1012 3679 210 951 3680 210 951 3681 241 1012 3682 239 1013 3683 210 951 3684 239 1013 3685 208 949 3686 208 949 3687 239 1013 3688 237 1014 3689 208 949 3690 237 1014 3691 206 947 3692 206 947 3693 237 1014 3694 235 1015 3695 206 947 3696 235 1015 3697 204 945 3698 204 945 3699 235 1015 3700 233 1016 3701 204 945 3702 233 1016 3703 203 943 3704 203 943 3705 233 1016 3706 232 1017 3707 203 943 3708 232 1017 3709 205 941 3710 205 941 3711 232 1017 3712 234 1018 3713 205 941 3714 234 1018 3715 207 939 3716 207 939 3717 234 1018 3718 236 1019 3719 207 939 3720 236 1019 3721 209 937 3722 209 937 3723 236 1019 3724 238 1020 3725 209 937 3726 238 1020 3727 211 935 3728 211 935 3729 238 1020 3730 240 1021 3731 211 935 3732 240 1021 3733 213 933 3734 213 933 3735 240 1021 3736 242 1022 3737 213 933 3738 242 1022 3739 215 931 3740 215 931 3741 242 1022 3742 244 1023 3743 215 931 3744 244 1023 3745 217 929 3746 217 929 3747 244 1023 3748 246 1024 3749 217 929 3750 246 1024 3751 219 927 3752 219 927 3753 246 1024 3754 248 1025 3755 219 927 3756 248 1025 3757 220 925 3758 220 925 3759 248 1025 3760 250 923 3761 251 1007 3762 254 1006 3763 271 1026 3764 271 1026 3765 254 1006 3766 273 1027 3767 271 1026 3768 273 1027 3769 302 1028 3770 302 1028 3771 273 1027 3772 308 1029 3773 251 1007 3774 271 1026 3775 249 1008 3776 249 1008 3777 271 1026 3778 269 1030 3779 249 1008 3780 269 1030 3781 247 1009 3782 247 1009 3783 269 1030 3784 267 1031 3785 247 1009 3786 267 1031 3787 245 1010 3788 245 1010 3789 267 1031 3790 243 1011 3791 267 1031 3792 265 1032 3793 243 1011 3794 243 1011 3795 265 1032 3796 241 1012 3797 265 1032 3798 263 1033 3799 241 1012 3800 241 1012 3801 263 1033 3802 239 1013 3803 239 1013 3804 263 1033 3805 237 1014 3806 237 1014 3807 263 1033 3808 261 1034 3809 237 1014 3810 261 1034 3811 235 1015 3812 235 1015 3813 261 1034 3814 259 1035 3815 235 1015 3816 259 1035 3817 233 1016 3818 233 1016 3819 259 1035 3820 232 1017 3821 259 1035 3822 258 1036 3823 232 1017 3824 232 1017 3825 258 1036 3826 234 1018 3827 258 1036 3828 260 1037 3829 234 1018 3830 234 1018 3831 260 1037 3832 236 1019 3833 236 1019 3834 260 1037 3835 238 1020 3836 238 1020 3837 260 1037 3838 262 1038 3839 238 1020 3840 262 1038 3841 240 1021 3842 240 1021 3843 262 1038 3844 264 1039 3845 240 1021 3846 264 1039 3847 242 1022 3848 242 1022 3849 264 1039 3850 244 1023 3851 264 1039 3852 266 1040 3853 244 1023 3854 244 1023 3855 266 1040 3856 246 1024 3857 246 1024 3858 266 1040 3859 248 1025 3860 248 1025 3861 266 1040 3862 268 1041 3863 248 1025 3864 268 1041 3865 250 923 3866 250 923 3867 268 1041 3868 270 921 3869 190 934 3870 129 965 3871 127 968 3872 188 936 3873 190 934 3874 127 968 3875 123 972 3876 106 971 3877 104 978 3878 104 978 3879 106 971 3880 91 973 3881 184 940 3882 123 972 3883 121 980 3884 121 980 3885 123 972 3886 104 978 3887 85 984 3888 100 1042 3889 87 982 3890 87 982 3891 100 1042 3892 102 979 3893 87 982 3894 102 979 3895 89 977 3896 102 979 3897 100 1042 3898 119 981 3899 119 981 3900 100 1042 3901 117 1043 3902 119 981 3903 117 1043 3904 180 944 3905 180 944 3906 117 1043 3907 181 946 3908 100 1042 3909 85 984 3910 98 1044 3911 98 1044 3912 85 984 3913 83 986 3914 98 1044 3915 83 986 3916 99 1045 3917 99 1045 3918 83 986 3919 84 988 3920 99 1045 3921 84 988 3922 101 1046 3923 101 1046 3924 84 988 3925 86 990 3926 101 1046 3927 86 990 3928 103 1047 3929 103 1047 3930 86 990 3931 88 992 3932 103 1047 3933 88 992 3934 105 1048 3935 105 1048 3936 88 992 3937 90 994 3938 105 1048 3939 90 994 3940 107 1049 3941 107 1049 3942 90 994 3943 92 996 3944 107 1049 3945 92 996 3946 109 1000 3947 109 1000 3948 92 996 3949 93 998 3950 184 940 3951 121 980 3952 182 942 3953 100 1042 3954 98 1044 3955 117 1043 3956 117 1043 3957 98 1044 3958 118 1050 3959 117 1043 3960 118 1050 3961 181 946 3962 181 946 3963 118 1050 3964 183 948 3965 118 1050 3966 98 1044 3967 99 1045 3968 118 1050 3969 99 1045 3970 120 1051 3971 120 1051 3972 99 1045 3973 101 1046 3974 120 1051 3975 101 1046 3976 122 1052 3977 122 1052 3978 101 1046 3979 103 1047 3980 122 1052 3981 103 1047 3982 124 1053 3983 124 1053 3984 103 1047 3985 105 1048 3986 124 1053 3987 105 1048 3988 126 1054 3989 126 1054 3990 105 1048 3991 107 1049 3992 126 1054 3993 107 1049 3994 128 1055 3995 128 1055 3996 107 1049 3997 109 1000 3998 128 1055 3999 109 1000 4000 130 1004 4001 185 950 4002 183 948 4003 120 1051 4004 120 1051 4005 183 948 4006 118 1050 4007 185 950 4008 120 1051 4009 122 1052 4010 187 952 4011 185 950 4012 122 1052 4013 187 952 4014 122 1052 4015 124 1053 4016 189 954 4017 187 952 4018 124 1053 4019 189 954 4020 124 1053 4021 126 1054 4022 191 956 4023 189 954 4024 126 1054 4025 191 956 4026 126 1054 4027 128 1055 4028 130 1004 4029 193 958 4030 128 1055 4031 128 1055 4032 193 958 4033 191 956 4034 712 1056 4035 867 1057 4036 710 1058 4037 710 1058 4038 867 1057 4039 865 1059 4040 710 1058 4041 865 1059 4042 708 1060 4043 708 1060 4044 865 1059 4045 863 1061 4046 708 1060 4047 863 1061 4048 707 1062 4049 707 1062 4050 863 1061 4051 862 1063 4052 707 1062 4053 862 1063 4054 709 1064 4055 709 1064 4056 862 1063 4057 864 1065 4058 709 1064 4059 864 1065 4060 711 1066 4061 711 1066 4062 864 1065 4063 866 1067 4064 711 1066 4065 866 1067 4066 713 1068 4067 713 1068 4068 866 1067 4069 870 1069 4070 713 1068 4071 870 1069 4072 714 1070 4073 714 1070 4074 870 1069 4075 874 1071 4076 714 1070 4077 874 1071 4078 716 1072 4079 716 1072 4080 874 1071 4081 880 1073 4082 716 1072 4083 880 1073 4084 723 1074 4085 723 1074 4086 880 1073 4087 884 1075 4088 723 1074 4089 884 1075 4090 728 1076 4091 728 1076 4092 884 1075 4093 887 1077 4094 728 1076 4095 887 1077 4096 733 1078 4097 733 1078 4098 887 1077 4099 893 1079 4100 733 1078 4101 893 1079 4102 738 1080 4103 738 1080 4104 893 1079 4105 896 1081 4106 738 1080 4107 896 1081 4108 742 1082 4109 742 1082 4110 896 1081 4111 899 1083 4112 742 1082 4113 899 1083 4114 744 1084 4115 744 1084 4116 899 1083 4117 901 1085 4118 744 1084 4119 901 1085 4120 747 1086 4121 747 1086 4122 901 1085 4123 905 1087 4124 747 1086 4125 905 1087 4126 748 1088 4127 731 1089 4128 890 1090 4129 724 1091 4130 724 1091 4131 890 1090 4132 883 1092 4133 724 1091 4134 883 1092 4135 715 1093 4136 715 1093 4137 883 1092 4138 877 1094 4139 715 1093 4140 877 1094 4141 712 1056 4142 712 1056 4143 877 1094 4144 867 1057 4145 466 1095 4146 468 1096 4147 528 1097 4148 528 1098 4149 468 1099 4150 537 1100 4151 537 1100 4152 468 1099 4153 470 1101 4154 537 1100 4155 470 1101 4156 545 1102 4157 545 1102 4158 470 1101 4159 473 1103 4160 545 1102 4161 473 1103 4162 552 1104 4163 471 1105 4164 546 1106 4165 472 1107 4166 472 1107 4167 546 1106 4168 551 1108 4169 472 1107 4170 551 1108 4171 474 1109 4172 474 1109 4173 551 1108 4174 555 1110 4175 474 1109 4176 555 1110 4177 476 1111 4178 476 1111 4179 555 1110 4180 559 1112 4181 476 1111 4182 559 1112 4183 478 1113 4184 478 1113 4185 559 1112 4186 563 1114 4187 478 1113 4188 563 1114 4189 480 1115 4190 480 1115 4191 563 1114 4192 569 1116 4193 480 1115 4194 569 1116 4195 482 1117 4196 482 1117 4197 569 1116 4198 575 1118 4199 482 1117 4200 575 1118 4201 484 1119 4202 484 1119 4203 575 1118 4204 579 1120 4205 484 1119 4206 579 1120 4207 486 1121 4208 486 1121 4209 579 1120 4210 581 1122 4211 486 1121 4212 581 1122 4213 488 1123 4214 488 1123 4215 581 1122 4216 583 1124 4217 488 1123 4218 583 1124 4219 490 1125 4220 490 1125 4221 583 1124 4222 585 1126 4223 490 1125 4224 585 1126 4225 492 1127 4226 492 1127 4227 585 1126 4228 493 1128 4229 493 1128 4230 585 1126 4231 586 1129 4232 493 1128 4233 586 1129 4234 491 1130 4235 491 1130 4236 586 1129 4237 584 1131 4238 491 1130 4239 584 1131 4240 489 1132 4241 489 1132 4242 584 1131 4243 582 1133 4244 489 1132 4245 582 1133 4246 487 1134 4247 487 1134 4248 582 1133 4249 580 1135 4250 487 1134 4251 580 1135 4252 485 1136 4253 485 1136 4254 580 1135 4255 578 1137 4256 485 1136 4257 578 1137 4258 483 1138 4259 483 1138 4260 578 1137 4261 572 1139 4262 483 1138 4263 572 1139 4264 481 1140 4265 481 1140 4266 572 1139 4267 566 1141 4268 481 1140 4269 566 1141 4270 479 1142 4271 479 1142 4272 566 1141 4273 562 1143 4274 479 1142 4275 562 1143 4276 477 1144 4277 477 1144 4278 562 1143 4279 556 1145 4280 477 1144 4281 556 1145 4282 475 1146 4283 475 1146 4284 556 1145 4285 552 1104 4286 475 1146 4287 552 1104 4288 473 1103 4289 465 1147 4290 527 1148 4291 467 1149 4292 467 1149 4293 527 1148 4294 532 1150 4295 467 1149 4296 532 1150 4297 469 1151 4298 469 1151 4299 532 1150 4300 540 1152 4301 469 1151 4302 540 1152 4303 471 1105 4304 471 1105 4305 540 1152 4306 546 1106 4307 602 1153 4308 527 1154 4309 500 1155 4310 500 1155 4311 527 1154 4312 465 1156 4313 500 1155 4314 465 1156 4315 494 1157 4316 500 1155 4317 494 1157 4318 513 1158 4319 513 1158 4320 494 1157 4321 497 1159 4322 513 1158 4323 497 1159 4324 499 1160 4325 513 1158 4326 499 1160 4327 604 1161 4328 604 1161 4329 499 1160 4330 510 1162 4331 604 1161 4332 510 1162 4333 624 1163 4334 624 1163 4335 510 1162 4336 587 1164 4337 624 1163 4338 587 1164 4339 600 1165 4340 624 1163 4341 600 1165 4342 656 1166 4343 656 1166 4344 600 1165 4345 613 1167 4346 656 1166 4347 613 1167 4348 685 1168 4349 685 1168 4350 613 1167 4351 623 1169 4352 685 1168 4353 623 1169 4354 754 1170 4355 754 1170 4356 623 1169 4357 639 1171 4358 754 1170 4359 639 1171 4360 772 1172 4361 772 1172 4362 639 1171 4363 655 1173 4364 772 1172 4365 655 1173 4366 662 1174 4367 772 1172 4368 662 1174 4369 777 1175 4370 777 1175 4371 662 1174 4372 669 1176 4373 777 1175 4374 669 1176 4375 781 1177 4376 781 1177 4377 669 1176 4378 688 1178 4379 781 1177 4380 688 1178 4381 692 1179 4382 781 1177 4383 692 1179 4384 785 1180 4385 785 1180 4386 692 1179 4387 698 1181 4388 785 1180 4389 698 1181 4390 750 1182 4391 750 1182 4392 907 1183 4393 785 1180 4394 785 1180 4395 907 1183 4396 858 1184 4397 785 1180 4398 858 1184 4399 850 1185 4400 785 1180 4401 850 1185 4402 781 1177 4403 781 1177 4404 850 1185 4405 847 1186 4406 781 1177 4407 847 1186 4408 831 1187 4409 781 1177 4410 831 1187 4411 777 1175 4412 777 1175 4413 831 1187 4414 829 1188 4415 777 1175 4416 829 1188 4417 772 1172 4418 772 1172 4419 829 1188 4420 823 1189 4421 772 1172 4422 823 1189 4423 816 1190 4424 772 1172 4425 816 1190 4426 754 1170 4427 754 1170 4428 816 1190 4429 784 1191 4430 754 1170 4431 784 1191 4432 685 1168 4433 685 1168 4434 784 1191 4435 776 1192 4436 685 1168 4437 776 1192 4438 656 1166 4439 656 1166 4440 776 1192 4441 764 1193 4442 656 1166 4443 764 1193 4444 624 1163 4445 624 1163 4446 764 1193 4447 702 1194 4448 624 1163 4449 702 1194 4450 664 1195 4451 624 1163 4452 664 1195 4453 604 1161 4454 604 1161 4455 664 1195 4456 643 1196 4457 604 1161 4458 643 1196 4459 513 1158 4460 513 1158 4461 643 1196 4462 617 1197 4463 513 1158 4464 617 1197 4465 602 1153 4466 513 1158 4467 602 1153 4468 500 1155 4469 466 1198 4470 528 1199 4471 495 1200 4472 495 1200 4473 528 1199 4474 508 1201 4475 495 1200 4476 508 1201 4477 496 1202 4478 496 1202 4479 508 1201 4480 589 1203 4481 496 1202 4482 589 1203 4483 498 1204 4484 498 1204 4485 589 1203 4486 506 1205 4487 506 1205 4488 589 1203 4489 612 1206 4490 506 1205 4491 612 1206 4492 514 1207 4493 514 1207 4494 612 1206 4495 637 1208 4496 514 1207 4497 637 1208 4498 594 1209 4499 594 1209 4500 637 1208 4501 608 1210 4502 608 1210 4503 637 1208 4504 658 1211 4505 608 1210 4506 658 1211 4507 620 1212 4508 620 1212 4509 658 1211 4510 691 1213 4511 620 1212 4512 691 1213 4513 633 1214 4514 633 1214 4515 691 1213 4516 761 1215 4517 633 1214 4518 761 1215 4519 650 1216 4520 650 1216 4521 761 1215 4522 661 1217 4523 661 1217 4524 761 1215 4525 775 1218 4526 661 1217 4527 775 1218 4528 667 1219 4529 667 1219 4530 775 1218 4531 782 1220 4532 667 1219 4533 782 1220 4534 687 1221 4535 687 1221 4536 782 1220 4537 693 1222 4538 693 1222 4539 782 1220 4540 792 1223 4541 693 1222 4542 792 1223 4543 701 1224 4544 701 1224 4545 792 1223 4546 734 1225 4547 734 1225 4548 792 1223 4549 859 1226 4550 859 1226 4551 792 1223 4552 853 1227 4553 853 1227 4554 792 1223 4555 848 1228 4556 848 1228 4557 792 1223 4558 782 1220 4559 848 1228 4560 782 1220 4561 846 1229 4562 846 1229 4563 782 1220 4564 830 1230 4565 830 1230 4566 782 1220 4567 775 1218 4568 830 1230 4569 775 1218 4570 828 1231 4571 828 1231 4572 775 1218 4573 761 1215 4574 828 1231 4575 761 1215 4576 818 1232 4577 818 1232 4578 761 1215 4579 812 1233 4580 812 1233 4581 761 1215 4582 691 1213 4583 812 1233 4584 691 1213 4585 779 1234 4586 779 1234 4587 691 1213 4588 658 1211 4589 779 1234 4590 658 1211 4591 771 1235 4592 771 1235 4593 658 1211 4594 637 1208 4595 771 1235 4596 637 1208 4597 752 1236 4598 752 1236 4599 637 1208 4600 680 1237 4601 680 1237 4602 637 1208 4603 612 1206 4604 680 1237 4605 612 1206 4606 654 1238 4607 654 1238 4608 612 1206 4609 589 1203 4610 654 1238 4611 589 1203 4612 628 1239 4613 628 1239 4614 589 1203 4615 614 1240 4616 614 1240 4617 589 1203 4618 508 1201 4619 614 1240 4620 508 1201 4621 597 1241 4622 597 1241 4623 508 1201 4624 528 1199 4625 750 1242 4626 749 1243 4627 811 1244 4628 811 1245 4629 749 1245 4630 906 1245 4631 811 1246 4632 906 1247 4633 907 1248 4634 907 1183 4635 750 1182 4636 811 1249 4637 906 1250 4638 749 1251 4639 905 1252 4640 905 1087 4641 749 1253 4642 748 1088 4643 731 1089 4644 734 1225 4645 809 1254 4646 809 1254 4647 734 1225 4648 859 1226 4649 809 1254 4650 859 1226 4651 890 1090 4652 890 1090 4653 731 1089 4654 809 1254 4655 322 1255 4656 319 1256 4657 471 1257 4658 471 1257 4659 319 1256 4660 469 1258 4661 469 1258 4662 319 1256 4663 314 1259 4664 469 1258 4665 314 1259 4666 307 1260 4667 307 1260 4668 272 1261 4669 469 1258 4670 469 1258 4671 272 1261 4672 467 1262 4673 467 1262 4674 272 1261 4675 227 1263 4676 467 1262 4677 227 1263 4678 465 1264 4679 465 1264 4680 227 1263 4681 223 1265 4682 465 1264 4683 223 1265 4684 199 1266 4685 465 1264 4686 199 1266 4687 494 1267 4688 494 1267 4689 199 1266 4690 178 1268 4691 494 1267 4692 178 1268 4693 497 1269 4694 497 1269 4695 178 1268 4696 173 1270 4697 497 1269 4698 173 1270 4699 499 1271 4700 499 1271 4701 173 1270 4702 169 1272 4703 499 1271 4704 169 1272 4705 510 1273 4706 510 1273 4707 169 1272 4708 168 1274 4709 510 1273 4710 168 1274 4711 167 1275 4712 510 1273 4713 167 1275 4714 587 1276 4715 587 1276 4716 167 1275 4717 164 1277 4718 587 1276 4719 164 1277 4720 600 1278 4721 600 1278 4722 164 1277 4723 613 1279 4724 613 1279 4725 164 1277 4726 163 1280 4727 613 1279 4728 163 1280 4729 623 1281 4730 623 1281 4731 163 1280 4732 161 1282 4733 623 1281 4734 161 1282 4735 639 1283 4736 639 1283 4737 161 1282 4738 655 1284 4739 655 1284 4740 161 1282 4741 159 1285 4742 655 1284 4743 159 1285 4744 662 1286 4745 662 1286 4746 159 1285 4747 669 1287 4748 669 1287 4749 159 1285 4750 158 1288 4751 669 1287 4752 158 1288 4753 688 1289 4754 688 1289 4755 158 1288 4756 692 1290 4757 692 1290 4758 158 1288 4759 156 1291 4760 692 1290 4761 156 1291 4762 698 1292 4763 698 1292 4764 156 1291 4765 154 1293 4766 698 1292 4767 154 1293 4768 750 1294 4769 750 1295 4770 154 1296 4771 749 1297 4772 473 690 4773 324 691 4774 475 1298 4775 475 1298 4776 324 691 4777 326 1299 4778 475 1298 4779 326 1299 4780 328 1300 4781 475 1298 4782 328 1300 4783 477 1301 4784 477 1301 4785 328 1300 4786 330 1302 4787 477 1301 4788 330 1302 4789 479 1303 4790 479 1303 4791 330 1302 4792 332 1304 4793 479 1303 4794 332 1304 4795 481 1305 4796 481 1305 4797 332 1304 4798 334 1306 4799 481 1305 4800 334 1306 4801 483 1307 4802 483 1307 4803 334 1306 4804 336 1308 4805 483 1307 4806 336 1308 4807 485 1309 4808 485 1309 4809 336 1308 4810 338 1310 4811 485 1309 4812 338 1310 4813 487 1311 4814 487 1311 4815 338 1310 4816 340 1312 4817 487 1311 4818 340 1312 4819 489 1313 4820 489 1313 4821 340 1312 4822 342 1314 4823 489 1313 4824 342 1314 4825 491 1315 4826 491 1315 4827 342 1314 4828 344 1316 4829 491 1315 4830 344 1316 4831 493 1317 4832 493 1317 4833 344 1316 4834 343 1318 4835 493 1317 4836 343 1318 4837 492 1319 4838 492 1319 4839 343 1318 4840 341 1320 4841 492 1319 4842 341 1320 4843 490 1321 4844 490 1321 4845 341 1320 4846 339 1322 4847 490 1321 4848 339 1322 4849 488 1323 4850 488 1323 4851 339 1322 4852 337 1324 4853 488 1323 4854 337 1324 4855 486 1325 4856 486 1325 4857 337 1324 4858 335 1326 4859 486 1325 4860 335 1326 4861 484 1327 4862 484 1327 4863 335 1326 4864 333 1328 4865 484 1327 4866 333 1328 4867 482 1329 4868 482 1329 4869 333 1328 4870 331 1330 4871 482 1329 4872 331 1330 4873 480 1331 4874 480 1331 4875 331 1330 4876 329 1332 4877 480 1331 4878 329 1332 4879 478 1333 4880 478 1333 4881 329 1332 4882 327 1334 4883 478 1333 4884 327 1334 4885 476 1335 4886 476 1335 4887 327 1334 4888 325 1336 4889 476 1335 4890 325 1336 4891 474 1337 4892 474 1337 4893 325 1336 4894 323 1338 4895 474 1337 4896 323 1338 4897 472 1339 4898 472 1339 4899 323 1338 4900 471 1257 4901 471 1257 4902 323 1338 4903 322 1255 4904 462 412 4905 464 412 4906 455 412 4907 455 1340 4908 464 1340 4909 463 1340 4910 455 412 4911 463 412 4912 454 412 4913 454 1341 4914 463 1341 4915 461 1341 4916 454 412 4917 461 412 4918 452 412 4919 452 1342 4920 461 1342 4921 459 1342 4922 452 412 4923 459 412 4924 448 412 4925 448 412 4926 459 412 4927 457 412 4928 448 412 4929 457 412 4930 450 412 4931 448 412 4932 450 412 4933 446 412 4934 446 412 4935 450 412 4936 444 412 4937 446 1343 4938 444 1343 4939 442 1343 4940 442 1344 4941 444 1344 4942 440 1344 4943 442 1345 4944 440 1345 4945 438 1345 4946 438 412 4947 440 412 4948 434 412 4949 438 1346 4950 434 1346 4951 436 1346 4952 436 412 4953 434 412 4954 427 412 4955 436 412 4956 427 412 4957 425 412 4958 436 412 4959 425 412 4960 432 412 4961 432 1347 4962 425 1347 4963 423 1347 4964 432 412 4965 423 412 4966 430 412 4967 430 1348 4968 423 1348 4969 421 1348 4970 430 412 4971 421 412 4972 428 412 4973 428 1349 4974 421 1349 4975 419 1349 4976 428 1350 4977 419 1350 4978 420 1350 4979 428 412 4980 420 412 4981 429 412 4982 429 1351 4983 420 1351 4984 422 1351 4985 429 412 4986 422 412 4987 431 412 4988 431 1352 4989 422 1352 4990 424 1352 4991 431 412 4992 424 412 4993 435 412 4994 435 412 4995 424 412 4996 426 412 4997 435 412 4998 426 412 4999 433 412 5000 435 1353 5001 433 1353 5002 437 1353 5003 437 412 5004 433 412 5005 439 412 5006 437 412 5007 439 412 5008 441 412 5009 441 1354 5010 439 1354 5011 443 1354 5012 441 1355 5013 443 1355 5014 445 1355 5015 445 412 5016 443 412 5017 449 412 5018 445 1356 5019 449 1356 5020 447 1356 5021 447 412 5022 449 412 5023 456 412 5024 447 412 5025 456 412 5026 458 412 5027 447 412 5028 458 412 5029 451 412 5030 451 1357 5031 458 1357 5032 460 1357 5033 451 412 5034 460 412 5035 453 412 5036 453 1358 5037 460 1358 5038 462 1358 5039 453 412 5040 462 412 5041 455 412 5042 48 1359 5043 430 1360 5044 46 1361 5045 46 1361 5046 430 1360 5047 428 1362 5048 46 1361 5049 428 1362 5050 47 1363 5051 47 1363 5052 428 1362 5053 429 1364 5054 47 1363 5055 429 1364 5056 431 1365 5057 48 1359 5058 50 1366 5059 430 1360 5060 430 1360 5061 50 1366 5062 432 1367 5063 432 1367 5064 50 1366 5065 52 1368 5066 432 1367 5067 52 1368 5068 436 1369 5069 436 1369 5070 52 1368 5071 55 1370 5072 436 1369 5073 55 1370 5074 438 1371 5075 438 1371 5076 55 1370 5077 58 1372 5078 438 1371 5079 58 1372 5080 442 1373 5081 442 1373 5082 58 1372 5083 60 1374 5084 442 1373 5085 60 1374 5086 446 1375 5087 446 1375 5088 60 1374 5089 62 1376 5090 446 1375 5091 62 1376 5092 448 1377 5093 448 1377 5094 62 1376 5095 66 1378 5096 448 1377 5097 66 1378 5098 452 1379 5099 452 1379 5100 66 1378 5101 68 1380 5102 452 1379 5103 68 1380 5104 454 1381 5105 454 1381 5106 68 1380 5107 69 1382 5108 454 1381 5109 69 1382 5110 455 1383 5111 455 1383 5112 69 1382 5113 67 1384 5114 455 1383 5115 67 1384 5116 453 1385 5117 453 1385 5118 67 1384 5119 65 1386 5120 453 1385 5121 65 1386 5122 451 1387 5123 451 1387 5124 65 1386 5125 61 1388 5126 451 1387 5127 61 1388 5128 447 1389 5129 447 1389 5130 61 1388 5131 59 1390 5132 447 1389 5133 59 1390 5134 445 1391 5135 445 1391 5136 59 1390 5137 57 1392 5138 445 1391 5139 57 1392 5140 441 1393 5141 441 1393 5142 57 1392 5143 54 1394 5144 441 1393 5145 54 1394 5146 437 1395 5147 437 1395 5148 54 1394 5149 51 1396 5150 437 1395 5151 51 1396 5152 435 1397 5153 435 1397 5154 51 1396 5155 49 1398 5156 435 1397 5157 49 1398 5158 431 1365 5159 431 1365 5160 49 1398 5161 47 1363 5162 416 412 5163 418 412 5164 409 412 5165 409 1399 5166 418 1399 5167 417 1399 5168 409 412 5169 417 412 5170 408 412 5171 408 412 5172 417 412 5173 415 412 5174 408 412 5175 415 412 5176 406 412 5177 406 1400 5178 415 1400 5179 413 1400 5180 406 412 5181 413 412 5182 402 412 5183 402 412 5184 413 412 5185 411 412 5186 402 412 5187 411 412 5188 404 412 5189 402 412 5190 404 412 5191 400 412 5192 400 412 5193 404 412 5194 398 412 5195 400 412 5196 398 412 5197 396 412 5198 396 412 5199 398 412 5200 394 412 5201 396 1401 5202 394 1401 5203 392 1401 5204 392 412 5205 394 412 5206 388 412 5207 392 1402 5208 388 1402 5209 390 1402 5210 390 412 5211 388 412 5212 381 412 5213 390 1403 5214 381 1403 5215 379 1403 5216 390 1404 5217 379 1404 5218 386 1404 5219 386 1405 5220 379 1405 5221 377 1405 5222 386 412 5223 377 412 5224 384 412 5225 384 1406 5226 377 1406 5227 375 1406 5228 384 412 5229 375 412 5230 382 412 5231 382 1407 5232 375 1407 5233 373 1407 5234 382 1408 5235 373 1408 5236 374 1408 5237 382 412 5238 374 412 5239 383 412 5240 383 1409 5241 374 1409 5242 376 1409 5243 383 1410 5244 376 1410 5245 385 1410 5246 385 1411 5247 376 1411 5248 378 1411 5249 385 412 5250 378 412 5251 389 412 5252 389 1412 5253 378 1412 5254 380 1412 5255 389 412 5256 380 412 5257 387 412 5258 389 412 5259 387 412 5260 391 412 5261 391 412 5262 387 412 5263 393 412 5264 391 1413 5265 393 1413 5266 395 1413 5267 395 412 5268 393 412 5269 397 412 5270 395 1414 5271 397 1414 5272 399 1414 5273 399 412 5274 397 412 5275 403 412 5276 399 1356 5277 403 1356 5278 401 1356 5279 401 412 5280 403 412 5281 410 412 5282 401 412 5283 410 412 5284 412 412 5285 401 412 5286 412 412 5287 405 412 5288 405 1415 5289 412 1415 5290 414 1415 5291 405 412 5292 414 412 5293 407 412 5294 407 412 5295 414 412 5296 416 412 5297 407 412 5298 416 412 5299 409 412 5300 12 1416 5301 384 1417 5302 10 1418 5303 10 1418 5304 384 1417 5305 382 1419 5306 10 1418 5307 382 1419 5308 11 1420 5309 11 1420 5310 382 1419 5311 383 1420 5312 11 1420 5313 383 1420 5314 385 1421 5315 12 1416 5316 16 1422 5317 384 1417 5318 384 1417 5319 16 1422 5320 386 1423 5321 386 1423 5322 16 1422 5323 18 1424 5324 386 1423 5325 18 1424 5326 390 1425 5327 390 1425 5328 18 1424 5329 21 1426 5330 390 1425 5331 21 1426 5332 392 1427 5333 392 1427 5334 21 1426 5335 24 1428 5336 392 1427 5337 24 1428 5338 396 1429 5339 396 1429 5340 24 1428 5341 27 1430 5342 396 1429 5343 27 1430 5344 400 1431 5345 400 1431 5346 27 1430 5347 29 1432 5348 400 1431 5349 29 1432 5350 402 1433 5351 402 1433 5352 29 1432 5353 32 1434 5354 402 1433 5355 32 1434 5356 406 1435 5357 406 1435 5358 32 1434 5359 35 1436 5360 406 1435 5361 35 1436 5362 408 1437 5363 408 1437 5364 35 1436 5365 36 1438 5366 408 1437 5367 36 1438 5368 409 1439 5369 409 1439 5370 36 1438 5371 34 1440 5372 409 1439 5373 34 1440 5374 407 1441 5375 407 1441 5376 34 1440 5377 31 1442 5378 407 1441 5379 31 1442 5380 405 1443 5381 405 1443 5382 31 1442 5383 28 1444 5384 405 1443 5385 28 1444 5386 401 1445 5387 401 1445 5388 28 1444 5389 26 1446 5390 401 1445 5391 26 1446 5392 399 1447 5393 399 1447 5394 26 1446 5395 23 1448 5396 399 1447 5397 23 1448 5398 395 1449 5399 395 1449 5400 23 1448 5401 20 1450 5402 395 1449 5403 20 1450 5404 391 1451 5405 391 1451 5406 20 1450 5407 17 1452 5408 391 1451 5409 17 1452 5410 389 1453 5411 389 1453 5412 17 1452 5413 15 1454 5414 389 1453 5415 15 1454 5416 385 1421 5417 385 1421 5418 15 1454 5419 11 1420 5420 346 412 5421 370 412 5422 345 412 5423 345 1455 5424 370 1455 5425 372 1455 5426 345 412 5427 372 412 5428 347 412 5429 347 1456 5430 372 1456 5431 371 1456 5432 347 412 5433 371 412 5434 349 412 5435 349 1457 5436 371 1457 5437 369 1457 5438 349 1458 5439 369 1458 5440 351 1458 5441 351 1459 5442 369 1459 5443 367 1459 5444 351 412 5445 367 412 5446 353 412 5447 353 412 5448 367 412 5449 365 412 5450 353 1460 5451 365 1460 5452 355 1460 5453 355 412 5454 365 412 5455 363 412 5456 355 412 5457 363 412 5458 357 412 5459 357 1461 5460 363 1461 5461 361 1461 5462 357 1462 5463 361 1462 5464 359 1462 5465 370 412 5466 346 412 5467 368 412 5468 368 1463 5469 346 1463 5470 348 1463 5471 368 1464 5472 348 1464 5473 366 1464 5474 366 1465 5475 348 1465 5476 350 1465 5477 366 412 5478 350 412 5479 364 412 5480 364 1466 5481 350 1466 5482 352 1466 5483 364 412 5484 352 412 5485 362 412 5486 362 1467 5487 352 1467 5488 354 1467 5489 362 412 5490 354 412 5491 360 412 5492 360 1468 5493 354 1468 5494 356 1468 5495 360 1469 5496 356 1469 5497 358 1469 5498 938 1470 5499 531 1471 5500 936 1472 5501 936 1472 5502 531 1471 5503 529 1473 5504 936 1472 5505 529 1473 5506 937 1474 5507 937 1474 5508 529 1473 5509 530 1475 5510 937 1474 5511 530 1475 5512 939 1476 5513 939 1476 5514 530 1475 5515 533 1477 5516 939 1476 5517 533 1477 5518 944 1478 5519 944 1478 5520 533 1477 5521 535 1479 5522 944 1478 5523 535 1479 5524 948 1480 5525 948 1480 5526 535 1479 5527 538 1481 5528 948 1480 5529 538 1481 5530 954 1482 5531 954 1482 5532 538 1481 5533 541 1483 5534 954 1482 5535 541 1483 5536 958 1484 5537 958 1484 5538 541 1483 5539 543 1485 5540 958 1484 5541 543 1485 5542 962 1486 5543 962 1486 5544 543 1485 5545 547 1487 5546 962 1486 5547 547 1487 5548 966 1488 5549 966 1488 5550 547 1487 5551 549 1489 5552 966 1488 5553 549 1489 5554 970 1490 5555 970 1490 5556 549 1489 5557 553 1491 5558 970 1490 5559 553 1491 5560 974 1492 5561 974 1492 5562 553 1491 5563 557 1493 5564 974 1492 5565 557 1493 5566 978 1494 5567 978 1494 5568 557 1493 5569 560 1495 5570 978 1494 5571 560 1495 5572 984 1496 5573 984 1496 5574 560 1495 5575 564 1497 5576 984 1496 5577 564 1497 5578 988 1498 5579 988 1498 5580 564 1497 5581 567 1499 5582 988 1498 5583 567 1499 5584 994 1500 5585 994 1500 5586 567 1499 5587 570 1501 5588 994 1500 5589 570 1501 5590 996 1502 5591 996 1502 5592 570 1501 5593 573 1503 5594 996 1502 5595 573 1503 5596 998 1504 5597 998 1504 5598 573 1503 5599 576 1505 5600 998 1504 5601 576 1505 5602 999 1506 5603 999 1506 5604 576 1505 5605 577 1507 5606 999 1506 5607 577 1507 5608 997 1508 5609 997 1508 5610 577 1507 5611 574 1509 5612 997 1508 5613 574 1509 5614 995 1510 5615 995 1510 5616 574 1509 5617 571 1511 5618 995 1510 5619 571 1511 5620 989 1512 5621 989 1512 5622 571 1511 5623 568 1513 5624 989 1512 5625 568 1513 5626 985 1514 5627 985 1514 5628 568 1513 5629 565 1515 5630 985 1514 5631 565 1515 5632 979 1516 5633 979 1516 5634 565 1515 5635 561 1517 5636 979 1516 5637 561 1517 5638 975 1518 5639 975 1518 5640 561 1517 5641 558 1519 5642 975 1518 5643 558 1519 5644 971 1520 5645 971 1520 5646 558 1519 5647 554 1521 5648 971 1520 5649 554 1521 5650 967 1522 5651 967 1522 5652 554 1521 5653 550 1523 5654 967 1522 5655 550 1523 5656 963 1524 5657 963 1524 5658 550 1523 5659 548 1525 5660 963 1524 5661 548 1525 5662 959 1526 5663 959 1526 5664 548 1525 5665 544 1527 5666 959 1526 5667 544 1527 5668 955 1528 5669 955 1528 5670 544 1527 5671 542 1529 5672 955 1528 5673 542 1529 5674 949 1530 5675 949 1530 5676 542 1529 5677 539 1531 5678 949 1530 5679 539 1531 5680 945 1532 5681 945 1532 5682 539 1531 5683 536 1533 5684 945 1532 5685 536 1533 5686 940 1534 5687 940 1534 5688 536 1533 5689 534 1535 5690 940 1534 5691 534 1535 5692 938 1470 5693 938 1470 5694 534 1535 5695 531 1471 5696 540 412 5697 548 412 5698 546 412 5699 546 1536 5700 548 1536 5701 550 1536 5702 546 1537 5703 550 1537 5704 551 1537 5705 551 1538 5706 550 1538 5707 554 1538 5708 551 1539 5709 554 1539 5710 555 1539 5711 555 1540 5712 554 1540 5713 559 1540 5714 559 1541 5715 554 1541 5716 558 1541 5717 559 412 5718 558 412 5719 563 412 5720 563 1542 5721 558 1542 5722 561 1542 5723 563 412 5724 561 412 5725 569 412 5726 569 412 5727 561 412 5728 565 412 5729 569 412 5730 565 412 5731 575 412 5732 575 1543 5733 565 1543 5734 568 1543 5735 575 412 5736 568 412 5737 579 412 5738 579 1544 5739 568 1544 5740 581 1544 5741 581 1545 5742 568 1545 5743 571 1545 5744 581 412 5745 571 412 5746 583 412 5747 583 1546 5748 571 1546 5749 574 1546 5750 583 412 5751 574 412 5752 585 412 5753 585 412 5754 574 412 5755 577 412 5756 585 412 5757 577 412 5758 586 412 5759 586 412 5760 577 412 5761 576 412 5762 586 1547 5763 576 1547 5764 584 1547 5765 584 412 5766 576 412 5767 573 412 5768 584 412 5769 573 412 5770 582 412 5771 582 1548 5772 573 1548 5773 570 1548 5774 582 412 5775 570 412 5776 580 412 5777 580 1549 5778 570 1549 5779 567 1549 5780 580 412 5781 567 412 5782 578 412 5783 578 412 5784 567 412 5785 564 412 5786 578 1550 5787 564 1550 5788 572 1550 5789 572 1551 5790 564 1551 5791 560 1551 5792 572 1552 5793 560 1552 5794 566 1552 5795 566 1553 5796 560 1553 5797 562 1553 5798 562 412 5799 560 412 5800 557 412 5801 562 1554 5802 557 1554 5803 556 1554 5804 556 412 5805 557 412 5806 553 412 5807 556 1555 5808 553 1555 5809 552 1555 5810 552 1556 5811 553 1556 5812 549 1556 5813 552 1557 5814 549 1557 5815 545 1557 5816 545 412 5817 549 412 5818 547 412 5819 545 1558 5820 547 1558 5821 543 1558 5822 532 1559 5823 542 1559 5824 540 1559 5825 540 412 5826 542 412 5827 544 412 5828 540 1560 5829 544 1560 5830 548 1560 5831 527 412 5832 525 412 5833 532 412 5834 532 1561 5835 525 1561 5836 539 1561 5837 532 1562 5838 539 1562 5839 542 1562 5840 539 412 5841 525 412 5842 536 412 5843 536 412 5844 525 412 5845 523 412 5846 536 1563 5847 523 1563 5848 521 1563 5849 536 1564 5850 521 1564 5851 534 1564 5852 534 1565 5853 521 1565 5854 519 1565 5855 534 412 5856 519 412 5857 531 412 5858 531 1566 5859 519 1566 5860 517 1566 5861 531 412 5862 517 412 5863 529 412 5864 529 1567 5865 517 1567 5866 516 1567 5867 529 1568 5868 516 1568 5869 518 1568 5870 529 1569 5871 518 1569 5872 530 1569 5873 530 1570 5874 518 1570 5875 520 1570 5876 530 412 5877 520 412 5878 533 412 5879 533 1571 5880 520 1571 5881 522 1571 5882 533 412 5883 522 412 5884 535 412 5885 535 412 5886 522 412 5887 524 412 5888 535 412 5889 524 412 5890 538 412 5891 538 1572 5892 524 1572 5893 526 1572 5894 538 1573 5895 526 1573 5896 528 1573 5897 528 1574 5898 537 1574 5899 538 1574 5900 538 412 5901 537 412 5902 541 412 5903 541 1575 5904 537 1575 5905 543 1575 5906 543 412 5907 537 412 5908 545 412 5909 749 1297 5910 154 1296 5911 748 1576 5912 748 1576 5913 154 1296 5914 153 1577 5915 748 1576 5916 153 1577 5917 747 1578 5918 747 1578 5919 153 1577 5920 152 1579 5921 747 1578 5922 152 1579 5923 744 1580 5924 744 1580 5925 152 1579 5926 150 1581 5927 744 1580 5928 150 1581 5929 742 1582 5930 742 1582 5931 150 1581 5932 148 1583 5933 742 1582 5934 148 1583 5935 738 1584 5936 738 1584 5937 148 1583 5938 147 1585 5939 738 1584 5940 147 1585 5941 733 1586 5942 733 1586 5943 147 1585 5944 145 1587 5945 733 1586 5946 145 1587 5947 728 1588 5948 728 1588 5949 145 1587 5950 144 1589 5951 728 1588 5952 144 1589 5953 723 1590 5954 723 1590 5955 144 1589 5956 142 1591 5957 723 1590 5958 142 1591 5959 716 1592 5960 716 1592 5961 142 1591 5962 140 1593 5963 716 1592 5964 140 1593 5965 714 1594 5966 714 1594 5967 140 1593 5968 139 1595 5969 714 1594 5970 139 1595 5971 713 1596 5972 713 1596 5973 139 1595 5974 137 1597 5975 713 1596 5976 137 1597 5977 711 1598 5978 711 1598 5979 137 1597 5980 135 1599 5981 711 1598 5982 135 1599 5983 709 1600 5984 709 1600 5985 135 1599 5986 133 1601 5987 709 1600 5988 133 1601 5989 707 1602 5990 707 1602 5991 133 1601 5992 132 1603 5993 707 1602 5994 132 1603 5995 708 1604 5996 708 1604 5997 132 1603 5998 134 1605 5999 708 1604 6000 134 1605 6001 710 1606 6002 710 1606 6003 134 1605 6004 136 1607 6005 710 1606 6006 136 1607 6007 712 721 6008 712 721 6009 136 1607 6010 138 720 6011</p>
        </triangles>
      </mesh>
    </geometry>
    <geometry id="Giro_dynamixel-mesh" name="Giro_dynamixel">
      <mesh>
        <source id="Giro_dynamixel-mesh-positions">
          <float_array id="Giro_dynamixel-mesh-positions-array" count="3348">7.993439 2.7 0.3239713 7.993439 0.1999998 0.3239713 7.982045 2.7 -0.5357032 7.982045 0.1999998 -0.5357032 7.91251 2.7 1.179903 7.91251 0.1999998 1.179903 7.87846 2.7 -1.389188 7.87846 0.1999998 -1.389188 7.793625 2.9 0.315268 7.793625 0 0.3152642 7.788792 2.9 -0.4180026 7.782471 0 -0.5226073 7.740197 2.7 2.022208 7.740197 0.1999998 2.022208 7.72958 2.9 1.045752 7.715119 2.9 -1.147579 7.714833 0 1.149497 7.683884 2.7 -2.226631 7.683884 0.1999998 -2.226631 7.6815 0 -1.35445 7.597218 2.9 1.766993 7.573258 2.9 -1.867012 7.547005 0 1.970465 7.491879 0 -2.170658 7.478489 2.7 2.841156 7.478489 0.1999998 2.841156 7.400567 2.7 -3.038356 7.400567 0.1999998 -3.038356 7.397713 2.9 2.472617 7.364468 2.9 -2.569944 7.292077 0 2.768691 7.21579 0 -2.961816 7.132824 2.9 3.156388 7.13041 2.7 3.627293 7.13041 0.1999998 3.627293 7.090588 2.9 -3.250164 7.031773 2.7 -3.81499 7.031773 0.1999998 -3.81499 6.952988 0 3.534964 6.856427 0 -3.718791 6.804898 2.9 3.812264 6.797268 2.9 0.0660634 6.797268 0 0.0660634 6.775521 2.9 -0.1963877 6.775521 0 -0.1963877 6.75404 2.9 -3.901659 6.732617 2.9 0.3213563 6.732617 0 0.3213563 6.699978 2.7 4.371535 6.699978 0.1999998 4.371535 6.669732 2.9 -0.4375587 6.669732 0 -0.4375587 6.588578 2.9 0.5418248 6.588578 0 0.5418248 6.581768 2.7 -4.547563 6.581768 0.1999998 -4.547563 6.533658 0 4.260439 6.491368 2.9 -0.6313129 6.491368 0 -0.6313129 6.417931 0 -4.432847 6.416829 2.9 4.434445 6.380757 2.9 0.7035794 6.380757 0 0.7035794 6.3578 2.9 -4.518669 6.259758 2.9 -0.7566543 6.259758 0 -0.7566543 6.192162 2.7 5.065287 6.192162 0.1999998 5.065287 6.131676 2.9 0.7890897 6.131676 0 0.7890897 6.055745 2.7 -5.227615 6.055745 0.1999998 -5.227615 6.038918 0 4.936745 6 2.9 -0.8000007 6 0 -0.8000007 5.972046 2.9 5.017436 5.905369 2.9 -5.095743 5.905369 0 -5.095745 5.868325 2.9 0.7890897 5.868325 0 0.7890897 5.740239 2.9 -0.7566543 5.740239 0 -0.7566543 5.61924 2.9 0.7035794 5.61924 0 0.7035794 5.612832 2.7 5.700537 5.612832 0.1999998 5.700537 5.508629 2.9 -0.6313129 5.508629 0 -0.6313129 5.474484 2.9 5.55608 5.474488 0 5.556077 5.459782 2.7 -5.84729 5.459782 0.1999998 -5.84729 5.411419 2.9 0.5418248 5.411419 0 0.5418248 5.400746 2.9 -5.62778 5.330265 2.9 -0.4375587 5.330265 0 -0.4375587 5.32465 0 -5.699832 5.26738 2.9 0.3213563 5.26738 0 0.3213563 5.22448 2.9 -0.1963877 5.22448 0 -0.1963877 5.202733 2.9 0.0660634 5.202733 0 0.0660634 4.968674 2.7 6.269951 4.968674 0.1999998 6.269951 4.928536 2.9 6.04562 4.848393 2.9 -6.11008 4.846875 0 6.111285 4.800759 2.7 -6.399431 4.800759 0.1999998 -6.399431 4.68248 0 -6.238138 4.339028 2.9 6.48173 4.313103 2.9 -0.1576285 4.290093 2.9 0.4720445 4.267132 2.7 6.766949 4.267132 0.1999998 6.766949 4.25319 2.9 -6.538379 4.244191 2.9 -0.7839427 4.175644 2.9 1.091656 4.163323 0 6.595963 4.123558 2.935595 -0.2428336 4.118218 2.935595 0.3209195 4.086293 2.7 -6.87766 4.086293 0.1999998 -6.87766 4.084816 2.9 -1.393547 4.052086 2.935595 -0.8020625 4.036164 2.935595 0.878695 3.986271 0 -6.704448 3.972199 2.9 1.688 3.964936 3.037313 -0.2334933 3.959801 3.037313 0.3085733 3.905133 2.935595 -1.346351 3.896214 3.037313 -0.7712092 3.880902 3.037313 0.844893 3.878922 2.935595 1.420102 3.855233 3.19067 -0.2270312 3.850239 3.19067 0.3000379 3.838387 2.9 -1.973449 3.813866 3.373832 0.1461892 3.791485 3.373832 -0.4377093 3.788411 3.19067 -0.7498717 3.773522 3.19067 0.8215165 3.75491 3.037313 -1.294561 3.746853 3.373832 0.7266603 3.729706 3.037313 1.365473 3.724831 5.126168 4.76837e-7 3.711174 2.9 6.860552 3.685429 2.935595 -1.86556 3.684094 2.9 2.24837 3.680237 3.373832 -1.011346 3.679421 5.30933 0.0349754 3.678975 5.126168 -0.5826926 3.678975 5.126168 0.5826917 3.651017 3.19067 -1.258743 3.649422 2.935595 1.935053 3.639595 5.30933 -0.5410438 3.628651 5.30933 0.6101327 3.626511 3.19067 1.327692 3.620392 2.9 -6.908889 3.592019 3.373832 1.290099 3.569535 5.462687 0.0339303 3.54366 3.037313 -1.793796 3.542527 5.126168 -1.151037 3.542527 5.126168 1.151038 3.530896 5.462687 -0.5248847 3.520279 5.462687 0.5919118 3.516304 2.7 7.185791 3.516304 0.1999998 7.185791 3.510148 5.30933 -1.10374 3.510144 2.9 -2.511293 3.509037 3.037313 1.860617 3.48853 5.30933 1.170268 3.482724 3.373832 -1.561279 3.445614 3.19067 -1.744165 3.431725 0 7.004517 3.411946 3.19067 1.809136 3.410641 5.564404 0.03241968 3.405312 5.462687 -1.070777 3.397076 2.935595 -2.350017 3.384343 5.462687 1.135315 3.373723 5.564404 -0.5015216 3.363579 5.564404 0.5655637 3.35299 3.373832 1.823298 3.351941 2.935595 2.413962 3.324627 2.7 -7.276458 3.324627 0.1999998 -7.276458 3.318848 5.126168 -1.69104 3.318848 5.126168 1.691039 3.317467 2.9 2.760819 3.294266 5.30933 -1.639261 3.2664 3.037313 -2.259618 3.262513 5.30933 1.701586 3.253731 5.564404 -1.023113 3.244057 0 -7.093383 3.233696 5.564404 1.08478 3.222611 5.6 0.1368947 3.223 3.037313 2.321101 3.203579 3.373832 -2.074617 3.199391 5.6 -0.409698 3.195881 5.462687 -1.590301 3.176022 3.19067 -2.197097 3.165074 5.462687 1.650767 3.153122 5.6 0.6795507 3.133824 3.19067 2.25688 3.10709 2.9 -2.995613 3.084134 5.6 -0.9445052 3.053624 5.564404 -1.519514 3.050518 2.9 7.178742 3.045441 2.935595 -2.790699 3.03537 3.373832 2.313761 3.024186 5.564404 1.577286 3.013451 5.126168 -2.189401 3.013451 5.126168 2.189402 3 0 4.76837e-7 2.997273 5.30933 -2.134414 2.99292 5.6 1.202654 2.99202 2.935595 2.847899 2.956158 5.30933 2.191006 2.955601 2.9 -7.218339 2.954422 0 -0.5209441 2.954422 0 0.5209451 2.928292 3.037313 -2.683347 2.907757 5.462687 -2.070669 2.880146 5.6 -1.45214 2.880135 2.9 3.214425 2.876923 3.037313 2.738347 2.867871 5.462687 2.125571 2.849347 3.373832 -2.539327 2.847271 3.19067 -2.609102 2.819077 0 -1.02606 2.819077 0 1.026061 2.8 1.6 4.76837e-7 2.797169 5.6 -0.1256213 2.797326 3.19067 2.662581 2.788727 0.1999998 -0.2509894 2.788727 0.1999998 0.2509904 2.778325 5.564404 -1.978496 2.774647 5.6 0.3758512 2.755002 1.6 -0.4999595 2.755002 1.6 0.4999585 2.746621 5.6 1.691163 2.740212 5.564404 2.030955 2.729786 5.6 -0.6230559 2.724865 2.7 7.521643 2.724865 0.1999998 7.521643 2.699097 0.1999998 -0.7449031 2.699097 0.1999998 0.7449041 2.662945 5.6 0.8652444 2.660519 0 7.332234 2.646603 3.373832 2.749993 2.637814 2.9 -3.416086 2.637078 2.935595 -3.179393 2.633854 5.126168 -2.633853 2.633854 5.126168 2.633854 2.626477 5.30933 -2.577014 2.621457 1.6 -0.98385 2.621457 1.6 0.983851 2.598076 0 -1.5 2.598076 0 1.5 2.593308 5.6 -1.918001 2.577015 5.30933 2.626477 2.576363 2.935595 3.228787 2.574666 5.6 -1.100465 2.548035 5.462687 -2.500049 2.535634 3.037313 -3.057088 2.524567 2.7 -7.591215 2.524567 0.1999998 -7.591215 2.522713 0.1999998 -1.214874 2.522713 0.1999998 1.214875 2.50005 5.462687 2.548033 2.497166 5.30001 0.1189541 2.497166 3 0.1189541 2.477257 3.037313 3.104584 2.474553 5.30001 -0.3557868 2.474553 3 -0.3557868 2.465657 5.6 1.326827 2.465477 3.19067 -2.972503 2.464402 0 -7.400453 2.434613 5.564404 -2.388765 2.429528 5.30001 0.5893979 2.429528 3 0.5893979 2.428326 3.373832 -2.944519 2.421307 5.6 2.131018 2.408715 3.19067 3.018685 2.403656 1.6 -1.436119 2.403656 1.6 1.436118 2.388764 5.564404 2.434613 2.381421 2.9 3.59952 2.362504 5.30001 -0.8176704 2.362504 3 -0.8176704 2.362904 2.9 7.433485 2.336796 5.6 -1.542505 2.298134 0 -1.928363 2.298134 0 1.928362 2.274079 5.30001 1.038538 2.274079 3 1.038538 2.264687 2.9 -7.463993 2.265248 0.1999998 -1.645799 2.265248 0.1999998 1.645798 2.231862 5.6 -2.328681 2.195801 3.373832 3.121766 2.191006 5.30933 -2.956157 2.189118 5.6 1.745764 2.1894 5.126168 -3.013452 2.1894 5.126168 3.013453 2.179589 2.935595 -3.508861 2.165062 5.30001 -1.25 2.165062 3 -1.25 2.134415 5.30933 2.997275 2.125569 5.462687 -2.86787 2.112713 2.935595 3.549529 2.11232 2.9 -3.763751 2.108601 1.6 -1.842227 2.108601 1.6 1.842228 2.095746 3.037313 -3.373886 2.070668 5.462687 2.907757 2.037758 3.19067 -3.280534 2.036438 5.30001 1.450142 2.036438 3 1.450142 2.030953 5.564404 -2.740211 2.031441 3.037313 3.412987 2.026333 5.6 2.509568 2.023816 5.6 -1.934968 1.978497 5.564404 2.778325 1.975236 3.19067 3.318554 1.95039 3.373832 -3.280693 1.934975 0.1999998 -2.023826 1.934975 0.1999998 2.023825 1.928364 0 -2.298133 1.928364 0 2.298132 1.901959 2.7 7.770621 1.901959 0.1999998 7.770621 1.889374 5.30001 -1.637151 1.889374 3 -1.637151 1.858609 0 7.575327 1.842221 5.6 2.108592 1.831948 2.9 3.9079 1.80621 5.6 -2.672372 1.74577 1.6 -2.189128 1.74577 1.6 2.189127 1.725197 5.30001 1.809334 1.725197 3 1.809334 1.701584 5.30933 -3.262512 1.695351 2.7 -7.818298 1.695351 0.1999998 -7.818298 1.693532 3.373832 3.420367 1.691041 5.126168 -3.318849 1.691041 5.126168 3.31885 1.681496 2.935595 -3.772968 1.656304 0 -7.622116 1.654404 2.9 7.62253 1.650765 5.462687 -3.165075 1.645791 5.6 -2.265237 1.63926 5.30933 3.294268 1.616814 3.037313 -3.62783 1.609707 2.935595 3.80415 1.590302 5.462687 3.195881 1.577286 5.564404 -3.024187 1.573067 5.6 2.815922 1.572079 3.19067 -3.527454 1.553757 2.9 -7.64368 1.547787 3.037313 3.657813 1.545395 5.30001 -1.965133 1.545395 3 -1.965133 1.542512 0.1999998 -2.336805 1.542512 0.1999998 2.336806 1.541802 2.9 -4.031198 1.519513 5.564404 3.053624 1.504963 3.19067 3.556607 1.500001 0 -2.598075 1.500001 0 2.598076 1.436112 5.6 2.403647 1.426735 3.373832 -3.539968 1.351601 5.30001 2.103135 1.351601 3 2.103135 1.328595 5.6 -2.939184 1.326832 1.6 -2.465667 1.326832 1.6 2.465666 1.298916 1.6 -0.05302941 1.290375 3 -0.1578898 1.286969 3 0.1836037 1.270291 1.6 0.2763314 1.243538 1.6 -0.3789592 1.243432 2.9 4.132988 1.214871 5.6 -2.522703 1.204732 3 -0.4884887 1.194745 3 0.5124269 1.170266 5.30933 -3.488531 1.159512 1.6 0.5878186 1.151566 3.373832 3.638798 1.152085 2.935595 -3.966791 1.151036 5.126168 -3.542526 1.151036 5.126168 3.542527 1.145566 5.30001 -2.222089 1.145566 3 -2.222089 1.135316 5.462687 -3.384344 1.107766 3.037313 -3.814197 1.107739 1.6 -0.6803794 1.103741 5.30933 3.510148 1.100468 0.1999998 -2.574678 1.100468 0.1999998 2.574679 1.084778 5.564404 -3.233695 1.077115 3.19067 -3.708663 1.076718 2.935595 3.987908 1.074547 5.6 3.041268 1.070778 5.462687 3.405314 1.057084 2.7 7.929854 1.057084 0.1999998 7.929854 1.035946 3 -0.7853732 1.035298 3.037313 3.834502 1.035248 0 7.730994 1.026059 0 -2.819078 1.026059 0 2.819079 1.023114 5.564404 3.253731 1.020074 3 0.8058877 1.006653 3.19067 3.728405 0.9838454 5.6 2.621447 0.973744 1.6 0.8612924 0.9384238 2.9 -4.212726 0.9312865 2.9 7.744204 0.929154 5.30001 2.320919 0.929154 3 2.320919 0.9002959 1.6 -0.937799 0.869641 3.373832 -3.716274 0.8652464 1.6 -2.662958 0.8652464 1.6 2.662959 0.8465544 2.7 -7.955083 0.8465544 0.1999998 -7.955083 0.829167 2.899915 -7.756528 0.829167 8.4877e-5 -7.756528 0.81276 5.6 -3.12144 0.7999998 2.9 6 0.7999998 0 6 0.7956702 3 -1.02806 0.7890898 2.9 -6.131675 0.7890898 2.9 -5.868324 0.7890898 0 -6.131675 0.7890898 0 -5.868324 0.7749983 3 1.04373 0.7749983 3 1.9 0.7566534 2.9 5.740241 0.7566534 2.9 6.25976 0.7566534 0 5.740241 0.7566534 0 6.25976 0.7449004 5.6 -2.699085 0.7415053 3 2.025 0.7249991 2.95 1.079062 0.7249991 2.95 1.9 0.7249991 1.6 1.079062 0.7249991 1.6 1.9 0.704331 5.30001 -2.398733 0.704331 3 -2.398733 0.7035796 2.9 -6.380758 0.7035796 2.9 -5.619241 0.7035796 0 -6.380758 0.7035796 0 -5.619241 0.6982046 2.95 2 0.6982046 1.6 2 0.6499983 3 2.116505 0.6346289 1.6 -1.134569 0.6313101 2.9 5.508629 0.6313101 2.9 6.49137 0.6313101 0 5.508629 0.6313101 0 6.49137 0.6284109 2.9 4.269989 0.6250006 2.95 2.073204 0.6250006 1.6 2.073204 0.6230589 0.1999998 -2.729799 0.6230589 0.1999998 2.729798 0.6101347 5.30933 -3.628652 0.6012083 2.935595 -4.086719 0.5919119 5.462687 -3.520278 0.5826918 5.126168 -3.678974 0.5826918 5.126168 3.678975 0.5826117 3.373832 3.771939 0.5780798 3.037313 -3.929512 0.5655638 5.564404 -3.36358 0.5620886 3.19067 -3.820787 0.547692 2.7 -7.981229 0.547692 0.1999998 -7.981229 0.5451132 5.6 3.179121 0.5418249 2.9 -6.588579 0.5418249 2.9 -5.41142 0.5418249 0 -6.588579 0.5418249 0 -5.41142 0.5410429 5.30933 3.639595 0.5303351 2.899915 -7.782672 0.5303351 8.4877e-5 -7.782672 0.5248839 5.462687 3.530896 0.5249983 3 2.15 0.5249983 2.95 2.100001 0.5249983 1.6 2.100001 0.523667 2.935595 4.097376 0.5209433 0 -2.954423 0.5209433 0 2.954422 0.5035254 3.037313 3.939759 0.5015227 5.564404 3.373723 0.4999586 5.6 2.754992 0.5004813 3 -1.199798 0.4895941 3.19067 3.830752 0.4731261 5.30001 2.454823 0.4731261 3 2.454823 0.4375578 2.9 5.330267 0.4375578 2.9 6.669734 0.4375578 0 5.330267 0.4375578 0 6.669734 0.3758513 1.6 -2.77466 0.3758513 1.6 2.774659 0.3279196 1.6 -1.257963 0.3213545 2.9 -6.73262 0.3213545 2.9 -5.267381 0.3213545 0 -6.73262 0.3213545 0 -5.267381 0.315045 2.9 -4.30447 0.2921645 3.373832 -3.805469 0.2735411 5.6 -3.213897 0.2509886 5.6 -2.788717 0.2376409 5.30001 -2.488679 0.2376409 3 -2.488679 0.1999326 2.9 7.797438 0.2000012 2.897436 7.800002 0.2000012 2.7 7.9975 0.2000012 0.1999998 7.9975 0.1999708 1.50681e-4 7.79872 0.1963888 2.9 5.22448 0.1963888 2.9 6.775521 0.1963888 0 5.22448 0.1963888 0 6.775521 0.1826902 2.7 -7.997915 0.1826902 0.1999998 -7.997915 0.1768842 2.9 -7.797994 0.1768842 0 -7.797994 0.170754 3 -1.288738 0.1333395 2.89886 7.800002 0.1256223 0.1999998 -2.797182 0.1256223 0.1999998 2.797181 0.06667387 2.899715 7.800002 0.06606352 2.9 -6.797267 0.06606352 2.9 -5.202733 0.06606352 0 -6.797267 0.06606352 0 -5.202733 0.03913557 2.935595 -4.130519 0.03762871 3.037313 -3.971628 0.03658723 3.19067 -3.861738 0.03497374 5.30933 -3.679424 0.03392851 5.462687 -3.569534 0.03242158 5.564404 -3.410642 5.96046e-7 5.6 2.799988 5.96046e-7 5.6 3.225518 5.96046e-7 5.30001 2.5 5.96046e-7 5.126168 -3.724832 5.96046e-7 5.126168 3.724833 5.96046e-7 3.373832 3.816668 5.96046e-7 3 2.5 5.96046e-7 2.9 4.315983 5.96046e-7 2.9 7.800002 5.96046e-7 1.6 -1.300001 5.96046e-7 0 -3 5.96046e-7 0 3 5.96046e-7 0 7.800002 -0.03242039 5.564404 3.410641 -0.03393101 5.462687 3.569535 -0.03497636 5.30933 3.679423 -0.03658998 3.19067 3.861739 -0.03762745 3.037313 3.971629 -0.03913438 2.935595 4.130518 -0.06606233 2.9 5.202733 -0.06606233 2.9 6.797268 -0.06606233 0 5.202733 -0.06606233 0 6.797268 -0.06667268 2.899715 7.800002 -0.06667268 2.85149e-4 7.800002 -0.1256211 1.6 -2.797182 -0.1256211 1.6 2.797181 -0.1333421 2.89886 7.800002 -0.1333421 0.001139581 7.800002 -0.1707566 3 -1.288738 -0.1768831 2.9 -7.797994 -0.1768831 0 -7.797994 -0.1826928 2.7 -7.997915 -0.1826928 0.1999998 -7.997915 -0.1963876 2.9 -6.77552 -0.1963876 2.9 -5.224479 -0.1963876 0 -6.77552 -0.1963876 0 -5.224479 -0.1999353 2.9 7.797438 -0.2000001 2.897436 7.800002 -0.2000001 2.7 7.9975 -0.2000001 0.1999998 7.9975 -0.2000001 0.002563357 7.800002 -0.1999353 0 7.797438 -0.2376397 5.30001 -2.488679 -0.2376397 3 -2.488679 -0.2509874 5.6 -2.788717 -0.2735437 5.6 -3.213897 -0.2921633 3.373832 -3.805469 -0.3150476 2.9 -4.30447 -0.3213571 2.9 5.26738 -0.3213571 2.9 6.732619 -0.3213571 0 5.26738 -0.3213571 0 6.732619 -0.3279184 1.6 -1.257963 -0.3758539 0.1999998 -2.77466 -0.3758539 0.1999998 2.774659 -0.4375604 2.9 -6.669733 -0.4375604 2.9 -5.330266 -0.4375604 0 -6.669733 -0.4375604 0 -5.330266 -0.4731287 5.30001 2.454823 -0.4731287 3 2.454823 -0.4895929 3.19067 -3.830753 -0.4999575 5.6 2.754992 -0.5004839 3 -1.199798 -0.5015215 5.564404 -3.373723 -0.5035242 3.037313 -3.93976 -0.5209459 0 -2.954423 -0.5209459 0 2.954422 -0.5236696 2.935595 -4.097375 -0.5248865 5.462687 -3.530895 -0.5250009 3 2.15 -0.5250009 2.95 2.100001 -0.5250009 1.6 2.100001 -0.5303339 2.899915 -7.782672 -0.5303339 8.4877e-5 -7.782672 -0.5410456 5.30933 -3.639595 -0.5418238 2.9 5.411421 -0.5418238 2.9 6.58858 -0.5418238 0 5.411421 -0.5418238 0 6.58858 -0.5451158 5.6 3.179121 -0.5476946 2.7 -7.981229 -0.5476946 0.1999998 -7.981229 -0.5621408 3.19067 3.82078 -0.5655626 5.564404 3.363579 -0.5781893 3.037313 3.929495 -0.5826906 5.126168 -3.678974 -0.5826906 5.126168 3.678975 -0.5826105 3.373832 3.771939 -0.5919107 5.462687 3.520279 -0.6013788 2.935595 4.086693 -0.6101335 5.30933 3.628651 -0.6230577 1.6 -2.729799 -0.6230577 1.6 2.729798 -0.6249994 2.95 2.073204 -0.6249994 1.6 2.073204 -0.6284136 2.9 4.269989 -0.6313127 2.9 -6.491371 -0.6313127 2.9 -5.50863 -0.6313127 0 -6.491371 -0.6313127 0 -5.50863 -0.6346277 1.6 -1.134569 -0.6500009 3 2.116505 -0.6982035 2.95 2 -0.6982035 1.6 2 -0.7043299 5.30001 -2.398733 -0.7043299 3 -2.398733 -0.7035784 2.9 5.619242 -0.7035784 2.9 6.380759 -0.7035784 0 5.619242 -0.7035784 0 6.380759 -0.7250017 2.95 1.079062 -0.7250017 2.95 1.9 -0.7250017 1.6 1.079062 -0.7250017 1.6 1.9 -0.7415079 3 2.025 -0.7448992 5.6 -2.699085 -0.7566561 2.9 -6.259759 -0.7566561 2.9 -5.74024 -0.7566561 0 -6.259759 -0.7566561 0 -5.74024 -0.7750009 3 1.04373 -0.7750009 3 1.9 -0.7890886 2.9 5.868325 -0.7890886 2.9 6.131676 -0.7890886 0 5.868325 -0.7890886 0 6.131676 -0.795669 3 -1.02806 -0.7999987 2.9 -6 -0.7999987 0 -6 -0.8127588 5.6 -3.12144 -0.8291696 2.899915 -7.756528 -0.8291696 8.4877e-5 -7.756528 -0.8465532 2.7 -7.955083 -0.8465532 0.1999998 -7.955083 -0.865249 0.1999998 -2.662958 -0.865249 0.1999998 2.662959 -0.8696398 3.373832 -3.716274 -0.9002947 1.6 -0.937799 -0.9291567 5.30001 2.320919 -0.9291567 3 2.320919 -0.9312853 2.9 7.744204 -0.9312853 0 7.744204 -0.9384264 2.9 -4.212726 -0.9737429 1.6 0.8612924 -0.983848 5.6 2.621447 -1.006656 3.19067 -3.728406 -1.020072 3 0.8058877 -1.023113 5.564404 -3.253732 -1.026061 0 -2.819078 -1.026061 0 2.819079 -1.035301 3.037313 -3.834501 -1.035949 3 -0.7853732 -1.057083 2.7 7.929854 -1.057083 0.1999998 7.929854 -1.070777 5.462687 -3.405313 -1.07455 5.6 3.041268 -1.077113 3.19067 3.708664 -1.076717 2.935595 -3.987907 -1.084781 5.564404 3.233695 -1.100471 1.6 -2.574678 -1.100471 1.6 2.574679 -1.10374 5.30933 -3.510147 -1.107765 3.037313 3.814198 -1.107738 1.6 -0.6803794 -1.135314 5.462687 3.384343 -1.145564 5.30001 -2.222089 -1.145564 3 -2.222089 -1.151039 5.126168 -3.542526 -1.151039 5.126168 3.542527 -1.151569 3.373832 3.638798 -1.152084 2.935595 3.96679 -1.159511 1.6 0.5878186 -1.170268 5.30933 3.488532 -1.194747 3 0.5124269 -1.20473 3 -0.4884887 -1.21487 5.6 -2.522703 -1.24343 2.9 4.132988 -1.243537 1.6 -0.3789592 -1.270294 1.6 0.2763314 -1.286968 3 0.1836037 -1.290378 3 -0.1578898 -1.298919 1.6 -0.05302941 -1.326831 0.1999998 -2.465667 -1.326831 0.1999998 2.465666 -1.328594 5.6 -2.939184 -1.351604 5.30001 2.103135 -1.351604 3 2.103135 -1.426734 3.373832 -3.539968 -1.436111 5.6 2.403647 -1.499999 0 -2.598075 -1.499999 0 2.598076 -1.504962 3.19067 -3.556606 -1.519512 5.564404 -3.053623 -1.541805 2.9 -4.031198 -1.54251 1.6 -2.336805 -1.54251 1.6 2.336806 -1.545398 5.30001 -1.965133 -1.545398 3 -1.965133 -1.547786 3.037313 -3.657814 -1.553756 2.9 -7.64368 -1.553756 0 -7.64368 -1.572078 3.19067 3.527455 -1.57307 5.6 2.815922 -1.577285 5.564404 3.024186 -1.590301 5.462687 -3.195882 -1.60971 2.935595 -3.804149 -1.616813 3.037313 3.627831 -1.639259 5.30933 -3.294267 -1.645793 5.6 -2.265237 -1.650768 5.462687 3.165074 -1.654407 2.9 7.62253 -1.654407 0 7.62253 -1.681499 2.935595 3.772969 -1.691039 5.126168 -3.318849 -1.691039 5.126168 3.31885 -1.69353 3.373832 3.420367 -1.69535 2.7 -7.818298 -1.69535 0.1999998 -7.818298 -1.701587 5.30933 3.262513 -1.7252 5.30001 1.809334 -1.7252 3 1.809334 -1.745773 0.1999998 -2.189128 -1.745773 0.1999998 2.189127 -1.806209 5.6 -2.672372 -1.831947 2.9 3.9079 -1.84222 5.6 2.108592 -1.889373 5.30001 -1.637151 -1.889373 3 -1.637151 -1.901958 2.7 7.770621 -1.901958 0.1999998 7.770621 -1.928363 0 -2.298133 -1.928363 0 2.298132 -1.934974 1.6 -2.023826 -1.934974 1.6 2.023825 -1.950389 3.373832 -3.280693 -1.973941 3.19067 -3.319324 -1.978496 5.564404 -2.778324 -2.023818 5.6 -1.934968 -2.026336 5.6 2.509568 -2.030956 5.564404 2.740212 -2.030555 3.037313 -3.413515 -2.036441 5.30001 1.450142 -2.036441 3 1.450142 -2.037757 3.19067 3.280533 -2.070671 5.462687 -2.907756 -2.095745 3.037313 3.373885 -2.1086 0.1999998 -1.842227 -2.1086 0.1999998 1.842228 -2.112255 2.935595 -3.549804 -2.112319 2.9 -3.763751 -2.125572 5.462687 2.867871 -2.134414 5.30933 -2.997274 -2.165061 5.30001 -1.25 -2.165061 3 -1.25 -2.179588 2.935595 3.508862 -2.189121 5.6 1.745764 -2.189403 5.126168 -3.013452 -2.189403 5.126168 3.013453 -2.191005 5.30933 2.956158 -2.1958 3.373832 3.121766 -2.231861 5.6 -2.328681 -2.264686 2.9 -7.463993 -2.265247 1.6 -1.645799 -2.265247 1.6 1.645798 -2.264686 0 -7.463993 -2.274082 5.30001 1.038538 -2.274082 3 1.038538 -2.298133 0 -1.928363 -2.298133 0 1.928362 -2.336795 5.6 -1.542505 -2.362503 5.30001 -0.8176704 -2.362503 3 -0.8176704 -2.362907 2.9 7.433485 -2.362907 0 7.433485 -2.38142 2.9 3.59952 -2.388763 5.564404 -2.434614 -2.403656 0.1999998 -1.436119 -2.403656 0.1999998 1.436118 -2.408714 3.19067 -3.018684 -2.421306 5.6 2.131018 -2.428325 3.373832 -2.944519 -2.429531 5.30001 0.5893979 -2.429531 3 0.5893979 -2.434612 5.564404 2.388764 -2.465476 3.19067 2.972504 -2.465656 5.6 1.326827 -2.474555 5.30001 -0.3557868 -2.474555 3 -0.3557868 -2.477256 3.037313 -3.104583 -2.497169 5.30001 0.1189541 -2.497169 3 0.1189541 -2.500049 5.462687 -2.548034 -2.522712 1.6 -1.214874 -2.522712 1.6 1.214875 -2.52457 2.7 -7.591215 -2.52457 0.1999998 -7.591215 -2.535636 3.037313 3.057089 -2.548034 5.462687 2.500048 -2.574668 5.6 -1.100465 -2.576366 2.935595 -3.228786 -2.577014 5.30933 -2.626476 -2.593307 5.6 -1.918001 -2.598075 0 -1.5 -2.598075 0 1.5 -2.621459 0.1999998 -0.98385 -2.621459 0.1999998 0.983851 -2.626476 5.30933 2.577013 -2.633853 5.126168 -2.633853 -2.633853 5.126168 2.633854 -2.637077 2.935595 3.179392 -2.637817 2.9 -3.416086 -2.646602 3.373832 2.749993 -2.662948 5.6 0.8652444 -2.699096 1.6 -0.7449031 -2.699096 1.6 0.7449041 -2.724868 2.7 7.521643 -2.724868 0.1999998 7.521643 -2.729785 5.6 -0.6230559 -2.741756 5.564404 -2.028867 -2.746623 5.6 1.691163 -2.755004 0.1999998 -0.4999595 -2.755004 0.1999998 0.4999585 -2.77465 5.6 0.3758512 -2.778324 5.564404 1.978497 -2.78873 1.6 -0.2509894 -2.78873 1.6 0.2509904 -2.797168 5.6 -0.1256213 -2.797325 3.19067 -2.66258 -2.799999 0.1999998 4.76837e-7 -2.81908 0 -1.02606 -2.81908 0 1.026061 -2.84727 3.19067 2.609103 -2.849346 3.373832 -2.539327 -2.868946 5.462687 -2.124114 -2.876926 3.037313 -2.738348 -2.880149 5.6 -1.45214 -2.880138 2.9 3.214425 -2.907756 5.462687 2.07067 -2.928291 3.037313 2.683346 -2.954421 0 -0.5209441 -2.954421 0 0.5209451 -2.9556 2.9 -7.218339 -2.9556 0 -7.218339 -2.956714 5.30933 -2.190256 -2.992023 2.935595 -2.847898 -2.992923 5.6 1.202654 -2.997276 5.30933 2.134415 -3 0 4.76837e-7 -3.013454 5.126168 -2.189401 -3.013454 5.126168 2.189402 -3.024185 5.564404 -1.577285 -3.035369 3.373832 2.313761 -3.045444 2.935595 2.790698 -3.050521 2.9 7.178742 -3.050521 0 7.178742 -3.053623 5.564404 1.519513 -3.084133 5.6 -0.9445052 -3.107089 2.9 -2.995613 -3.133827 3.19067 -2.256879 -3.153121 5.6 0.6795507 -3.165073 5.462687 -1.650768 -3.176025 3.19067 2.197098 -3.19588 5.462687 1.590302 -3.199394 5.6 -0.409698 -3.203578 3.373832 -2.074617 -3.22261 5.6 0.1368947 -3.222999 3.037313 -2.321102 -3.233695 5.564404 -1.084779 -3.253734 5.564404 1.023114 -3.262512 5.30933 -1.701585 -3.266399 3.037313 2.259617 -3.294269 5.30933 1.63926 -3.31747 2.9 2.760819 -3.318851 5.126168 -1.69104 -3.318851 5.126168 1.691039 -3.32463 2.7 -7.276458 -3.32463 0.1999998 -7.276458 -3.351943 2.935595 -2.413961 -3.352989 3.373832 1.823298 -3.363582 5.564404 -0.5655627 -3.373722 5.564404 0.5015206 -3.384342 5.462687 -1.135316 -3.397079 2.935595 2.350018 -3.405315 5.462687 1.070776 -3.410644 5.564404 -0.03242063 -3.411949 3.19067 -1.809135 -3.445613 3.19067 1.744166 -3.482723 3.373832 -1.561279 -3.488533 5.30933 -1.170267 -3.509037 3.037313 -1.860616 -3.510147 5.30933 1.103741 -3.510147 2.9 -2.511293 -3.516304 2.7 7.185791 -3.516304 0.1999998 7.185791 -3.520278 5.462687 -0.5919108 -3.530895 5.462687 0.5248857 -3.542526 5.126168 -1.151037 -3.542526 5.126168 1.151038 -3.543663 3.037313 1.793797 -3.569534 5.462687 -0.03392922 -3.592021 3.373832 1.290099 -3.620395 2.9 -6.908889 -3.620395 0 -6.908889 -3.626514 3.19067 -1.327692 -3.628654 5.30933 -0.6101337 -3.639595 5.30933 0.5410447 -3.649425 2.935595 -1.935054 -3.65102 3.19067 1.258744 -3.679424 5.30933 -0.03497457 -3.678974 5.126168 -0.5826926 -3.678974 5.126168 0.5826917 -3.680236 3.373832 -1.011346 -3.684093 2.9 2.24837 -3.685432 2.935595 1.865561 -3.711174 2.9 6.860552 -3.711174 0 6.860552 -3.724834 5.126168 4.76837e-7 -3.729709 3.037313 -1.365472 -3.746856 3.373832 0.7266603 -3.754913 3.037313 1.294562 -3.773525 3.19067 -0.8215156 -3.78841 3.19067 0.7498727 -3.791488 3.373832 -0.4377093 -3.813869 3.373832 0.1461892 -3.838386 2.9 -1.973449 -3.850238 3.19067 -0.3000369 -3.855232 3.19067 0.2270321 -3.878921 2.935595 -1.420101 -3.880901 3.037313 -0.844892 -3.896213 3.037313 0.7712102 -3.905132 2.935595 1.346352 -3.9598 3.037313 -0.3085742 -3.964939 3.037313 0.2334923 -3.972198 2.9 1.688 -4.036163 2.935595 -0.8786941 -4.052089 2.935595 0.8020635 -4.084819 2.9 -1.393547 -4.086292 2.7 -6.87766 -4.086292 0.1999998 -6.87766 -4.118221 2.935595 -0.3209186 -4.123561 2.935595 0.2428345 -4.175643 2.9 1.091656 -4.24419 2.9 -0.7839427 -4.253189 2.9 -6.538379 -4.253189 0 -6.538379 -4.267131 2.7 6.766949 -4.267131 0.1999998 6.766949 -4.290092 2.9 0.4720445 -4.313106 2.9 -0.1576285 -4.339031 2.9 6.48173 -4.339031 0 6.48173 -4.800762 2.7 -6.399431 -4.800762 0.1999998 -6.399431 -4.848392 2.9 -6.11008 -4.848392 0 -6.11008 -4.928535 2.9 6.04562 -4.928535 0 6.04562 -4.968673 2.7 6.269951 -4.968673 0.1999998 6.269951 -5.202732 2.9 -0.06606245 -5.202732 0 -0.06606245 -5.224479 2.9 0.1963887 -5.224479 0 0.1963887 -5.267383 2.9 -0.3213554 -5.267383 0 -0.3213554 -5.330268 2.9 0.4375596 -5.330268 0 0.4375596 -5.400749 2.9 -5.62778 -5.400749 0 -5.62778 -5.411422 2.9 -0.5418258 -5.411422 0 -0.5418258 -5.459781 2.7 -5.84729 -5.459781 0.1999998 -5.84729 -5.474483 2.9 5.55608 -5.474483 0 5.55608 -5.508632 2.9 0.6313119 -5.508632 0 0.6313119 -5.612831 2.7 5.700537 -5.612831 0.1999998 5.700537 -5.619243 2.9 -0.7035785 -5.619243 0 -0.7035785 -5.740242 2.9 0.7566533 -5.740242 0 0.7566533 -5.868324 2.9 -0.7890887 -5.868324 0 -0.7890887 -5.905372 2.9 -5.095743 -5.905372 0 -5.095743 -5.972045 2.9 5.017436 -5.972045 0 5.017436 -6 2.9 0.7999997 -6 0 0.7999997 -6.055744 2.7 -5.227615 -6.055744 0.1999998 -5.227615 -6.131675 2.9 -0.7890887 -6.131675 0 -0.7890887 -6.192161 2.7 5.065287 -6.192161 0.1999998 5.065287 -6.259761 2.9 0.7566533 -6.259761 0 0.7566533 -6.357803 2.9 -4.518669 -6.357803 0 -4.518669 -6.38076 2.9 -0.7035785 -6.38076 0 -0.7035785 -6.416828 2.9 4.434445 -6.416828 0 4.434445 -6.491371 2.9 0.6313119 -6.491371 0 0.6313119 -6.581768 2.7 -4.547563 -6.581768 0.1999998 -4.547563 -6.588581 2.9 -0.5418258 -6.588581 0 -0.5418258 -6.669734 2.9 0.4375596 -6.669734 0 0.4375596 -6.699977 2.7 4.371535 -6.699977 0.1999998 4.371535 -6.73262 2.9 -0.3213554 -6.73262 0 -0.3213554 -6.754043 2.9 -3.901659 -6.754043 0 -3.901659 -6.77552 2.9 0.1963887 -6.77552 0 0.1963887 -6.797267 2.9 -0.06606245 -6.797267 0 -0.06606245 -6.804901 2.9 3.812264 -6.804901 0 3.812264 -7.031776 2.7 -3.81499 -7.031776 0.1999998 -3.81499 -7.090587 2.9 -3.250164 -7.090587 0 -3.250164 -7.130409 2.7 3.627293 -7.130409 0.1999998 3.627293 -7.132827 2.9 3.156388 -7.132827 0 3.156388 -7.364467 2.9 -2.569944 -7.364467 0 -2.569944 -7.397716 2.9 2.472617 -7.397716 0 2.472617 -7.400566 2.7 -3.038356 -7.400566 0.1999998 -3.038356 -7.478492 2.7 2.841156 -7.478492 0.1999998 2.841156 -7.573261 2.9 -1.867012 -7.573261 0 -1.867012 -7.597221 2.9 1.766993 -7.597221 0 1.766993 -7.683887 2.7 -2.226631 -7.683887 0.1999998 -2.226631 -7.715118 2.9 -1.147579 -7.715118 0 -1.147579 -7.729579 2.9 1.045752 -7.729579 0 1.045752 -7.7402 2.7 2.022208 -7.7402 0.1999998 2.022208 -7.788791 2.9 -0.4180026 -7.788791 0 -0.4180026 -7.793624 2.9 0.315268 -7.793624 0 0.315268 -7.878459 2.7 -1.389188 -7.878459 0.1999998 -1.389188 -7.912509 2.7 1.179903 -7.912509 0.1999998 1.179903 -7.982044 2.7 -0.5357032 -7.982044 0.1999998 -0.5357032 -7.993438 2.7 0.3239713 -7.993438 0.1999998 0.3239713</float_array>
          <technique_common>
            <accessor source="#Giro_dynamixel-mesh-positions-array" count="1116" stride="3">
              <param name="X" type="float"/>
              <param name="Y" type="float"/>
              <param name="Z" type="float"/>
            </accessor>
          </technique_common>
        </source>
        <source id="Giro_dynamixel-mesh-normals">
          <float_array id="Giro_dynamixel-mesh-normals-array" count="5106">1.04446e-4 1 -8.34046e-5 -1.92868e-4 1 7.21941e-5 -5.41385e-5 1 -5.86658e-5 -6.6424e-6 1 -7.59711e-5 -3.23624e-5 1 -7.28389e-5 2.17622e-4 1 -1.44669e-4 2.32895e-4 1 -7.74139e-5 2.38269e-4 1 4.78108e-6 0 1 4.44935e-7 -3.35504e-4 1 -6.41146e-6 0 1 1.68363e-7 3.32515e-4 1 -4.49975e-5 0 1 4.53887e-7 -9.02439e-5 1 1.26187e-5 -9.31346e-5 1 -4.43056e-5 -8.69283e-5 1 -9.80432e-5 6.97027e-6 1 -8.06546e-5 4.1019e-5 1 -6.22197e-5 -1.02201e-4 1 -9.76781e-5 0 1 3.12911e-7 0 1 9.0773e-7 0 1 3.09491e-7 0 1 7.43313e-7 0 1 0 0 1 -1.90875e-7 0 1 -4.32443e-7 0 1 1.47897e-7 0 1 -3.70904e-7 0 1 2.14831e-6 0 1 -3.47726e-7 0 1 -1.93891e-7 0 1 3.28323e-7 0 1 -7.79496e-7 0 1 3.66404e-7 0 1 -2.54249e-7 0 1 -4.21243e-7 -2.20623e-5 1 -3.35264e-4 0 1 -1.97335e-7 0 1 4.33947e-7 0 1 1.86687e-7 0 1 -4.33562e-7 -2.40863e-4 1 -2.34081e-4 -2.40844e-4 1 -2.34041e-4 0 1 -3.74201e-7 -2.40606e-4 1 -2.3348e-4 0 1 4.33145e-7 0 1 1.86885e-7 0 1 -5.6045e-7 0 1 8.6655e-7 -3.02847e-4 1 -1.44673e-4 0 1 -1.40331e-7 0 1 -1.48007e-7 0 1 1.58371e-7 0 1 -1.01673e-6 0 1 0 0 1 1.21715e-6 0 1 0 0 1 -1.54762e-6 0 1 1.53289e-7 0 1 2.19902e-7 0 1 0 0 1 1.70448e-7 0 1 -5.5133e-7 0 1 0 0 1 0 0 1 0 0 1 -4.33313e-7 0 1 1.87108e-7 0 1 0 0 1 0 0 1 1.64428e-7 0 1 -3.90897e-7 0 1 -5.39992e-7 0 1 1.49586e-6 0 1 -4.34412e-7 0 1 -7.66929e-7 0 1 -2.25781e-7 0 1 -5.94121e-7 0 1 0 0 1 4.02402e-7 0 1 -1.259e-6 0 1 2.03726e-6 0 1 6.89159e-7 0 1 -1.78759e-6 0 1 0 1.44823e-4 1 3.02626e-4 0 1 -2.85078e-7 1.44796e-4 1 3.02437e-4 1.44844e-4 1 3.02699e-4 1.44847e-4 1 3.02697e-4 0 1 -2.80362e-7 0 1 2.80183e-7 0 1 -1.87108e-7 0 1 4.33312e-7 0 1 -2.80198e-7 0 1 2.80349e-7 0 1 -4.33122e-7 0 1 0 3.08978e-4 1 1.30915e-4 3.08968e-4 1 1.30939e-4 3.09007e-4 1 1.30933e-4 0 1 0 0 1 -1.5983e-7 0 1 0 0 1 -2.34176e-7 0 1 1.47108e-6 0 1 -3.84715e-7 0 1 -4.38807e-7 0 1 1.25004e-7 0 1 -3.09599e-7 0 1 1.68745e-7 0 1 -8.09323e-7 0 1 -1.48448e-7 0 1 8.66548e-7 0 1 -1.86817e-7 0 1 1.86885e-7 0 1 -8.66296e-7 0 1 3.74201e-7 0 1 -2.80031e-7 0 1 0 0 1 0 -5.18571e-4 0.9999999 -2.47937e-4 0 1 1.07723e-6 0 1 -6.08851e-7 0 1 2.03976e-7 0 1 1.15099e-6 0 1 -8.36808e-7 0 1 1.05068e-6 0 1 3.38085e-7 0 1 -2.59099e-7 0 1 4.51345e-7 5.60015e-6 1 3.35522e-4 5.60823e-6 1 3.35522e-4 5.62414e-6 1 3.35521e-4 5.64819e-6 1 3.35932e-4 0 1 4.11108e-7 5.44405e-5 1 3.31123e-4 9.42722e-5 1 3.22054e-4 9.42769e-5 1 3.21674e-4 0 1 -3.79403e-7 3.08977e-4 1 1.30918e-4 3.08979e-4 1 1.30912e-4 0 1 1.13837e-6 0 1 1.2566e-6 0 1 -1.37955e-6 0 1 8.43477e-7 0 1 -1.62548e-6 0 1 8.31481e-7 0 1 -7.9853e-7 0 1 4.37925e-7 0 1 3.35797e-7 -0.04838579 0.7070994 -0.7054569 -0.04803907 0.7071044 -0.7054755 -0.01577836 0.7068216 -0.7072159 -0.01534831 0.7071062 -0.7069408 0.01534801 0.7071056 -0.7069413 0.01577848 0.7068214 -0.7072161 0.04808616 0.7071101 -0.7054666 0.04838371 0.7071094 -0.705447 -0.07517975 0.7071018 -0.7031039 -0.07489329 0.7070983 -0.703138 -0.1407706 0.70709 -0.69297 -0.1407661 0.7070499 -0.6930118 -0.07486784 0.7070989 -0.7031401 -0.1498588 0.7071007 -0.6910506 -0.205305 0.7071105 -0.6766422 -0.22324 0.7070801 -0.6709707 -0.2679412 0.7071152 -0.6543666 -0.2939677 0.7071548 -0.6430515 -0.3282061 0.7071166 -0.6263122 -0.3607835 0.7072457 -0.6079794 -0.3855729 0.7071039 -0.5927375 -0.4240831 0.7069953 -0.5659606 -0.4395272 0.7071102 -0.5539053 -0.4825782 0.7070032 -0.5169767 -0.4896066 0.7071102 -0.510177 -0.5352629 0.7071021 -0.462061 -0.5354327 0.7071033 -0.4618623 -0.5763549 0.7071048 -0.4096558 -0.5818484 0.7070348 -0.4019384 -0.6122861 0.7071101 -0.3536964 -0.6215795 0.7070862 -0.3371468 -0.6428062 0.7070958 -0.2946453 -0.6541342 0.7071787 -0.268341 -0.6676436 0.7070846 -0.2329881 -0.6788629 0.7072778 -0.1972394 -0.6865382 0.7071193 -0.1692559 -0.6963674 0.7070926 -0.122852 -0.6994144 0.7071063 -0.1040202 -0.7055878 0.7070341 -0.04742133 -0.7060871 0.7071102 -0.03789776 -0.7065613 0.7070722 0.02863758 -0.706528 0.7071096 0.0285328 -0.7007313 0.7071023 0.09477382 -0.6993647 0.707117 0.104282 -0.6887149 0.7071135 0.1601945 -0.6841433 0.7070827 0.1788352 -0.6706328 0.7071112 0.224155 -0.6609207 0.7071533 0.2512333 -0.6466172 0.7071155 0.2861361 -0.6303511 0.7073026 0.3199697 -0.6168989 0.7071033 0.3456022 -0.5922648 0.7070822 0.3863381 -0.58172 0.7070973 0.402014 -0.5472882 0.7071288 0.4477105 -0.5413779 0.7071018 0.4548812 -0.4961332 0.7070727 0.5038852 -0.4964441 0.707107 0.5035306 -0.4469153 0.7070727 0.5480099 -0.4391298 0.7068011 0.5546145 -0.3933752 0.7070947 0.5875995 -0.3770819 0.7070786 0.5982049 -0.3364512 0.7070976 0.6219434 -0.310553 0.7072005 0.635157 -0.2765346 0.7071173 0.6507794 -0.2417725 0.7074328 0.6641423 -0.214206 0.7070894 0.6738995 -0.1681292 0.7070991 0.6868358 -0.1499679 0.7070939 0.691034 -0.09346711 0.707076 0.7009332 -0.08440697 0.707108 0.7020497 -0.01769524 0.707097 0.7068952 -0.01811635 0.7069288 0.7070528 -0.01814913 0.7068479 0.7071328 -0.01205652 0.7079425 0.7061672 -0.006016135 0.7071437 0.7070443 -4.76562e-5 0.7071411 0.7070726 0.07517886 0.707108 -0.7030978 0.1408419 0.7071052 -0.6929399 0.07485944 0.7071053 -0.7031345 0.14986 0.7071016 -0.6910495 0.2052995 0.7071126 -0.6766417 0.223242 0.7070819 -0.6709682 0.2679387 0.7071135 -0.6543695 0.2937909 0.7070881 -0.6432055 0.3282064 0.7071176 -0.626311 0.3601488 0.7074697 -0.6080951 0.3855749 0.707103 -0.5927372 0.424026 0.7069674 -0.566038 0.4395293 0.7071077 -0.5539068 0.4825803 0.70712 -0.5168148 0.4896463 0.7070978 -0.510156 0.5352832 0.7070742 -0.4620801 0.5354266 0.7071107 -0.4618581 0.5763404 0.7070921 -0.4096981 0.5820788 0.7068617 -0.4019089 0.6122875 0.7070883 -0.3537377 0.6215782 0.7070869 -0.3371482 0.6428076 0.7070941 -0.2946463 0.6541749 0.7073515 -0.2677856 0.6676137 0.7071152 -0.2329812 0.6789972 0.7072027 -0.1970466 0.6865376 0.7071202 -0.1692548 0.6963626 0.7071051 -0.1228073 0.6994135 0.707107 -0.1040221 0.7055324 0.7070931 -0.04736441 0.7060865 0.7071108 -0.03789806 0.7068355 0.7067976 0.02865004 0.7065261 0.7071116 0.02853256 0.700751 0.7070882 0.09473389 0.6994134 0.7070598 0.1043425 0.688711 0.7071174 0.1601942 0.6841441 0.7070701 0.1788824 0.6706332 0.7071114 0.2241531 0.6603195 0.7074657 0.2519338 0.6466122 0.7071195 0.2861375 0.6304227 0.7074483 0.3195062 0.6168994 0.7071064 0.3455948 0.5921936 0.7071098 0.3863968 0.5817183 0.7070989 0.4020137 0.5473654 0.7070707 0.4477077 0.541376 0.7071036 0.4548808 0.4961332 0.7070721 0.503886 0.4964444 0.7071059 0.5035317 0.4467844 0.7071132 0.5480646 0.4391589 0.7070312 0.5542982 0.3933717 0.7070963 0.5875998 0.3771469 0.7071041 0.5981339 0.3364499 0.7070985 0.6219431 0.3106889 0.7071515 0.6351451 0.2765372 0.7071177 0.6507779 0.2407948 0.7070841 0.6648683 0.2142075 0.7070896 0.6738988 0.1681756 0.7070864 0.6868376 0.1499658 0.7070965 0.6910318 0.0934658 0.707076 0.7009335 0.08437615 0.7070763 0.7020854 0.01772159 0.7070955 0.7068961 0.01771843 0.707101 0.7068906 0.08441323 0.7071034 0.7020536 0.01811766 0.7073335 0.7066478 0.01811569 0.7074486 0.7065327 0.01205503 0.7075245 0.7065861 0.006067216 0.7062606 0.7079259 -5.47699e-6 0.7062934 0.7079192 -0.9961994 0 0.08710247 -0.9961994 0 0.08710211 -0.02502018 2.5781e-6 0.999687 -0.02502018 2.00048e-6 0.999687 -0.1321132 8.88322e-7 0.9912347 -0.1321365 1.85706e-6 0.9912316 -0.02502197 -8.88322e-7 0.9996869 -0.1321349 0 0.9912317 -0.2377457 0 0.9713274 -0.2377429 0 0.9713282 -0.3406099 0 0.9402048 -0.3406072 0 0.9402057 -0.4395403 0 0.8982229 -0.4395373 0 0.8982244 -0.5333928 0 0.8458678 -0.5333894 0 0.8458698 -0.6210858 0 0.7837426 -0.6210828 0 0.7837451 -0.701605 0 0.7125661 -0.7016026 0 0.7125685 -0.774021 0 0.6331599 -0.7740191 0 0.6331623 -0.837498 0 0.5464404 -0.8374965 0 0.5464428 -0.8913019 0 0.4534103 -0.8913007 0 0.4534128 -0.9348115 0 0.3551446 -0.9348105 0 0.3551472 -0.9675256 0 0.2527733 -0.9675248 0 0.2527759 -0.9890642 0 0.1474859 -0.9890637 0 0.1474887 -0.9991797 0 0.04049605 -0.9991796 0 0.04049891 -0.9977554 0 -0.06696587 -0.9977555 0 -0.06696307 -0.9848075 0 -0.1736499 -0.984808 0 -0.173647 -0.9604858 0 -0.2783293 -0.9604865 0 -0.2783265 -0.9250705 0 -0.3797954 -0.9250717 0 -0.3797926 -0.8789713 0 -0.4768746 -0.8789728 0 -0.4768719 -0.8227195 0 -0.5684475 -0.8227214 0 -0.5684449 -0.7569674 0 -0.6534527 -0.7569693 0 -0.6534506 -0.6824729 0 -0.7309109 -0.6824744 0 -0.7309095 -0.6000935 0 -0.7999299 -0.6000951 0 -0.7999287 -0.5107844 0 -0.8597089 -0.5107871 0 -0.8597074 -0.4155777 0 -0.9095578 -0.4155808 0 -0.9095563 -0.3155701 0 -0.9489024 -0.3155714 0 -0.9489018 -0.2119175 0 -0.9772877 -0.2119171 -1.86078e-6 -0.9772877 -0.1058397 8.88323e-7 -0.9943833 -0.1058415 -2.01352e-6 -0.994383 -0.2118992 -8.88323e-7 -0.9772915 -0.1058415 -2.5781e-6 -0.994383 0.06844669 -1.09515e-6 -0.9976548 0.06844669 2.43331e-6 -0.9976548 0.02286094 5.09358e-7 -0.9997387 0.0228272 6.177e-7 -0.9997395 0.06845086 -5.09358e-7 -0.9976546 0.02284091 0 -0.9997391 -0.0228272 -6.17933e-7 -0.9997395 -0.06844669 1.09515e-6 -0.9976548 -0.06844669 -2.43378e-6 -0.9976548 -0.02286094 -5.09358e-7 -0.9997387 -0.06845086 7.27119e-6 -0.9976545 -0.02284091 0 -0.9997391 0.02502018 -2.5781e-6 0.999687 0.02502018 -2.00234e-6 0.999687 0.1321132 -8.88322e-7 0.9912347 0.1321365 -1.85892e-6 0.9912316 0.02502197 8.88322e-7 0.9996869 0.1321349 0 0.9912317 0.2377463 0 0.9713274 0.2377436 0 0.971328 0.3406098 0 0.9402047 0.3406072 0 0.9402057 0.4395396 0 0.8982234 0.4395363 0 0.8982248 0.5333924 0 0.8458679 0.533389 0 0.8458701 0.6210858 0 0.7837426 0.6210828 0 0.783745 0.7016051 0 0.7125661 0.7016027 0 0.7125684 0.774021 0 0.6331599 0.7740191 0 0.6331623 0.837498 0 0.5464404 0.8374965 0 0.5464428 0.8913029 0 0.4534086 0.8913016 0 0.453411 0.9348121 0 0.3551427 0.9348112 0 0.3551453 0.967525 0 0.2527754 0.9675244 0 0.2527781 0.9890639 0 0.1474883 0.9890634 0 0.147491 0.9991797 0 0.04049634 0.9991797 0 0.04049915 0.9977552 0 -0.06696611 0.9977554 0 -0.06696331 0.9848071 0 -0.1736522 0.9848076 0 -0.1736494 0.9604857 0 -0.2783293 0.9604865 0 -0.2783265 0.9250707 0 -0.3797953 0.9250717 0 -0.3797925 0.878971 0 -0.4768751 0.8789726 0 -0.4768724 0.8227206 0 -0.568446 0.8227224 0 -0.5684433 0.7569677 0 -0.6534523 0.7569696 0 -0.6534502 0.6824717 0 -0.7309121 0.6824732 0 -0.7309107 0.6000934 0 -0.79993 0.6000951 0 -0.7999288 0.5107847 0 -0.8597088 0.5107874 0 -0.8597071 0.4155765 0 -0.9095582 0.4155797 0 -0.9095569 0.3155707 0 -0.9489021 0.315572 0 -0.9489017 0.2119181 0 -0.9772875 0.2119181 1.86451e-6 -0.9772874 0.1058397 -8.88323e-7 -0.9943832 0.1058415 2.01724e-6 -0.994383 0.2118992 1.74211e-5 -0.9772915 0.1058415 2.5781e-6 -0.994383 1 0 0 0 -4.42557e-4 1 -6.60962e-6 -1.07054e-4 1 -7.47573e-6 -4.02585e-6 1 1.30173e-4 -2.21395e-4 1 4.05929e-5 -2.03928e-6 1 -6.92104e-6 0 1 -1.97967e-6 0 1 0 0 1 6.92337e-6 0 1 -1.97459e-5 0 1 1.33655e-5 0 1 -1 0 0 -1 1.04262e-5 1.42439e-4 0.04838365 -0.7071095 -0.7054468 0.04803794 -0.7071096 -0.7054703 0.01577794 -0.706822 -0.7072156 0.01534795 -0.7071064 -0.7069407 -0.01568514 -0.7071101 -0.7069295 -0.0157783 -0.706822 -0.7072154 -0.04808676 -0.7071041 -0.7054726 -0.04838556 -0.7071012 -0.705455 0.07483619 -0.7071033 -0.703139 0.1499405 -0.7069182 -0.6912196 0.07519042 -0.707108 -0.7030965 0.1505896 -0.7071655 -0.6908254 0.2230291 -0.7070441 -0.6710788 0.2235544 -0.7071625 -0.6707791 0.293767 -0.7070495 -0.6432589 0.2942082 -0.7071567 -0.6429394 0.3611102 -0.7070581 -0.6080035 0.361469 -0.7071537 -0.6076791 0.4242795 -0.7070631 -0.5657284 0.4245612 -0.707147 -0.5654122 0.4825448 -0.7070723 -0.5169132 0.482756 -0.7071442 -0.5166178 0.5352368 -0.7070755 -0.4621319 0.5353854 -0.7071354 -0.4618679 0.5817422 -0.7070827 -0.4020075 0.5818377 -0.7071308 -0.4017848 0.6215287 -0.7070837 -0.3372458 0.6215815 -0.7071203 -0.3370717 0.6541268 -0.7070948 -0.2685799 0.6541494 -0.7071191 -0.2684608 0.6791768 -0.707093 -0.1968209 0.6791818 -0.7071052 -0.1967602 0.6963706 -0.7071005 -0.1227889 0.6963649 -0.7071065 -0.1227856 0.7055079 -0.7071154 -0.04739862 0.7055229 -0.707104 -0.04734408 0.7065157 -0.7071217 0.02854132 0.7065358 -0.7070968 0.02865767 0.6993789 -0.7071222 0.1041512 0.6993898 -0.7070851 0.1043298 0.6841732 -0.7071238 0.1785585 0.684161 -0.7070752 0.1787975 0.6610741 -0.7071256 0.2509072 0.6610256 -0.7070663 0.2512022 0.6303423 -0.7071365 0.3203541 0.6302455 -0.7070659 0.3207002 0.592342 -0.7071428 0.3861089 0.5921859 -0.7070606 0.3864986 0.5475069 -0.7071536 0.4474037 0.5472819 -0.7070594 0.4478276 0.4963623 -0.7071567 0.5035415 0.4960594 -0.7070505 0.5039889 0.4394894 -0.7071626 0.5538684 0.4391009 -0.7070455 0.5543258 0.3775483 -0.7071706 0.5978019 0.3770694 -0.7070415 0.5982567 0.3112547 -0.7071723 0.6348447 0.3106812 -0.7070319 0.635282 0.2413703 -0.7071775 0.6645603 0.2407014 -0.7070263 0.6649637 0.1687012 -0.7071829 0.6866093 0.1679388 -0.7070208 0.686963 0.09457117 -0.707184 0.7006762 0.09342026 -0.7071248 0.7008903 0.01815044 -0.7071127 0.7068679 0.01770108 -0.7071069 0.7068851 -0.07517969 -0.7071045 -0.7031013 -0.1408018 -0.7070903 -0.6929634 -0.07485961 -0.707102 -0.703138 -0.1498907 -0.7070726 -0.6910724 -0.2053027 -0.7071121 -0.6766412 -0.2232396 -0.7070809 -0.67097 -0.2679402 -0.7071154 -0.6543669 -0.2938288 -0.7070989 -0.6431764 -0.3282032 -0.7071174 -0.6263129 -0.3601493 -0.7074697 -0.6080948 -0.3855722 -0.7071041 -0.5927377 -0.4242526 -0.7070733 -0.5657359 -0.439526 -0.7071089 -0.5539079 -0.4825796 -0.7070319 -0.5169361 -0.4896482 -0.7070958 -0.5101571 -0.5352891 -0.7070676 -0.4620836 -0.5354326 -0.707103 -0.4618629 -0.5763548 -0.7071049 -0.4096559 -0.5818095 -0.7070643 -0.4019427 -0.6122859 -0.7071104 -0.3536959 -0.6216126 -0.7070728 -0.3371139 -0.6428055 -0.7070963 -0.2946455 -0.654127 -0.7071502 -0.2684336 -0.6676424 -0.7070848 -0.2329907 -0.6785424 -0.7074585 -0.1976934 -0.6865735 -0.707087 -0.1692478 -0.6963615 -0.7071064 -0.1228055 -0.6994143 -0.7071063 -0.104021 -0.7055607 -0.7070631 -0.04739183 -0.7061024 -0.7070973 -0.03785365 -0.7069405 -0.7066925 0.02865415 -0.706528 -0.7071098 0.02853268 -0.7007316 -0.707102 0.094774 -0.6994382 -0.7070307 0.1043742 -0.6887148 -0.7071136 0.1601949 -0.6841447 -0.7070575 0.1789292 -0.6706336 -0.7071108 0.2241541 -0.6609506 -0.707138 0.2511978 -0.6466173 -0.707116 0.2861348 -0.6304275 -0.7074428 0.3195088 -0.6169002 -0.7071028 0.3456005 -0.5922648 -0.7070818 0.386339 -0.5817195 -0.7070979 0.4020137 -0.5473657 -0.7070711 0.4477066 -0.541377 -0.7071027 0.454881 -0.4961327 -0.7070726 0.5038857 -0.4964436 -0.7071068 0.5035314 -0.4468724 -0.7070862 0.5480276 -0.4391626 -0.7070586 0.5542604 -0.3933737 -0.707094 0.5876013 -0.3772099 -0.707128 0.5980659 -0.33645 -0.7070978 0.6219439 -0.3106898 -0.7071509 0.6351453 -0.2765344 -0.7071179 0.6507788 -0.2417723 -0.707433 0.6641421 -0.2142089 -0.707089 0.6738989 -0.1682221 -0.7070714 0.6868417 -0.1499681 -0.7070939 0.6910338 -0.09346634 -0.7070764 0.7009329 -0.08440291 -0.7071034 0.7020549 -0.01772165 -0.7070963 0.7068952 -0.01771873 -0.707099 0.7068926 -0.08441287 -0.7071068 0.7020503 -0.01811814 -0.7068505 0.707131 -0.0181111 -0.7067107 0.7072709 -0.01207047 -0.7079612 0.7061482 -0.006019592 -0.7071384 0.7070496 -1.63738e-7 -0.7071364 0.7070772 -8.73152e-5 -1 -9.41534e-5 4.09041e-5 -1 -6.26085e-5 6.95058e-6 -1 -7.94479e-5 -8.7557e-5 -1 -9.82522e-5 -9.38097e-5 -1 -4.437e-5 -9.09707e-5 -1 1.23103e-5 0 -1 0 3.32524e-4 -1 -4.51034e-5 -3.35507e-4 -1 -6.42316e-6 3.3482e-4 -1 6.36161e-6 3.28174e-4 -1 -9.24492e-5 3.09508e-4 -1 -1.73688e-4 -3.2272e-5 -1 -7.35737e-5 -6.62363e-6 -1 -7.57117e-5 -5.3987e-5 -1 -5.86452e-5 1.04153e-4 -1 -8.33766e-5 -1.93187e-4 -1 7.217e-5 -1.72518e-4 -1 9.71605e-5 6.44964e-5 -1 1.47039e-4 -1.56289e-4 -1 -1.05666e-4 1.2199e-5 -1 1.47222e-4 2.79127e-4 -1 2.15368e-5 8.27575e-5 -1 -1.90897e-5 -1.21522e-5 -1 8.43494e-7 0.6968503 -0.7068328 -0.1216018 0.7071052 -0.7071084 0 0.7063857 -0.7078272 0 0.6965044 -0.7070285 0.1224443 0.695551 -0.7072929 0.1262759 0.6644391 -0.7071225 0.2418646 0.6618294 -0.7072674 0.2485049 0.61244 -0.7070748 0.3535003 0.6069931 -0.7071276 0.3626704 0.5418019 -0.7070445 0.4544655 0.532503 -0.7071083 0.4652293 0.4545713 -0.7070797 0.5416671 0.4407769 -0.707167 0.5528388 0.3535996 -0.7070851 0.6123709 0.3350583 -0.707117 0.6226729 0.2418904 -0.7070893 0.664465 0.2185016 -0.7071143 0.6724927 0.1229285 -0.7070438 0.6964035 0.0948401 -0.7071561 0.700668 5.48911e-5 -0.7070768 0.7071369 -0.03173905 -0.7071232 0.7063777 -0.1227322 -0.7070793 0.696402 -0.1573467 -0.707105 0.6893798 -0.2418126 -0.7070944 0.664488 -0.2779443 -0.7071461 0.6501471 -0.353462 -0.7070302 0.6125137 -0.389571 -0.7071536 0.5900579 -0.4544755 -0.7070461 0.5417913 -0.4886725 -0.7071675 0.5109926 -0.5416528 -0.7070083 0.4546994 -0.5720509 -0.7071551 0.4155591 -0.6124272 -0.7068653 0.3539413 -0.6370451 -0.7071772 0.3067148 -0.6645002 -0.7070475 0.2419158 -0.6815765 -0.7071629 0.1880798 -0.6965709 -0.7068768 0.1229395 -0.7036544 -0.7077253 0.06320995 -0.7069455 -0.7072681 1.38542e-7 -0.704102 -0.7072685 -0.06333744 -0.6963726 -0.7070963 -0.1228005 -0.6815519 -0.7071933 -0.1880553 -0.6644652 -0.7071031 -0.24185 -0.6368399 -0.7075697 -0.3062354 -0.6123785 -0.7070847 -0.3535872 -0.572052 -0.7071545 -0.4155589 -0.5416749 -0.7070962 -0.4545363 -0.4886674 -0.7071427 -0.5110317 -0.4544608 -0.7070258 -0.5418301 -0.3895412 -0.7071078 -0.5901325 -0.3535512 -0.7071103 -0.6123697 -0.2779443 -0.707146 -0.6501474 -0.2418136 -0.7070928 -0.6644893 -0.157378 -0.707125 -0.6893522 -0.1227021 -0.7070569 -0.69643 -0.03177446 -0.7071458 -0.7063536 -2.27321e-5 -0.707115 -0.7070986 0.09484016 -0.7071567 -0.7006675 0.1228062 -0.707102 -0.6963659 0.2182728 -0.7072564 -0.6724175 0.2422267 -0.7069343 -0.6645075 0.3350556 -0.7071176 -0.6226738 0.3535556 -0.7071058 -0.6123723 0.4408942 -0.7070917 -0.5528415 0.4546546 -0.7070415 -0.5416471 0.5325042 -0.7071066 -0.4652308 0.541725 -0.7070824 -0.4544981 0.6069556 -0.7071554 -0.3626791 0.6124039 -0.7070934 -0.3535258 0.6619344 -0.7071782 -0.248479 0.6646165 -0.7070213 -0.2416731 0.6946831 -0.7081349 -0.1263348 0.9839291 4.38932e-5 0.1785598 0.9959742 3.44217e-6 0.08964073 1 -1.2503e-6 0 0.9959743 3.74252e-6 -0.08964085 0.9839292 9.0248e-5 -0.1785596 0.9639615 -1.37067e-4 -0.2660421 0.9362376 -3.59071e-6 -0.3513675 0.9009675 -9.07318e-5 -0.4338866 0.8584522 4.33768e-5 -0.5128937 0.809015 -1.36742e-4 -0.5877879 0.7530712 -3.03332e-6 -0.6579392 0.6910657 -4.45708e-5 -0.722792 0.6234882 4.36311e-5 -0.7818328 0.5509043 -8.95825e-5 -0.8345685 0.4738665 4.48767e-5 -0.8805967 0.3930311 -4.30825e-5 -0.9195252 0.3090174 4.40767e-5 -0.9510565 0.2225199 2.33622e-6 -0.9749283 0.1342292 4.37442e-5 -0.9909504 0.04485923 2.50945e-6 -0.9989933 -0.04486048 -2.69338e-6 -0.9989933 -0.1342297 2.28221e-6 -0.9909502 -0.2225188 -2.71015e-6 -0.9749285 -0.3090193 2.27522e-6 -0.9510558 -0.3930284 -3.11714e-6 -0.9195264 -0.4738658 -9.13725e-5 -0.8805971 -0.5509031 -3.96185e-6 -0.8345693 -0.6234883 -1.37562e-4 -0.7818328 -0.6910673 1.36173e-4 -0.7227904 -0.7530684 -9.01641e-5 -0.6579423 -0.8090191 4.38848e-5 -0.5877825 -0.8584463 -4.41046e-5 -0.5129038 -0.9009708 8.95052e-5 -0.4338799 -0.9362353 1.70339e-6 -0.3513737 -0.9639598 4.29279e-5 -0.266048 -0.9839299 -4.41857e-5 -0.1785554 -0.9959738 -2.64635e-6 -0.0896452 -1 3.05846e-6 0 -0.9959738 -2.57464e-6 0.08964467 -0.9839298 2.33669e-6 0.1785562 -0.9639597 4.31216e-5 0.2660487 -0.9362354 -1.36887e-4 0.3513733 -0.9009707 4.3435e-5 0.4338799 -0.8584467 2.44146e-6 0.512903 -0.8090189 4.3577e-5 0.5877826 -0.7530691 2.06754e-6 0.6579415 -0.691067 4.32464e-5 0.7227907 -0.6234887 -4.45237e-5 0.7818323 -0.5509029 -3.04077e-6 0.8345695 -0.473866 -4.41698e-5 0.8805971 -0.3930291 -2.88989e-6 0.9195262 -0.3090187 -4.42765e-5 0.951056 -0.222518 -3.20235e-6 0.9749286 -0.1342298 1.89198e-6 0.9909503 -0.04486012 -2.70037e-6 0.9989933 0.04485982 2.51923e-6 0.9989933 0.1342293 4.41279e-5 0.9909503 0.2225197 -8.98931e-5 0.9749283 0.3090169 9.05823e-5 0.9510566 0.3930314 -4.33475e-5 0.9195252 0.4738674 -2.38512e-6 0.8805963 0.5509047 2.19839e-6 0.8345683 0.6234882 1.35997e-4 0.7818328 0.691066 -4.4297e-5 0.7227916 0.7530711 9.01632e-5 0.6579393 0.8090155 -9.0193e-5 0.5877875 0.8584524 4.33023e-5 0.5128934 0.9009679 -4.48497e-5 0.4338859 0.9362375 4.26462e-5 0.3513678 0.9639614 -1.37504e-4 0.2660422 0 -1 -1.9531e-7 0 -1 2.08895e-7 0 -1 -6.37873e-7 0 -1 6.35187e-7 0 -1 3.5859e-7 0 -1 -3.19033e-7 0 -1 2.38992e-7 0 -1 1.58738e-7 0 -1 0 0 -1 0 0 -1 2.39358e-7 0 -1 -3.17866e-7 0 -1 3.58894e-7 0 -1 1.79142e-7 0 -1 -6.36957e-7 0 -1 6.34327e-7 0 -1 -5.70193e-7 0 -1 -1.93953e-7 0 -1 1.19465e-7 0 -1 3.1903e-7 0 -1 -5.58057e-7 0 -1 -1.0418e-6 0 -1 1.51669e-7 0 -1 -4.54259e-7 0 -1 3.25691e-7 0 -1 1.77944e-7 0 -1 9.1118e-7 0 -1 6.37223e-7 0 -1 -9.55108e-7 0 -1 2.39233e-7 0 -1 9.57835e-7 0 -1 -3.17762e-7 0 -1 -2.1058e-7 0 -1 2.95505e-7 0 -1 -3.51682e-7 3.33687e-4 -3.54849e-5 -1 0 0 -1 3.35569e-4 0 -1 3.35569e-4 0 -1 0 0.7070961 -0.7071175 0 0.7070993 -0.7071143 0 1 -4.20114e-7 0 1 1.63905e-6 0 1 -9.12791e-7 0 1 -1.43732e-6 0 1 -1.43732e-6 0 1 -4.21541e-7 0 1 1.16076e-6 0 1 -8.37609e-7 0 1 8.43616e-7 0 1 -1.158e-6 0 1 4.19581e-7 0 1 4.20258e-7 0 1 -4.21964e-7 0 1 4.21222e-7 0 1 -5.76654e-7 0 1 -4.20253e-7 0 1 -4.19583e-7 0 1 1.15799e-6 0 1 -4.21809e-7 0 1 1.15441e-6 0 1 -4.21834e-7 -0.1892535 0 -0.9819283 8.33844e-7 0 -1 -1.60098e-6 0 -1 0.1892531 0 -0.9819284 0.1892508 0 -0.9819288 0.3716632 0 -0.9283677 0.3716608 0 -0.9283686 0.5406409 0 -0.8412535 0.5406392 0 -0.8412546 0.6900811 0 -0.7237321 0.69008 0 -0.7237332 0.8145763 0 -0.5800567 0.814575 0 -0.5800583 0.909632 0 -0.4154151 0.909631 0 -0.4154174 0.9718123 0 -0.2357562 0.9718117 0 -0.2357587 0.9988675 0 -0.04757964 0.9988673 0 -0.04758208 0.9898214 0 0.1423155 0.9898218 0 0.1423131 0.9449992 0 0.3270727 0.945 0 0.3270704 0.8660234 0 0.5000035 0.8660247 0 0.5000014 0.7557506 0 0.6548597 0.7557522 0 0.6548577 0.6181584 0 0.7860537 0.6181604 0 0.7860519 0.4582244 0 0.8888366 0.4582266 0 0.8888354 0.281731 0 0.9594935 0.2817326 0 0.959493 0.09505397 0 0.9954721 0.09505563 0 0.995472 -0.09505569 0 0.995472 -0.09505403 0 0.9954721 -0.2817323 0 0.9594932 -0.2817306 0 0.9594935 -0.4582287 0 0.8888343 -0.4582266 0 0.8888354 -0.6181603 0 0.7860521 -0.6181583 0 0.7860537 -0.7557504 0 0.6548599 -0.7557487 0 0.6548618 -0.8660247 0 0.5000013 -0.8660236 0 0.5000035 -0.945001 0 0.3270676 -0.9450001 0 0.3270699 -0.9898223 0 0.142309 -0.989822 0 0.1423114 -0.9988673 0 -0.04758334 -0.9988674 0 -0.04758089 -0.9718117 0 -0.2357584 -0.9718123 0 -0.235756 -0.909631 0 -0.4154174 -0.909632 0 -0.4154151 -0.8145748 0 -0.5800585 -0.8145761 0 -0.5800567 -0.6900799 0 -0.7237332 -0.6900813 0 -0.7237319 -0.5406392 0 -0.8412546 -0.540641 0 -0.8412534 -0.371661 0 -0.9283685 -0.3716632 0 -0.9283676 -0.1892512 0 -0.9819288 0.1255134 0.7068246 -0.6961649 0 0.7071033 -0.7071103 5.47399e-7 0.707128 -0.7070856 -0.1261292 0.7070608 -0.6958135 -0.1338062 0.7071471 -0.6942902 -0.2482923 0.7068914 -0.6623107 -0.2627927 0.707163 -0.6563997 -0.362669 0.7070698 -0.6070615 -0.3822769 0.7071374 -0.5948287 -0.4652422 0.7070358 -0.5325883 -0.4879523 0.7071174 -0.5117495 -0.5528525 0.7070809 -0.4408977 -0.5759948 0.7071055 -0.4101608 -0.6226832 0.707092 -0.3350918 -0.6432032 0.7071145 -0.2937326 -0.6725128 0.7070883 -0.2185239 -0.687166 0.7071158 -0.1667036 -0.7007032 0.7071101 -0.09492272 -0.7063085 0.7071041 -0.03364711 -0.7064654 0.7070362 0.03172576 -0.6998981 0.7071184 0.10063 -0.689422 0.707059 0.1573688 -0.6682329 0.7070913 0.2312719 -0.6502168 0.7070944 0.277913 -0.6123697 0.7071098 0.3535521 -0.5901312 0.7071071 0.3895445 -0.5343807 0.7071318 0.4630357 -0.5110965 0.7070873 0.4886797 -0.4371034 0.7071185 0.5558094 -0.4156299 0.7071052 0.5720613 -0.3240121 0.7071304 0.6284766 -0.3067877 0.7070778 0.6371204 -0.1992124 0.7071326 0.678438 -0.1881186 0.7071052 0.6816257 -0.06720656 0.7071101 0.7039024 -0.06323307 0.7071128 0.7042678 0.06346398 0.7070991 0.7042607 0.06713604 0.7072333 0.7037854 0.1880917 0.7070824 0.6816568 0.1991366 0.707396 0.6781856 0.3067637 0.707023 0.6371926 0.324002 0.7071633 0.6284448 0.4156301 0.7070751 0.5720982 0.4371052 0.7071184 0.5558081 0.5111056 0.7070581 0.4887127 0.534398 0.7071004 0.4630635 0.5901332 0.7071066 0.3895421 0.6123699 0.7071106 0.3535502 0.6502666 0.7070319 0.2779554 0.6681997 0.7071257 0.2312628 0.6894838 0.7069925 0.1573969 0.6999011 0.7071152 0.1006305 0.7066006 0.7069007 0.0317341 0.7063106 0.7071017 -0.03365242 0.7007693 0.7070431 -0.09493386 0.6871346 0.7071484 -0.1666947 0.6724881 0.7071191 -0.2185004 0.643203 0.7071124 -0.2937381 0.6227324 0.7070249 -0.3351421 0.575993 0.7071045 -0.4101651 0.5528532 0.7070799 -0.4408984 0.4879541 0.7071148 -0.5117514 0.4652338 0.7070925 -0.5325202 0.3822901 0.7071019 -0.5948624 0.3626747 0.7070971 -0.6070262 0.2627932 0.7071618 -0.6564008 0.248158 0.7067146 -0.6625497 0.1338047 0.7071463 -0.6942913 0 1 -2.78424e-7 0 1 -2.06626e-6 1.20639e-4 1 3.11067e-4 0 1 2.76898e-6 1.21888e-4 1 3.15419e-4 0 1 2.07566e-6 1.73927e-4 1 4.48795e-4 2.36411e-4 1 4.19111e-4 0 1 -5.51162e-7 1.64705e-4 1 2.91816e-4 1.64895e-4 1 2.9226e-4 2.18071e-4 1 2.55052e-4 2.18097e-4 1 2.55029e-4 0 1 2.09074e-6 3.12627e-4 1 3.6551e-4 0 1 -1.09422e-6 2.86701e-4 1 1.74381e-4 4.09623e-4 0.9999999 2.49034e-4 2.86696e-4 1 1.74389e-4 0 1 1.08928e-6 0 1 -1.05186e-6 3.28798e-4 1 6.60179e-5 3.28952e-4 1 6.63096e-5 0 1 5.26344e-7 3.29021e-4 1 6.6492e-5 0 1 -1.7109e-6 3.35199e-4 1 1.40253e-5 4.7574e-4 1 -6.07105e-5 3.32869e-4 1 -4.24828e-5 0 1 1.57853e-6 3.32727e-4 1 -4.19987e-5 4.58079e-4 0.9999999 -1.41324e-4 4.25939e-4 0.9999999 -2.19964e-4 2.9816e-4 1 -1.53971e-4 2.98148e-4 1 -1.53994e-4 3.32966e-4 0.9999999 -3.4488e-4 3.32911e-4 0.9999999 -3.44933e-4 2.43314e-4 0.9999998 -5.2127e-4 1.41832e-4 1 -3.04122e-4 2.83732e-4 0.9999998 -6.08211e-4 1.43486e-4 0.9999999 -5.57078e-4 1.19497e-4 0.9999999 -4.64251e-4 3.19573e-5 1 -3.34043e-4 4.56571e-5 1 -4.77204e-4 3.19712e-5 1 -3.34042e-4 -2.61964e-5 1 -3.34544e-4 -2.62071e-5 1 -3.34544e-4 -8.58902e-5 1 -3.2439e-4 -1.22727e-4 1 -4.63408e-4 -8.60315e-5 1 -3.24353e-4 0 1 5.52425e-7 -1.41054e-4 1 -3.04483e-4 -2.66244e-4 1 -3.98651e-4 0 1 1.09999e-6 -1.86008e-4 1 -2.78198e-4 0 1 -2.08744e-6 -2.67294e-4 1 -4.00036e-4 -3.3552e-4 1 -3.44483e-4 -2.3413e-4 1 -2.40394e-4 -2.34185e-4 1 -2.40341e-4 -2.7386e-4 1 -1.93925e-4 -5.47714e-4 0.9999998 -3.87859e-4 0 1 1.04935e-6 -3.90772e-4 1 -2.7663e-4 -4.27525e-4 1 -2.15817e-4 0 1 -1.09022e-6 -4.28421e-4 1 -2.16181e-4 0 1 1.05119e-6 -2.9929e-4 1 -1.5071e-4 -3.23181e-4 1 -8.92833e-5 0 1 -1.08851e-6 -4.6219e-4 0.9999999 -1.28324e-4 0 1 -1.05235e-6 -4.62253e-4 1 -1.28062e-4 -4.75614e-4 1 -6.10477e-5 -3.32841e-4 1 -4.27009e-5 -3.32848e-4 1 -4.26407e-5 0 1 2.17477e-6 0 1 -1.57905e-6 -4.67675e-4 0.9999999 1.05302e-4 0 1 5.25931e-7 -4.67785e-4 0.9999999 1.0534e-4 -3.13374e-4 1 1.20539e-4 0 1 -2.17854e-6 0 1 1.05035e-6 -3.13611e-4 1 1.20441e-4 0 1 -2.18273e-6 -2.51577e-4 1 2.2207e-4 -2.51551e-4 1 2.221e-4 -3.59404e-4 0.9999999 3.17234e-4 0 1 -2.19574e-6 -2.86549e-5 1 1.49325e-4 -0.003521859 0.9287973 0.3705714 2.51582e-4 1 2.87861e-4 0.05448901 0.9288148 0.3665161 6.48219e-5 1 2.10658e-4 0.1111497 0.9288103 0.3534929 2.38296e-4 0.9999998 5.83932e-4 0.1650785 0.9288103 0.3317539 3.189e-4 0.9999998 5.04389e-4 0.2149426 0.9288167 0.3018266 3.89129e-4 0.9999999 4.49121e-4 0.2595321 0.9288029 0.2645155 1.3046e-4 1 8.44151e-5 0.2977025 0.9288093 0.2206506 5.20647e-4 0.9999998 3.10406e-4 0.3285472 0.9288133 0.1713554 5.64113e-4 0.9999999 2.27563e-4 0.3513402 0.9288005 0.1178548 5.67466e-4 0.9999999 9.3475e-5 0.3654291 0.9288095 0.06143808 6.52403e-4 0.9999998 2.02097e-6 0.370539 0.9288102 0.003520607 6.12319e-4 0.9999999 -8.35517e-5 0.3665884 0.9287853 -0.05450683 5.73233e-4 0.9999999 -1.80025e-4 0.3534714 0.9288196 -0.1111407 5.31092e-4 0.9999999 -2.98418e-4 0.3317741 0.9288004 -0.1650938 0.3018425 0.92881 -0.2149493 0.6163185 0.725325 -0.3066844 0.560693 0.7253965 -0.3992786 0.8130221 0.418686 -0.4045948 0.7397542 0.4186446 -0.5267832 0.889789 0.05236679 -0.4533578 0.8079053 0.05239856 -0.5869781 -1.97835e-4 0.9999998 5.52356e-4 -0.1178529 0.9288033 0.3513334 -0.06143802 0.9288107 0.3654258 -0.1141467 0.7253277 0.6788743 -0.006544888 0.7253277 0.6883726 -0.1505908 0.418649 0.8955756 -0.008641839 0.418648 0.9081076 -0.1562244 0.05240386 0.9863305 1.52066e-5 0.05241459 0.9986255 -0.1713923 0.9287707 0.3286484 -3.89665e-5 1 1.05143e-4 -0.2206584 0.9288021 0.297719 -2.7056e-4 1 3.68908e-4 -0.2645475 0.928781 0.2595774 -4.48078e-4 0.9999998 4.12062e-4 -0.3018847 0.9287877 0.2149861 -1.01522e-4 1 8.68514e-5 -0.3317692 0.9288033 0.1650875 -5.71579e-4 0.9999999 2.37547e-4 -0.3535212 0.9287984 0.1111593 -5.78403e-4 0.9999998 1.58833e-4 -0.3665691 0.9287937 0.05449289 -5.88685e-4 0.9999998 3.25944e-5 -0.3705733 0.9287966 -0.003522217 -6.03899e-4 0.9999998 -7.00243e-5 -0.3654184 0.9288138 -0.06143707 -6.00755e-4 0.9999999 -1.46471e-4 -0.351325 0.9288067 -0.1178513 -5.3513e-4 0.9999998 -2.56643e-4 -0.3285404 0.9288173 -0.1713467 -5.15401e-4 0.9999999 -3.44731e-4 -0.2978725 0.928808 -0.2204263 -0.2595372 0.9288017 -0.2645146 -0.5533208 0.725262 -0.4096721 -0.4821238 0.7253323 -0.4913753 -0.7297107 0.4185376 -0.5406927 -0.6360129 0.4186383 -0.6482511 -0.7061375 0.05238723 -0.7061342 -0.5869778 0.05237585 -0.8079071 -0.5267186 0.4184985 -0.7398828 -0.4533638 0.05242246 -0.8897827 -0.4045335 0.4185727 -0.813111 -0.3085882 0.05240434 -0.9497511 -0.2724018 0.4186505 -0.8663309 -0.1562286 0.05236989 -0.9863317 -0.1335219 0.4186497 -0.8982787 -8.65117e-6 0.0523746 -0.9986276 0.008638918 0.4186453 -0.9081087 0.1562125 0.0523709 -0.9863342 0.1505923 0.4186477 -0.8955758 0.3085891 0.05235368 -0.9497537 0.2888383 0.4186467 -0.8609921 0.4533622 0.05242371 -0.8897834 0.4200081 0.4186108 -0.8052071 0.5869762 0.05237615 -0.8079082 0.5408713 0.4185335 -0.7295807 0.7061321 0.05241566 -0.7061375 0.648276 0.4186071 -0.6360081 -4.52131e-4 0.9999999 -4.27052e-4 -0.2149806 0.9287936 -0.301871 -0.3992996 0.7253627 -0.5607218 -0.3066815 0.7253258 -0.616319 -3.45647e-4 0.9999999 -5.01961e-4 -0.1650784 0.9288133 -0.3317452 -0.2064819 0.7253639 -0.6566677 -2.65006e-4 0.9999998 -5.67749e-4 -0.1111482 0.9288152 -0.3534808 -0.1012209 0.7253642 -0.6808827 -1.60638e-4 0.9999998 -6.06388e-4 -0.05448591 0.9288164 -0.3665127 0.006540834 0.7253645 -0.688334 -5.80978e-5 0.9999998 -5.797e-4 0.003521084 0.9288115 -0.370536 0.1141361 0.7253995 -0.6787994 2.90349e-5 0.9999998 -6.09606e-4 0.06144231 0.9288064 -0.3654362 0.2189468 0.7253261 -0.6526594 1.3845e-4 0.9999998 -6.00427e-4 0.117858 0.9288012 -0.3513371 0.3183284 0.7253608 -0.6103431 2.35036e-4 0.9999999 -5.62698e-4 0.171375 0.9287992 -0.3285766 0.4099548 0.725256 -0.5531192 8.16882e-5 1 -1.24365e-4 0.2206615 0.9288043 -0.29771 0.4913799 0.7253271 -0.4821269 4.23387e-4 0.9999998 -4.44546e-4 0.2645113 0.928806 -0.2595253 1.17943e-4 1 -1.04696e-4 0.1335266 0.4186474 0.898279 0.1562306 0.05235761 0.986332 0.2723543 0.4185727 0.8663834 0.3085913 0.05234491 0.9497534 0.4045736 0.4186511 0.8130508 0.4533702 0.0524249 0.8897793 0.5267511 0.4185719 0.7398182 0.5869825 0.05243217 0.8079 0.6360074 0.4186098 0.6482749 0.7061412 0.05243182 0.7061271 0.7295926 0.4186463 0.5407681 0.8079107 0.05241942 0.586969 0.8052101 0.4186061 0.4200068 0.8897879 0.05239111 0.4533571 0.8609901 0.4186507 0.2888384 0.9497531 0.05241149 0.3085808 0.8955978 0.4185758 0.1506618 0.9863333 0.05235844 0.1562219 0.9081083 0.4186462 0.008641779 0.9986267 0.0523917 2.40654e-6 0.8982779 0.4186508 -0.1335231 0.9863312 0.05241382 -0.1562165 0.8663814 0.4185768 -0.2723543 0.9497507 0.05237156 -0.3085952 -0.8079138 0.05241882 -0.5869647 -0.8052131 0.4185364 -0.4200706 -0.6103439 0.725362 -0.3183243 -0.889783 0.05246537 -0.453358 -0.8609898 0.4186506 -0.2888394 -0.6526553 0.7253302 -0.2189456 -0.6788348 0.7253654 -0.114142 -0.9497492 0.05251282 -0.3085756 -0.8955751 0.4186489 -0.1505936 -0.6883351 0.7253634 -0.006539404 -0.9863315 0.05240255 -0.1562187 -0.908091 0.4186846 -0.008606255 -0.6809186 0.7253293 0.1012295 -0.9986245 0.05243456 9.20706e-6 -0.8983864 0.4184645 0.1333775 -0.6566718 0.7253602 0.206482 -0.9863318 0.05239862 0.1562176 -0.8663581 0.4186106 0.2723763 -0.6163476 0.7252944 0.3066983 -0.9497506 0.05234932 0.3085991 -0.81305 0.4186519 0.4045742 -0.5607506 0.7253293 0.3993197 -0.8897868 0.05233919 0.4533652 -0.7399452 0.4184237 0.5266904 -0.4913499 0.7253635 0.4821028 -0.8079008 0.05236315 0.5869878 -0.6482746 0.4186111 0.6360069 -0.409888 0.7253599 0.5530325 -0.7061311 0.05242818 0.7061375 -0.540835 0.4185711 0.7295861 -0.3183251 0.7253645 0.6103406 -0.5869682 0.05238032 0.8079138 -0.4200083 0.4186102 0.8052073 -0.2189438 0.7253299 0.6526562 -0.4533578 0.05236077 0.8897894 -0.2889085 0.4185772 0.8610023 -0.3085857 0.0523898 0.9497527 0.1012219 0.7253273 0.6809217 0.2064841 0.7253637 0.6566672 0.3066852 0.725327 0.6163157 0.3993419 0.7252926 0.5607823 0.4820972 0.7253654 0.4913527 0.553061 0.7253254 0.4099105 0.6103731 0.7253286 0.3183444 0.6526257 0.7253615 0.2189301 0.6788749 0.7253267 0.1141495 0.6883379 0.7253608 0.006543576 0.6808475 0.7253986 -0.1012113 0.6566663 0.7253645 -0.2064844 -0.1524361 0.05294954 0.9868939 3.31725e-6 0.05291104 0.9985993 0.1524529 0.0529288 0.9868925 0.3013157 0.05255246 0.9520751 0.4431169 0.05252468 0.8949238 0.574531 0.0523746 0.8168054 0.692483 0.05250889 0.7195208 0.7941782 0.05287718 0.6053801 0.8772796 0.0528869 0.4770573 0.9398269 0.05293589 0.3375253 0.9803393 0.0528776 0.1901024 0.9978901 0.05247265 0.03823536 0.9920299 0.05248463 -0.1145516 0.9629318 0.05236279 -0.2646138 0.9112446 0.05249768 -0.4085061 0.8382098 0.05259358 -0.5428062 0.7455252 0.05243235 -0.6644119 0.6353443 0.05294287 -0.7704122 0.5102905 0.05292159 -0.8583723 0.3732818 0.05248796 -0.926232 0.2275412 0.05243873 -0.9723555 0.07643759 0.05240923 -0.9956961 -0.07643985 0.05246776 -0.9956929 -0.2275361 0.0524581 -0.9723557 -0.3732852 0.05291229 -0.9262065 -0.5103083 0.05293071 -0.8583613 -0.6353588 0.05290764 -0.7704026 -0.7455273 0.05282258 -0.6643786 -0.8382033 0.05287402 -0.5427888 -0.9112253 0.05289191 -0.4084985 -0.962922 0.0525189 -0.2646184 -0.9920063 0.05295699 -0.114539 -0.9978662 0.05291736 0.03824776 -0.9803339 0.05289554 0.1901247 -0.9398404 0.05251806 0.3375527 -0.8772693 0.05289006 0.4770759 -0.7941699 0.05295222 0.6053845 -0.6924688 0.05256605 0.7195303 -0.5745267 0.05241537 0.8168058 -0.4431084 0.05260592 0.8949233 -0.301312 0.05255085 0.9520765 7.89501e-5 1 5.67272e-4 0.04698395 0.9288045 0.3675796 -3.9814e-6 1 5.45189e-4 -0.003521621 0.9288563 0.3704236 -4.25437e-5 1 2.25917e-4 -0.05393397 0.9288347 0.3665478 -0.1033445 0.9288177 0.3558339 -0.1919886 0.7253847 0.6610276 -0.1508473 0.9288035 0.3384809 -0.2802044 0.72539 0.6287248 -0.1954377 0.928863 0.3146708 -0.3632239 0.7253596 0.584741 -0.2365604 0.9288123 0.285214 -0.4394413 0.7253906 0.5298111 -0.2732076 0.928806 0.2503541 -0.5074419 0.7254532 0.4649951 -0.3047246 0.928819 0.2108035 -0.5661157 0.7253564 0.3916263 -0.3304302 0.928888 0.1672815 -0.6141386 0.7253895 0.310876 -0.3502458 0.9288414 0.1207549 -0.6507826 0.7253565 0.2243658 -0.3634845 0.9288183 0.07194232 -0.6752048 0.725422 0.1336469 -0.3698873 0.9288215 0.02177101 -0.6870784 0.7254559 0.04046022 -0.3693638 0.9288387 -0.02879709 -0.6862224 0.7254233 -0.05347746 -0.3620458 0.9288213 -0.07882833 -0.6725555 0.7254177 -0.1464183 -0.3479355 0.928824 -0.1273849 -0.6464148 0.7253557 -0.236658 -0.3272632 0.9288592 -0.1735491 -0.6081058 0.7254233 -0.3224412 -0.3007001 0.9288094 -0.2165469 -0.5585396 0.7254204 -0.4022423 -0.2683962 0.9288175 -0.2554638 -0.4985622 0.725423 -0.4745494 -0.2311173 0.9288115 -0.2896449 -0.4293094 0.7253665 -0.5380862 -0.1894601 0.9288411 -0.3183698 -0.3519247 0.7253587 -0.5916112 -0.144394 0.92882 -0.3412387 -0.2681678 0.7254446 -0.6338898 -0.09658688 0.9288271 -0.3577029 -0.179406 0.7254527 -0.6644787 -0.04698157 0.9288243 -0.36753 -0.08726769 0.7253555 -0.6828205 0.00350666 0.9288237 -0.3705056 0.006523072 0.7253578 -0.6883411 0.05390703 0.928873 -0.3664548 0.1001852 0.7253911 -0.6810072 0.1033341 0.9288417 -0.3557742 0.1919931 0.7253603 -0.661053 0.1508394 0.9288097 -0.3384673 0.2801905 0.7254206 -0.6286958 0.1955291 0.9288107 -0.3147683 0.3631888 0.7254223 -0.5846849 0.2365674 0.9288102 -0.2852147 0.4394418 0.7253907 -0.5298107 0.2732074 0.9288044 -0.25036 0.5074674 0.72542 -0.465019 0.3047448 0.9288098 -0.2108153 0.5660331 0.725454 -0.3915649 0.3306301 0.9288007 -0.1673713 0.614082 0.7254496 -0.3108475 0.3502432 0.9288418 -0.1207583 0.6507489 0.7253903 -0.2243546 0.3634704 0.9288232 -0.07194882 0.6752064 0.7254203 -0.1336477 0.3697997 0.9288559 -0.02179378 0.6871524 0.7253856 -0.04046517 0.3694129 0.9288195 0.02878284 0.6862596 0.7253881 0.05347794 0.3619353 0.9288697 0.07876658 0.6725493 0.7254232 0.1464195 0.3479808 0.9288052 0.1273981 0.6463474 0.7254236 0.2366342 0.3272954 0.9288512 0.1735313 0.608107 0.7254228 0.3224403 0.3005294 0.9288944 0.2164196 0.5585921 0.7253583 0.4022814 0.2683207 0.9288558 0.2554037 0.4985911 0.7253871 0.4745742 0.2311018 0.9288185 0.2896347 0.4293243 0.7253881 0.5380454 0.1895054 0.928824 0.3183923 0.3520776 0.7253572 0.5915222 0.1443958 0.9288144 0.3412532 0.268216 0.725452 0.6338609 0.09658271 0.9288143 0.3577371 0.1794208 0.7253924 0.6645405 0.08726775 0.7253566 0.6828193 -0.006525039 0.7253625 0.6883363 -0.1002128 0.7253564 0.6810401 -0.1321574 0.4187106 0.8984519 -0.2532848 0.418662 0.872106 1.52767e-4 1 5.24581e-4 2.39693e-4 0.9999998 5.20512e-4 6.85304e-5 1 1.11416e-4 6.34789e-5 1 1.12757e-4 9.18657e-5 1 8.82521e-5 7.613e-5 1 6.74725e-5 5.2239e-4 1 2.33654e-4 9.68575e-5 1 3.84934e-5 1.09777e-4 1 3.92557e-5 9.57698e-5 1 1.15186e-5 1.4402e-4 1 -3.44291e-5 1.14575e-4 1 -2.32756e-5 1.49369e-4 1 -5.14239e-5 1.27509e-4 1 -6.51106e-5 7.87601e-5 1 -4.92185e-5 1.19284e-4 1 -1.32665e-4 7.83801e-5 1 -1.11833e-4 9.20035e-5 1 -2.01374e-4 3.35947e-5 1 -1.00106e-4 5.14267e-5 1 -1.4621e-4 -3.74895e-5 0.9999998 -5.99772e-4 -1.13767e-4 1 -5.54234e-4 -3.54052e-5 1 -1.17108e-4 -1.93268e-5 1 -1.03191e-4 -9.96366e-5 1 -1.51008e-4 -3.74839e-4 1 -4.01735e-4 -8.71718e-5 1 -7.71508e-5 -5.14418e-4 1 -2.85715e-4 -9.79304e-5 1 -2.7962e-5 -7.26134e-5 1 -9.63733e-6 -1.0854e-4 1 5.02169e-6 -1.41054e-4 1 2.17706e-5 -1.94877e-4 1 5.20572e-5 -1.28061e-4 1 2.68966e-5 -1.10462e-4 1 5.9627e-5 -1.06096e-4 1 6.84708e-5 -9.87053e-5 1 8.79168e-5 -1.11371e-4 1 1.67727e-4 -1.03146e-4 1 2.07871e-4 -4.19468e-5 1 1.06022e-4 -0.008635699 0.4186964 0.9080853 0.1151342 0.4186502 0.9008197 0.2367067 0.4186755 0.8767445 0.3538905 0.4186757 0.8363446 0.4644823 0.4186515 0.7803762 0.5664269 0.4186429 0.7098583 0.6577978 0.4186521 0.626125 0.7369351 0.4186604 0.5307071 0.8023299 0.4186858 0.4254047 0.8527456 0.4187248 0.3122413 0.8873531 0.4186684 0.1931871 -0.3696794 0.4186633 0.8294928 -0.4791943 0.4186504 0.7714303 -0.5797599 0.4186818 0.6989879 -0.6695505 0.4186459 0.6135452 -0.7468471 0.4186883 0.5166426 -0.8102493 0.4186628 0.4101437 -0.858545 0.4187151 0.2959362 -0.8908541 0.4186673 0.1763424 -0.9065786 0.4186477 0.05338168 -0.9053912 0.4186787 -0.07053405 -0.8873601 0.4186546 -0.1931848 -0.8527841 0.4186717 -0.3122075 -0.8023249 0.4186674 -0.4254322 -0.7369253 0.4186739 -0.5307103 -0.6578063 0.4186519 -0.6261162 -0.5664141 0.4186673 -0.7098541 -0.4641808 0.4186598 -0.7805513 -0.3539052 0.4186635 -0.8363445 -0.2367334 0.4186869 -0.8767318 -0.1151338 0.4186717 -0.9008099 0.008599579 0.4186604 -0.9081022 0.1321828 0.418688 -0.8984588 0.2532867 0.4186662 -0.8721035 0.3696799 0.4186537 -0.8294975 0.4791906 0.4186627 -0.771426 0.5797686 0.4186601 -0.6989937 0.6695348 0.4186706 -0.6135456 0.7468474 0.4186633 -0.5166625 0.8102521 0.4186533 -0.4101475 0.8585562 0.4186496 -0.295996 0.8908507 0.4186742 -0.1763433 0.9065501 0.4187101 -0.0533756 0.905388 0.4186803 0.0705645 0.7071121 0.7071015 0 0.7071109 0.7071027 0 0.5577198 1.38506e-7 -0.8300293 0.5581755 3.2594e-5 -0.829723 0.5961816 -5.99399e-6 -0.8028497 0.7490282 1.21779e-4 -0.6625382 0.7846716 -6.3363e-5 -0.6199118 0.8919323 4.26313e-6 -0.452169 0.9190335 -1.83722e-5 -0.3941795 0.9771451 4.68353e-4 -0.2125732 0.9899767 -8.11229e-6 -0.1412311 0.9991679 5.45438e-5 0.04078632 0.9925975 -7.48965e-5 0.1214508 0.9565685 4.34429e-5 0.2915079 0.9267175 -4.05679e-5 0.3757588 0.8521029 6.65681e-5 0.5233743 0.7968872 4.93461e-6 0.6041281 0.6925349 3.34675e-5 0.7213844 0.6120554 1.62851e-5 0.790815 0.4881736 -1.00038e-5 0.8727467 0.3849925 -6.6082e-6 0.9229197 0.2522403 1.20205e-4 0.9676647 0.1313475 -1.78264e-5 0.9913365 1.8619e-6 1.10553e-5 1 -0.1313474 -6.38976e-5 0.9913364 -0.2522436 2.79448e-5 0.9676638 -0.3849905 -7.35931e-6 0.9229206 -0.4881734 3.09849e-4 0.8727467 -0.6120544 1.54721e-5 0.7908157 -0.6925281 -1.33128e-5 0.7213909 -0.7968868 -8.76021e-5 0.6041289 -0.8521098 6.53965e-5 0.5233631 -0.9267182 4.38048e-6 0.3757572 -0.9565657 -2.06754e-6 0.2915169 -0.9925992 -4.86044e-4 0.1214358 -0.9991676 5.58747e-5 0.04079496 -0.9899764 -6.50203e-6 -0.1412332 -0.9771468 1.13877e-5 -0.212566 -0.9190382 -1.09751e-4 -0.3941686 -0.8919336 4.93354e-5 -0.4521665 -0.7846652 -6.3648e-5 -0.6199198 -0.7490404 3.14149e-5 -0.6625244 -0.5961393 -1.54483e-6 -0.8028811 -0.5582091 3.40888e-5 -0.8297004 -0.5576407 -2.02786e-5 -0.8300824 -0.7071111 0.7071025 0 -0.707116 0.7070972 -6.71121e-4 -0.707113 0.7071007 0 -0.7071025 0.7071108 -6.70978e-4 -5.43773e-4 0.70715 -0.7070634 -1.57505e-4 0.7071046 -0.707109 -0.3535676 0.7070963 -0.6123764 -0.3535583 0.707098 -0.6123799 -0.6123752 0.7071033 -0.3535556 -0.612366 0.7071 -0.353578 -0.7071174 0.7070959 -5.74736e-4 -0.7070958 0.7071176 -5.75101e-4 -0.6124438 0.7070839 -0.3534758 -0.7071244 0.707089 -5.75364e-4 -5.95629e-4 0 -0.9999999 -0.5000036 0 -0.8660234 -5.98431e-4 8.66526e-5 -0.9999998 -0.5000086 0 -0.8660205 -0.8660253 0 -0.5000004 -0.8660276 0 -0.4999962 -0.9999999 -6.19003e-5 -5.79596e-4 -0.9999998 0 -5.7885e-4 1 0 -3.35569e-4 1 0 -3.35569e-4 0.9999999 0 -6.13332e-4 0.8660189 0 -0.5000113 0.9999999 -7.42672e-5 -5.66184e-4 0.8660165 0 -0.5000155 0.5000125 0 -0.8660182 0.5000073 0 -0.8660213 5.6003e-4 -4.95022e-5 -0.9999999 6.05121e-4 0 -0.9999998 0.7070602 0.7071532 -5.49361e-4 0.7071138 0.7070999 -1.05383e-4 0.612357 0.7071231 -0.3535478 0.6123566 0.7071256 -0.3535431 0.3535534 0.7071129 -0.6123654 0.353573 0.7071025 -0.6123661 5.95926e-4 0.7070904 -0.7071229 5.85333e-4 0.7071128 -0.7071005 0.3534733 0.7071028 -0.6124234 5.85675e-4 0.7070649 -0.7071484 0.08715456 0 -0.9961948 0.08715456 0 -0.9961949 -0.9961878 0 -0.0872358 -0.9962378 4.45467e-7 -0.0866627 -0.9961878 0 -0.08723556 0.9962011 0 0.08708316 0.9962012 0 0.0870828 -0.08715343 0 -0.9961949 -0.08715343 0 -0.996195 0.9961894 0 -0.08721679 0.9961895 0 -0.08721631 0.9458191 0 -0.3246941 1 0 -7.16501e-7 1 0 1.95715e-6 0.9458193 0 0.3246937 0.9458186 0 0.3246959 0.7891396 0 0.6142139 0.7891393 0 0.6142144 0.5469482 0 0.8371665 0.5469441 0 0.8371692 0.2454845 0 0.9694006 0.2454804 0 0.9694016 -0.08257758 0 0.9965847 -0.08257758 0 0.9965847 -0.4016903 0 0.9157756 -0.401696 0 0.9157732 -0.6772778 0 0.7357275 -0.6772834 0 0.7357223 -0.8794727 0 0.4759494 -0.8794742 0 0.4759469 -0.9863613 0 0.164595 -0.9863615 0 0.1645935 -0.9863615 0 -0.1645935 -0.9863612 0 -0.1645957 -0.8794738 0 -0.4759475 -0.8794723 0 -0.4759501 -0.6772798 0 -0.7357257 -0.6772769 0 -0.7357283 -0.4016945 0 -0.9157738 -0.4016905 0 -0.9157755 -0.0825836 0 -0.9965841 -0.08257782 0 -0.9965847 0.2454782 0 -0.9694021 0.2454847 0 -0.9694005 0.5469465 0 -0.8371676 0.546951 0 -0.8371647 0.7891383 0 -0.6142156 0.7891417 0 -0.6142113 0.9458175 0 -0.3246988 -0.3246998 0 -0.9458172 -2.3082e-6 0 -1 5.3377e-7 0 -1 0.3246985 0 -0.9458176 0.3247009 0 -0.9458168 0.6142107 0 -0.7891423 0.6142125 0 -0.7891408 0.8371663 0 -0.5469484 0.8371676 0 -0.5469466 0.9694008 0 -0.2454836 0.9694013 0 -0.2454814 0.9965849 0 0.08257538 0.9965847 0 0.08257758 0.9157763 0 0.4016888 0.9157754 0 0.4016908 0.7357255 0 0.6772798 0.735724 0 0.6772816 0.4759455 0 0.8794749 0.475944 0 0.8794757 0.1645941 0 0.9863615 0.1645924 0 0.9863618 -0.164595 0 0.9863613 -0.1645967 0 0.986361 -0.4759463 0 0.8794745 -0.4759479 0 0.8794735 -0.735724 0 0.6772816 -0.7357255 0 0.6772798 -0.9157726 0 0.4016973 -0.9157734 0 0.4016952 -0.9965841 0 0.08258461 -0.9965842 0 0.08258235 -0.9694001 0 -0.2454862 -0.9693995 0 -0.2454885 -0.8371638 0 -0.5469524 -0.8371626 0 -0.5469542 -0.6142111 0 -0.7891418 -0.6142095 0 -0.7891431 -0.3247022 0 -0.9458164 -0.9458171 0 0.3247 -1 0 1.50994e-6 -1 0 -1.13967e-6 -0.9458159 0 -0.3247033 -0.9458156 0 -0.3247045 -0.789141 0 -0.6142122 -0.7891402 0 -0.6142131 -0.5469532 0 -0.8371632 -0.5469514 0 -0.8371645 -0.2454853 0 -0.9694004 -0.2454854 0 -0.9694003 0.08258062 0 -0.9965844 0.08257836 0 -0.9965846 0.4016964 0 -0.9157729 0.4016965 0 -0.915773 0.6772805 0 -0.7357249 0.6772822 0 -0.7357234 0.8794723 0 -0.4759501 0.8794734 0 -0.475948 0.9863612 0 -0.1645957 0.9863615 0 -0.1645935 0.9863615 0 0.1645935 0.9863612 0 0.1645957 0.8794742 0 0.4759467 0.8794724 0 0.47595 0.6772856 0 0.7357203 0.6772828 0 0.7357228 0.401696 0 0.9157731 0.401695 0 0.9157736 0.08257591 0 0.9965848 0.08257591 0 0.9965848 -0.2454854 0 0.9694004 -0.2454864 0 0.9694001 -0.5469484 0 0.8371664 -0.5469511 0 0.8371646 -0.7891385 0 0.6142153 -0.7891408 0 0.6142124 -0.945816 0 0.3247031 0.3246985 0 0.9458176 5.3377e-7 0 1 -2.3082e-6 0 1 -0.3246998 0 0.9458172 -0.3247022 0 0.9458164 -0.6142113 0 0.7891417 -0.6142132 0 0.7891402 -0.8371639 0 0.5469522 -0.8371652 0 0.5469501 -0.9693996 0 0.2454884 -0.9694001 0 0.2454861 -0.9965842 0 -0.08258235 -0.9965841 0 -0.08258467 -0.9157723 0 -0.4016977 -0.9157714 0 -0.4016997 -0.7357259 0 -0.6772794 -0.7357245 0 -0.677281 -0.475951 0 -0.8794719 -0.4759491 0 -0.8794729 -0.164597 0 -0.986361 -0.1645947 0 -0.9863613 0.1645921 0 -0.9863618 0.1645944 0 -0.9863613 0.4759468 0 -0.8794742 0.4759486 0 -0.8794731 0.7357245 0 -0.677281 0.7357259 0 -0.6772794 0.9157746 0 -0.4016926 0.9157755 0 -0.4016905 0.9965847 0 -0.08257764 0.9965849 0 -0.08257538 0.9694018 0 0.2454797 0.9694012 0 0.2454819 0.8371688 0 0.5469447 0.8371675 0 0.5469468 0.6142134 0 0.7891401 0.6142114 0 0.7891415 0.3247009 0 0.9458168</float_array>
          <technique_common>
            <accessor source="#Giro_dynamixel-mesh-normals-array" count="1702" stride="3">
              <param name="X" type="float"/>
              <param name="Y" type="float"/>
              <param name="Z" type="float"/>
            </accessor>
          </technique_common>
        </source>
        <source id="Giro_dynamixel-mesh-map-0">
          <float_array id="Giro_dynamixel-mesh-map-0-array" count="13488">-0.155376 0.764368 -0.06313097 0.649137 -0.08291697 0.775653 -0.08291697 0.775653 -0.06313097 0.649137 -0.04375582 0.666973 -0.08291697 0.775653 -0.04375582 0.666973 -0.05303299 0.778267 -0.05303299 0.778267 -0.04375582 0.666973 -0.01963895 0.677552 -0.05303299 0.778267 -0.01963895 0.677552 -0.01768797 0.779799 -0.01768797 0.779799 -0.01963895 0.677552 0.006605923 0.679727 -0.01768797 0.779799 0.006605923 0.679727 0.01768797 0.779799 0.01768797 0.779799 0.006605923 0.679727 0.03213596 0.673262 0.01768797 0.779799 0.03213596 0.673262 0.05303299 0.778267 0.05303299 0.778267 0.03213596 0.673262 0.08291697 0.775653 0.08291697 0.775653 0.03213596 0.673262 0.05418282 0.658858 0.08291697 0.775653 0.05418282 0.658858 0.155376 0.764368 0.155376 0.764368 0.05418282 0.658858 0.07035797 0.638076 0.155376 0.764368 0.07035797 0.638076 0.226469 0.746399 0.226469 0.746399 0.07035797 0.638076 0.07890897 0.613168 0.226469 0.746399 0.07890897 0.613168 0.29556 0.721834 0.29556 0.721834 0.07890897 0.613168 0.07890897 0.586832 0.29556 0.721834 0.07890897 0.586832 0.1541799 0.40312 0.1541799 0.40312 0.07890897 0.586832 0.07035797 0.561924 0.1541799 0.40312 0.07035797 0.561924 0.09384196 0.421273 0.09384196 0.421273 0.07035797 0.561924 0.05418282 0.541142 0.09384196 0.421273 0.05418282 0.541142 0.03213596 0.526738 -0.06313097 0.649137 -0.155376 0.764368 -0.07566499 0.625976 -0.07566499 0.625976 -0.155376 0.764368 -0.226469 0.746399 -0.07566499 0.625976 -0.226469 0.746399 -0.07999998 0.6 -0.07999998 0.6 -0.226469 0.746399 -0.29556 0.721834 -0.07999998 0.6 -0.29556 0.721834 -0.07566499 0.574024 -0.07566499 0.574024 -0.29556 0.721834 -0.1541799 0.40312 -0.07566499 0.574024 -0.1541799 0.40312 -0.06313097 0.550863 -0.06313097 0.550863 -0.1541799 0.40312 -0.09384196 0.421273 -0.06313097 0.550863 -0.09384196 0.421273 -0.04375582 0.533027 -0.04375582 0.533027 -0.09384196 0.421273 -0.03150486 0.430447 -0.04375582 0.533027 -0.03150486 0.430447 -0.01963895 0.522448 -0.01963895 0.522448 -0.03150486 0.430447 0.006605923 0.520273 0.006605923 0.520273 -0.03150486 0.430447 0.03150486 0.430447 0.006605923 0.520273 0.03150486 0.430447 0.03213596 0.526738 0.03213596 0.526738 0.03150486 0.430447 0.09384196 0.421273 -0.29556 0.721834 -0.362039 0.690889 -0.1541799 0.40312 -0.1541799 0.40312 -0.362039 0.690889 -0.211232 0.376375 -0.211232 0.376375 -0.362039 0.690889 -0.425319 0.653838 -0.211232 0.376375 -0.425319 0.653838 -0.263782 0.341609 -0.263782 0.341609 -0.425319 0.653838 -0.484839 0.611008 -0.263782 0.341609 -0.484839 0.611008 -0.540075 0.562778 -0.263782 0.341609 -0.540075 0.562778 -0.310709 0.299561 -0.310709 0.299561 -0.540075 0.562778 -0.590537 0.509574 -0.310709 0.299561 -0.590537 0.509574 -0.351014 0.251129 -0.351014 0.251129 -0.590537 0.509574 -0.63578 0.451867 -0.351014 0.251129 -0.63578 0.451867 -0.675404 0.390166 -0.351014 0.251129 -0.675404 0.390166 -0.383839 0.197345 -0.383839 0.197345 -0.675404 0.390166 -0.709059 0.325016 -0.383839 0.197345 -0.709059 0.325016 -0.586832 0.07890897 -0.586832 0.07890897 -0.709059 0.325016 -0.736447 0.256994 -0.586832 0.07890897 -0.736447 0.256994 -0.613168 0.07890897 -0.613168 0.07890897 -0.736447 0.256994 -0.757326 0.1867009 -0.613168 0.07890897 -0.757326 0.1867009 -0.638076 0.07035797 -0.638076 0.07035797 -0.757326 0.1867009 -0.771512 0.114758 -0.638076 0.07035797 -0.771512 0.114758 -0.658858 0.05418282 -0.658858 0.05418282 -0.771512 0.114758 -0.673262 0.03213596 -0.673262 0.03213596 -0.771512 0.114758 -0.778879 0.04179996 -0.673262 0.03213596 -0.778879 0.04179996 -0.679727 0.006605923 -0.679727 0.006605923 -0.778879 0.04179996 -0.779363 -0.03152698 -0.679727 0.006605923 -0.779363 -0.03152698 -0.677552 -0.01963895 -0.677552 -0.01963895 -0.779363 -0.03152698 -0.666973 -0.04375582 -0.666973 -0.04375582 -0.779363 -0.03152698 -0.772958 -0.104575 -0.666973 -0.04375582 -0.772958 -0.104575 -0.649137 -0.06313097 -0.649137 -0.06313097 -0.772958 -0.104575 -0.759722 -0.176699 -0.649137 -0.06313097 -0.759722 -0.176699 -0.625976 -0.07566499 -0.625976 -0.07566499 -0.759722 -0.176699 -0.739771 -0.247262 -0.625976 -0.07566499 -0.739771 -0.247262 -0.6 -0.07999998 -0.6 -0.07999998 -0.739771 -0.247262 -0.713283 -0.315639 -0.6 -0.07999998 -0.713283 -0.315639 -0.574024 -0.07566499 -0.574024 -0.07566499 -0.713283 -0.315639 -0.39722 -0.1687999 -0.574024 -0.07566499 -0.39722 -0.1687999 -0.417564 -0.109166 -0.713283 -0.315639 -0.68049 -0.381226 -0.39722 -0.1687999 -0.39722 -0.1687999 -0.68049 -0.381226 -0.368409 -0.224837 -0.368409 -0.224837 -0.68049 -0.381226 -0.641683 -0.443445 -0.368409 -0.224837 -0.641683 -0.443445 -0.331747 -0.276082 -0.331747 -0.276082 -0.641683 -0.443445 -0.597205 -0.501743 -0.331747 -0.276082 -0.597205 -0.501743 -0.547448 -0.555608 -0.331747 -0.276082 -0.547448 -0.555608 -0.288014 -0.321442 -0.288014 -0.321442 -0.547448 -0.555608 -0.492854 -0.604562 -0.288014 -0.321442 -0.492854 -0.604562 -0.238142 -0.359952 -0.238142 -0.359952 -0.492854 -0.604562 -0.433903 -0.648173 -0.238142 -0.359952 -0.433903 -0.648173 -0.371117 -0.686055 -0.238142 -0.359952 -0.371117 -0.686055 -0.1831949 -0.39079 -0.1831949 -0.39079 -0.371117 -0.686055 -0.305052 -0.717874 -0.1831949 -0.39079 -0.305052 -0.717874 -0.07890897 -0.586832 -0.07890897 -0.586832 -0.305052 -0.717874 -0.07890897 -0.613168 -0.07890897 -0.613168 -0.305052 -0.717874 -0.23629 -0.743348 -0.07890897 -0.613168 -0.23629 -0.743348 -0.165441 -0.762253 -0.09312897 -0.77442 -0.05418282 -0.658858 -0.165441 -0.762253 -0.165441 -0.762253 -0.05418282 -0.658858 -0.07035797 -0.638076 -0.165441 -0.762253 -0.07035797 -0.638076 -0.07890897 -0.613168 -0.05418282 -0.658858 -0.09312897 -0.77442 -0.03213596 -0.673262 -0.03213596 -0.673262 -0.09312897 -0.77442 -0.01999282 -0.779744 -0.03213596 -0.673262 -0.01999282 -0.779744 -0.006605923 -0.679727 -0.006605923 -0.679727 -0.01999282 -0.779744 0 -0.78 -0.006605923 -0.679727 0 -0.78 0.01999282 -0.779744 -0.006605923 -0.679727 0.01999282 -0.779744 0.01963895 -0.677552 0.01963895 -0.677552 0.01999282 -0.779744 0.09312897 -0.77442 0.01963895 -0.677552 0.09312897 -0.77442 0.04375582 -0.666973 0.04375582 -0.666973 0.09312897 -0.77442 0.06313097 -0.649137 0.06313097 -0.649137 0.09312897 -0.77442 0.165441 -0.762253 0.06313097 -0.649137 0.165441 -0.762253 0.07566499 -0.625976 0.07566499 -0.625976 0.165441 -0.762253 0.23629 -0.743348 0.07566499 -0.625976 0.23629 -0.743348 0.07999998 -0.6 0.07999998 -0.6 0.23629 -0.743348 0.305052 -0.717874 0.07999998 -0.6 0.305052 -0.717874 0.07566499 -0.574024 0.07566499 -0.574024 0.305052 -0.717874 0.1831949 -0.39079 0.07566499 -0.574024 0.1831949 -0.39079 0.124343 -0.413299 0.305052 -0.717874 0.371117 -0.686055 0.1831949 -0.39079 0.1831949 -0.39079 0.371117 -0.686055 0.238142 -0.359952 0.238142 -0.359952 0.371117 -0.686055 0.433903 -0.648173 0.238142 -0.359952 0.433903 -0.648173 0.492854 -0.604562 0.238142 -0.359952 0.492854 -0.604562 0.288014 -0.321442 0.288014 -0.321442 0.492854 -0.604562 0.547448 -0.555608 0.288014 -0.321442 0.547448 -0.555608 0.331747 -0.276082 0.331747 -0.276082 0.547448 -0.555608 0.597205 -0.501743 0.331747 -0.276082 0.597205 -0.501743 0.641683 -0.443445 0.331747 -0.276082 0.641683 -0.443445 0.368409 -0.224837 0.368409 -0.224837 0.641683 -0.443445 0.68049 -0.381226 0.368409 -0.224837 0.68049 -0.381226 0.39722 -0.1687999 0.39722 -0.1687999 0.68049 -0.381226 0.713283 -0.315639 0.39722 -0.1687999 0.713283 -0.315639 0.586832 -0.07890897 0.586832 -0.07890897 0.713283 -0.315639 0.739771 -0.247262 0.586832 -0.07890897 0.739771 -0.247262 0.613168 -0.07890897 0.613168 -0.07890897 0.739771 -0.247262 0.759722 -0.176699 0.613168 -0.07890897 0.759722 -0.176699 0.638076 -0.07035797 0.638076 -0.07035797 0.759722 -0.176699 0.772958 -0.104575 0.638076 -0.07035797 0.772958 -0.104575 0.658858 -0.05418282 0.658858 -0.05418282 0.772958 -0.104575 0.673262 -0.03213596 0.673262 -0.03213596 0.772958 -0.104575 0.779363 -0.03152698 0.673262 -0.03213596 0.779363 -0.03152698 0.679727 -0.006605923 0.679727 -0.006605923 0.779363 -0.03152698 0.778879 0.04179996 0.679727 -0.006605923 0.778879 0.04179996 0.677552 0.01963895 0.677552 0.01963895 0.778879 0.04179996 0.666973 0.04375582 0.666973 0.04375582 0.778879 0.04179996 0.771512 0.114758 0.666973 0.04375582 0.771512 0.114758 0.649137 0.06313097 0.649137 0.06313097 0.771512 0.114758 0.757326 0.1867009 0.649137 0.06313097 0.757326 0.1867009 0.625976 0.07566499 0.625976 0.07566499 0.757326 0.1867009 0.736447 0.256994 0.625976 0.07566499 0.736447 0.256994 0.6 0.07999998 0.6 0.07999998 0.736447 0.256994 0.709059 0.325016 0.6 0.07999998 0.709059 0.325016 0.574024 0.07566499 0.574024 0.07566499 0.709059 0.325016 0.383839 0.197345 0.574024 0.07566499 0.383839 0.197345 0.408482 0.139355 0.709059 0.325016 0.675404 0.390166 0.383839 0.197345 0.383839 0.197345 0.675404 0.390166 0.351014 0.251129 0.351014 0.251129 0.675404 0.390166 0.63578 0.451867 0.351014 0.251129 0.63578 0.451867 0.590537 0.509574 0.351014 0.251129 0.590537 0.509574 0.310709 0.299561 0.310709 0.299561 0.590537 0.509574 0.540075 0.562778 0.310709 0.299561 0.540075 0.562778 0.263782 0.341609 0.263782 0.341609 0.540075 0.562778 0.484839 0.611008 0.263782 0.341609 0.484839 0.611008 0.425319 0.653838 0.263782 0.341609 0.425319 0.653838 0.211232 0.376375 0.211232 0.376375 0.425319 0.653838 0.362039 0.690889 0.211232 0.376375 0.362039 0.690889 0.1541799 0.40312 0.1541799 0.40312 0.362039 0.690889 0.29556 0.721834 -0.383839 0.197345 -0.586832 0.07890897 -0.408482 0.139355 -0.408482 0.139355 -0.586832 0.07890897 -0.561924 0.07035797 -0.408482 0.139355 -0.561924 0.07035797 -0.541142 0.05418282 -0.408482 0.139355 -0.541142 0.05418282 -0.424419 0.07839399 -0.424419 0.07839399 -0.541142 0.05418282 -0.526738 0.03213596 -0.424419 0.07839399 -0.526738 0.03213596 -0.43131 0.01576298 -0.43131 0.01576298 -0.526738 0.03213596 -0.520273 0.006605923 -0.43131 0.01576298 -0.520273 0.006605923 -0.522448 -0.01963895 -0.43131 0.01576298 -0.522448 -0.01963895 -0.429009 -0.04720383 -0.429009 -0.04720383 -0.522448 -0.01963895 -0.533027 -0.04375582 -0.429009 -0.04720383 -0.533027 -0.04375582 -0.417564 -0.109166 -0.417564 -0.109166 -0.533027 -0.04375582 -0.550863 -0.06313097 -0.417564 -0.109166 -0.550863 -0.06313097 -0.574024 -0.07566499 -0.07890897 -0.586832 -0.07035797 -0.561924 -0.1831949 -0.39079 -0.1831949 -0.39079 -0.07035797 -0.561924 -0.124343 -0.413299 -0.124343 -0.413299 -0.07035797 -0.561924 -0.05418282 -0.541142 -0.124343 -0.413299 -0.05418282 -0.541142 -0.06284099 -0.426999 -0.06284099 -0.426999 -0.05418282 -0.541142 -0.03213596 -0.526738 -0.06284099 -0.426999 -0.03213596 -0.526738 0 -0.431598 0 -0.431598 -0.03213596 -0.526738 -0.006605923 -0.520273 0 -0.431598 -0.006605923 -0.520273 0.01963895 -0.522448 0 -0.431598 0.01963895 -0.522448 0.06284099 -0.426999 0.06284099 -0.426999 0.01963895 -0.522448 0.04375582 -0.533027 0.06284099 -0.426999 0.04375582 -0.533027 0.06313097 -0.550863 0.06284099 -0.426999 0.06313097 -0.550863 0.124343 -0.413299 0.124343 -0.413299 0.06313097 -0.550863 0.07566499 -0.574024 0.586832 -0.07890897 0.561924 -0.07035797 0.39722 -0.1687999 0.39722 -0.1687999 0.561924 -0.07035797 0.417564 -0.109166 0.417564 -0.109166 0.561924 -0.07035797 0.541142 -0.05418282 0.417564 -0.109166 0.541142 -0.05418282 0.429009 -0.04720383 0.429009 -0.04720383 0.541142 -0.05418282 0.526738 -0.03213596 0.429009 -0.04720383 0.526738 -0.03213596 0.520273 -0.006605923 0.429009 -0.04720383 0.520273 -0.006605923 0.43131 0.01576298 0.43131 0.01576298 0.520273 -0.006605923 0.522448 0.01963895 0.43131 0.01576298 0.522448 0.01963895 0.424419 0.07839399 0.424419 0.07839399 0.522448 0.01963895 0.533027 0.04375582 0.424419 0.07839399 0.533027 0.04375582 0.550863 0.06313097 0.424419 0.07839399 0.550863 0.06313097 0.408482 0.139355 0.408482 0.139355 0.550863 0.06313097 0.574024 0.07566499 -0.01414483 -0.05412685 0.01408284 -0.05374985 -0.01414483 -0.01804184 -0.01414483 -0.01804184 0.01408284 -0.05374985 0.01413995 -0.01791685 -0.01414483 -0.01804184 0.01413995 -0.01791685 0.01413995 0.01791685 -0.01414483 -0.01804184 0.01413995 0.01791685 -0.01414483 0.01804184 -0.01414483 0.01804184 0.01413995 0.01791685 0.01408284 0.05374985 -0.01414483 0.01804184 0.01408284 0.05374985 -0.01414483 0.05412685 0.01408284 -0.084131 -0.01414483 -0.083754 0.01413995 -0.158427 0.01413995 -0.158427 -0.01414483 -0.083754 -0.01414483 -0.168695 0.01413995 -0.158427 -0.01414483 -0.168695 0.01413995 -0.2327229 0.01413995 -0.2327229 -0.01414483 -0.168695 -0.01414483 -0.253636 0.01413995 -0.2327229 -0.01414483 -0.253636 0.01413995 -0.30702 0.01413995 -0.30702 -0.01414483 -0.253636 -0.01414483 -0.338577 0.01413995 -0.30702 -0.01414483 -0.338577 0.01413995 -0.381316 0.01413995 -0.381316 -0.01414483 -0.338577 -0.01414483 -0.423519 0.01413995 -0.381316 -0.01414483 -0.423519 0.01413995 -0.455612 0.01413995 -0.455612 -0.01414483 -0.423519 -0.01414483 -0.50846 0.01413995 -0.455612 -0.01414483 -0.50846 0.01413995 -0.529908 0.01413995 -0.529908 -0.01414483 -0.50846 -0.01414483 -0.593401 0.01413995 -0.529908 -0.01414483 -0.593401 0.01413995 -0.604204 0.01413995 -0.604204 -0.01414483 -0.593401 -0.01414483 -0.678342 0.01413995 -0.604204 -0.01414483 -0.678342 0.01413995 -0.6785 0.01413995 -0.6785 -0.01414483 -0.678342 0.01413995 -0.752796 0.01413995 -0.752796 -0.01414483 -0.678342 -0.01414483 -0.763283 0.01413995 -0.752796 -0.01414483 -0.763283 0.01413995 -0.827092 0.01413995 -0.827092 -0.01414483 -0.763283 -0.01414483 -0.848224 0.01413995 -0.827092 -0.01414483 -0.848224 0.01413995 -0.901388 0.01413995 -0.901388 -0.01414483 -0.848224 -0.01414483 -0.933165 0.01413995 -0.901388 -0.01414483 -0.933165 0.01413995 -0.975684 0.01413995 -0.975684 -0.01414483 -0.933165 -0.01414483 -1.018107 0.01413995 -0.975684 -0.01414483 -1.018107 0.01413995 -1.049981 0.01413995 -1.049981 -0.01414483 -1.018107 -0.01414483 -1.103048 0.01413995 -1.049981 -0.01414483 -1.103048 0.01413995 -1.124277 0.01413995 -1.124277 -0.01414483 -1.103048 -0.01414483 -1.187989 0.01413995 -1.124277 -0.01414483 -1.187989 0.01413995 -1.198573 0.01413995 -1.198573 -0.01414483 -1.187989 -0.01414483 -1.27293 0.01413995 -1.198573 -0.01414483 -1.27293 0.01413995 -1.272869 0.01413995 -1.272869 -0.01414483 -1.27293 0.01413995 -1.347165 0.01413995 -1.347165 -0.01414483 -1.27293 -0.01414483 -1.357871 0.01413995 -1.347165 -0.01414483 -1.357871 0.01413995 -1.421461 0.01413995 -1.421461 -0.01414483 -1.357871 -0.01414483 -1.442812 0.01413995 -1.421461 -0.01414483 -1.442812 0.01413995 -1.495757 0.01413995 -1.495757 -0.01414483 -1.442812 -0.01414483 -1.527754 0.01413995 -1.495757 -0.01414483 -1.527754 0.01413995 -1.570053 0.01413995 -1.570053 -0.01414483 -1.527754 -0.01414483 -1.612695 0.01413995 -1.570053 -0.01414483 -1.612695 0.01413995 -1.644349 0.01413995 -1.644349 -0.01414483 -1.612695 -0.01414483 -1.697636 0.01413995 -1.644349 -0.01414483 -1.697636 0.01413995 -1.718645 0.01413995 -1.718645 -0.01414483 -1.697636 -0.01414483 -1.782577 0.01413995 -1.718645 -0.01414483 -1.782577 0.01413995 -1.792941 0.01413995 -1.792941 -0.01414483 -1.782577 -0.01414483 -1.867518 0.01413995 -1.792941 -0.01414483 -1.867518 0.01413995 -1.867237 0.01413995 -1.867237 -0.01414483 -1.867518 0.01413995 -1.941534 0.01413995 -1.941534 -0.01414483 -1.867518 -0.01414483 -1.952459 0.01413995 -1.941534 -0.01414483 -1.952459 0.01413995 -2.01583 0.01413995 -2.01583 -0.01414483 -1.952459 -0.01414483 -2.0374 0.01413995 -2.01583 -0.01414483 -2.0374 0.01413995 -2.090126 0.01413995 -2.090126 -0.01414483 -2.0374 -0.01414483 -2.122342 0.01413995 -2.090126 -0.01414483 -2.122342 0.01413995 -2.164422 0.01413995 -2.164422 -0.01414483 -2.122342 -0.01414483 -2.207283 0.01413995 -2.164422 -0.01414483 -2.207283 0.01413995 -2.238718 0.01413995 -2.238718 -0.01414483 -2.207283 -0.01414483 -2.292224 0.01413995 -2.238718 -0.01414483 -2.292224 0.01413995 -2.313014 0.01413995 -2.313014 -0.01414483 -2.292224 -0.01414483 -2.377165 0.01413995 -2.313014 -0.01414483 -2.377165 0.01413995 -2.38731 0.01413995 -2.38731 -0.01414483 -2.377165 -0.01414483 -2.462106 0.01413995 -2.38731 -0.01414483 -2.462106 0.01377683 -2.461606 0.01413995 -2.38731 0.01377683 -2.461606 0.01413995 -2.461606 0.01413995 -2.461606 0.01377683 -2.461606 0.01397883 -2.468354 0.01413995 -2.461606 0.01397883 -2.468354 0.014099 -2.475106 0.014099 -2.475106 0.01413995 -2.481858 0.01413995 -2.461606 0.01408284 0.084131 0.01413995 0.158427 -0.01414483 0.083754 -0.01414483 0.083754 0.01413995 0.158427 -0.01414483 0.168695 -0.01414483 0.168695 0.01413995 0.158427 0.01413995 0.2327229 -0.01414483 0.168695 0.01413995 0.2327229 -0.01414483 0.253636 -0.01414483 0.253636 0.01413995 0.2327229 0.01413995 0.30702 -0.01414483 0.253636 0.01413995 0.30702 -0.01414483 0.338577 -0.01414483 0.338577 0.01413995 0.30702 0.01413995 0.381316 -0.01414483 0.338577 0.01413995 0.381316 -0.01414483 0.423519 -0.01414483 0.423519 0.01413995 0.381316 0.01413995 0.455612 -0.01414483 0.423519 0.01413995 0.455612 -0.01414483 0.50846 -0.01414483 0.50846 0.01413995 0.455612 0.01413995 0.529908 -0.01414483 0.50846 0.01413995 0.529908 -0.01414483 0.593401 -0.01414483 0.593401 0.01413995 0.529908 0.01413995 0.604204 -0.01414483 0.593401 0.01413995 0.604204 -0.01414483 0.678342 -0.01414483 0.678342 0.01413995 0.604204 0.01413995 0.6785 -0.01414483 0.678342 0.01413995 0.6785 0.01413995 0.752796 -0.01414483 0.678342 0.01413995 0.752796 -0.01414483 0.763283 -0.01414483 0.763283 0.01413995 0.752796 0.01413995 0.827092 -0.01414483 0.763283 0.01413995 0.827092 -0.01414483 0.848224 -0.01414483 0.848224 0.01413995 0.827092 0.01413995 0.901388 -0.01414483 0.848224 0.01413995 0.901388 -0.01414483 0.933165 -0.01414483 0.933165 0.01413995 0.901388 0.01413995 0.975684 -0.01414483 0.933165 0.01413995 0.975684 -0.01414483 1.018107 -0.01414483 1.018107 0.01413995 0.975684 0.01413995 1.049981 -0.01414483 1.018107 0.01413995 1.049981 -0.01414483 1.103048 -0.01414483 1.103048 0.01413995 1.049981 0.01413995 1.124277 -0.01414483 1.103048 0.01413995 1.124277 -0.01414483 1.187989 -0.01414483 1.187989 0.01413995 1.124277 0.01413995 1.198573 -0.01414483 1.187989 0.01413995 1.198573 -0.01414483 1.27293 -0.01414483 1.27293 0.01413995 1.198573 0.01413995 1.272869 -0.01414483 1.27293 0.01413995 1.272869 0.01413995 1.347165 -0.01414483 1.27293 0.01413995 1.347165 -0.01414483 1.357871 -0.01414483 1.357871 0.01413995 1.347165 0.01413995 1.421461 -0.01414483 1.357871 0.01413995 1.421461 -0.01414483 1.442812 -0.01414483 1.442812 0.01413995 1.421461 0.01413995 1.495757 -0.01414483 1.442812 0.01413995 1.495757 -0.01414483 1.527754 -0.01414483 1.527754 0.01413995 1.495757 0.01413995 1.570053 -0.01414483 1.527754 0.01413995 1.570053 -0.01414483 1.612695 -0.01414483 1.612695 0.01413995 1.570053 0.01413995 1.644349 -0.01414483 1.612695 0.01413995 1.644349 -0.01414483 1.697636 -0.01414483 1.697636 0.01413995 1.644349 0.01413995 1.718645 -0.01414483 1.697636 0.01413995 1.718645 -0.01414483 1.782577 -0.01414483 1.782577 0.01413995 1.718645 0.01413995 1.792941 -0.01414483 1.782577 0.01413995 1.792941 -0.01414483 1.867518 -0.01414483 1.867518 0.01413995 1.792941 0.01413995 1.867237 -0.01414483 1.867518 0.01413995 1.867237 0.01413995 1.941534 -0.01414483 1.867518 0.01413995 1.941534 -0.01414483 1.952459 -0.01414483 1.952459 0.01413995 1.941534 0.01413995 2.01583 -0.01414483 1.952459 0.01413995 2.01583 -0.01414483 2.0374 -0.01414483 2.0374 0.01413995 2.01583 0.01413995 2.090126 -0.01414483 2.0374 0.01413995 2.090126 -0.01414483 2.122342 -0.01414483 2.122342 0.01413995 2.090126 0.01413995 2.164422 -0.01414483 2.122342 0.01413995 2.164422 -0.01414483 2.207283 -0.01414483 2.207283 0.01413995 2.164422 0.01413995 2.238718 -0.01414483 2.207283 0.01413995 2.238718 -0.01414483 2.292224 -0.01414483 2.292224 0.01413995 2.238718 0.01413995 2.313014 -0.01414483 2.292224 0.01413995 2.313014 -0.01414483 2.377165 -0.01414483 2.377165 0.01413995 2.313014 0.01413995 2.38731 -0.01414483 2.377165 0.01413995 2.38731 -0.01414483 2.462106 -0.01414483 2.462106 0.01413995 2.38731 0.01377683 2.461606 0.01377683 2.461606 0.01413995 2.38731 0.01413995 2.461606 0.01377683 2.461606 0.01413995 2.461606 0.01397883 2.468354 0.01397883 2.468354 0.01413995 2.461606 0.014099 2.475106 0.014099 2.475106 0.01413995 2.461606 0.01413995 2.481858 -1.41e-4 -0.27 -1.41e-4 -0.01999998 -0.02007198 -0.289992 -0.02007198 -0.289992 -1.41e-4 -0.01999998 -0.02007198 -8e-6 -0.27 -1.236635 -0.01999998 -1.236635 -0.27 -1.150619 -0.27 -1.150619 -0.01999998 -1.236635 -0.01999998 -1.150619 -0.27 -1.150619 -0.01999998 -1.150619 -0.27 -1.064602 -0.27 -1.064602 -0.01999998 -1.150619 -0.01999998 -1.064602 -0.27 -1.064602 -0.01999998 -1.064602 -0.27 -0.978586 -0.27 -0.978586 -0.01999998 -1.064602 -0.01999998 -0.978586 -0.27 -0.978586 -0.01999998 -0.978586 -0.27 -0.89257 -0.27 -0.89257 -0.01999998 -0.978586 -0.01999998 -0.89257 -0.27 -0.89257 -0.01999998 -0.89257 -0.27 -0.806553 -0.27 -0.806553 -0.01999998 -0.89257 -0.01999998 -0.806553 -0.27 -0.806553 -0.01999998 -0.806553 -0.27 -0.720537 -0.27 -0.720537 -0.01999998 -0.806553 -0.01999998 -0.720537 -0.27 -0.720537 -0.01999998 -0.720537 -0.27 -0.63452 -0.27 -0.63452 -0.01999998 -0.720537 -0.01999998 -0.63452 -0.27 -0.63452 -0.01999998 -0.63452 -0.27 -0.548504 -0.27 -0.548504 -0.01999998 -0.63452 -0.01999998 -0.548504 -0.27 -0.548504 -0.01999998 -0.548504 -0.27 -0.462488 -0.27 -0.462488 -0.01999998 -0.548504 -0.01999998 -0.462488 -0.27 -0.462488 -0.01999998 -0.462488 -0.27 -0.376471 -0.27 -0.376471 -0.01999998 -0.462488 -0.01999998 -0.376471 -0.27 -0.376471 -0.01999998 -0.376471 -0.27 -0.290455 -0.27 -0.290455 -0.01999998 -0.376471 -0.01999998 -0.290455 -0.27 -0.290455 -0.01999998 -0.290455 -0.27 -0.204439 -0.27 -0.204439 -0.01999998 -0.290455 -0.01999998 -0.204439 -0.27 -0.204439 -0.01999998 -0.204439 -0.27 -0.118422 -0.27 -0.118422 -0.01999998 -0.204439 -0.01999998 -0.118422 -0.27 -0.118422 -0.01999998 -0.118422 -0.27 -0.03240597 -0.27 -0.03240597 -0.01999998 -0.118422 -0.01999998 -0.03240597 -0.27 -0.03240597 -0.01999998 -0.03240597 -0.27 0.05360984 -0.27 0.05360984 -0.01999998 -0.03240597 -0.01999998 0.05360984 -0.27 0.05360984 -0.01999998 0.05360984 -0.27 0.139627 -0.27 0.139627 -0.01999998 0.05360984 -0.01999998 0.139627 -0.27 0.139627 -0.01999998 0.139627 -0.27 0.225643 -0.27 0.225643 -0.01999998 0.139627 -0.01999998 0.225643 -0.27 0.225643 -0.01999998 0.225643 -0.27 0.311659 -0.27 0.311659 -0.01999998 0.225643 -0.01999998 0.311659 -0.27 0.311659 -0.01999998 0.311659 -0.27 0.397676 -0.27 0.397676 -0.01999998 0.311659 -0.01999998 0.397676 -0.27 0.397676 -0.01999998 0.397676 -0.27 0.483692 -0.27 0.483692 -0.01999998 0.397676 -0.01999998 0.483692 -0.27 0.483692 -0.01999998 0.483692 -0.27 0.569709 -0.27 0.569709 -0.01999998 0.483692 -0.01999998 0.569709 -0.27 0.569709 -0.01999998 0.569709 -0.27 0.655725 -0.27 0.655725 -0.01999998 0.569709 -0.01999998 0.655725 -0.27 0.655725 -0.01999998 0.655725 -0.27 0.741741 -0.27 0.741741 -0.01999998 0.655725 -0.01999998 0.741741 -0.27 0.741741 -0.01999998 0.741741 -0.27 0.827758 -0.27 0.827758 -0.01999998 0.741741 -0.01999998 0.827758 -0.27 0.827758 -0.01999998 0.827758 -0.27 0.913774 -0.27 0.913774 -0.01999998 0.827758 -0.01999998 0.913774 -0.27 0.913774 -0.01999998 0.913774 -0.27 0.99979 -0.27 0.99979 -0.01999998 0.913774 -0.01999998 0.99979 -0.27 0.99979 -0.01999998 0.99979 -0.27 1.085807 -0.27 1.085807 -0.01999998 0.99979 -0.01999998 1.085807 -0.27 1.085807 -0.01999998 1.085807 -0.27 1.171823 -0.27 1.171823 -0.01999998 1.085807 -0.01999998 1.171823 -0.01999998 1.311449 -0.27 1.311449 -0.01999998 1.274908 -0.01999998 1.274908 -0.27 1.311449 -0.27 1.274908 -0.01999998 1.274908 -0.27 1.274908 -0.27 1.238366 -0.27 1.201825 -0.01999998 1.201825 -0.27 1.238366 -0.27 1.238366 -0.01999998 1.201825 -0.01999998 1.238366 -0.27 1.238366 -0.01999998 1.238366 -0.01999998 1.274908 -0.01999998 -1.276639 -0.27 -1.276639 -0.01999998 -1.362656 -0.01999998 -1.362656 -0.27 -1.276639 -0.27 -1.362656 -0.01999998 -1.362656 -0.27 -1.362656 -0.01999998 -1.448672 -0.01999998 -1.448672 -0.27 -1.362656 -0.27 -1.448672 -0.01999998 -1.448672 -0.27 -1.448672 -0.01999998 -1.534688 -0.01999998 -1.534688 -0.27 -1.448672 -0.27 -1.534688 -0.01999998 -1.534688 -0.27 -1.534688 -0.01999998 -1.620705 -0.01999998 -1.620705 -0.27 -1.534688 -0.27 -1.620705 -0.01999998 -1.620705 -0.27 -1.620705 -0.01999998 -1.706721 -0.01999998 -1.706721 -0.27 -1.620705 -0.27 -1.706721 -0.01999998 -1.706721 -0.27 -1.706721 -0.01999998 -1.792737 -0.01999998 -1.792737 -0.27 -1.706721 -0.27 -1.792737 -0.01999998 -1.792737 -0.27 -1.792737 -0.01999998 -1.878754 -0.01999998 -1.878754 -0.27 -1.792737 -0.27 -1.878754 -0.01999998 -1.878754 -0.27 -1.878754 -0.01999998 -1.96477 -0.01999998 -1.96477 -0.27 -1.878754 -0.27 -1.96477 -0.01999998 -1.96477 -0.27 -1.96477 -0.01999998 -2.050786 -0.01999998 -2.050786 -0.27 -1.96477 -0.27 -2.050786 -0.01999998 -2.050786 -0.27 -2.050786 -0.01999998 -2.136803 -0.01999998 -2.136803 -0.27 -2.050786 -0.27 -2.136803 -0.01999998 -2.136803 -0.27 -2.136803 -0.01999998 -2.222819 -0.01999998 -2.222819 -0.27 -2.136803 -0.27 -2.222819 -0.01999998 -2.222819 -0.27 -2.222819 -0.01999998 -2.308836 -0.01999998 -2.308836 -0.27 -2.222819 -0.27 -2.308836 -0.01999998 -2.308836 -0.27 -2.308836 -0.01999998 -2.394852 -0.01999998 -2.394852 -0.27 -2.308836 -0.27 -2.394852 -0.01999998 -2.394852 -0.27 -2.394852 -0.01999998 -2.480868 -0.01999998 -2.480868 -0.27 -2.394852 -0.27 -2.480868 -0.01999998 -2.480868 -0.27 -2.480868 -0.01999998 -2.566885 -0.01999998 -2.566885 -0.27 -2.480868 -0.27 -2.566885 -0.01999998 -2.566885 -0.27 -2.566885 -0.01999998 -2.652901 -0.01999998 -2.652901 -0.27 -2.566885 -0.27 -2.652901 -0.01999998 -2.652901 -0.27 -2.652901 -0.01999998 -2.738917 -0.01999998 -2.738917 -0.27 -2.652901 -0.27 -2.738917 -0.01999998 -2.738917 -0.27 -2.738917 -0.01999998 -2.824934 -0.01999998 -2.824934 -0.27 -2.738917 -0.27 -2.824934 -0.01999998 -2.824934 -0.27 -2.824934 -0.01999998 -2.91095 -0.01999998 -2.91095 -0.27 -2.824934 -0.27 -2.91095 -0.01999998 -2.91095 -0.27 -2.91095 -0.01999998 -2.996966 -0.01999998 -2.996966 -0.27 -2.91095 -0.27 -2.996966 -0.01999998 -2.996966 -0.27 -2.996966 -0.01999998 -3.082983 -0.01999998 -3.082983 -0.27 -2.996966 -0.27 -3.082983 -0.01999998 -3.082983 -0.27 -3.082983 -0.01999998 -3.168999 -0.01999998 -3.168999 -0.27 -3.082983 -0.27 -3.168999 -0.01999998 -3.168999 -0.27 -3.168999 -0.01999998 -3.255015 -0.01999998 -3.255015 -0.27 -3.168999 -0.27 -3.255015 -0.01999998 -3.255015 -0.27 -3.255015 -0.01999998 -3.341032 -0.01999998 -3.341032 -0.27 -3.255015 -0.27 -3.341032 -0.01999998 -3.341032 -0.27 -3.341032 -0.01999998 -3.427048 -0.01999998 -3.427048 -0.27 -3.341032 -0.27 -3.427048 -0.01999998 -3.427048 -0.27 -3.427048 -0.01999998 -3.513065 -0.01999998 -3.513065 -0.27 -3.427048 -0.27 -3.513065 -0.01999998 -3.513065 -0.27 -3.513065 -0.01999998 -3.599081 -0.01999998 -3.599081 -0.27 -3.513065 -0.27 -3.599081 -0.01999998 -3.599081 -0.27 -3.599081 -0.01999998 -3.685097 -0.01999998 -3.685097 -0.27 -3.599081 -0.27 -3.685097 -2.5e-4 -0.27 -2.5e-4 -0.01999998 -0.01999998 -0.289744 -0.01999998 -0.289744 -2.5e-4 -0.01999998 -0.01999998 -2.56e-4 -0.03999996 -0.289744 -0.03333383 -0.289886 -0.03999698 -1.5e-5 -0.03999698 -1.5e-5 -0.03333383 -0.289886 -0.01999998 0 -0.01999998 0 -0.03333383 -0.289886 -0.02666687 -0.289972 -0.01999998 0 -0.02666687 -0.289972 -0.01999998 -0.29 -0.01999998 -0.29 -0.01333296 -0.289972 -0.01999998 0 -0.01999998 0 -0.01333296 -0.289972 -0.01333296 -2.9e-5 -0.01333296 -2.9e-5 -0.01333296 -0.289972 -0.006665945 -0.289886 -0.01333296 -2.9e-5 -0.006665945 -0.289886 -0.006665945 -1.14e-4 -0.006665945 -1.14e-4 -0.006665945 -0.289886 0 -0.289744 -0.006665945 -1.14e-4 0 -0.289744 0 -2.56e-4 -0.01974987 -0.27 0 -0.289744 -0.01974987 -0.01999998 -0.01974987 -0.01999998 0 -0.289744 1.28e-4 -1.5e-5 -0.01414597 -0.05412685 0.014081 -0.05374985 -0.01414597 -0.01804184 -0.01414597 -0.01804184 0.014081 -0.05374985 0.01413798 -0.01791685 -0.01414597 -0.01804184 0.01413798 -0.01791685 0.01413798 0.01791685 -0.01414597 -0.01804184 0.01413798 0.01791685 -0.01414597 0.01804184 -0.01414597 0.01804184 0.01413798 0.01791685 0.014081 0.05374985 -0.01414597 0.01804184 0.014081 0.05374985 -0.01414597 0.05412685 -0.01414597 -0.083754 -0.01414597 -0.168695 0.014081 -0.084131 0.014081 -0.084131 -0.01414597 -0.168695 0.01413798 -0.169041 0.01413798 -0.169041 -0.01414597 -0.168695 -0.01414597 -0.253636 0.01413798 -0.169041 -0.01414597 -0.253636 0.01413798 -0.253951 0.01413798 -0.253951 -0.01414597 -0.253636 -0.01414597 -0.338577 0.01413798 -0.253951 -0.01414597 -0.338577 0.01413798 -0.338861 0.01413798 -0.338861 -0.01414597 -0.338577 -0.01414597 -0.423519 0.01413798 -0.338861 -0.01414597 -0.423519 0.01413798 -0.42377 0.01413798 -0.42377 -0.01414597 -0.423519 -0.01414597 -0.50846 0.01413798 -0.42377 -0.01414597 -0.50846 0.01413798 -0.50868 0.01413798 -0.50868 -0.01414597 -0.50846 -0.01414597 -0.593401 0.01413798 -0.50868 -0.01414597 -0.593401 0.01413798 -0.59359 0.01413798 -0.59359 -0.01414597 -0.593401 -0.01414597 -0.678342 0.01413798 -0.59359 -0.01414597 -0.678342 0.01413798 -0.6785 0.01413798 -0.6785 -0.01414597 -0.678342 -0.01414597 -0.763283 0.01413798 -0.6785 -0.01414597 -0.763283 0.01413798 -0.76341 0.01413798 -0.76341 -0.01414597 -0.763283 -0.01414597 -0.848224 0.01413798 -0.76341 -0.01414597 -0.848224 0.01413798 -0.848319 0.01413798 -0.848319 -0.01414597 -0.848224 -0.01414597 -0.933165 0.01413798 -0.848319 -0.01414597 -0.933165 0.01413798 -0.933229 0.01413798 -0.933229 -0.01414597 -0.933165 -0.01414597 -1.018107 0.01413798 -0.933229 -0.01414597 -1.018107 0.01413798 -1.018139 0.01413798 -1.018139 -0.01414597 -1.018107 -0.01414597 -1.103048 0.01413798 -1.018139 -0.01414597 -1.103048 0.01413798 -1.103049 0.01413798 -1.103049 -0.01414597 -1.103048 0.01413798 -1.187959 0.01413798 -1.187959 -0.01414597 -1.103048 -0.01414597 -1.187989 0.01413798 -1.187959 -0.01414597 -1.187989 0.01413798 -1.272868 0.01413798 -1.272868 -0.01414597 -1.187989 -0.01414597 -1.27293 0.01413798 -1.272868 -0.01414597 -1.27293 0.01413798 -1.357778 0.01413798 -1.357778 -0.01414597 -1.27293 -0.01414597 -1.357871 0.01413798 -1.357778 -0.01414597 -1.357871 0.01413798 -1.442688 0.01413798 -1.442688 -0.01414597 -1.357871 -0.01414597 -1.442812 0.01413798 -1.442688 -0.01414597 -1.442812 0.01413798 -1.527598 0.01413798 -1.527598 -0.01414597 -1.442812 -0.01414597 -1.527754 0.01413798 -1.527598 -0.01414597 -1.527754 0.01413798 -1.612507 0.01413798 -1.612507 -0.01414597 -1.527754 -0.01414597 -1.612695 0.01413798 -1.612507 -0.01414597 -1.612695 0.01413798 -1.697417 0.01413798 -1.697417 -0.01414597 -1.612695 -0.01414597 -1.697636 0.01413798 -1.697417 -0.01414597 -1.697636 0.01413798 -1.782327 0.01413798 -1.782327 -0.01414597 -1.697636 -0.01414597 -1.782577 0.01413798 -1.782327 -0.01414597 -1.782577 0.01413798 -1.867237 0.01413798 -1.867237 -0.01414597 -1.782577 -0.01414597 -1.867518 0.01413798 -1.867237 -0.01414597 -1.867518 0.01413798 -1.952147 0.01413798 -1.952147 -0.01414597 -1.867518 -0.01414597 -1.952459 0.01413798 -1.952147 -0.01414597 -1.952459 0.01413798 -2.037056 0.01413798 -2.037056 -0.01414597 -1.952459 -0.01414597 -2.0374 0.01413798 -2.037056 -0.01414597 -2.0374 0.01413798 -2.121966 0.01413798 -2.121966 -0.01414597 -2.0374 -0.01414597 -2.122342 0.01413798 -2.121966 -0.01414597 -2.122342 0.01413798 -2.206876 0.01413798 -2.206876 -0.01414597 -2.122342 -0.01414597 -2.207283 0.01413798 -2.206876 -0.01414597 -2.207283 0.01413798 -2.291786 0.01413798 -2.291786 -0.01414597 -2.207283 -0.01414597 -2.292224 0.01413798 -2.291786 -0.01414597 -2.292224 0.01413798 -2.376696 0.01413798 -2.376696 -0.01414597 -2.292224 -0.01414597 -2.377165 0.01413798 -2.376696 -0.01414597 -2.377165 0.01403695 -2.461606 0.01403695 -2.461606 -0.01414597 -2.377165 -0.01414597 -2.462106 0.014081 0.084131 0.01413798 0.158427 -0.01414597 0.083754 -0.01414597 0.083754 0.01413798 0.158427 -0.01414597 0.168695 -0.01414597 0.168695 0.01413798 0.158427 0.01413798 0.2327229 -0.01414597 0.168695 0.01413798 0.2327229 -0.01414597 0.253636 -0.01414597 0.253636 0.01413798 0.2327229 0.01413798 0.30702 -0.01414597 0.253636 0.01413798 0.30702 -0.01414597 0.338577 -0.01414597 0.338577 0.01413798 0.30702 0.01413798 0.381316 -0.01414597 0.338577 0.01413798 0.381316 -0.01414597 0.423519 -0.01414597 0.423519 0.01413798 0.381316 0.01413798 0.455612 -0.01414597 0.423519 0.01413798 0.455612 -0.01414597 0.50846 -0.01414597 0.50846 0.01413798 0.455612 0.01413798 0.529908 -0.01414597 0.50846 0.01413798 0.529908 -0.01414597 0.593401 -0.01414597 0.593401 0.01413798 0.529908 0.01413798 0.604204 -0.01414597 0.593401 0.01413798 0.604204 -0.01414597 0.678342 -0.01414597 0.678342 0.01413798 0.604204 0.01413798 0.6785 -0.01414597 0.678342 0.01413798 0.6785 0.01413798 0.752796 -0.01414597 0.678342 0.01413798 0.752796 -0.01414597 0.763283 -0.01414597 0.763283 0.01413798 0.752796 0.01413798 0.827092 -0.01414597 0.763283 0.01413798 0.827092 -0.01414597 0.848224 -0.01414597 0.848224 0.01413798 0.827092 0.01413798 0.901388 -0.01414597 0.848224 0.01413798 0.901388 -0.01414597 0.933165 -0.01414597 0.933165 0.01413798 0.901388 0.01413798 0.975684 -0.01414597 0.933165 0.01413798 0.975684 -0.01414597 1.018107 -0.01414597 1.018107 0.01413798 0.975684 0.01413798 1.049981 -0.01414597 1.018107 0.01413798 1.049981 -0.01414597 1.103048 -0.01414597 1.103048 0.01413798 1.049981 0.01413798 1.124277 -0.01414597 1.103048 0.01413798 1.124277 -0.01414597 1.187989 -0.01414597 1.187989 0.01413798 1.124277 0.01413798 1.198573 -0.01414597 1.187989 0.01413798 1.198573 -0.01414597 1.27293 -0.01414597 1.27293 0.01413798 1.198573 0.01413798 1.272869 -0.01414597 1.27293 0.01413798 1.272869 0.01413798 1.347165 -0.01414597 1.27293 0.01413798 1.347165 -0.01414597 1.357871 -0.01414597 1.357871 0.01413798 1.347165 0.01413798 1.421461 -0.01414597 1.357871 0.01413798 1.421461 -0.01414597 1.442812 -0.01414597 1.442812 0.01413798 1.421461 0.01413798 1.495757 -0.01414597 1.442812 0.01413798 1.495757 -0.01414597 1.527754 -0.01414597 1.527754 0.01413798 1.495757 0.01413798 1.570053 -0.01414597 1.527754 0.01413798 1.570053 -0.01414597 1.612695 -0.01414597 1.612695 0.01413798 1.570053 0.01413798 1.644349 -0.01414597 1.612695 0.01413798 1.644349 -0.01414597 1.697636 -0.01414597 1.697636 0.01413798 1.644349 0.01413798 1.718645 -0.01414597 1.697636 0.01413798 1.718645 -0.01414597 1.782577 -0.01414597 1.782577 0.01413798 1.718645 0.01413798 1.792941 -0.01414597 1.782577 0.01413798 1.792941 -0.01414597 1.867518 -0.01414597 1.867518 0.01413798 1.792941 0.01413798 1.867237 -0.01414597 1.867518 0.01413798 1.867237 0.01413798 1.941534 -0.01414597 1.867518 0.01413798 1.941534 -0.01414597 1.952459 -0.01414597 1.952459 0.01413798 1.941534 0.01413798 2.01583 -0.01414597 1.952459 0.01413798 2.01583 -0.01414597 2.0374 -0.01414597 2.0374 0.01413798 2.01583 0.01413798 2.090126 -0.01414597 2.0374 0.01413798 2.090126 -0.01414597 2.122342 -0.01414597 2.122342 0.01413798 2.090126 0.01413798 2.164422 -0.01414597 2.122342 0.01413798 2.164422 -0.01414597 2.207283 -0.01414597 2.207283 0.01413798 2.164422 0.01413798 2.238718 -0.01414597 2.207283 0.01413798 2.238718 -0.01414597 2.292224 -0.01414597 2.292224 0.01413798 2.238718 0.01413798 2.313014 -0.01414597 2.292224 0.01413798 2.313014 -0.01414597 2.377165 -0.01414597 2.377165 0.01413798 2.313014 0.01413798 2.38731 -0.01414597 2.377165 0.01413798 2.38731 -0.01414597 2.462106 -0.01414597 2.462106 0.01413798 2.38731 0.01377499 2.461606 0.01377499 2.461606 0.01413798 2.38731 0.01413798 2.461606 0.01377499 2.461606 0.01413798 2.461606 0.01397699 2.468354 0.01397699 2.468354 0.01413798 2.461606 0.01409786 2.475106 0.01409786 2.475106 0.01413798 2.461606 0.01413798 2.481858 -0.1656309 0.762212 -0.05418282 0.658858 -0.08291697 0.775653 -0.08291697 0.775653 -0.05418282 0.658858 -0.03213596 0.673262 -0.08291697 0.775653 -0.03213596 0.673262 -0.05303299 0.778267 -0.05303299 0.778267 -0.03213596 0.673262 -0.01768797 0.779799 -0.01768797 0.779799 -0.03213596 0.673262 -0.006605923 0.679727 -0.01768797 0.779799 -0.006605923 0.679727 0.01768797 0.779799 0.01768797 0.779799 -0.006605923 0.679727 0.01963895 0.677552 0.01768797 0.779799 0.01963895 0.677552 0.05303299 0.778267 0.05303299 0.778267 0.01963895 0.677552 0.04375582 0.666973 0.05303299 0.778267 0.04375582 0.666973 0.08291697 0.775653 0.08291697 0.775653 0.04375582 0.666973 0.06313097 0.649137 0.08291697 0.775653 0.06313097 0.649137 0.155376 0.764368 0.155376 0.764368 0.06313097 0.649137 0.07566499 0.625976 0.155376 0.764368 0.07566499 0.625976 0.226469 0.746399 0.226469 0.746399 0.07566499 0.625976 0.07999998 0.6 0.226469 0.746399 0.07999998 0.6 0.29556 0.721834 0.29556 0.721834 0.07999998 0.6 0.07566499 0.574024 0.29556 0.721834 0.07566499 0.574024 0.362039 0.690889 0.362039 0.690889 0.07566499 0.574024 0.425319 0.653838 0.425319 0.653838 0.07566499 0.574024 0.15 0.259808 0.425319 0.653838 0.15 0.259808 0.192836 0.229813 -0.2464399 0.740045 -0.07890897 0.613168 -0.1656309 0.762212 -0.1656309 0.762212 -0.07890897 0.613168 -0.07035797 0.638076 -0.1656309 0.762212 -0.07035797 0.638076 -0.05418282 0.658858 -0.07890897 0.613168 -0.2464399 0.740045 -0.07890897 0.586832 -0.07890897 0.586832 -0.2464399 0.740045 -0.324406 0.709338 -0.07890897 0.586832 -0.324406 0.709338 -0.398627 0.670445 -0.468248 0.623814 -0.15 0.259808 -0.398627 0.670445 -0.398627 0.670445 -0.15 0.259808 -0.07035797 0.561924 -0.398627 0.670445 -0.07035797 0.561924 -0.07890897 0.586832 -0.15 0.259808 -0.468248 0.623814 -0.192836 0.229813 -0.192836 0.229813 -0.468248 0.623814 -0.532465 0.569983 -0.192836 0.229813 -0.532465 0.569983 -0.229813 0.192836 -0.229813 0.192836 -0.532465 0.569983 -0.590537 0.509574 -0.229813 0.192836 -0.590537 0.509574 -0.641793 0.443285 -0.229813 0.192836 -0.641793 0.443285 -0.259808 0.15 -0.259808 0.15 -0.641793 0.443285 -0.685643 0.371879 -0.259808 0.15 -0.685643 0.371879 -0.574024 0.07566499 -0.574024 0.07566499 -0.685643 0.371879 -0.721579 0.296182 -0.574024 0.07566499 -0.721579 0.296182 -0.6 0.07999998 -0.6 0.07999998 -0.721579 0.296182 -0.749188 0.217066 -0.6 0.07999998 -0.749188 0.217066 -0.625976 0.07566499 -0.625976 0.07566499 -0.749188 0.217066 -0.76815 0.1354449 -0.625976 0.07566499 -0.76815 0.1354449 -0.649137 0.06313097 -0.649137 0.06313097 -0.76815 0.1354449 -0.666973 0.04375582 -0.666973 0.04375582 -0.76815 0.1354449 -0.778247 0.05226099 -0.666973 0.04375582 -0.778247 0.05226099 -0.677552 0.01963895 -0.677552 0.01963895 -0.778247 0.05226099 -0.679727 -0.006605923 -0.679727 -0.006605923 -0.778247 0.05226099 -0.779363 -0.03152585 -0.679727 -0.006605923 -0.779363 -0.03152585 -0.673262 -0.03213596 -0.673262 -0.03213596 -0.779363 -0.03152585 -0.771483 -0.11495 -0.673262 -0.03213596 -0.771483 -0.11495 -0.658858 -0.05418282 -0.658858 -0.05418282 -0.771483 -0.11495 -0.638076 -0.07035797 -0.638076 -0.07035797 -0.771483 -0.11495 -0.7547 -0.197046 -0.638076 -0.07035797 -0.7547 -0.197046 -0.613168 -0.07890897 -0.613168 -0.07890897 -0.7547 -0.197046 -0.729207 -0.276869 -0.613168 -0.07890897 -0.729207 -0.276869 -0.586832 -0.07890897 -0.586832 -0.07890897 -0.729207 -0.276869 -0.695299 -0.353496 -0.586832 -0.07890897 -0.695299 -0.353496 -0.561924 -0.07035797 -0.561924 -0.07035797 -0.695299 -0.353496 -0.653366 -0.426044 -0.561924 -0.07035797 -0.653366 -0.426044 -0.259808 -0.15 -0.259808 -0.15 -0.653366 -0.426044 -0.229813 -0.192836 -0.229813 -0.192836 -0.653366 -0.426044 -0.603892 -0.493675 -0.229813 -0.192836 -0.603892 -0.493675 -0.547449 -0.555608 -0.229813 -0.192836 -0.547449 -0.555608 -0.192836 -0.229813 -0.192836 -0.229813 -0.547449 -0.555608 -0.484687 -0.611129 -0.192836 -0.229813 -0.484687 -0.611129 -0.416332 -0.659596 -0.343172 -0.700452 -0.07566499 -0.574024 -0.416332 -0.659596 -0.416332 -0.659596 -0.07566499 -0.574024 -0.15 -0.259808 -0.416332 -0.659596 -0.15 -0.259808 -0.192836 -0.229813 -0.07566499 -0.574024 -0.343172 -0.700452 -0.07999998 -0.6 -0.07999998 -0.6 -0.343172 -0.700452 -0.266052 -0.733223 -0.07999998 -0.6 -0.266052 -0.733223 -0.07566499 -0.625976 -0.07566499 -0.625976 -0.266052 -0.733223 -0.185861 -0.757533 -0.07566499 -0.625976 -0.185861 -0.757533 -0.06313097 -0.649137 -0.06313097 -0.649137 -0.185861 -0.757533 -0.103525 -0.773099 -0.06313097 -0.649137 -0.103525 -0.773099 -0.04375582 -0.666973 -0.04375582 -0.666973 -0.103525 -0.773099 -0.019997 -0.779872 -0.04375582 -0.666973 -0.019997 -0.779872 -0.01963895 -0.677552 -0.01963895 -0.677552 -0.019997 -0.779872 0.006605923 -0.679727 0.006605923 -0.679727 -0.019997 -0.779872 0 -0.78 0.006605923 -0.679727 0 -0.78 0.01999282 -0.779744 0.006605923 -0.679727 0.01999282 -0.779744 0.03213596 -0.673262 0.03213596 -0.673262 0.01999282 -0.779744 0.09312897 -0.77442 0.03213596 -0.673262 0.09312897 -0.77442 0.05418282 -0.658858 0.05418282 -0.658858 0.09312897 -0.77442 0.165441 -0.762253 0.05418282 -0.658858 0.165441 -0.762253 0.07035797 -0.638076 0.07035797 -0.638076 0.165441 -0.762253 0.07890897 -0.613168 0.07890897 -0.613168 0.165441 -0.762253 0.23629 -0.743348 0.07890897 -0.613168 0.23629 -0.743348 0.305052 -0.717874 0.07890897 -0.613168 0.305052 -0.717874 0.07890897 -0.586832 0.07890897 -0.586832 0.305052 -0.717874 0.371117 -0.686055 0.07890897 -0.586832 0.371117 -0.686055 0.07035797 -0.561924 0.07035797 -0.561924 0.371117 -0.686055 0.433903 -0.648173 0.07035797 -0.561924 0.433903 -0.648173 0.15 -0.259808 0.15 -0.259808 0.433903 -0.648173 0.192836 -0.229813 0.192836 -0.229813 0.433903 -0.648173 0.492854 -0.604562 0.192836 -0.229813 0.492854 -0.604562 0.547448 -0.555608 0.192836 -0.229813 0.547448 -0.555608 0.229813 -0.192836 0.229813 -0.192836 0.547448 -0.555608 0.597205 -0.501743 0.229813 -0.192836 0.597205 -0.501743 0.641683 -0.443445 0.229813 -0.192836 0.641683 -0.443445 0.259808 -0.15 0.259808 -0.15 0.641683 -0.443445 0.68049 -0.381226 0.259808 -0.15 0.68049 -0.381226 0.574024 -0.07566499 0.574024 -0.07566499 0.68049 -0.381226 0.713283 -0.315639 0.574024 -0.07566499 0.713283 -0.315639 0.6 -0.07999998 0.6 -0.07999998 0.713283 -0.315639 0.739771 -0.247262 0.6 -0.07999998 0.739771 -0.247262 0.625976 -0.07566499 0.625976 -0.07566499 0.739771 -0.247262 0.759722 -0.176699 0.625976 -0.07566499 0.759722 -0.176699 0.649137 -0.06313097 0.649137 -0.06313097 0.759722 -0.176699 0.772958 -0.104575 0.649137 -0.06313097 0.772958 -0.104575 0.666973 -0.04375582 0.666973 -0.04375582 0.772958 -0.104575 0.779363 -0.03152698 0.666973 -0.04375582 0.779363 -0.03152698 0.677552 -0.01963895 0.677552 -0.01963895 0.779363 -0.03152698 0.679727 0.006605923 0.679727 0.006605923 0.779363 -0.03152698 0.778879 0.04179996 0.679727 0.006605923 0.778879 0.04179996 0.673262 0.03213596 0.673262 0.03213596 0.778879 0.04179996 0.771512 0.114758 0.673262 0.03213596 0.771512 0.114758 0.658858 0.05418282 0.658858 0.05418282 0.771512 0.114758 0.638076 0.07035797 0.638076 0.07035797 0.771512 0.114758 0.757326 0.1867009 0.638076 0.07035797 0.757326 0.1867009 0.613168 0.07890897 0.613168 0.07890897 0.757326 0.1867009 0.736447 0.256994 0.613168 0.07890897 0.736447 0.256994 0.586832 0.07890897 0.586832 0.07890897 0.736447 0.256994 0.709059 0.325016 0.586832 0.07890897 0.709059 0.325016 0.675404 0.390166 0.63578 0.451867 0.259808 0.15 0.675404 0.390166 0.675404 0.390166 0.259808 0.15 0.561924 0.07035797 0.675404 0.390166 0.561924 0.07035797 0.586832 0.07890897 0.259808 0.15 0.63578 0.451867 0.229813 0.192836 0.229813 0.192836 0.63578 0.451867 0.590537 0.509574 0.229813 0.192836 0.590537 0.509574 0.540075 0.562778 0.229813 0.192836 0.540075 0.562778 0.192836 0.229813 0.192836 0.229813 0.540075 0.562778 0.484839 0.611008 0.192836 0.229813 0.484839 0.611008 0.425319 0.653838 0.295442 -0.05209398 0.522448 -0.01963895 0.3 0 0.3 0 0.522448 -0.01963895 0.520273 0.006605923 0.3 0 0.520273 0.006605923 0.295442 0.05209398 0.295442 0.05209398 0.520273 0.006605923 0.526738 0.03213596 0.295442 0.05209398 0.526738 0.03213596 0.281908 0.1026059 0.281908 0.1026059 0.526738 0.03213596 0.541142 0.05418282 0.281908 0.1026059 0.541142 0.05418282 0.259808 0.15 0.259808 0.15 0.541142 0.05418282 0.561924 0.07035797 0.522448 -0.01963895 0.295442 -0.05209398 0.533027 -0.04375582 0.533027 -0.04375582 0.295442 -0.05209398 0.281908 -0.1026059 0.533027 -0.04375582 0.281908 -0.1026059 0.550863 -0.06313097 0.550863 -0.06313097 0.281908 -0.1026059 0.259808 -0.15 0.550863 -0.06313097 0.259808 -0.15 0.574024 -0.07566499 0.07035797 -0.561924 0.15 -0.259808 0.05418282 -0.541142 0.05418282 -0.541142 0.15 -0.259808 0.1026059 -0.281908 0.05418282 -0.541142 0.1026059 -0.281908 0.03213596 -0.526738 0.03213596 -0.526738 0.1026059 -0.281908 0.05209398 -0.295442 0.03213596 -0.526738 0.05209398 -0.295442 0.006605923 -0.520273 0.006605923 -0.520273 0.05209398 -0.295442 0 -0.3 0.006605923 -0.520273 0 -0.3 -0.01963895 -0.522448 -0.01963895 -0.522448 0 -0.3 -0.05209398 -0.295442 -0.01963895 -0.522448 -0.05209398 -0.295442 -0.04375582 -0.533027 -0.04375582 -0.533027 -0.05209398 -0.295442 -0.1026059 -0.281908 -0.04375582 -0.533027 -0.1026059 -0.281908 -0.06313097 -0.550863 -0.06313097 -0.550863 -0.1026059 -0.281908 -0.15 -0.259808 -0.06313097 -0.550863 -0.15 -0.259808 -0.07566499 -0.574024 -0.561924 -0.07035797 -0.259808 -0.15 -0.541142 -0.05418282 -0.541142 -0.05418282 -0.259808 -0.15 -0.281908 -0.1026059 -0.541142 -0.05418282 -0.281908 -0.1026059 -0.526738 -0.03213596 -0.526738 -0.03213596 -0.281908 -0.1026059 -0.295442 -0.05209398 -0.526738 -0.03213596 -0.295442 -0.05209398 -0.520273 -0.006605923 -0.520273 -0.006605923 -0.295442 -0.05209398 -0.3 0 -0.520273 -0.006605923 -0.3 0 -0.522448 0.01963895 -0.522448 0.01963895 -0.3 0 -0.295442 0.05209398 -0.522448 0.01963895 -0.295442 0.05209398 -0.533027 0.04375582 -0.533027 0.04375582 -0.295442 0.05209398 -0.281908 0.1026059 -0.533027 0.04375582 -0.281908 0.1026059 -0.550863 0.06313097 -0.550863 0.06313097 -0.281908 0.1026059 -0.259808 0.15 -0.550863 0.06313097 -0.259808 0.15 -0.574024 0.07566499 -0.07035797 0.561924 -0.15 0.259808 -0.05418282 0.541142 -0.05418282 0.541142 -0.15 0.259808 -0.1026059 0.281908 -0.05418282 0.541142 -0.1026059 0.281908 -0.03213596 0.526738 -0.03213596 0.526738 -0.1026059 0.281908 -0.05209398 0.295442 -0.03213596 0.526738 -0.05209398 0.295442 -0.006605923 0.520273 -0.006605923 0.520273 -0.05209398 0.295442 0 0.3 -0.006605923 0.520273 0 0.3 0.01963895 0.522448 0.01963895 0.522448 0 0.3 0.05209398 0.295442 0.01963895 0.522448 0.05209398 0.295442 0.04375582 0.533027 0.04375582 0.533027 0.05209398 0.295442 0.1026059 0.281908 0.04375582 0.533027 0.1026059 0.281908 0.06313097 0.550863 0.06313097 0.550863 0.1026059 0.281908 0.15 0.259808 0.06313097 0.550863 0.15 0.259808 0.07566499 0.574024 0.01414185 -0.506145 0.01414185 -0.455531 -0.01414185 -0.455531 -0.01414185 -0.455531 0.01414185 -0.455531 0.01414185 -0.404916 -0.01414185 -0.455531 0.01414185 -0.404916 -0.01414185 -0.40347 -0.01414185 -0.40347 0.01414185 -0.404916 0.01414185 -0.354302 -0.01414185 -0.40347 0.01414185 -0.354302 -0.01414185 -0.35141 -0.01414185 -0.35141 0.01414185 -0.354302 0.01414185 -0.303687 -0.01414185 -0.35141 0.01414185 -0.303687 -0.01414185 -0.299349 -0.01414185 -0.299349 0.01414185 -0.303687 0.01414185 -0.253073 -0.01414185 -0.299349 0.01414185 -0.253073 -0.01414185 -0.247288 -0.01414185 -0.247288 0.01414185 -0.253073 0.01414185 -0.202458 -0.01414185 -0.247288 0.01414185 -0.202458 -0.01414185 -0.195228 -0.01414185 -0.195228 0.01414185 -0.202458 0.01414185 -0.151844 -0.01414185 -0.195228 0.01414185 -0.151844 -0.01414185 -0.143167 -0.01414185 -0.143167 0.01414185 -0.151844 0.01414185 -0.101229 -0.01414185 -0.143167 0.01414185 -0.101229 -0.01414185 -0.09110599 -0.01414185 -0.09110599 0.01414185 -0.101229 0.01414185 -0.05061495 -0.01414185 -0.09110599 0.01414185 -0.05061495 -0.01414185 -0.03904587 -0.01414185 -0.03904587 0.01414185 -0.05061495 0.01414185 0 -0.01414185 -0.03904587 0.01414185 0 -0.01414185 0.01301497 -0.01414185 0.01301497 0.01414185 0 0.01414185 0.05061495 -0.01414185 0.01301497 0.01414185 0.05061495 -0.01414185 0.06507599 -0.01414185 0.06507599 0.01414185 0.05061495 0.01414185 0.101229 -0.01414185 0.06507599 0.01414185 0.101229 -0.01414185 0.117137 -0.01414185 0.117137 0.01414185 0.101229 0.01414185 0.151844 -0.01414185 0.117137 0.01414185 0.151844 -0.01414185 0.169197 -0.01414185 0.169197 0.01414185 0.151844 0.01414185 0.202458 -0.01414185 0.169197 0.01414185 0.202458 -0.01414185 0.221258 -0.01414185 0.221258 0.01414185 0.202458 0.01414185 0.253073 -0.01414185 0.221258 0.01414185 0.253073 -0.01414185 0.273319 -0.01414185 0.273319 0.01414185 0.253073 0.01414185 0.303687 -0.01414185 0.273319 0.01414185 0.303687 -0.01414185 0.325379 -0.01414185 0.325379 0.01414185 0.303687 0.01414185 0.354302 -0.01414185 0.325379 0.01414185 0.354302 -0.01414185 0.37744 -0.01414185 0.37744 0.01414185 0.354302 0.01414185 0.404916 -0.01414185 0.37744 0.01414185 0.404916 -0.01414185 0.429501 -0.01414185 0.429501 0.01414185 0.404916 0.01414185 0.455531 -0.01414185 0.429501 0.01414185 0.455531 -0.01414185 0.481561 -0.01414185 0.481561 0.01414185 0.455531 0.01414185 0.506145 -0.01414185 0.481561 0.01414185 0.506145 -0.01414185 0.533622 -0.01414185 0.533622 0.01414185 0.506145 0.01414185 0.55676 -0.01414185 0.533622 0.01414185 0.55676 -0.01414185 0.585683 -0.01414185 0.585683 0.01414185 0.55676 0.01414185 0.607375 -0.01414185 0.585683 0.01414185 0.607375 -0.01414185 0.637743 -0.01414185 0.637743 0.01414185 0.607375 0.01414185 0.657989 -0.01414185 0.637743 0.01414185 0.657989 -0.01414185 0.689804 -0.01414185 0.689804 0.01414185 0.657989 0.01414185 0.708604 -0.01414185 0.689804 0.01414185 0.708604 -0.01414185 0.741865 -0.01414185 0.741865 0.01414185 0.708604 0.01414185 0.759218 -0.01414185 0.741865 0.01414185 0.759218 -0.01414185 0.793925 -0.01414185 0.793925 0.01414185 0.759218 0.01414185 0.809833 -0.01414185 0.793925 0.01414185 0.809833 -0.01414185 0.845986 -0.01414185 0.845986 0.01414185 0.809833 0.01414185 0.860447 -0.01414185 0.845986 0.01414185 0.860447 -0.01414185 0.898047 -0.01414185 0.898047 0.01414185 0.860447 0.01414185 0.911062 -0.01414185 0.898047 0.01414185 0.911062 -0.01414185 0.950107 -0.01414185 -0.872016 0.01414185 -0.911062 0.01414185 -0.860447 -0.01414185 -0.872016 0.01414185 -0.860447 -0.01414185 -0.819956 -0.01414185 -0.819956 0.01414185 -0.860447 0.01414185 -0.809833 -0.01414185 -0.819956 0.01414185 -0.809833 -0.01414185 -0.767895 -0.01414185 -0.767895 0.01414185 -0.809833 0.01414185 -0.759218 -0.01414185 -0.767895 0.01414185 -0.759218 -0.01414185 -0.715834 -0.01414185 -0.715834 0.01414185 -0.759218 0.01414185 -0.708604 -0.01414185 -0.715834 0.01414185 -0.708604 -0.01414185 -0.663774 -0.01414185 -0.663774 0.01414185 -0.708604 0.01414185 -0.657989 -0.01414185 -0.663774 0.01414185 -0.657989 -0.01414185 -0.611713 -0.01414185 -0.611713 0.01414185 -0.657989 0.01414185 -0.607375 -0.01414185 -0.611713 0.01414185 -0.607375 -0.01414185 -0.559652 -0.01414185 -0.559652 0.01414185 -0.607375 0.01414185 -0.55676 -0.01414185 -0.559652 0.01414185 -0.55676 -0.01414185 -0.507592 -0.01414185 -0.507592 0.01414185 -0.55676 0.01414185 -0.506145 -0.01414185 -0.507592 0.01414185 -0.506145 -0.01414185 -0.455531 -0.01999998 -0.82938 -0.16 -0.854513 -0.01999998 -0.879646 -0.01999998 0.879646 -0.16 0.904779 -0.16 0.854513 -0.01999998 0.879646 -0.16 0.854513 -0.01999998 0.82938 -0.01999998 0.82938 -0.16 0.854513 -0.16 0.804248 -0.01999998 0.82938 -0.16 0.804248 -0.01999998 0.779115 -0.01999998 0.779115 -0.16 0.804248 -0.16 0.753982 -0.01999998 0.779115 -0.16 0.753982 -0.01999998 0.72885 -0.01999998 0.72885 -0.16 0.753982 -0.16 0.703717 -0.01999998 0.72885 -0.16 0.703717 -0.01999998 0.678584 -0.01999998 0.678584 -0.16 0.703717 -0.16 0.653451 -0.01999998 0.678584 -0.16 0.653451 -0.01999998 0.628319 -0.01999998 0.628319 -0.16 0.653451 -0.16 0.603186 -0.01999998 0.628319 -0.16 0.603186 -0.01999998 0.578053 -0.01999998 0.578053 -0.16 0.603186 -0.16 0.55292 -0.01999998 0.578053 -0.16 0.55292 -0.01999998 0.527788 -0.01999998 0.527788 -0.16 0.55292 -0.16 0.502655 -0.01999998 0.527788 -0.16 0.502655 -0.01999998 0.477522 -0.01999998 0.477522 -0.16 0.502655 -0.16 0.452389 -0.01999998 0.477522 -0.16 0.452389 -0.01999998 0.427257 -0.01999998 0.427257 -0.16 0.452389 -0.16 0.402124 -0.01999998 0.427257 -0.16 0.402124 -0.01999998 0.376991 -0.01999998 0.376991 -0.16 0.402124 -0.16 0.351858 -0.01999998 0.376991 -0.16 0.351858 -0.01999998 0.326726 -0.01999998 0.326726 -0.16 0.351858 -0.16 0.301593 -0.01999998 0.326726 -0.16 0.301593 -0.01999998 0.27646 -0.01999998 0.27646 -0.16 0.301593 -0.16 0.251327 -0.01999998 0.27646 -0.16 0.251327 -0.01999998 0.226195 -0.01999998 0.226195 -0.16 0.251327 -0.16 0.201062 -0.01999998 0.226195 -0.16 0.201062 -0.01999998 0.175929 -0.01999998 0.175929 -0.16 0.201062 -0.16 0.1507959 -0.01999998 0.175929 -0.16 0.1507959 -0.01999998 0.1256639 -0.01999998 0.1256639 -0.16 0.1507959 -0.16 0.100531 -0.01999998 0.1256639 -0.16 0.100531 -0.01999998 0.07539796 -0.01999998 0.07539796 -0.16 0.100531 -0.16 0.05026495 -0.01999998 0.07539796 -0.16 0.05026495 -0.01999998 0.02513295 -0.01999998 0.02513295 -0.16 0.05026495 -0.16 0 -0.01999998 0.02513295 -0.16 0 -0.01999998 -0.02513295 -0.01999998 -0.02513295 -0.16 0 -0.16 -0.05026495 -0.01999998 -0.02513295 -0.16 -0.05026495 -0.01999998 -0.07539796 -0.01999998 -0.07539796 -0.16 -0.05026495 -0.16 -0.100531 -0.01999998 -0.07539796 -0.16 -0.100531 -0.01999998 -0.1256639 -0.01999998 -0.1256639 -0.16 -0.100531 -0.16 -0.1507959 -0.01999998 -0.1256639 -0.16 -0.1507959 -0.01999998 -0.175929 -0.01999998 -0.175929 -0.16 -0.1507959 -0.16 -0.201062 -0.01999998 -0.175929 -0.16 -0.201062 -0.01999998 -0.226195 -0.01999998 -0.226195 -0.16 -0.201062 -0.16 -0.251327 -0.01999998 -0.226195 -0.16 -0.251327 -0.01999998 -0.27646 -0.01999998 -0.27646 -0.16 -0.251327 -0.16 -0.301593 -0.01999998 -0.27646 -0.16 -0.301593 -0.01999998 -0.326726 -0.01999998 -0.326726 -0.16 -0.301593 -0.16 -0.351858 -0.01999998 -0.326726 -0.16 -0.351858 -0.01999998 -0.376991 -0.01999998 -0.376991 -0.16 -0.351858 -0.16 -0.402124 -0.01999998 -0.376991 -0.16 -0.402124 -0.01999998 -0.427257 -0.01999998 -0.427257 -0.16 -0.402124 -0.16 -0.452389 -0.01999998 -0.427257 -0.16 -0.452389 -0.01999998 -0.477522 -0.01999998 -0.477522 -0.16 -0.452389 -0.16 -0.502655 -0.01999998 -0.477522 -0.16 -0.502655 -0.01999998 -0.527788 -0.01999998 -0.527788 -0.16 -0.502655 -0.16 -0.55292 -0.01999998 -0.527788 -0.16 -0.55292 -0.01999998 -0.578053 -0.01999998 -0.578053 -0.16 -0.55292 -0.16 -0.603186 -0.01999998 -0.578053 -0.16 -0.603186 -0.01999998 -0.628319 -0.01999998 -0.628319 -0.16 -0.603186 -0.16 -0.653451 -0.01999998 -0.628319 -0.16 -0.653451 -0.01999998 -0.678584 -0.01999998 -0.678584 -0.16 -0.653451 -0.16 -0.703717 -0.01999998 -0.678584 -0.16 -0.703717 -0.01999998 -0.72885 -0.01999998 -0.72885 -0.16 -0.703717 -0.16 -0.753982 -0.01999998 -0.72885 -0.16 -0.753982 -0.01999998 -0.779115 -0.01999998 -0.779115 -0.16 -0.753982 -0.16 -0.804248 -0.01999998 -0.779115 -0.16 -0.804248 -0.01999998 -0.82938 -0.01999998 -0.82938 -0.16 -0.804248 -0.16 -0.854513 0.2755 0.04999583 0.127029 0.02763295 0.28 0 0.28 0 0.127029 0.02763295 0.129892 -0.005302906 0.28 0 0.129892 -0.005302906 0.2755 -0.04999583 0.2755 -0.04999583 0.129892 -0.005302906 0.124354 -0.03789585 0.2755 -0.04999583 0.124354 -0.03789585 0.262146 -0.09838497 0.262146 -0.09838497 0.124354 -0.03789585 0.110774 -0.06803798 0.262146 -0.09838497 0.110774 -0.06803798 0.240366 -0.143612 0.240366 -0.143612 0.110774 -0.06803798 0.21086 -0.1842229 0.21086 -0.1842229 0.110774 -0.06803798 0.09002995 -0.09377998 0.21086 -0.1842229 0.09002995 -0.09377998 0.1745769 -0.218913 0.1745769 -0.218913 0.09002995 -0.09377998 0.06346297 -0.113457 0.1745769 -0.218913 0.06346297 -0.113457 0.132683 -0.246567 0.132683 -0.246567 0.06346297 -0.113457 0.08652496 -0.266296 0.08652496 -0.266296 0.06346297 -0.113457 0.03279197 -0.125796 0.08652496 -0.266296 0.03279197 -0.125796 0.03758496 -0.277466 0.03758496 -0.277466 0.03279197 -0.125796 0 -0.1299999 0.03758496 -0.277466 0 -0.1299999 -0.01256185 -0.279718 -0.01256185 -0.279718 0 -0.1299999 -0.03279197 -0.125796 -0.01256185 -0.279718 -0.03279197 -0.125796 -0.06230586 -0.27298 -0.06230586 -0.27298 -0.03279197 -0.125796 -0.110047 -0.257468 -0.110047 -0.257468 -0.03279197 -0.125796 -0.06346297 -0.113457 -0.110047 -0.257468 -0.06346297 -0.113457 -0.154251 -0.233681 -0.154251 -0.233681 -0.06346297 -0.113457 -0.09002995 -0.09377998 -0.154251 -0.233681 -0.09002995 -0.09377998 -0.193498 -0.202383 -0.193498 -0.202383 -0.09002995 -0.09377998 -0.226525 -0.16458 -0.226525 -0.16458 -0.09002995 -0.09377998 -0.110774 -0.06803798 -0.226525 -0.16458 -0.110774 -0.06803798 -0.252271 -0.121487 -0.252271 -0.121487 -0.110774 -0.06803798 -0.124354 -0.03789585 -0.252271 -0.121487 -0.124354 -0.03789585 -0.26991 -0.07449001 -0.26991 -0.07449001 -0.124354 -0.03789585 -0.278873 -0.02509886 -0.278873 -0.02509886 -0.124354 -0.03789585 -0.129892 -0.005302906 -0.278873 -0.02509886 -0.129892 -0.005302906 -0.278873 0.02509886 -0.278873 0.02509886 -0.129892 -0.005302906 -0.127029 0.02763295 -0.278873 0.02509886 -0.127029 0.02763295 -0.26991 0.07449001 -0.26991 0.07449001 -0.127029 0.02763295 -0.115951 0.05878198 -0.26991 0.07449001 -0.115951 0.05878198 -0.252271 0.121487 -0.252271 0.121487 -0.115951 0.05878198 -0.226525 0.16458 -0.226525 0.16458 -0.115951 0.05878198 -0.09737396 0.086129 -0.226525 0.16458 -0.09737396 0.086129 -0.193498 0.202383 -0.193498 0.202383 -0.09737396 0.086129 -0.07249999 0.1899999 -0.193498 0.202383 -0.07249999 0.1899999 -0.154251 0.233681 -0.154251 0.233681 -0.07249999 0.1899999 -0.069821 0.2 -0.154251 0.233681 -0.069821 0.2 -0.110047 0.257468 -0.110047 0.257468 -0.069821 0.2 -0.0625 0.20732 -0.110047 0.257468 -0.0625 0.20732 -0.06230586 0.27298 -0.06230586 0.27298 -0.0625 0.20732 -0.05249989 0.21 -0.06230586 0.27298 -0.05249989 0.21 -0.01256185 0.279718 -0.01256185 0.279718 -0.05249989 0.21 0.05249989 0.21 -0.01256185 0.279718 0.05249989 0.21 0.03758496 0.277466 0.03758496 0.277466 0.05249989 0.21 0.08652496 0.266296 0.08652496 0.266296 0.05249989 0.21 0.0625 0.20732 0.08652496 0.266296 0.0625 0.20732 0.069821 0.2 0.2755 0.04999583 0.262146 0.09838497 0.127029 0.02763295 0.127029 0.02763295 0.262146 0.09838497 0.115951 0.05878198 0.115951 0.05878198 0.262146 0.09838497 0.240366 0.143612 0.115951 0.05878198 0.240366 0.143612 0.09737396 0.086129 0.09737396 0.086129 0.240366 0.143612 0.21086 0.1842229 0.09737396 0.086129 0.21086 0.1842229 0.1745769 0.218913 0.09737396 0.086129 0.1745769 0.218913 0.07249999 0.1899999 0.07249999 0.1899999 0.1745769 0.218913 0.132683 0.246567 0.07249999 0.1899999 0.132683 0.246567 0.069821 0.2 0.069821 0.2 0.132683 0.246567 0.08652496 0.266296 0.07249999 0.1899999 0.07249999 0.107906 0.09737396 0.086129 -0.09737396 0.086129 -0.07249999 0.107906 -0.07249999 0.1899999 -0.125 -0.135 -0.01999998 -0.135 -0.125 0 -0.125 0 -0.01999998 -0.135 -0.01999998 0 -0.003535926 -0.05249989 0.003535926 -0.05249989 -0.003535926 0.05249989 -0.003535926 0.05249989 0.003535926 -0.05249989 0.003535926 0.05249989 0.04731297 -0.245482 0.05249989 -0.215 0 -0.25 0 -0.25 0.05249989 -0.215 -0.05249989 -0.215 0 -0.25 -0.05249989 -0.215 -0.04731297 -0.245482 -0.04731297 -0.245482 -0.05249989 -0.215 -0.06499999 -0.211651 -0.04731297 -0.245482 -0.06499999 -0.211651 -0.09291595 -0.232092 -0.09291595 -0.232092 -0.06499999 -0.211651 -0.07415097 -0.2025 -0.09291595 -0.232092 -0.07415097 -0.2025 -0.13516 -0.210313 -0.13516 -0.210313 -0.07415097 -0.2025 -0.07749998 -0.1899999 -0.13516 -0.210313 -0.07749998 -0.1899999 -0.07749998 -0.104373 0.05249989 -0.215 0.04731297 -0.245482 0.06499999 -0.211651 0.06499999 -0.211651 0.04731297 -0.245482 0.09291595 -0.232092 0.06499999 -0.211651 0.09291595 -0.232092 0.07415097 -0.2025 0.07415097 -0.2025 0.09291595 -0.232092 0.13516 -0.210313 0.07415097 -0.2025 0.13516 -0.210313 0.07749998 -0.1899999 0.07749998 -0.1899999 0.13516 -0.210313 0.07749998 -0.104373 0.07749998 -0.104373 0.13516 -0.210313 0.17252 -0.180934 0.07749998 -0.104373 0.17252 -0.180934 0.102007 -0.08058899 0.102007 -0.08058899 0.17252 -0.180934 0.203644 -0.145014 0.102007 -0.08058899 0.203644 -0.145014 0.119475 -0.05124282 0.119475 -0.05124282 0.203644 -0.145014 0.227408 -0.103854 0.119475 -0.05124282 0.227408 -0.103854 0.242953 -0.05893999 0.119475 -0.05124282 0.242953 -0.05893999 0.128697 -0.01835983 0.128697 -0.01835983 0.242953 -0.05893999 0.2497169 -0.011895 0.128697 -0.01835983 0.2497169 -0.011895 0.129038 0.01578897 0.129038 0.01578897 0.2497169 -0.011895 0.247455 0.03557884 0.129038 0.01578897 0.247455 0.03557884 0.23625 0.08176696 0.129038 0.01578897 0.23625 0.08176696 0.120473 0.04884886 0.120473 0.04884886 0.23625 0.08176696 0.216506 0.125 0.120473 0.04884886 0.216506 0.125 0.103595 0.07853698 0.103595 0.07853698 0.216506 0.125 0.188937 0.163715 0.103595 0.07853698 0.188937 0.163715 0.07956695 0.102806 0.07956695 0.102806 0.188937 0.163715 0.15454 0.1965129 0.07956695 0.102806 0.15454 0.1965129 0.114557 0.222209 0.07956695 0.102806 0.114557 0.222209 0.05004799 0.11998 0.05004799 0.11998 0.114557 0.222209 0.07043296 0.2398729 0.05004799 0.11998 0.07043296 0.2398729 0.01707595 0.128874 0.01707595 0.128874 0.07043296 0.2398729 0.02376395 0.248868 0.01707595 0.128874 0.02376395 0.248868 -0.02376395 0.248868 0.01707595 0.128874 -0.02376395 0.248868 -0.01707595 0.128874 -0.01707595 0.128874 -0.02376395 0.248868 -0.07043296 0.2398729 -0.01707595 0.128874 -0.07043296 0.2398729 -0.05004799 0.11998 -0.05004799 0.11998 -0.07043296 0.2398729 -0.114557 0.222209 -0.05004799 0.11998 -0.114557 0.222209 -0.07956695 0.102806 -0.07956695 0.102806 -0.114557 0.222209 -0.15454 0.1965129 -0.07956695 0.102806 -0.15454 0.1965129 -0.188937 0.163715 -0.07956695 0.102806 -0.188937 0.163715 -0.103595 0.07853698 -0.103595 0.07853698 -0.188937 0.163715 -0.216506 0.125 -0.103595 0.07853698 -0.216506 0.125 -0.120473 0.04884886 -0.120473 0.04884886 -0.216506 0.125 -0.23625 0.08176696 -0.120473 0.04884886 -0.23625 0.08176696 -0.129038 0.01578897 -0.129038 0.01578897 -0.23625 0.08176696 -0.247455 0.03557884 -0.129038 0.01578897 -0.247455 0.03557884 -0.2497169 -0.011895 -0.129038 0.01578897 -0.2497169 -0.011895 -0.128697 -0.01835983 -0.128697 -0.01835983 -0.2497169 -0.011895 -0.242953 -0.05893999 -0.128697 -0.01835983 -0.242953 -0.05893999 -0.119475 -0.05124282 -0.119475 -0.05124282 -0.242953 -0.05893999 -0.227408 -0.103854 -0.119475 -0.05124282 -0.227408 -0.103854 -0.203644 -0.145014 -0.119475 -0.05124282 -0.203644 -0.145014 -0.102007 -0.08058899 -0.102007 -0.08058899 -0.203644 -0.145014 -0.17252 -0.180934 -0.102007 -0.08058899 -0.17252 -0.180934 -0.07749998 -0.104373 -0.07749998 -0.104373 -0.17252 -0.180934 -0.13516 -0.210313 -0.02999883 0.04759997 -0.26 0 -0.02999883 0 -0.02999883 0 -0.26 0 -0.26 -0.04759997 -0.02999883 0 -0.26 -0.04759997 -0.02999883 -0.04759997 -0.02999883 -0.04759997 -0.26 -0.04759997 -0.26 -0.0952 -0.02999883 -0.04759997 -0.26 -0.0952 -0.02999883 -0.0952 -0.02999883 -0.0952 -0.26 -0.0952 -0.26 -0.1428 -0.02999883 -0.0952 -0.26 -0.1428 -0.02999883 -0.1428 -0.02999883 -0.1428 -0.26 -0.1428 -0.26 -0.1904 -0.02999883 -0.1428 -0.26 -0.1904 -0.02999883 -0.1904 -0.02999883 -0.1904 -0.26 -0.1904 -0.26 -0.237999 -0.02999883 -0.1904 -0.26 -0.237999 -0.02999883 -0.237999 -0.02999883 -0.237999 -0.26 -0.237999 -0.26 -0.285599 -0.02999883 -0.237999 -0.26 -0.285599 -0.02999883 -0.285599 -0.02999883 -0.285599 -0.26 -0.285599 -0.26 -0.333199 -0.02999883 -0.285599 -0.26 -0.333199 -0.02999883 -0.333199 -0.02999883 -0.333199 -0.26 -0.333199 -0.26 -0.380799 -0.02999883 -0.333199 -0.26 -0.380799 -0.02999883 -0.380799 -0.02999883 -0.380799 -0.26 -0.380799 -0.26 -0.428399 -0.02999883 -0.380799 -0.26 -0.428399 -0.02999883 -0.428399 -0.02999883 -0.428399 -0.26 -0.428399 -0.26 -0.475999 -0.02999883 -0.428399 -0.26 -0.475999 -0.02999883 -0.475999 -0.02999883 -0.475999 -0.26 -0.475999 -0.26 -0.523599 -0.02999883 -0.475999 -0.26 -0.523599 -0.02999883 -0.523599 -0.02999883 -0.523599 -0.26 -0.523599 -0.26 -0.571199 -0.02999883 -0.523599 -0.26 -0.571199 -0.02999883 -0.571199 -0.02999883 -0.571199 -0.26 -0.571199 -0.26 -0.618799 -0.02999883 -0.571199 -0.26 -0.618799 -0.02999883 -0.618799 -0.02999883 -0.618799 -0.26 -0.618799 -0.26 -0.666398 -0.02999883 -0.618799 -0.26 -0.666398 -0.02999883 -0.666398 -0.02999883 -0.666398 -0.26 -0.666398 -0.26 -0.713998 -0.02999883 -0.666398 -0.26 -0.713998 -0.02999883 -0.713998 -0.02999883 -0.713998 -0.26 -0.713998 -0.26 -0.761598 -0.02999883 -0.713998 -0.26 -0.761598 -0.02999883 -0.761598 -0.02999883 0.809198 -0.26 0.809198 -0.26 0.761598 -0.02999883 0.809198 -0.26 0.761598 -0.02999883 0.761598 -0.02999883 0.761598 -0.26 0.761598 -0.26 0.713998 -0.02999883 0.761598 -0.26 0.713998 -0.02999883 0.713998 -0.02999883 0.713998 -0.26 0.713998 -0.26 0.666398 -0.02999883 0.713998 -0.26 0.666398 -0.02999883 0.666398 -0.02999883 0.666398 -0.26 0.666398 -0.26 0.618799 -0.02999883 0.666398 -0.26 0.618799 -0.02999883 0.618799 -0.02999883 0.618799 -0.26 0.618799 -0.26 0.571199 -0.02999883 0.618799 -0.26 0.571199 -0.02999883 0.571199 -0.02999883 0.571199 -0.26 0.571199 -0.26 0.523599 -0.02999883 0.571199 -0.26 0.523599 -0.02999883 0.523599 -0.02999883 0.523599 -0.26 0.523599 -0.26 0.475999 -0.02999883 0.523599 -0.26 0.475999 -0.02999883 0.475999 -0.02999883 0.475999 -0.26 0.475999 -0.26 0.428399 -0.02999883 0.475999 -0.26 0.428399 -0.02999883 0.428399 -0.02999883 0.428399 -0.26 0.428399 -0.26 0.380799 -0.02999883 0.428399 -0.26 0.380799 -0.02999883 0.380799 -0.02999883 0.380799 -0.26 0.380799 -0.26 0.333199 -0.02999883 0.380799 -0.26 0.333199 -0.02999883 0.333199 -0.02999883 0.333199 -0.26 0.333199 -0.26 0.285599 -0.02999883 0.333199 -0.26 0.285599 -0.02999883 0.285599 -0.02999883 0.285599 -0.26 0.285599 -0.26 0.237999 -0.02999883 0.285599 -0.26 0.237999 -0.02999883 0.237999 -0.02999883 0.237999 -0.26 0.237999 -0.26 0.1904 -0.02999883 0.237999 -0.26 0.1904 -0.02999883 0.1904 -0.02999883 0.1904 -0.26 0.1904 -0.26 0.1428 -0.02999883 0.1904 -0.26 0.1428 -0.02999883 0.1428 -0.02999883 0.1428 -0.26 0.1428 -0.26 0.0952 -0.02999883 0.1428 -0.26 0.0952 -0.02999883 0.0952 -0.02999883 0.0952 -0.26 0.0952 -0.26 0.04759997 -0.02999883 0.0952 -0.26 0.04759997 -0.02999883 0.04759997 -0.02999883 0.04759997 -0.26 0.04759997 -0.26 0 0.02121198 0.784948 0.02121198 0.83252 -0.02121299 0.83252 -0.02121299 -0.83252 0.02121198 -0.83252 0.02121198 -0.784948 -0.02121299 -0.83252 0.02121198 -0.784948 -0.02121299 -0.782064 -0.02121299 -0.782064 0.02121198 -0.784948 0.02121198 -0.737375 -0.02121299 -0.782064 0.02121198 -0.737375 -0.02121299 -0.731609 -0.02121299 -0.731609 0.02121198 -0.737375 0.02121198 -0.689803 -0.02121299 -0.731609 0.02121198 -0.689803 -0.02121299 -0.681153 -0.02121299 -0.681153 0.02121198 -0.689803 0.02121198 -0.64223 -0.02121299 -0.681153 0.02121198 -0.64223 -0.02121299 -0.630697 -0.02121299 -0.630697 0.02121198 -0.64223 0.02121198 -0.594657 -0.02121299 -0.630697 0.02121198 -0.594657 -0.02121299 -0.580241 -0.02121299 -0.580241 0.02121198 -0.594657 0.02121198 -0.547085 -0.02121299 -0.580241 0.02121198 -0.547085 -0.02121299 -0.529786 -0.02121299 -0.529786 0.02121198 -0.547085 0.02121198 -0.499512 -0.02121299 -0.529786 0.02121198 -0.499512 -0.02121299 -0.47933 -0.02121299 -0.47933 0.02121198 -0.499512 0.02121198 -0.45194 -0.02121299 -0.47933 0.02121198 -0.45194 -0.02121299 -0.428874 -0.02121299 -0.428874 0.02121198 -0.45194 0.02121198 -0.404367 -0.02121299 -0.428874 0.02121198 -0.404367 -0.02121299 -0.378418 -0.02121299 -0.378418 0.02121198 -0.404367 0.02121198 -0.356794 -0.02121299 -0.378418 0.02121198 -0.356794 -0.02121299 -0.327963 -0.02121299 -0.327963 0.02121198 -0.356794 0.02121198 -0.309222 -0.02121299 -0.327963 0.02121198 -0.309222 -0.02121299 -0.277507 -0.02121299 -0.277507 0.02121198 -0.309222 0.02121198 -0.261649 -0.02121299 -0.277507 0.02121198 -0.261649 -0.02121299 -0.227051 -0.02121299 -0.227051 0.02121198 -0.261649 0.02121198 -0.2140769 -0.02121299 -0.227051 0.02121198 -0.2140769 -0.02121299 -0.176595 -0.02121299 -0.176595 0.02121198 -0.2140769 0.02121198 -0.166504 -0.02121299 -0.176595 0.02121198 -0.166504 -0.02121299 -0.126139 -0.02121299 -0.126139 0.02121198 -0.166504 0.02121198 -0.118931 -0.02121299 -0.126139 0.02121198 -0.118931 -0.02121299 -0.07568401 -0.02121299 -0.07568401 0.02121198 -0.118931 0.02121198 -0.07135897 -0.02121299 -0.07568401 0.02121198 -0.07135897 -0.02121299 -0.02522796 -0.02121299 -0.02522796 0.02121198 -0.07135897 0.02121198 -0.02378582 -0.02121299 -0.02522796 0.02121198 -0.02378582 0.02121198 0.02378582 -0.02121299 -0.02522796 0.02121198 0.02378582 -0.02121299 0.02522796 -0.02121299 0.02522796 0.02121198 0.02378582 0.02121198 0.07135897 -0.02121299 0.02522796 0.02121198 0.07135897 -0.02121299 0.07568401 -0.02121299 0.07568401 0.02121198 0.07135897 0.02121198 0.118931 -0.02121299 0.07568401 0.02121198 0.118931 -0.02121299 0.126139 -0.02121299 0.126139 0.02121198 0.118931 0.02121198 0.166504 -0.02121299 0.126139 0.02121198 0.166504 -0.02121299 0.176595 -0.02121299 0.176595 0.02121198 0.166504 0.02121198 0.2140769 -0.02121299 0.176595 0.02121198 0.2140769 -0.02121299 0.227051 -0.02121299 0.227051 0.02121198 0.2140769 0.02121198 0.261649 -0.02121299 0.227051 0.02121198 0.261649 -0.02121299 0.277507 -0.02121299 0.277507 0.02121198 0.261649 0.02121198 0.309222 -0.02121299 0.277507 0.02121198 0.309222 -0.02121299 0.327963 -0.02121299 0.327963 0.02121198 0.309222 0.02121198 0.356794 -0.02121299 0.327963 0.02121198 0.356794 -0.02121299 0.378418 -0.02121299 0.378418 0.02121198 0.356794 0.02121198 0.404367 -0.02121299 0.378418 0.02121198 0.404367 -0.02121299 0.428874 -0.02121299 0.428874 0.02121198 0.404367 0.02121198 0.45194 -0.02121299 0.428874 0.02121198 0.45194 -0.02121299 0.47933 -0.02121299 0.47933 0.02121198 0.45194 0.02121198 0.499512 -0.02121299 0.47933 0.02121198 0.499512 -0.02121299 0.529786 -0.02121299 0.529786 0.02121198 0.499512 0.02121198 0.547085 -0.02121299 0.529786 0.02121198 0.547085 -0.02121299 0.580241 -0.02121299 0.580241 0.02121198 0.547085 0.02121198 0.594657 -0.02121299 0.580241 0.02121198 0.594657 -0.02121299 0.630697 -0.02121299 0.630697 0.02121198 0.594657 0.02121198 0.64223 -0.02121299 0.630697 0.02121198 0.64223 -0.02121299 0.681153 -0.02121299 0.681153 0.02121198 0.64223 0.02121198 0.689803 -0.02121299 0.681153 0.02121198 0.689803 -0.02121299 0.731609 -0.02121299 0.731609 0.02121198 0.689803 0.02121198 0.737375 -0.02121299 0.731609 0.02121198 0.737375 -0.02121299 0.782064 -0.02121299 0.782064 0.02121198 0.737375 0.02121198 0.784948 -0.02121299 0.782064 0.02121198 0.784948 -0.02121299 0.83252 -0.317912 0.05451196 -0.322552 0 -0.279999 0 -0.279999 0 -0.322552 0 -0.317912 -0.05451196 -0.279999 0 -0.317912 -0.05451196 -0.275499 -0.04999583 -0.275499 -0.04999583 -0.317912 -0.05451196 -0.304127 -0.107455 -0.275499 -0.04999583 -0.304127 -0.107455 -0.262145 -0.09838497 -0.262145 -0.09838497 -0.304127 -0.107455 -0.281592 -0.157307 -0.262145 -0.09838497 -0.281592 -0.157307 -0.240365 -0.143611 -0.240365 -0.143611 -0.281592 -0.157307 -0.250957 -0.202633 -0.240365 -0.143611 -0.250957 -0.202633 -0.210859 -0.184222 -0.210859 -0.184222 -0.250957 -0.202633 -0.213102 -0.2421309 -0.210859 -0.184222 -0.213102 -0.2421309 -0.174576 -0.218912 -0.174576 -0.218912 -0.213102 -0.2421309 -0.169116 -0.274662 -0.174576 -0.218912 -0.169116 -0.274662 -0.132683 -0.2465659 -0.132683 -0.2465659 -0.169116 -0.274662 -0.120266 -0.299292 -0.132683 -0.2465659 -0.120266 -0.299292 -0.086524 -0.266295 -0.086524 -0.266295 -0.120266 -0.299292 -0.06795495 -0.315312 -0.086524 -0.266295 -0.06795495 -0.315312 -0.03758496 -0.277465 -0.03758496 -0.277465 -0.06795495 -0.315312 -0.01368898 -0.322261 -0.03758496 -0.277465 -0.01368898 -0.322261 0.01256185 -0.279717 0.01256185 -0.279717 -0.01368898 -0.322261 0.04096984 -0.319939 0.01256185 -0.279717 0.04096984 -0.319939 0.06230586 -0.272979 0.06230586 -0.272979 0.04096984 -0.319939 0.09445101 -0.308413 0.06230586 -0.272979 0.09445101 -0.308413 0.110047 -0.257467 0.110047 -0.257467 0.09445101 -0.308413 0.145214 -0.288015 0.110047 -0.257467 0.145214 -0.288015 0.154251 -0.23368 0.154251 -0.23368 0.145214 -0.288015 0.1917999 -0.259331 0.154251 -0.23368 0.1917999 -0.259331 0.193497 -0.202382 0.193497 -0.202382 0.1917999 -0.259331 0.232868 -0.223186 0.193497 -0.202382 0.232868 -0.223186 0.2265239 -0.164579 0.2265239 -0.164579 0.232868 -0.223186 0.267237 -0.180621 0.2265239 -0.164579 0.267237 -0.180621 0.25227 -0.121487 0.25227 -0.121487 0.267237 -0.180621 0.293918 -0.132859 0.25227 -0.121487 0.293918 -0.132859 0.269909 -0.07449001 0.269909 -0.07449001 0.293918 -0.132859 0.312144 -0.08127599 0.269909 -0.07449001 0.312144 -0.08127599 0.278872 -0.02509886 0.278872 -0.02509886 0.312144 -0.08127599 0.32139 -0.027354 0.278872 -0.02509886 0.32139 -0.027354 0.278872 0.02509886 0.278872 0.02509886 0.32139 -0.027354 0.32139 0.027354 0.278872 0.02509886 0.32139 0.027354 0.312144 0.08127599 0.278872 0.02509886 0.312144 0.08127599 0.269909 0.07449001 0.269909 0.07449001 0.312144 0.08127599 0.293918 0.132859 0.269909 0.07449001 0.293918 0.132859 0.25227 0.121487 0.25227 0.121487 0.293918 0.132859 0.267237 0.180621 0.25227 0.121487 0.267237 0.180621 0.2265239 0.164579 0.2265239 0.164579 0.267237 0.180621 0.232868 0.223186 0.2265239 0.164579 0.232868 0.223186 0.193497 0.202382 0.193497 0.202382 0.232868 0.223186 0.1917999 0.259331 0.193497 0.202382 0.1917999 0.259331 0.154251 0.23368 0.154251 0.23368 0.1917999 0.259331 0.145214 0.288015 0.154251 0.23368 0.145214 0.288015 0.110047 0.257467 0.110047 0.257467 0.145214 0.288015 0.09445101 0.308413 0.110047 0.257467 0.09445101 0.308413 0.06230586 0.272979 0.06230586 0.272979 0.09445101 0.308413 0.04096984 0.319939 0.06230586 0.272979 0.04096984 0.319939 0.01256185 0.279717 0.01256185 0.279717 0.04096984 0.319939 -0.01368898 0.322261 0.01256185 0.279717 -0.01368898 0.322261 -0.03758496 0.277465 -0.03758496 0.277465 -0.01368898 0.322261 -0.06795495 0.315312 -0.03758496 0.277465 -0.06795495 0.315312 -0.086524 0.266295 -0.086524 0.266295 -0.06795495 0.315312 -0.120266 0.299292 -0.086524 0.266295 -0.120266 0.299292 -0.132683 0.2465659 -0.132683 0.2465659 -0.120266 0.299292 -0.169116 0.274662 -0.132683 0.2465659 -0.169116 0.274662 -0.174576 0.218912 -0.174576 0.218912 -0.169116 0.274662 -0.213102 0.2421309 -0.174576 0.218912 -0.213102 0.2421309 -0.210859 0.184222 -0.210859 0.184222 -0.213102 0.2421309 -0.250957 0.202633 -0.210859 0.184222 -0.250957 0.202633 -0.240365 0.143611 -0.240365 0.143611 -0.250957 0.202633 -0.281592 0.157307 -0.240365 0.143611 -0.281592 0.157307 -0.262145 0.09838497 -0.262145 0.09838497 -0.281592 0.157307 -0.304127 0.107455 -0.262145 0.09838497 -0.304127 0.107455 -0.275499 0.04999583 -0.275499 0.04999583 -0.304127 0.107455 -0.317912 0.05451196 -0.275499 0.04999583 -0.317912 0.05451196 -0.279999 0 -0.07853996 1.064227 -0.05955886 1.121453 -0.07853996 1.124846 -0.07853996 -1.11806 -0.05955886 -1.121453 -0.05955886 -1.06538 -0.07853996 -1.11806 -0.05955886 -1.06538 -0.07853996 -1.057441 -0.07853996 -1.057441 -0.05955886 -1.06538 -0.05955886 -1.009308 -0.07853996 -1.057441 -0.05955886 -1.009308 -0.07853996 -0.996822 -0.07853996 -0.996822 -0.05955886 -1.009308 -0.05955886 -0.953235 -0.07853996 -0.996822 -0.05955886 -0.953235 -0.07853996 -0.936202 -0.07853996 -0.936202 -0.05955886 -0.953235 -0.05955886 -0.897162 -0.07853996 -0.936202 -0.05955886 -0.897162 -0.07853996 -0.875583 -0.07853996 -0.875583 -0.05955886 -0.897162 -0.05955886 -0.84109 -0.07853996 -0.875583 -0.05955886 -0.84109 -0.07853996 -0.814964 -0.07853996 -0.814964 -0.05955886 -0.84109 -0.05955886 -0.785017 -0.07853996 -0.814964 -0.05955886 -0.785017 -0.07853996 -0.754345 -0.07853996 -0.754345 -0.05955886 -0.785017 -0.05955886 -0.728944 -0.07853996 -0.754345 -0.05955886 -0.728944 -0.07853996 -0.693726 -0.07853996 -0.693726 -0.05955886 -0.728944 -0.05955886 -0.672872 -0.07853996 -0.693726 -0.05955886 -0.672872 -0.07853996 -0.633107 -0.07853996 -0.633107 -0.05955886 -0.672872 -0.05955886 -0.616799 -0.07853996 -0.633107 -0.05955886 -0.616799 -0.07853996 -0.572488 -0.07853996 -0.572488 -0.05955886 -0.616799 -0.05955886 -0.560726 -0.07853996 -0.572488 -0.05955886 -0.560726 -0.07853996 -0.511869 -0.07853996 -0.511869 -0.05955886 -0.560726 -0.05955886 -0.504654 -0.07853996 -0.511869 -0.05955886 -0.504654 -0.07853996 -0.45125 -0.07853996 -0.45125 -0.05955886 -0.504654 -0.05955886 -0.448581 -0.07853996 -0.45125 -0.05955886 -0.448581 -0.07853996 -0.390631 -0.07853996 -0.390631 -0.05955886 -0.448581 -0.05955886 -0.392508 -0.07853996 -0.390631 -0.05955886 -0.392508 -0.05955886 -0.336436 -0.05955886 -0.336436 -0.05955886 -0.392508 -0.04057896 -0.392508 -0.05955886 -0.336436 -0.04057896 -0.392508 -0.04057896 -0.336436 -0.04057896 -0.336436 -0.04057896 -0.392508 -0.02159798 -0.392508 -0.04057896 -0.336436 -0.02159798 -0.392508 -0.02159798 -0.336436 -0.02159798 -0.336436 -0.02159798 -0.392508 -0.002617955 -0.389115 -0.02159798 -0.336436 -0.002617955 -0.389115 -0.002617955 -0.333043 -0.07853996 1.003608 -0.05955886 1.009308 -0.07853996 1.064227 -0.07853996 1.064227 -0.05955886 1.009308 -0.05955886 1.06538 -0.07853996 1.064227 -0.05955886 1.06538 -0.05955886 1.121453 -0.05955886 1.121453 -0.05955886 1.06538 -0.04057896 1.06538 -0.05955886 -1.121453 -0.04057896 -1.177526 -0.04057896 -1.121453 -0.04057896 1.121453 -0.04057896 1.06538 -0.02159798 1.06538 -0.04057896 1.121453 -0.02159798 1.06538 -0.02159798 1.121453 -0.02159798 1.121453 -0.02159798 1.06538 -0.002617955 1.068773 -0.02159798 -1.121453 -0.002617955 -1.174132 -0.002617955 -1.11806 -0.05955886 1.009308 -0.07853996 1.003608 -0.05955886 0.953235 -0.05955886 0.953235 -0.07853996 1.003608 -0.07853996 0.942989 -0.05955886 0.953235 -0.07853996 0.942989 -0.05955886 0.897162 -0.05955886 0.897162 -0.07853996 0.942989 -0.07853996 0.88237 -0.05955886 0.897162 -0.07853996 0.88237 -0.05955886 0.84109 -0.05955886 0.84109 -0.07853996 0.88237 -0.07853996 0.821751 -0.05955886 0.84109 -0.07853996 0.821751 -0.05955886 0.785017 -0.05955886 0.785017 -0.07853996 0.821751 -0.07853996 0.761131 -0.05955886 0.785017 -0.07853996 0.761131 -0.05955886 0.728944 -0.05955886 0.728944 -0.07853996 0.761131 -0.07853996 0.700512 -0.05955886 0.728944 -0.07853996 0.700512 -0.05955886 0.672872 -0.05955886 0.672872 -0.07853996 0.700512 -0.07853996 0.639893 -0.05955886 0.672872 -0.07853996 0.639893 -0.05955886 0.616799 -0.05955886 0.616799 -0.07853996 0.639893 -0.07853996 0.579274 -0.05955886 0.616799 -0.07853996 0.579274 -0.05955886 0.560726 -0.05955886 0.560726 -0.07853996 0.579274 -0.07853996 0.518655 -0.05955886 0.560726 -0.07853996 0.518655 -0.05955886 0.504654 -0.05955886 0.504654 -0.07853996 0.518655 -0.07853996 0.458036 -0.05955886 0.504654 -0.07853996 0.458036 -0.05955886 0.448581 -0.05955886 0.448581 -0.07853996 0.458036 -0.07853996 0.397417 -0.05955886 0.448581 -0.07853996 0.397417 -0.05955886 0.392508 -0.05955886 0.392508 -0.07853996 0.397417 -0.07853996 0.336798 -0.05955886 0.392508 -0.07853996 0.336798 -0.05955886 0.336707 -0.05955886 0.336707 -0.07853996 0.336798 -0.05955886 0.280363 -0.05955886 0.336707 -0.05955886 0.280363 -0.04057896 0.336617 -0.04057896 0.336617 -0.05955886 0.280363 -0.04057896 0.280363 -0.04057896 0.336617 -0.04057896 0.280363 -0.02159798 0.336526 -0.02159798 0.336526 -0.04057896 0.280363 -0.02159798 0.280363 -0.02159798 0.336526 -0.02159798 0.280363 -0.002617955 0.283756 -0.002617955 0.283756 -0.02159798 0.280363 -0.002617955 0.227684 -0.002617955 0.227684 -0.02159798 0.280363 -0.02159798 0.224291 -0.002617955 0.227684 -0.02159798 0.224291 -0.002617955 0.171611 -0.002617955 0.171611 -0.02159798 0.224291 -0.02159798 0.168218 -0.002617955 0.171611 -0.02159798 0.168218 -0.002617955 0.115538 -0.002617955 0.115538 -0.02159798 0.168218 -0.02159798 0.112145 -0.002617955 0.115538 -0.02159798 0.112145 -0.002617955 0.059466 -0.002617955 0.059466 -0.02159798 0.112145 -0.02159798 0.05607295 -0.002617955 0.059466 -0.02159798 0.05607295 -0.002617955 0.003392994 -0.002617955 0.003392994 -0.02159798 0.05607295 -0.02159798 0 -0.002617955 0.003392994 -0.02159798 0 -0.002617955 -0.05267983 -0.002617955 -0.05267983 -0.02159798 0 -0.02159798 -0.05607295 -0.002617955 -0.05267983 -0.02159798 -0.05607295 -0.002617955 -0.108752 -0.002617955 -0.108752 -0.02159798 -0.05607295 -0.02159798 -0.112145 -0.002617955 -0.108752 -0.02159798 -0.112145 -0.002617955 -0.164825 -0.002617955 -0.164825 -0.02159798 -0.112145 -0.02159798 -0.168218 -0.002617955 -0.164825 -0.02159798 -0.168218 -0.002617955 -0.220897 -0.002617955 -0.220897 -0.02159798 -0.168218 -0.02159798 -0.224291 -0.002617955 -0.220897 -0.02159798 -0.224291 -0.002617955 -0.27697 -0.002617955 -0.27697 -0.02159798 -0.224291 -0.02159798 -0.280363 -0.002617955 -0.27697 -0.02159798 -0.280363 -0.002617955 -0.333043 -0.002617955 -0.333043 -0.02159798 -0.280363 -0.02159798 -0.336436 -0.07853996 0.336798 -0.07853996 0.276179 -0.05955886 0.280363 -0.05955886 0.280363 -0.07853996 0.276179 -0.05955886 0.224291 -0.05955886 0.280363 -0.05955886 0.224291 -0.04057896 0.224291 -0.04057896 0.224291 -0.05955886 0.224291 -0.04057896 0.168218 -0.04057896 0.224291 -0.04057896 0.168218 -0.02159798 0.168218 -0.02159798 0.168218 -0.04057896 0.168218 -0.02159798 0.112145 -0.07853996 0.276179 -0.07853996 0.21556 -0.05955886 0.224291 -0.05955886 0.224291 -0.07853996 0.21556 -0.05955886 0.168218 -0.05955886 0.224291 -0.05955886 0.168218 -0.04057896 0.168218 -0.04057896 0.168218 -0.05955886 0.168218 -0.04057896 0.112145 -0.04057896 0.168218 -0.04057896 0.112145 -0.02159798 0.112145 -0.02159798 0.112145 -0.04057896 0.112145 -0.02159798 0.05607295 -0.07853996 0.21556 -0.07853996 0.154941 -0.05955886 0.168218 -0.05955886 0.168218 -0.07853996 0.154941 -0.05955886 0.112145 -0.05955886 0.168218 -0.05955886 0.112145 -0.04057896 0.112145 -0.04057896 0.112145 -0.05955886 0.112145 -0.04057896 0.05607295 -0.04057896 0.112145 -0.04057896 0.05607295 -0.02159798 0.05607295 -0.02159798 0.05607295 -0.04057896 0.05607295 -0.02159798 0 -0.07853996 0.154941 -0.07853996 0.09432196 -0.05955886 0.112145 -0.05955886 0.112145 -0.07853996 0.09432196 -0.05955886 0.05607295 -0.05955886 0.112145 -0.05955886 0.05607295 -0.04057896 0.05607295 -0.04057896 0.05607295 -0.05955886 0.05607295 -0.04057896 0 -0.04057896 0.05607295 -0.04057896 0 -0.02159798 0 -0.02159798 0 -0.04057896 0 -0.02159798 -0.05607295 -0.07853996 0.09432196 -0.07853996 0.03370285 -0.05955886 0.05607295 -0.05955886 0.05607295 -0.07853996 0.03370285 -0.05955886 0 -0.05955886 0.05607295 -0.05955886 0 -0.04057896 0 -0.04057896 0 -0.05955886 0 -0.04057896 -0.05607295 -0.04057896 0 -0.04057896 -0.05607295 -0.02159798 -0.05607295 -0.02159798 -0.05607295 -0.04057896 -0.05607295 -0.02159798 -0.112145 -0.07853996 0.03370285 -0.07853996 -0.02691584 -0.05955886 0 -0.05955886 0 -0.07853996 -0.02691584 -0.05955886 -0.05607295 -0.05955886 0 -0.05955886 -0.05607295 -0.04057896 -0.05607295 -0.04057896 -0.05607295 -0.05955886 -0.05607295 -0.04057896 -0.112145 -0.04057896 -0.05607295 -0.04057896 -0.112145 -0.02159798 -0.112145 -0.02159798 -0.112145 -0.04057896 -0.112145 -0.02159798 -0.168218 -0.07853996 -0.02691584 -0.07853996 -0.08753597 -0.05955886 -0.05607295 -0.05955886 -0.05607295 -0.07853996 -0.08753597 -0.05955886 -0.112145 -0.05955886 -0.05607295 -0.05955886 -0.112145 -0.04057896 -0.112145 -0.04057896 -0.112145 -0.05955886 -0.112145 -0.04057896 -0.168218 -0.04057896 -0.112145 -0.04057896 -0.168218 -0.02159798 -0.168218 -0.02159798 -0.168218 -0.04057896 -0.168218 -0.02159798 -0.224291 -0.07853996 -0.08753597 -0.07853996 -0.148155 -0.05955886 -0.112145 -0.05955886 -0.112145 -0.07853996 -0.148155 -0.05955886 -0.168218 -0.05955886 -0.112145 -0.05955886 -0.168218 -0.04057896 -0.168218 -0.04057896 -0.168218 -0.05955886 -0.168218 -0.04057896 -0.224291 -0.04057896 -0.168218 -0.04057896 -0.224291 -0.02159798 -0.224291 -0.02159798 -0.224291 -0.04057896 -0.224291 -0.02159798 -0.280363 -0.07853996 -0.148155 -0.07853996 -0.208774 -0.05955886 -0.168218 -0.05955886 -0.168218 -0.07853996 -0.208774 -0.05955886 -0.224291 -0.05955886 -0.168218 -0.05955886 -0.224291 -0.04057896 -0.224291 -0.04057896 -0.224291 -0.05955886 -0.224291 -0.04057896 -0.280363 -0.04057896 -0.224291 -0.04057896 -0.280363 -0.02159798 -0.280363 -0.02159798 -0.280363 -0.04057896 -0.280363 -0.02159798 -0.336436 -0.07853996 -0.208774 -0.07853996 -0.269393 -0.05955886 -0.224291 -0.05955886 -0.224291 -0.07853996 -0.269393 -0.05955886 -0.280363 -0.05955886 -0.224291 -0.05955886 -0.280363 -0.04057896 -0.280363 -0.04057896 -0.280363 -0.05955886 -0.280363 -0.04057896 -0.336436 -0.04057896 -0.280363 -0.04057896 -0.336436 -0.02159798 -0.336436 -0.07853996 -0.269393 -0.07853996 -0.330012 -0.05955886 -0.280363 -0.05955886 -0.280363 -0.07853996 -0.330012 -0.05955886 -0.336436 -0.05955886 -0.280363 -0.05955886 -0.336436 -0.04057896 -0.336436 -0.07853996 -0.330012 -0.07853996 -0.390631 -0.05955886 -0.336436 -0.02159798 -1.121453 -0.002617955 -1.11806 -0.02159798 -1.06538 -0.02159798 -1.06538 -0.002617955 -1.11806 -0.002617955 -1.061987 -0.02159798 -1.06538 -0.002617955 -1.061987 -0.02159798 -1.009308 -0.02159798 -1.009308 -0.002617955 -1.061987 -0.002617955 -1.005914 -0.02159798 -1.009308 -0.002617955 -1.005914 -0.02159798 -0.953235 -0.02159798 -0.953235 -0.002617955 -1.005914 -0.002617955 -0.949842 -0.02159798 -0.953235 -0.002617955 -0.949842 -0.02159798 -0.897162 -0.02159798 -0.897162 -0.002617955 -0.949842 -0.002617955 -0.893769 -0.02159798 -0.897162 -0.002617955 -0.893769 -0.02159798 -0.84109 -0.02159798 -0.84109 -0.002617955 -0.893769 -0.002617955 -0.837696 -0.02159798 -0.84109 -0.002617955 -0.837696 -0.02159798 -0.785017 -0.02159798 -0.785017 -0.002617955 -0.837696 -0.002617955 -0.781624 -0.02159798 -0.785017 -0.002617955 -0.781624 -0.02159798 -0.728944 -0.02159798 -0.728944 -0.002617955 -0.781624 -0.002617955 -0.725551 -0.02159798 -0.728944 -0.002617955 -0.725551 -0.02159798 -0.672872 -0.02159798 -0.672872 -0.002617955 -0.725551 -0.002617955 -0.669479 -0.02159798 -0.672872 -0.002617955 -0.669479 -0.02159798 -0.616799 -0.02159798 -0.616799 -0.002617955 -0.669479 -0.002617955 -0.613406 -0.02159798 -0.616799 -0.002617955 -0.613406 -0.02159798 -0.560726 -0.02159798 -0.560726 -0.002617955 -0.613406 -0.002617955 -0.557333 -0.02159798 -0.560726 -0.002617955 -0.557333 -0.02159798 -0.504654 -0.02159798 -0.504654 -0.002617955 -0.557333 -0.002617955 -0.501261 -0.02159798 -0.504654 -0.002617955 -0.501261 -0.02159798 -0.448581 -0.02159798 -0.448581 -0.002617955 -0.501261 -0.002617955 -0.445188 -0.02159798 -0.448581 -0.002617955 -0.445188 -0.02159798 -0.392508 -0.02159798 -0.392508 -0.002617955 -0.445188 -0.002617955 -0.389115 -0.002617955 0.283756 -0.002617955 0.339829 -0.02159798 0.336526 -0.02159798 0.336526 -0.002617955 0.339829 -0.02159798 0.392508 -0.02159798 0.336526 -0.02159798 0.392508 -0.04057896 0.336617 -0.04057896 0.336617 -0.02159798 0.392508 -0.04057896 0.392508 -0.04057896 0.336617 -0.04057896 0.392508 -0.05955886 0.336707 -0.05955886 0.336707 -0.04057896 0.392508 -0.05955886 0.392508 -0.002617955 0.339829 -0.002617955 0.395902 -0.02159798 0.392508 -0.02159798 0.392508 -0.002617955 0.395902 -0.02159798 0.448581 -0.02159798 0.392508 -0.02159798 0.448581 -0.04057896 0.448581 -0.04057896 0.448581 -0.02159798 0.448581 -0.04057896 0.504654 -0.04057896 0.448581 -0.04057896 0.504654 -0.05955886 0.504654 -0.05955886 0.504654 -0.04057896 0.504654 -0.05955886 0.560726 -0.002617955 0.395902 -0.002617955 0.451974 -0.02159798 0.448581 -0.02159798 0.448581 -0.002617955 0.451974 -0.02159798 0.504654 -0.02159798 0.448581 -0.02159798 0.504654 -0.04057896 0.504654 -0.04057896 0.504654 -0.02159798 0.504654 -0.04057896 0.560726 -0.04057896 0.504654 -0.04057896 0.560726 -0.05955886 0.560726 -0.05955886 0.560726 -0.04057896 0.560726 -0.05955886 0.616799 -0.002617955 0.451974 -0.002617955 0.508047 -0.02159798 0.504654 -0.02159798 0.504654 -0.002617955 0.508047 -0.02159798 0.560726 -0.02159798 0.504654 -0.02159798 0.560726 -0.04057896 0.560726 -0.04057896 0.560726 -0.02159798 0.560726 -0.04057896 0.616799 -0.04057896 0.560726 -0.04057896 0.616799 -0.05955886 0.616799 -0.05955886 0.616799 -0.04057896 0.616799 -0.05955886 0.672872 -0.002617955 0.508047 -0.002617955 0.56412 -0.02159798 0.560726 -0.02159798 0.560726 -0.002617955 0.56412 -0.02159798 0.616799 -0.02159798 0.560726 -0.02159798 0.616799 -0.04057896 0.616799 -0.04057896 0.616799 -0.02159798 0.616799 -0.04057896 0.672872 -0.04057896 0.616799 -0.04057896 0.672872 -0.05955886 0.672872 -0.05955886 0.672872 -0.04057896 0.672872 -0.05955886 0.728944 -0.002617955 0.56412 -0.002617955 0.620192 -0.02159798 0.616799 -0.02159798 0.616799 -0.002617955 0.620192 -0.02159798 0.672872 -0.02159798 0.616799 -0.02159798 0.672872 -0.04057896 0.672872 -0.04057896 0.672872 -0.02159798 0.672872 -0.04057896 0.728944 -0.04057896 0.672872 -0.04057896 0.728944 -0.05955886 0.728944 -0.05955886 0.728944 -0.04057896 0.728944 -0.05955886 0.785017 -0.002617955 0.620192 -0.002617955 0.676265 -0.02159798 0.672872 -0.02159798 0.672872 -0.002617955 0.676265 -0.02159798 0.728944 -0.02159798 0.672872 -0.02159798 0.728944 -0.04057896 0.728944 -0.04057896 0.728944 -0.02159798 0.728944 -0.04057896 0.785017 -0.04057896 0.728944 -0.04057896 0.785017 -0.05955886 0.785017 -0.05955886 0.785017 -0.04057896 0.785017 -0.05955886 0.84109 -0.002617955 0.676265 -0.002617955 0.732337 -0.02159798 0.728944 -0.02159798 0.728944 -0.002617955 0.732337 -0.02159798 0.785017 -0.02159798 0.728944 -0.02159798 0.785017 -0.04057896 0.785017 -0.04057896 0.785017 -0.02159798 0.785017 -0.04057896 0.84109 -0.04057896 0.785017 -0.04057896 0.84109 -0.05955886 0.84109 -0.05955886 0.84109 -0.04057896 0.84109 -0.05955886 0.897162 -0.002617955 0.732337 -0.002617955 0.78841 -0.02159798 0.785017 -0.02159798 0.785017 -0.002617955 0.78841 -0.02159798 0.84109 -0.02159798 0.785017 -0.02159798 0.84109 -0.04057896 0.84109 -0.04057896 0.84109 -0.02159798 0.84109 -0.04057896 0.897162 -0.04057896 0.84109 -0.04057896 0.897162 -0.05955886 0.897162 -0.05955886 0.897162 -0.04057896 0.897162 -0.05955886 0.953235 -0.002617955 0.78841 -0.002617955 0.844483 -0.02159798 0.84109 -0.02159798 0.84109 -0.002617955 0.844483 -0.02159798 0.897162 -0.02159798 0.84109 -0.02159798 0.897162 -0.04057896 0.897162 -0.04057896 0.897162 -0.02159798 0.897162 -0.04057896 0.953235 -0.04057896 0.897162 -0.04057896 0.953235 -0.05955886 0.953235 -0.05955886 0.953235 -0.04057896 0.953235 -0.05955886 1.009308 -0.002617955 0.844483 -0.002617955 0.900555 -0.02159798 0.897162 -0.02159798 0.897162 -0.002617955 0.900555 -0.02159798 0.953235 -0.02159798 0.897162 -0.02159798 0.953235 -0.04057896 0.953235 -0.04057896 0.953235 -0.02159798 0.953235 -0.04057896 1.009308 -0.04057896 0.953235 -0.04057896 1.009308 -0.05955886 1.009308 -0.05955886 1.009308 -0.04057896 1.009308 -0.05955886 1.06538 -0.002617955 0.900555 -0.002617955 0.956628 -0.02159798 0.953235 -0.02159798 0.953235 -0.002617955 0.956628 -0.02159798 1.009308 -0.02159798 0.953235 -0.02159798 1.009308 -0.04057896 1.009308 -0.04057896 1.009308 -0.02159798 1.009308 -0.04057896 1.06538 -0.04057896 1.009308 -0.04057896 1.06538 -0.05955886 1.06538 -0.002617955 0.956628 -0.002617955 1.012701 -0.02159798 1.009308 -0.02159798 1.009308 -0.002617955 1.012701 -0.02159798 1.06538 -0.02159798 1.009308 -0.02159798 1.06538 -0.04057896 1.06538 -0.002617955 1.012701 -0.002617955 1.068773 -0.02159798 1.06538 -0.05955886 -1.121453 -0.04057896 -1.121453 -0.05955886 -1.06538 -0.05955886 -1.06538 -0.04057896 -1.121453 -0.04057896 -1.06538 -0.05955886 -1.06538 -0.04057896 -1.06538 -0.05955886 -1.009308 -0.05955886 -1.009308 -0.04057896 -1.06538 -0.04057896 -1.009308 -0.05955886 -1.009308 -0.04057896 -1.009308 -0.05955886 -0.953235 -0.05955886 -0.953235 -0.04057896 -1.009308 -0.04057896 -0.953235 -0.05955886 -0.953235 -0.04057896 -0.953235 -0.05955886 -0.897162 -0.05955886 -0.897162 -0.04057896 -0.953235 -0.04057896 -0.897162 -0.05955886 -0.897162 -0.04057896 -0.897162 -0.05955886 -0.84109 -0.05955886 -0.84109 -0.04057896 -0.897162 -0.04057896 -0.84109 -0.05955886 -0.84109 -0.04057896 -0.84109 -0.05955886 -0.785017 -0.05955886 -0.785017 -0.04057896 -0.84109 -0.04057896 -0.785017 -0.05955886 -0.785017 -0.04057896 -0.785017 -0.05955886 -0.728944 -0.05955886 -0.728944 -0.04057896 -0.785017 -0.04057896 -0.728944 -0.05955886 -0.728944 -0.04057896 -0.728944 -0.05955886 -0.672872 -0.05955886 -0.672872 -0.04057896 -0.728944 -0.04057896 -0.672872 -0.05955886 -0.672872 -0.04057896 -0.672872 -0.05955886 -0.616799 -0.05955886 -0.616799 -0.04057896 -0.672872 -0.04057896 -0.616799 -0.05955886 -0.616799 -0.04057896 -0.616799 -0.05955886 -0.560726 -0.05955886 -0.560726 -0.04057896 -0.616799 -0.04057896 -0.560726 -0.05955886 -0.560726 -0.04057896 -0.560726 -0.05955886 -0.504654 -0.05955886 -0.504654 -0.04057896 -0.560726 -0.04057896 -0.504654 -0.05955886 -0.504654 -0.04057896 -0.504654 -0.05955886 -0.448581 -0.05955886 -0.448581 -0.04057896 -0.504654 -0.04057896 -0.448581 -0.05955886 -0.448581 -0.04057896 -0.448581 -0.05955886 -0.392508 -0.05955886 -0.392508 -0.04057896 -0.448581 -0.04057896 -0.392508 -0.04057896 -1.121453 -0.02159798 -1.121453 -0.04057896 -1.06538 -0.04057896 -1.06538 -0.02159798 -1.121453 -0.02159798 -1.06538 -0.04057896 -1.06538 -0.02159798 -1.06538 -0.04057896 -1.009308 -0.04057896 -1.009308 -0.02159798 -1.06538 -0.02159798 -1.009308 -0.04057896 -1.009308 -0.02159798 -1.009308 -0.04057896 -0.953235 -0.04057896 -0.953235 -0.02159798 -1.009308 -0.02159798 -0.953235 -0.04057896 -0.953235 -0.02159798 -0.953235 -0.04057896 -0.897162 -0.04057896 -0.897162 -0.02159798 -0.953235 -0.02159798 -0.897162 -0.04057896 -0.897162 -0.02159798 -0.897162 -0.04057896 -0.84109 -0.04057896 -0.84109 -0.02159798 -0.897162 -0.02159798 -0.84109 -0.04057896 -0.84109 -0.02159798 -0.84109 -0.04057896 -0.785017 -0.04057896 -0.785017 -0.02159798 -0.84109 -0.02159798 -0.785017 -0.04057896 -0.785017 -0.02159798 -0.785017 -0.04057896 -0.728944 -0.04057896 -0.728944 -0.02159798 -0.785017 -0.02159798 -0.728944 -0.04057896 -0.728944 -0.02159798 -0.728944 -0.04057896 -0.672872 -0.04057896 -0.672872 -0.02159798 -0.728944 -0.02159798 -0.672872 -0.04057896 -0.672872 -0.02159798 -0.672872 -0.04057896 -0.616799 -0.04057896 -0.616799 -0.02159798 -0.672872 -0.02159798 -0.616799 -0.04057896 -0.616799 -0.02159798 -0.616799 -0.04057896 -0.560726 -0.04057896 -0.560726 -0.02159798 -0.616799 -0.02159798 -0.560726 -0.04057896 -0.560726 -0.02159798 -0.560726 -0.04057896 -0.504654 -0.04057896 -0.504654 -0.02159798 -0.560726 -0.02159798 -0.504654 -0.04057896 -0.504654 -0.02159798 -0.504654 -0.04057896 -0.448581 -0.04057896 -0.448581 -0.02159798 -0.504654 -0.02159798 -0.448581 -0.04057896 -0.448581 -0.02159798 -0.448581 -0.04057896 -0.392508 -0.04057896 -0.392508 -0.02159798 -0.448581 -0.02159798 -0.392508 -0.05955886 0.504654 -0.05955886 0.448581 -0.04057896 0.448581 -0.04057896 0.448581 -0.05955886 0.448581 -0.04057896 0.392508 -0.04057896 0.448581 -0.04057896 0.392508 -0.02159798 0.392508 -0.05955886 0.392508 -0.04057896 0.392508 -0.05955886 0.448581 -0.02159798 0.224291 -0.02159798 0.280363 -0.04057896 0.280363 -0.02159798 0.224291 -0.04057896 0.280363 -0.04057896 0.224291 -0.04057896 0.224291 -0.04057896 0.280363 -0.05955886 0.280363 -0.02159798 0.168218 -0.02159798 0.224291 -0.04057896 0.224291 -0.08773696 0.05778586 -0.08773696 0 0.08773696 0 0.08773696 0 -0.08773696 0 -0.08773696 -0.05778586 0.08773696 0 -0.08773696 -0.05778586 0.08773696 -0.05923098 0.08773696 -0.05923098 -0.08773696 -0.05778586 -0.08773696 -0.115572 0.08773696 -0.05923098 -0.08773696 -0.115572 0.08773696 -0.118462 0.08773696 -0.118462 -0.08773696 -0.115572 -0.08773696 -0.173358 0.08773696 -0.118462 -0.08773696 -0.173358 0.08773696 -0.1776919 0.08773696 -0.1776919 -0.08773696 -0.173358 -0.08773696 -0.231145 0.08773696 -0.1776919 -0.08773696 -0.231145 0.08773696 -0.236923 0.08773696 -0.236923 -0.08773696 -0.231145 -0.08773696 -0.288931 0.08773696 -0.236923 -0.08773696 -0.288931 0.08773696 -0.296154 0.08773696 -0.296154 -0.08773696 -0.288931 -0.08773696 -0.346717 0.08773696 -0.296154 -0.08773696 -0.346717 0.08773696 -0.355385 0.08773696 -0.355385 -0.08773696 -0.346717 -0.08773696 -0.404503 0.08773696 -0.355385 -0.08773696 -0.404503 0.08773696 -0.414616 0.08773696 -0.414616 -0.08773696 -0.404503 -0.08773696 -0.462289 0.08773696 -0.414616 -0.08773696 -0.462289 0.08773696 -0.473846 0.08773696 -0.473846 -0.08773696 -0.462289 -0.08773696 -0.520075 0.08773696 -0.473846 -0.08773696 -0.520075 0.08773696 -0.533077 0.08773696 -0.533077 -0.08773696 -0.520075 -0.08773696 -0.577862 0.08773696 -0.533077 -0.08773696 -0.577862 0.08773696 -0.592308 0.08773696 -0.592308 -0.08773696 -0.577862 -0.08773696 -0.635648 0.08773696 -0.592308 -0.08773696 -0.635648 0.08773696 -0.651539 0.08773696 -0.651539 -0.08773696 -0.635648 -0.08773696 -0.693434 0.08773696 -0.651539 -0.08773696 -0.693434 0.08773696 -0.71077 0.08773696 -0.71077 -0.08773696 -0.693434 -0.08773696 -0.75122 0.08773696 -0.71077 -0.08773696 -0.75122 0.08773696 -0.770001 0.08773696 -0.770001 -0.08773696 -0.75122 -0.08773696 -0.809006 0.08773696 -0.770001 -0.08773696 -0.809006 0.08773696 -0.829231 0.08773696 -0.829231 -0.08773696 -0.809006 -0.08773696 -0.866792 0.08773696 -0.829231 -0.08773696 -0.866792 0.08773696 -0.888462 0.08773696 -0.888462 -0.08773696 -0.866792 -0.08773696 -0.924579 0.08773696 -0.888462 -0.08773696 -0.924579 0.08773696 -0.947693 0.08773696 -0.947693 -0.08773696 -0.924579 -0.08773696 -0.982365 0.08773696 -0.947693 -0.08773696 -0.982365 0.08773696 -1.006924 0.08773696 -1.006924 -0.08773696 -0.982365 -0.08773696 -1.040151 0.08773696 -1.006924 -0.08773696 -1.040151 0.08773696 -1.066155 0.08773696 -1.066155 -0.08773696 -1.040151 -0.08773696 -1.097937 0.08773696 -1.066155 -0.08773696 -1.097937 0.08773696 -1.125385 0.08773696 -1.125385 -0.08773696 -1.097937 -0.08773696 -1.155723 0.08773696 -1.125385 -0.08773696 -1.155723 0.08773696 -1.184616 0.08773696 1.184616 -0.08773696 1.213509 -0.08773696 1.155723 0.08773696 1.184616 -0.08773696 1.155723 0.08773696 1.125385 0.08773696 1.125385 -0.08773696 1.155723 -0.08773696 1.097937 0.08773696 1.125385 -0.08773696 1.097937 0.08773696 1.066155 0.08773696 1.066155 -0.08773696 1.097937 -0.08773696 1.040151 0.08773696 1.066155 -0.08773696 1.040151 0.08773696 1.006924 0.08773696 1.006924 -0.08773696 1.040151 -0.08773696 0.982365 0.08773696 1.006924 -0.08773696 0.982365 0.08773696 0.947693 0.08773696 0.947693 -0.08773696 0.982365 -0.08773696 0.924579 0.08773696 0.947693 -0.08773696 0.924579 0.08773696 0.888462 0.08773696 0.888462 -0.08773696 0.924579 -0.08773696 0.866792 0.08773696 0.888462 -0.08773696 0.866792 0.08773696 0.829231 0.08773696 0.829231 -0.08773696 0.866792 -0.08773696 0.809006 0.08773696 0.829231 -0.08773696 0.809006 0.08773696 0.770001 0.08773696 0.770001 -0.08773696 0.809006 -0.08773696 0.75122 0.08773696 0.770001 -0.08773696 0.75122 0.08773696 0.71077 0.08773696 0.71077 -0.08773696 0.75122 -0.08773696 0.693434 0.08773696 0.71077 -0.08773696 0.693434 0.08773696 0.651539 0.08773696 0.651539 -0.08773696 0.693434 -0.08773696 0.635648 0.08773696 0.651539 -0.08773696 0.635648 0.08773696 0.592308 0.08773696 0.592308 -0.08773696 0.635648 -0.08773696 0.577862 0.08773696 0.592308 -0.08773696 0.577862 0.08773696 0.533077 0.08773696 0.533077 -0.08773696 0.577862 -0.08773696 0.520075 0.08773696 0.533077 -0.08773696 0.520075 0.08773696 0.473846 0.08773696 0.473846 -0.08773696 0.520075 -0.08773696 0.462289 0.08773696 0.473846 -0.08773696 0.462289 0.08773696 0.414616 0.08773696 0.414616 -0.08773696 0.462289 -0.08773696 0.404503 0.08773696 0.414616 -0.08773696 0.404503 0.08773696 0.355385 0.08773696 0.355385 -0.08773696 0.404503 -0.08773696 0.346717 0.08773696 0.355385 -0.08773696 0.346717 0.08773696 0.296154 0.08773696 0.296154 -0.08773696 0.346717 -0.08773696 0.288931 0.08773696 0.296154 -0.08773696 0.288931 0.08773696 0.236923 0.08773696 0.236923 -0.08773696 0.288931 -0.08773696 0.231145 0.08773696 0.236923 -0.08773696 0.231145 0.08773696 0.1776919 0.08773696 0.1776919 -0.08773696 0.231145 -0.08773696 0.173358 0.08773696 0.1776919 -0.08773696 0.173358 0.08773696 0.118462 0.08773696 0.118462 -0.08773696 0.173358 -0.08773696 0.115572 0.08773696 0.118462 -0.08773696 0.115572 0.08773696 0.05923098 0.08773696 0.05923098 -0.08773696 0.115572 -0.08773696 0.05778586 0.08773696 0.05923098 -0.08773696 0.05778586 0.08773696 0 -0.07853996 0.06179893 -0.09751999 0.05425083 -0.07853996 0.00376296 -0.07853996 0.00376296 -0.09751999 0.05425083 -0.09751999 0 -0.07853996 0.00376296 -0.09751999 0 -0.07853996 -0.05427289 -0.07853996 -0.05427289 -0.09751999 0 -0.09751999 -0.054268 -0.07853996 -0.05427289 -0.09751999 -0.054268 -0.09751999 -0.108503 -0.09751999 -0.108503 -0.09751999 -0.054268 -0.116501 -0.108503 -0.09751999 -0.108503 -0.116501 -0.108503 -0.09751999 -0.1627539 -0.09751999 -0.1627539 -0.116501 -0.108503 -0.116501 -0.1627539 -0.09751999 -0.1627539 -0.116501 -0.1627539 -0.09751999 -0.217005 -0.09751999 -0.217005 -0.116501 -0.1627539 -0.116501 -0.217005 -0.09751999 -0.217005 -0.116501 -0.217005 -0.09751999 -0.271256 -0.09751999 -0.271256 -0.116501 -0.217005 -0.116501 -0.271256 -0.09751999 -0.271256 -0.116501 -0.271256 -0.09751999 -0.325508 -0.09751999 -0.325508 -0.116501 -0.271256 -0.116501 -0.325508 -0.09751999 -0.325508 -0.116501 -0.325508 -0.09751999 -0.379759 -0.09751999 -0.379759 -0.116501 -0.325508 -0.116501 -0.379759 -0.09751999 -0.379759 -0.116501 -0.379759 -0.09751999 -0.43401 -0.09751999 -0.43401 -0.116501 -0.379759 -0.116501 -0.43401 -0.09751999 -0.43401 -0.116501 -0.43401 -0.09751999 -0.488262 -0.09751999 -0.488262 -0.116501 -0.43401 -0.116501 -0.488262 -0.09751999 -0.488262 -0.116501 -0.488262 -0.09751999 -0.542513 -0.09751999 -0.542513 -0.116501 -0.488262 -0.116501 -0.542513 -0.09751999 -0.542513 -0.116501 -0.542513 -0.09751999 -0.596764 -0.09751999 -0.596764 -0.116501 -0.542513 -0.116501 -0.596764 -0.09751999 -0.596764 -0.116501 -0.596764 -0.09751999 -0.651015 -0.09751999 -0.651015 -0.116501 -0.596764 -0.116501 -0.651015 -0.09751999 -0.651015 -0.116501 -0.651015 -0.09751999 -0.705267 -0.09751999 -0.705267 -0.116501 -0.651015 -0.116501 -0.705267 -0.09751999 -0.705267 -0.116501 -0.705267 -0.09751999 -0.759518 -0.09751999 -0.759518 -0.116501 -0.705267 -0.116501 -0.759518 -0.09751999 -0.759518 -0.116501 -0.759518 -0.09751999 -0.813769 -0.09751999 -0.813769 -0.116501 -0.759518 -0.116501 -0.813769 -0.09751999 -0.813769 -0.116501 -0.813769 -0.09751999 -0.868021 -0.09751999 -0.868021 -0.116501 -0.813769 -0.116501 -0.868021 -0.09751999 -0.868021 -0.116501 -0.868021 -0.09751999 -0.922272 -0.09751999 -0.922272 -0.116501 -0.868021 -0.116501 -0.922272 -0.09751999 -0.922272 -0.116501 -0.922272 -0.09751999 -0.976523 -0.09751999 -0.976523 -0.116501 -0.922272 -0.116501 -0.976523 -0.09751999 -0.976523 -0.116501 -0.976523 -0.09751999 -1.030826 -0.09751999 -1.030826 -0.116501 -0.976523 -0.116501 -1.030878 -0.09751999 -1.030826 -0.116501 -1.030878 -0.09751999 -1.085026 -0.09751999 -1.085026 -0.116501 -1.030878 -0.116501 -1.085026 -0.09751999 -1.085026 -0.116501 -1.085026 -0.09751999 -1.139277 -0.09751999 -1.139277 -0.116501 -1.085026 -0.116501 -1.139277 -0.09751999 -1.139277 -0.116501 -1.139277 -0.09751999 -1.193528 -0.09751999 -1.193528 -0.116501 -1.139277 -0.116501 -1.193528 -0.09751999 -1.193528 -0.116501 -1.193528 -0.09751999 -1.24778 -0.09751999 1.24778 -0.116501 1.302031 -0.116501 1.24778 -0.09751999 1.24778 -0.116501 1.24778 -0.09751999 1.193528 -0.09751999 1.193528 -0.116501 1.24778 -0.116501 1.193528 -0.09751999 1.193528 -0.116501 1.193528 -0.09751999 1.139277 -0.09751999 1.139277 -0.116501 1.193528 -0.116501 1.139277 -0.09751999 1.139277 -0.116501 1.139277 -0.09751999 1.085026 -0.09751999 1.085026 -0.116501 1.139277 -0.116501 1.085026 -0.09751999 1.085026 -0.116501 1.085026 -0.09751999 1.030774 -0.09751999 1.030774 -0.116501 1.085026 -0.116501 1.030774 -0.09751999 1.030774 -0.116501 1.030774 -0.09751999 0.976523 -0.09751999 0.976523 -0.116501 1.030774 -0.116501 0.976523 -0.09751999 0.976523 -0.116501 0.976523 -0.09751999 0.922272 -0.09751999 0.922272 -0.116501 0.976523 -0.116501 0.922272 -0.09751999 0.922272 -0.116501 0.922272 -0.09751999 0.868021 -0.09751999 0.868021 -0.116501 0.922272 -0.116501 0.868021 -0.09751999 0.868021 -0.116501 0.868021 -0.09751999 0.813769 -0.09751999 0.813769 -0.116501 0.868021 -0.116501 0.813769 -0.09751999 0.813769 -0.116501 0.813769 -0.09751999 0.759518 -0.09751999 0.759518 -0.116501 0.813769 -0.116501 0.759518 -0.09751999 0.759518 -0.116501 0.759518 -0.09751999 0.705267 -0.09751999 0.705267 -0.116501 0.759518 -0.116501 0.705267 -0.09751999 0.705267 -0.116501 0.705267 -0.09751999 0.651015 -0.09751999 0.651015 -0.116501 0.705267 -0.116501 0.651015 -0.09751999 0.651015 -0.116501 0.651015 -0.09751999 0.596764 -0.09751999 0.596764 -0.116501 0.651015 -0.116501 0.596764 -0.09751999 0.596764 -0.116501 0.596764 -0.09751999 0.542513 -0.09751999 0.542513 -0.116501 0.596764 -0.116501 0.542513 -0.09751999 0.542513 -0.116501 0.542513 -0.09751999 0.488262 -0.09751999 0.488262 -0.116501 0.542513 -0.116501 0.488262 -0.09751999 0.488262 -0.116501 0.488262 -0.09751999 0.43401 -0.09751999 0.43401 -0.116501 0.488262 -0.116501 0.43401 -0.09751999 0.43401 -0.116501 0.43401 -0.09751999 0.379759 -0.09751999 0.379759 -0.116501 0.43401 -0.116501 0.379759 -0.09751999 0.379759 -0.116501 0.379759 -0.09751999 0.325508 -0.09751999 0.325508 -0.116501 0.379759 -0.116501 0.325508 -0.09751999 0.325508 -0.116501 0.325508 -0.09751999 0.271256 -0.09751999 0.271256 -0.116501 0.325508 -0.116501 0.271256 -0.09751999 0.271256 -0.116501 0.271256 -0.09751999 0.217005 -0.09751999 0.217005 -0.116501 0.271256 -0.116501 0.217005 -0.09751999 0.217005 -0.116501 0.217005 -0.09751999 0.1627539 -0.09751999 0.1627539 -0.116501 0.217005 -0.116501 0.1627539 -0.09751999 0.1627539 -0.116501 0.1627539 -0.09751999 0.108503 -0.09751999 0.108503 -0.116501 0.1627539 -0.116501 0.108503 -0.09751999 0.108503 -0.116501 0.108503 -0.09751999 0.05425083 -0.09751999 0.05425083 -0.116501 0.108503 -0.116501 0.05425083 -0.09751999 0.05425083 -0.116501 0.05425083 -0.09751999 0 -0.09751999 0 -0.116501 0.05425083 -0.116501 0 -0.09751999 0 -0.116501 0 -0.116501 -0.05426198 -0.116501 -0.05426198 -0.116501 0 -0.1354809 -0.05425685 -0.116501 -0.05426198 -0.1354809 -0.05425685 -0.1354809 -0.108503 -0.1354809 -0.108503 -0.1354809 -0.05425685 -0.154462 -0.05710399 -0.1354809 -0.108503 -0.154462 -0.05710399 -0.154462 -0.117972 -0.09751999 0.05425083 -0.07853996 0.06179893 -0.09751999 0.108503 -0.09751999 0.108503 -0.07853996 0.06179893 -0.07853996 0.119835 -0.09751999 0.108503 -0.07853996 0.119835 -0.09751999 0.1627539 -0.09751999 0.1627539 -0.07853996 0.119835 -0.07853996 0.177872 -0.09751999 0.1627539 -0.07853996 0.177872 -0.09751999 0.217005 -0.09751999 0.217005 -0.07853996 0.177872 -0.07853996 0.235908 -0.09751999 0.217005 -0.07853996 0.235908 -0.09751999 0.271256 -0.09751999 0.271256 -0.07853996 0.235908 -0.07853996 0.293944 -0.09751999 0.271256 -0.07853996 0.293944 -0.09751999 0.325508 -0.09751999 0.325508 -0.07853996 0.293944 -0.07853996 0.351981 -0.09751999 0.325508 -0.07853996 0.351981 -0.09751999 0.379759 -0.09751999 0.379759 -0.07853996 0.351981 -0.07853996 0.410017 -0.09751999 0.379759 -0.07853996 0.410017 -0.09751999 0.43401 -0.09751999 0.43401 -0.07853996 0.410017 -0.07853996 0.468053 -0.09751999 0.43401 -0.07853996 0.468053 -0.09751999 0.488262 -0.09751999 0.488262 -0.07853996 0.468053 -0.07853996 0.526089 -0.09751999 0.488262 -0.07853996 0.526089 -0.09751999 0.542513 -0.09751999 0.542513 -0.07853996 0.526089 -0.07853996 0.584126 -0.09751999 0.542513 -0.07853996 0.584126 -0.09751999 0.596764 -0.09751999 0.596764 -0.07853996 0.584126 -0.07853996 0.642162 -0.09751999 0.596764 -0.07853996 0.642162 -0.09751999 0.651015 -0.09751999 0.651015 -0.07853996 0.642162 -0.07853996 0.700198 -0.09751999 0.651015 -0.07853996 0.700198 -0.09751999 0.705267 -0.09751999 0.705267 -0.07853996 0.700198 -0.07853996 0.758234 -0.09751999 0.705267 -0.07853996 0.758234 -0.09751999 0.759518 -0.09751999 0.759518 -0.07853996 0.758234 -0.09751999 0.813769 -0.07853996 0.758234 -0.07853996 0.816271 -0.09751999 0.813769 -0.09751999 0.813769 -0.07853996 0.816271 -0.09751999 0.868021 -0.07853996 0.816271 -0.07853996 0.874307 -0.09751999 0.868021 -0.09751999 0.868021 -0.07853996 0.874307 -0.09751999 0.922272 -0.07853996 0.874307 -0.07853996 0.932343 -0.09751999 0.922272 -0.09751999 0.922272 -0.07853996 0.932343 -0.09751999 0.976523 -0.07853996 0.932343 -0.07853996 0.990379 -0.09751999 0.976523 -0.09751999 0.976523 -0.07853996 0.990379 -0.09751999 1.030774 -0.07853996 0.990379 -0.07853996 1.048416 -0.09751999 1.030774 -0.09751999 1.030774 -0.07853996 1.048416 -0.09751999 1.085026 -0.07853996 1.048416 -0.07853996 1.106452 -0.09751999 1.085026 -0.09751999 1.085026 -0.07853996 1.106452 -0.09751999 1.139277 -0.07853996 1.106452 -0.07853996 1.164488 -0.09751999 1.139277 -0.09751999 1.139277 -0.07853996 1.164488 -0.09751999 1.193528 -0.07853996 1.164488 -0.07853996 1.222524 -0.09751999 1.193528 -0.09751999 1.193528 -0.07853996 1.222524 -0.09751999 1.24778 -0.07853996 -1.273035 -0.07853996 -1.214998 -0.09751999 -1.24778 -0.09751999 -1.24778 -0.07853996 -1.214998 -0.09751999 -1.193528 -0.07853996 -1.214998 -0.07853996 -1.156962 -0.09751999 -1.193528 -0.09751999 -1.193528 -0.07853996 -1.156962 -0.09751999 -1.139277 -0.07853996 -1.156962 -0.07853996 -1.098926 -0.09751999 -1.139277 -0.09751999 -1.139277 -0.07853996 -1.098926 -0.09751999 -1.085026 -0.07853996 -1.098926 -0.07853996 -1.04089 -0.09751999 -1.085026 -0.09751999 -1.085026 -0.07853996 -1.04089 -0.09751999 -1.030826 -0.07853996 -1.04089 -0.07853996 -0.982854 -0.09751999 -1.030826 -0.09751999 -1.030826 -0.07853996 -0.982854 -0.09751999 -0.976523 -0.07853996 -0.982854 -0.07853996 -0.924817 -0.09751999 -0.976523 -0.09751999 -0.976523 -0.07853996 -0.924817 -0.09751999 -0.922272 -0.07853996 -0.924817 -0.07853996 -0.866781 -0.09751999 -0.922272 -0.09751999 -0.922272 -0.07853996 -0.866781 -0.09751999 -0.868021 -0.09751999 -0.868021 -0.07853996 -0.866781 -0.09751999 -0.813769 -0.09751999 -0.813769 -0.07853996 -0.866781 -0.07853996 -0.808745 -0.09751999 -0.813769 -0.07853996 -0.808745 -0.09751999 -0.759518 -0.09751999 -0.759518 -0.07853996 -0.808745 -0.07853996 -0.750708 -0.09751999 -0.759518 -0.07853996 -0.750708 -0.09751999 -0.705267 -0.09751999 -0.705267 -0.07853996 -0.750708 -0.07853996 -0.692672 -0.09751999 -0.705267 -0.07853996 -0.692672 -0.09751999 -0.651015 -0.09751999 -0.651015 -0.07853996 -0.692672 -0.07853996 -0.634636 -0.09751999 -0.651015 -0.07853996 -0.634636 -0.09751999 -0.596764 -0.09751999 -0.596764 -0.07853996 -0.634636 -0.07853996 -0.5766 -0.09751999 -0.596764 -0.07853996 -0.5766 -0.09751999 -0.542513 -0.09751999 -0.542513 -0.07853996 -0.5766 -0.07853996 -0.518563 -0.09751999 -0.542513 -0.07853996 -0.518563 -0.09751999 -0.488262 -0.09751999 -0.488262 -0.07853996 -0.518563 -0.07853996 -0.460527 -0.09751999 -0.488262 -0.07853996 -0.460527 -0.09751999 -0.43401 -0.09751999 -0.43401 -0.07853996 -0.460527 -0.07853996 -0.402491 -0.09751999 -0.43401 -0.07853996 -0.402491 -0.09751999 -0.379759 -0.09751999 -0.379759 -0.07853996 -0.402491 -0.07853996 -0.344455 -0.09751999 -0.379759 -0.07853996 -0.344455 -0.09751999 -0.325508 -0.09751999 -0.325508 -0.07853996 -0.344455 -0.07853996 -0.286418 -0.09751999 -0.325508 -0.07853996 -0.286418 -0.09751999 -0.271256 -0.09751999 -0.271256 -0.07853996 -0.286418 -0.07853996 -0.228382 -0.09751999 -0.271256 -0.07853996 -0.228382 -0.09751999 -0.217005 -0.09751999 -0.217005 -0.07853996 -0.228382 -0.07853996 -0.170346 -0.09751999 -0.217005 -0.07853996 -0.170346 -0.09751999 -0.1627539 -0.09751999 -0.1627539 -0.07853996 -0.170346 -0.07853996 -0.11231 -0.09751999 -0.1627539 -0.07853996 -0.11231 -0.09751999 -0.108503 -0.09751999 -0.108503 -0.07853996 -0.11231 -0.07853996 -0.05427289 -0.154462 -0.05710399 -0.1354809 0 -0.154462 0.00376296 -0.154462 0.00376296 -0.1354809 0 -0.1354809 0.05425083 -0.154462 0.00376296 -0.1354809 0.05425083 -0.154462 0.06462997 -0.154462 0.06462997 -0.1354809 0.05425083 -0.1354809 0.108503 -0.154462 0.06462997 -0.1354809 0.108503 -0.154462 0.1254979 -0.154462 0.1254979 -0.1354809 0.108503 -0.1354809 0.1627539 -0.154462 0.1254979 -0.1354809 0.1627539 -0.154462 0.186365 -0.154462 0.186365 -0.1354809 0.1627539 -0.1354809 0.217005 -0.154462 0.186365 -0.1354809 0.217005 -0.154462 0.247232 -0.154462 0.247232 -0.1354809 0.217005 -0.1354809 0.271256 -0.154462 0.247232 -0.1354809 0.271256 -0.154462 0.308099 -0.154462 0.308099 -0.1354809 0.271256 -0.1354809 0.325508 -0.154462 0.308099 -0.1354809 0.325508 -0.154462 0.368967 -0.154462 0.368967 -0.1354809 0.325508 -0.1354809 0.379759 -0.154462 0.368967 -0.1354809 0.379759 -0.154462 0.429834 -0.154462 0.429834 -0.1354809 0.379759 -0.1354809 0.43401 -0.154462 0.429834 -0.1354809 0.43401 -0.154462 0.490701 -0.154462 0.490701 -0.1354809 0.43401 -0.1354809 0.488262 -0.154462 0.490701 -0.1354809 0.488262 -0.1354809 0.542513 -0.1354809 0.542513 -0.1354809 0.488262 -0.116501 0.488262 -0.1354809 0.542513 -0.116501 0.488262 -0.116501 0.542513 -0.1354809 -0.108503 -0.154462 -0.117972 -0.1354809 -0.1627539 -0.1354809 -0.1627539 -0.154462 -0.117972 -0.154462 -0.178839 -0.1354809 -0.1627539 -0.154462 -0.178839 -0.1354809 -0.217005 -0.1354809 -0.217005 -0.154462 -0.178839 -0.154462 -0.239706 -0.1354809 -0.217005 -0.154462 -0.239706 -0.1354809 -0.271256 -0.1354809 -0.271256 -0.154462 -0.239706 -0.154462 -0.300574 -0.1354809 -0.271256 -0.154462 -0.300574 -0.1354809 -0.325508 -0.1354809 -0.325508 -0.154462 -0.300574 -0.154462 -0.361441 -0.1354809 -0.325508 -0.154462 -0.361441 -0.1354809 -0.379759 -0.1354809 -0.379759 -0.154462 -0.361441 -0.154462 -0.422308 -0.1354809 -0.379759 -0.154462 -0.422308 -0.1354809 -0.43401 -0.1354809 -0.43401 -0.154462 -0.422308 -0.154462 -0.483175 -0.1354809 -0.43401 -0.154462 -0.483175 -0.1354809 -0.488262 -0.1354809 -0.488262 -0.154462 -0.483175 -0.154462 -0.544043 -0.1354809 -0.488262 -0.154462 -0.544043 -0.1354809 -0.542513 -0.1354809 -0.542513 -0.154462 -0.544043 -0.1354809 -0.596764 -0.1354809 -0.542513 -0.1354809 -0.596764 -0.116501 -0.596764 -0.116501 -0.596764 -0.1354809 -0.596764 -0.116501 -0.651015 -0.154462 -0.544043 -0.154462 -0.60491 -0.1354809 -0.596764 -0.1354809 -0.596764 -0.154462 -0.60491 -0.1354809 -0.651015 -0.1354809 -0.596764 -0.1354809 -0.651015 -0.116501 -0.651015 -0.116501 -0.651015 -0.1354809 -0.651015 -0.116501 -0.705267 -0.154462 -0.60491 -0.154462 -0.665777 -0.1354809 -0.651015 -0.1354809 -0.651015 -0.154462 -0.665777 -0.1354809 -0.705267 -0.1354809 -0.651015 -0.1354809 -0.705267 -0.116501 -0.705267 -0.116501 -0.705267 -0.1354809 -0.705267 -0.116501 -0.759518 -0.154462 -0.665777 -0.154462 -0.726645 -0.1354809 -0.705267 -0.1354809 -0.705267 -0.154462 -0.726645 -0.1354809 -0.759518 -0.1354809 -0.705267 -0.1354809 -0.759518 -0.116501 -0.759518 -0.116501 -0.759518 -0.1354809 -0.759518 -0.116501 -0.813769 -0.154462 -0.726645 -0.154462 -0.787512 -0.1354809 -0.759518 -0.1354809 -0.759518 -0.154462 -0.787512 -0.1354809 -0.813769 -0.1354809 -0.759518 -0.1354809 -0.813769 -0.116501 -0.813769 -0.116501 -0.813769 -0.1354809 -0.813769 -0.116501 -0.868021 -0.154462 -0.787512 -0.154462 -0.848379 -0.1354809 -0.813769 -0.1354809 -0.813769 -0.154462 -0.848379 -0.1354809 -0.868021 -0.1354809 -0.813769 -0.1354809 -0.868021 -0.116501 -0.868021 -0.116501 -0.868021 -0.1354809 -0.868021 -0.116501 -0.922272 -0.154462 -0.848379 -0.154462 -0.909247 -0.1354809 -0.868021 -0.1354809 -0.868021 -0.154462 -0.909247 -0.1354809 -0.922272 -0.1354809 -0.868021 -0.1354809 -0.922272 -0.116501 -0.922272 -0.116501 -0.922272 -0.1354809 -0.922272 -0.116501 -0.976523 -0.154462 -0.909247 -0.154462 -0.970114 -0.1354809 -0.922272 -0.1354809 -0.922272 -0.154462 -0.970114 -0.1354809 -0.976523 -0.1354809 -0.922272 -0.1354809 -0.976523 -0.116501 -0.976523 -0.116501 -0.976523 -0.1354809 -0.976523 -0.116501 -1.030878 -0.154462 -0.970114 -0.154462 -1.030981 -0.1354809 -0.976523 -0.1354809 -0.976523 -0.154462 -1.030981 -0.1354809 -1.030929 -0.1354809 -0.976523 -0.1354809 -1.030929 -0.116501 -1.030878 -0.116501 -1.030878 -0.1354809 -1.030929 -0.116501 -1.085026 -0.1354809 -1.030929 -0.154462 -1.030981 -0.1354809 -1.085026 -0.1354809 -1.085026 -0.154462 -1.030981 -0.154462 -1.091848 -0.1354809 -1.085026 -0.154462 -1.091848 -0.1354809 -1.139277 -0.1354809 -1.139277 -0.154462 -1.091848 -0.154462 -1.152716 -0.1354809 -1.139277 -0.154462 -1.152716 -0.1354809 -1.193528 -0.1354809 -1.193528 -0.154462 -1.152716 -0.154462 -1.213583 -0.1354809 -1.193528 -0.154462 -1.213583 -0.1354809 -1.24778 -0.1354809 1.24778 -0.154462 1.281976 -0.154462 1.221109 -0.1354809 1.24778 -0.154462 1.221109 -0.1354809 1.193528 -0.1354809 1.193528 -0.154462 1.221109 -0.154462 1.160242 -0.1354809 1.193528 -0.154462 1.160242 -0.1354809 1.139277 -0.1354809 1.139277 -0.154462 1.160242 -0.154462 1.099374 -0.1354809 1.139277 -0.154462 1.099374 -0.1354809 1.085026 -0.1354809 1.085026 -0.154462 1.099374 -0.154462 1.038507 -0.1354809 1.085026 -0.154462 1.038507 -0.1354809 1.030774 -0.1354809 1.030774 -0.154462 1.038507 -0.154462 0.97764 -0.1354809 1.030774 -0.154462 0.97764 -0.1354809 0.976523 -0.1354809 0.976523 -0.154462 0.97764 -0.1354809 0.922272 -0.1354809 0.976523 -0.1354809 0.922272 -0.116501 0.922272 -0.116501 0.922272 -0.1354809 0.922272 -0.116501 0.868021 -0.154462 0.97764 -0.154462 0.916772 -0.1354809 0.922272 -0.1354809 0.922272 -0.154462 0.916772 -0.1354809 0.868021 -0.1354809 0.922272 -0.1354809 0.868021 -0.116501 0.868021 -0.116501 0.868021 -0.1354809 0.868021 -0.116501 0.813769 -0.154462 0.916772 -0.154462 0.855905 -0.1354809 0.868021 -0.1354809 0.868021 -0.154462 0.855905 -0.1354809 0.813769 -0.1354809 0.868021 -0.1354809 0.813769 -0.116501 0.813769 -0.116501 0.813769 -0.1354809 0.813769 -0.116501 0.759518 -0.154462 0.855905 -0.154462 0.795038 -0.1354809 0.813769 -0.1354809 0.813769 -0.154462 0.795038 -0.1354809 0.759518 -0.1354809 0.813769 -0.1354809 0.759518 -0.116501 0.759518 -0.116501 0.759518 -0.1354809 0.759518 -0.116501 0.705267 -0.154462 0.795038 -0.154462 0.73417 -0.1354809 0.759518 -0.1354809 0.759518 -0.154462 0.73417 -0.1354809 0.705267 -0.1354809 0.759518 -0.1354809 0.705267 -0.116501 0.705267 -0.116501 0.705267 -0.1354809 0.705267 -0.116501 0.651015 -0.154462 0.73417 -0.154462 0.673303 -0.1354809 0.705267 -0.1354809 0.705267 -0.154462 0.673303 -0.1354809 0.651015 -0.1354809 0.705267 -0.1354809 0.651015 -0.116501 0.651015 -0.116501 0.651015 -0.1354809 0.651015 -0.116501 0.596764 -0.154462 0.673303 -0.154462 0.612436 -0.1354809 0.651015 -0.1354809 0.651015 -0.154462 0.612436 -0.1354809 0.596764 -0.1354809 0.651015 -0.1354809 0.596764 -0.116501 0.596764 -0.116501 0.596764 -0.1354809 0.596764 -0.116501 0.542513 -0.154462 0.612436 -0.154462 0.551569 -0.1354809 0.596764 -0.1354809 0.596764 -0.154462 0.551569 -0.1354809 0.542513 -0.1354809 0.596764 -0.1354809 0.542513 -0.116501 0.542513 -0.154462 0.551569 -0.154462 0.490701 -0.1354809 0.542513 -0.116501 1.24778 -0.1354809 1.24778 -0.116501 1.193528 -0.116501 1.193528 -0.1354809 1.24778 -0.1354809 1.193528 -0.116501 1.193528 -0.1354809 1.193528 -0.116501 1.139277 -0.116501 1.139277 -0.1354809 1.193528 -0.1354809 1.139277 -0.116501 1.139277 -0.1354809 1.139277 -0.116501 1.085026 -0.116501 1.085026 -0.1354809 1.139277 -0.1354809 1.085026 -0.116501 1.085026 -0.1354809 1.085026 -0.116501 1.030774 -0.116501 1.030774 -0.1354809 1.085026 -0.1354809 1.030774 -0.116501 1.030774 -0.1354809 1.030774 -0.116501 0.976523 -0.116501 0.976523 -0.1354809 1.030774 -0.1354809 0.976523 -0.116501 0.976523 -0.1354809 0.976523 -0.116501 0.922272 -0.1354809 -1.24778 -0.116501 -1.24778 -0.1354809 -1.193528 -0.1354809 -1.193528 -0.116501 -1.24778 -0.116501 -1.193528 -0.1354809 -1.193528 -0.116501 -1.193528 -0.1354809 -1.139277 -0.1354809 -1.139277 -0.116501 -1.193528 -0.116501 -1.139277 -0.1354809 -1.139277 -0.116501 -1.139277 -0.1354809 -1.085026 -0.1354809 -1.085026 -0.116501 -1.139277 -0.116501 -1.085026 -0.1354809 -1.085026 -0.116501 -1.085026 -0.1354809 -1.030929 -0.154462 -0.05710399 -0.1354809 -0.05425685 -0.1354809 0 -0.1354809 0 -0.1354809 -0.05425685 -0.116501 0 -0.1354809 0 -0.116501 0 -0.1354809 0.05425083 -0.1354809 0.05425083 -0.116501 0 -0.116501 0.05425083 -0.1354809 0.05425083 -0.116501 0.05425083 -0.1354809 0.108503 -0.1354809 0.108503 -0.116501 0.05425083 -0.116501 0.108503 -0.1354809 0.108503 -0.116501 0.108503 -0.1354809 0.1627539 -0.1354809 0.1627539 -0.116501 0.108503 -0.116501 0.1627539 -0.1354809 0.1627539 -0.116501 0.1627539 -0.1354809 0.217005 -0.1354809 0.217005 -0.116501 0.1627539 -0.116501 0.217005 -0.1354809 0.217005 -0.116501 0.217005 -0.1354809 0.271256 -0.1354809 0.271256 -0.116501 0.217005 -0.116501 0.271256 -0.1354809 0.271256 -0.116501 0.271256 -0.1354809 0.325508 -0.1354809 0.325508 -0.116501 0.271256 -0.116501 0.325508 -0.1354809 0.325508 -0.116501 0.325508 -0.1354809 0.379759 -0.1354809 0.379759 -0.116501 0.325508 -0.116501 0.379759 -0.1354809 0.379759 -0.116501 0.379759 -0.1354809 0.43401 -0.1354809 0.43401 -0.116501 0.379759 -0.116501 0.43401 -0.1354809 0.43401 -0.116501 0.43401 -0.1354809 0.488262 -0.1354809 0.488262 -0.116501 0.43401 -0.116501 0.488262 -0.09751999 -0.054268 -0.09751999 0 -0.116501 -0.05426198 -0.1354809 -0.542513 -0.116501 -0.596764 -0.116501 -0.542513 -0.1354809 -0.488262 -0.1354809 -0.542513 -0.116501 -0.542513 -0.1354809 -0.488262 -0.116501 -0.542513 -0.116501 -0.488262 -0.1354809 -0.43401 -0.1354809 -0.488262 -0.116501 -0.488262 -0.1354809 -0.43401 -0.116501 -0.488262 -0.116501 -0.43401 -0.1354809 -0.379759 -0.1354809 -0.43401 -0.116501 -0.43401 -0.1354809 -0.379759 -0.116501 -0.43401 -0.116501 -0.379759 -0.1354809 -0.325508 -0.1354809 -0.379759 -0.116501 -0.379759 -0.1354809 -0.325508 -0.116501 -0.379759 -0.116501 -0.325508 -0.1354809 -0.271256 -0.1354809 -0.325508 -0.116501 -0.325508 -0.1354809 -0.271256 -0.116501 -0.325508 -0.116501 -0.271256 -0.1354809 -0.217005 -0.1354809 -0.271256 -0.116501 -0.271256 -0.1354809 -0.217005 -0.116501 -0.271256 -0.116501 -0.217005 -0.1354809 -0.1627539 -0.1354809 -0.217005 -0.116501 -0.217005 -0.1354809 -0.1627539 -0.116501 -0.217005 -0.116501 -0.1627539 -0.1354809 -0.108503 -0.1354809 -0.1627539 -0.116501 -0.1627539 -0.1354809 -0.108503 -0.116501 -0.1627539 -0.116501 -0.108503 -0.116501 -0.05426198 -0.1354809 -0.108503 -0.116501 -0.108503 -0.116501 -0.05426198 -0.116501 -0.108503 -0.09751999 -0.054268 -0.003535926 0.04457998 -0.003535926 -0.04104685 0.003535926 0.04104685 0.003535926 0.04104685 -0.003535926 -0.04104685 0.003535926 -0.04104685 -0.295 0.281112 -0.16 0.281112 -0.3 0.287235 -0.3 0.287235 -0.16 0.281112 -0.16 0.314262 -0.3 0.287235 -0.16 0.314262 -0.3 0.321485 -0.3 0.321485 -0.16 0.314262 -0.16 0.347412 -0.3 0.321485 -0.16 0.347412 -0.3 0.355735 -0.3 0.355735 -0.16 0.347412 -0.16 0.380562 -0.3 0.355735 -0.16 0.380562 -0.3 0.389985 -0.3 0.389985 -0.16 0.380562 -0.16 0.413711 -0.3 0.389985 -0.16 0.413711 -0.3 0.424235 -0.3 0.424235 -0.16 0.413711 -0.16 0.446861 -0.3 0.424235 -0.16 0.446861 -0.3 0.458485 -0.3 0.458485 -0.16 0.446861 -0.16 0.480011 -0.3 0.458485 -0.16 0.480011 -0.3 0.492735 -0.3 0.492735 -0.16 0.480011 -0.16 0.513161 -0.3 0.492735 -0.16 0.513161 -0.3 0.526985 -0.3 0.526985 -0.16 0.513161 -0.16 0.546311 -0.3 0.526985 -0.16 0.546311 -0.3 0.561235 -0.3 0.561235 -0.16 0.546311 -0.16 0.579461 -0.3 0.561235 -0.16 0.579461 -0.3 0.595486 -0.3 0.595486 -0.16 0.579461 -0.16 0.612611 -0.3 0.595486 -0.16 0.612611 -0.3 0.629736 -0.3 0.629736 -0.16 0.612611 -0.16 0.64576 -0.3 0.629736 -0.16 0.64576 -0.3 0.663986 -0.3 0.663986 -0.16 0.64576 -0.16 0.67891 -0.3 0.663986 -0.16 0.67891 -0.3 0.698236 -0.3 0.698236 -0.16 0.67891 -0.16 0.71206 -0.3 0.698236 -0.16 0.71206 -0.3 0.732486 -0.3 0.732486 -0.16 0.71206 -0.16 0.74521 -0.3 0.732486 -0.16 0.74521 -0.3 0.766736 -0.3 0.766736 -0.16 0.74521 -0.16 0.77836 -0.3 0.766736 -0.16 0.77836 -0.3 0.800986 -0.3 0.800986 -0.16 0.77836 -0.16 0.81151 -0.3 0.800986 -0.16 0.81151 -0.3 0.835236 -0.3 0.835236 -0.16 0.81151 -0.16 0.84466 -0.3 0.835236 -0.16 0.84466 -0.3 0.869486 -0.3 0.869486 -0.16 0.84466 -0.16 0.877809 -0.3 0.869486 -0.16 0.877809 -0.3 0.903736 -0.3 0.903736 -0.16 0.877809 -0.16 0.910959 -0.3 0.903736 -0.16 0.910959 -0.3 0.937986 -0.3 0.937986 -0.16 0.910959 -0.16 0.944109 -0.3 0.937986 -0.16 0.944109 -0.295 0.944109 -0.003535926 -0.04457998 0.003535926 -0.04104685 -0.003535926 0.04104685 -0.003535926 0.04104685 0.003535926 -0.04104685 0.003535926 0.04104685 -0.003535926 -0.07068598 0.003535926 -0.07068598 -0.003535926 -0.05890488 -0.003535926 -0.05890488 0.003535926 -0.07068598 0.003535926 -0.05890488 -0.003535926 -0.05890488 0.003535926 -0.05890488 -0.003535926 -0.04712384 -0.003535926 -0.04712384 0.003535926 -0.05890488 0.003535926 -0.04712384 -0.003535926 -0.04712384 0.003535926 -0.04712384 -0.003535926 -0.03534299 -0.003535926 -0.03534299 0.003535926 -0.04712384 0.003535926 -0.03534299 0.138647 0 0.138647 0.01047194 0.00364691 0 0.00364691 0 0.138647 0.01047194 0.00364691 0.01047194 0.00364691 0.01047194 0.138647 0.01047194 0.138647 0.02094388 0.00364691 0.01047194 0.138647 0.02094388 0.00364691 0.02094388 0.00364691 0.02094388 0.138647 0.02094388 0.138647 0.03141587 0.00364691 0.02094388 0.138647 0.03141587 0.00364691 0.03141587 -0.1899999 -0.135 -0.107906 -0.135 -0.1899999 0 -0.1899999 0 -0.107906 -0.135 -0.107906 0 -0.102094 -0.135 -0.01999998 -0.135 -0.102094 0 -0.102094 0 -0.01999998 -0.135 -0.01999998 0 0.138647 0 0.138647 0.01047194 0.00364691 0 0.00364691 0 0.138647 0.01047194 0.00364691 0.01047194 0.00364691 0.01047194 0.138647 0.01047194 0.138647 0.02094388 0.00364691 0.01047194 0.138647 0.02094388 0.00364691 0.02094388 0.00364691 0.02094388 0.138647 0.02094388 0.138647 0.03141587 0.00364691 0.02094388 0.138647 0.03141587 0.00364691 0.03141587 -0.003535926 0.03534299 0.003535926 0.03534299 -0.003535926 0.04712384 -0.003535926 0.04712384 0.003535926 0.03534299 0.003535926 0.04712384 -0.003535926 0.04712384 0.003535926 0.04712384 -0.003535926 0.05890488 -0.003535926 0.05890488 0.003535926 0.04712384 0.003535926 0.05890488 -0.003535926 0.05890488 0.003535926 0.05890488 -0.003535926 0.07068598 -0.003535926 0.07068598 0.003535926 0.05890488 0.003535926 0.07068598 -10e-7 -8e-6 -0.02999883 -8e-6 -10e-7 -0.289992 -10e-7 -0.289992 -0.02999883 -8e-6 -0.02999883 -0.289992 -1.41e-4 -0.27 -1.41e-4 -0.01999998 -0.02007198 -0.289992 -0.02007198 -0.289992 -1.41e-4 -0.01999998 -0.02007198 -8e-6 -0.01985895 -0.27 7.2e-5 -0.289992 -0.01985895 -0.01999998 -0.01985895 -0.01999998 7.2e-5 -0.289992 7.2e-5 -8e-6 -0.02999883 -8e-6 -0.02999883 -0.289992 -10e-7 -8e-6 -10e-7 -8e-6 -0.02999883 -0.289992 -10e-7 -0.289992 -0.01985895 -0.27 7.2e-5 -0.289992 -0.01985895 -0.01999998 -0.01985895 -0.01999998 7.2e-5 -0.289992 7.2e-5 -8e-6 0.29 0.02645587 0 0 0.29 0 0.29 0 0 0 0 -0.02645587 0.29 0 0 -0.02645587 0.29 -0.02645587 0.29 -0.02645587 0 -0.02645587 0 -0.05291098 0.29 -0.02645587 0 -0.05291098 0.29 -0.05291098 0.29 -0.05291098 0 -0.05291098 0 -0.07936698 0.29 -0.05291098 0 -0.07936698 0.29 -0.07936698 0.29 -0.07936698 0 -0.07936698 0 -0.105822 0.29 -0.07936698 0 -0.105822 0.29 -0.105822 0.29 -0.105822 0 -0.105822 0 -0.132278 0.29 -0.105822 0 -0.132278 0.29 -0.132278 0.29 -0.132278 0 -0.132278 0 -0.158733 0.29 -0.132278 0 -0.158733 0.29 -0.158733 0.29 -0.158733 0 -0.158733 0 -0.185189 0.29 -0.158733 0 -0.185189 0.29 -0.185189 0.29 -0.185189 0 -0.185189 0 -0.2116439 0.29 -0.185189 0 -0.2116439 0.29 -0.2116439 0.29 -0.2116439 0 -0.2116439 0 -0.2380999 0.29 -0.2116439 0 -0.2380999 0.29 -0.2380999 0.29 0.264555 0 0.264555 0 0.2380999 0.29 0.264555 0 0.2380999 0.29 0.2380999 0.29 0.2380999 0 0.2380999 0 0.2116439 0.29 0.2380999 0 0.2116439 0.29 0.2116439 0.29 0.2116439 0 0.2116439 0 0.185189 0.29 0.2116439 0 0.185189 0.29 0.185189 0.29 0.185189 0 0.185189 0 0.158733 0.29 0.185189 0 0.158733 0.29 0.158733 0.29 0.158733 0 0.158733 0 0.132278 0.29 0.158733 0 0.132278 0.29 0.132278 0.29 0.132278 0 0.132278 0 0.105822 0.29 0.132278 0 0.105822 0.29 0.105822 0.29 0.105822 0 0.105822 0 0.07936698 0.29 0.105822 0 0.07936698 0.29 0.07936698 0.29 0.07936698 0 0.07936698 0 0.05291098 0.29 0.07936698 0 0.05291098 0.29 0.05291098 0.29 0.05291098 0 0.05291098 0 0.02645587 0.29 0.05291098 0 0.02645587 0.29 0.02645587 0.29 0.02645587 0 0.02645587 0 0 0.29 0.02645587 0 0 0.29 0 0.29 0 0 0 0 -0.02645587 0.29 0 0 -0.02645587 0.29 -0.02645587 0.29 -0.02645587 0 -0.02645587 0 -0.05291098 0.29 -0.02645587 0 -0.05291098 0.29 -0.05291098 0.29 -0.05291098 0 -0.05291098 0 -0.07936698 0.29 -0.05291098 0 -0.07936698 0.29 -0.07936698 0.29 -0.07936698 0 -0.07936698 0 -0.105822 0.29 -0.07936698 0 -0.105822 0.29 -0.105822 0.29 -0.105822 0 -0.105822 0 -0.132278 0.29 -0.105822 0 -0.132278 0.29 -0.132278 0.29 -0.132278 0 -0.132278 0 -0.158733 0.29 -0.132278 0 -0.158733 0.29 -0.158733 0.29 -0.158733 0 -0.158733 0 -0.185189 0.29 -0.158733 0 -0.185189 0.29 -0.185189 0.29 -0.185189 0 -0.185189 0 -0.2116439 0.29 -0.185189 0 -0.2116439 0.29 -0.2116439 0.29 -0.2116439 0 -0.2116439 0 -0.2380999 0.29 -0.2116439 0 -0.2380999 0.29 -0.2380999 0.29 0.264555 0 0.264555 0 0.2380999 0.29 0.264555 0 0.2380999 0.29 0.2380999 0.29 0.2380999 0 0.2380999 0 0.2116439 0.29 0.2380999 0 0.2116439 0.29 0.2116439 0.29 0.2116439 0 0.2116439 0 0.185189 0.29 0.2116439 0 0.185189 0.29 0.185189 0.29 0.185189 0 0.185189 0 0.158733 0.29 0.185189 0 0.158733 0.29 0.158733 0.29 0.158733 0 0.158733 0 0.132278 0.29 0.158733 0 0.132278 0.29 0.132278 0.29 0.132278 0 0.132278 0 0.105822 0.29 0.132278 0 0.105822 0.29 0.105822 0.29 0.105822 0 0.105822 0 0.07936698 0.29 0.105822 0 0.07936698 0.29 0.07936698 0.29 0.07936698 0 0.07936698 0 0.05291098 0.29 0.07936698 0 0.05291098 0.29 0.05291098 0.29 0.05291098 0 0.05291098 0 0.02645587 0.29 0.05291098 0 0.02645587 0.29 0.02645587 0.29 0.02645587 0 0.02645587 0 0 0.29 0.02645587 0 0 0.29 0 0.29 0 0 0 0 -0.02645587 0.29 0 0 -0.02645587 0.29 -0.02645587 0.29 -0.02645587 0 -0.02645587 0 -0.05291098 0.29 -0.02645587 0 -0.05291098 0.29 -0.05291098 0.29 -0.05291098 0 -0.05291098 0 -0.07936698 0.29 -0.05291098 0 -0.07936698 0.29 -0.07936698 0.29 -0.07936698 0 -0.07936698 0 -0.105822 0.29 -0.07936698 0 -0.105822 0.29 -0.105822 0.29 -0.105822 0 -0.105822 0 -0.132278 0.29 -0.105822 0 -0.132278 0.29 -0.132278 0.29 -0.132278 0 -0.132278 0 -0.158733 0.29 -0.132278 0 -0.158733 0.29 -0.158733 0.29 -0.158733 0 -0.158733 0 -0.185189 0.29 -0.158733 0 -0.185189 0.29 -0.185189 0.29 -0.185189 0 -0.185189 0 -0.2116439 0.29 -0.185189 0 -0.2116439 0.29 -0.2116439 0.29 -0.2116439 0 -0.2116439 0 -0.2380999 0.29 -0.2116439 0 -0.2380999 0.29 -0.2380999 0.29 0.264555 0 0.264555 0 0.2380999 0.29 0.264555 0 0.2380999 0.29 0.2380999 0.29 0.2380999 0 0.2380999 0 0.2116439 0.29 0.2380999 0 0.2116439 0.29 0.2116439 0.29 0.2116439 0 0.2116439 0 0.185189 0.29 0.2116439 0 0.185189 0.29 0.185189 0.29 0.185189 0 0.185189 0 0.158733 0.29 0.185189 0 0.158733 0.29 0.158733 0.29 0.158733 0 0.158733 0 0.132278 0.29 0.158733 0 0.132278 0.29 0.132278 0.29 0.132278 0 0.132278 0 0.105822 0.29 0.132278 0 0.105822 0.29 0.105822 0.29 0.105822 0 0.105822 0 0.07936698 0.29 0.105822 0 0.07936698 0.29 0.07936698 0.29 0.07936698 0 0.07936698 0 0.05291098 0.29 0.07936698 0 0.05291098 0.29 0.05291098 0.29 0.05291098 0 0.05291098 0 0.02645587 0.29 0.05291098 0 0.02645587 0.29 0.02645587 0.29 0.02645587 0 0.02645587 0 0 0.29 0.02645587 0 0 0.29 0 0.29 0 0 0 0 -0.02645587 0.29 0 0 -0.02645587 0.29 -0.02645587 0.29 -0.02645587 0 -0.02645587 0 -0.05291098 0.29 -0.02645587 0 -0.05291098 0.29 -0.05291098 0.29 -0.05291098 0 -0.05291098 0 -0.07936698 0.29 -0.05291098 0 -0.07936698 0.29 -0.07936698 0.29 -0.07936698 0 -0.07936698 0 -0.105822 0.29 -0.07936698 0 -0.105822 0.29 -0.105822 0.29 -0.105822 0 -0.105822 0 -0.132278 0.29 -0.105822 0 -0.132278 0.29 -0.132278 0.29 -0.132278 0 -0.132278 0 -0.158733 0.29 -0.132278 0 -0.158733 0.29 -0.158733 0.29 -0.158733 0 -0.158733 0 -0.185189 0.29 -0.158733 0 -0.185189 0.29 -0.185189 0.29 -0.185189 0 -0.185189 0 -0.2116439 0.29 -0.185189 0 -0.2116439 0.29 -0.2116439 0.29 -0.2116439 0 -0.2116439 0 -0.2380999 0.29 -0.2116439 0 -0.2380999 0.29 -0.2380999 0.29 0.264555 0 0.264555 0 0.2380999 0.29 0.264555 0 0.2380999 0.29 0.2380999 0.29 0.2380999 0 0.2380999 0 0.2116439 0.29 0.2380999 0 0.2116439 0.29 0.2116439 0.29 0.2116439 0 0.2116439 0 0.185189 0.29 0.2116439 0 0.185189 0.29 0.185189 0.29 0.185189 0 0.185189 0 0.158733 0.29 0.185189 0 0.158733 0.29 0.158733 0.29 0.158733 0 0.158733 0 0.132278 0.29 0.158733 0 0.132278 0.29 0.132278 0.29 0.132278 0 0.132278 0 0.105822 0.29 0.132278 0 0.105822 0.29 0.105822 0.29 0.105822 0 0.105822 0 0.07936698 0.29 0.105822 0 0.07936698 0.29 0.07936698 0.29 0.07936698 0 0.07936698 0 0.05291098 0.29 0.07936698 0 0.05291098 0.29 0.05291098 0.29 0.05291098 0 0.05291098 0 0.02645587 0.29 0.05291098 0 0.02645587 0.29 0.02645587 0.29 0.02645587 0 0.02645587 0 0</float_array>
          <technique_common>
            <accessor source="#Giro_dynamixel-mesh-map-0-array" count="6744" stride="2">
              <param name="S" type="float"/>
              <param name="T" type="float"/>
            </accessor>
          </technique_common>
        </source>
        <vertices id="Giro_dynamixel-mesh-vertices">
          <input semantic="POSITION" source="#Giro_dynamixel-mesh-positions"/>
        </vertices>
        <triangles material="_60_160_160-material" count="2248">
          <input semantic="VERTEX" source="#Giro_dynamixel-mesh-vertices" offset="0"/>
          <input semantic="NORMAL" source="#Giro_dynamixel-mesh-normals" offset="1"/>
          <input semantic="TEXCOORD" source="#Giro_dynamixel-mesh-map-0" offset="2" set="0"/>
          <p>750 0 0 647 1 1 681 0 2 681 2 3 647 2 4 605 2 5 681 3 6 605 3 7 623 3 8 623 4 9 605 4 10 582 4 11 623 5 12 582 6 13 578 7 14 578 8 15 582 8 16 538 8 17 578 9 18 538 10 19 531 11 20 531 12 21 538 12 22 510 12 23 531 13 24 510 14 25 487 15 26 487 16 27 510 16 28 429 16 29 429 17 30 510 17 31 482 17 32 429 18 33 482 18 34 361 18 35 361 19 36 482 19 37 453 19 38 361 20 39 453 20 40 297 20 41 297 21 42 453 21 43 435 21 44 297 22 45 435 22 46 219 22 47 219 23 48 435 23 49 436 23 50 219 24 51 436 24 52 367 24 53 367 25 54 436 25 55 454 25 56 367 26 57 454 26 58 419 26 59 419 23 60 454 23 61 483 23 62 419 27 63 483 27 64 511 27 65 647 23 66 750 23 67 667 23 68 667 23 69 750 23 70 812 23 71 667 28 72 812 28 73 678 28 74 678 29 75 812 29 76 892 29 77 678 23 78 892 23 79 668 23 80 668 30 81 892 30 82 744 30 83 668 23 84 744 23 85 648 23 86 648 31 87 744 31 88 693 31 89 648 32 90 693 32 91 606 32 92 606 33 93 693 33 94 597 33 95 606 34 96 597 34 97 583 34 98 583 23 99 597 23 100 539 23 101 539 35 102 597 36 103 514 35 104 539 37 105 514 37 106 511 37 107 511 23 108 514 23 109 419 23 110 892 23 111 952 23 112 744 23 113 744 38 114 952 38 115 800 38 116 800 23 117 952 23 118 994 23 119 800 23 120 994 23 121 861 23 122 861 23 123 994 23 124 1004 23 125 861 39 126 1004 39 127 1018 39 128 861 40 129 1018 40 130 908 41 131 908 42 132 1018 43 133 1036 43 134 908 44 135 1036 45 136 942 45 137 942 46 138 1036 46 139 1050 46 140 942 47 141 1050 47 142 1068 47 143 942 48 144 1068 48 145 975 48 146 975 49 147 1068 50 148 1078 50 149 975 51 150 1078 51 151 1034 51 152 1034 52 153 1078 52 154 1084 52 155 1034 53 156 1084 53 157 1044 53 158 1044 54 159 1084 54 160 1092 54 161 1044 55 162 1092 55 163 1052 55 164 1052 56 165 1092 56 166 1098 56 167 1052 57 168 1098 57 169 1060 57 170 1060 23 171 1098 23 172 1066 23 173 1066 58 174 1098 58 175 1104 58 176 1066 23 177 1104 23 178 1072 23 179 1072 23 180 1104 23 181 1106 23 182 1072 23 183 1106 23 184 1070 23 185 1070 23 186 1106 23 187 1062 23 188 1062 59 189 1106 59 190 1100 59 191 1062 23 192 1100 23 193 1056 23 194 1056 23 195 1100 23 196 1094 23 197 1056 23 198 1094 23 199 1048 23 200 1048 60 201 1094 60 202 1086 60 203 1048 23 204 1086 23 205 1040 23 206 1040 61 207 1086 61 208 1082 61 209 1040 23 210 1082 23 211 1032 23 212 1032 23 213 1082 23 214 984 23 215 1032 62 216 984 62 217 992 62 218 1082 23 219 1074 23 220 984 23 221 984 23 222 1074 23 223 963 23 224 963 63 225 1074 63 226 1054 63 227 963 23 228 1054 23 229 923 23 230 923 64 231 1054 64 232 1038 64 233 923 65 234 1038 65 235 1024 65 236 923 66 237 1024 66 238 887 66 239 887 67 240 1024 67 241 1006 67 242 887 23 243 1006 23 244 825 23 245 825 68 246 1006 68 247 1000 68 248 825 23 249 1000 23 250 965 23 251 825 23 252 965 23 253 775 23 254 775 69 255 965 69 256 904 69 257 775 70 258 904 70 259 673 70 260 673 23 261 904 23 262 674 23 263 674 23 264 904 23 265 823 23 266 674 71 267 823 71 268 761 71 269 691 72 270 627 72 271 761 72 272 761 73 273 627 73 274 658 73 275 761 74 276 658 74 277 674 74 278 627 75 279 691 75 280 599 75 281 599 23 282 691 23 283 586 23 284 599 76 285 586 76 286 568 76 287 568 23 288 586 23 289 556 23 290 568 77 291 556 77 292 520 77 293 568 78 294 520 78 295 526 78 296 526 23 297 520 23 298 420 23 299 526 23 300 420 23 301 504 23 302 504 79 303 420 79 304 462 79 305 462 23 306 420 23 307 351 23 308 462 80 309 351 80 310 442 80 311 442 23 312 351 23 313 291 23 314 442 81 315 291 81 316 432 81 317 432 82 318 291 82 319 208 82 320 432 83 321 208 83 322 441 83 323 441 84 324 208 84 325 337 85 326 441 86 327 337 87 328 384 86 329 208 23 330 147 23 331 337 88 332 337 89 333 147 23 334 288 23 335 288 90 336 147 90 337 112 90 338 288 91 339 112 91 340 106 91 341 288 23 342 106 23 343 225 23 344 225 92 345 106 92 346 88 92 347 225 93 348 88 93 349 189 93 350 189 94 351 88 94 352 75 94 353 189 95 354 75 95 355 60 95 356 189 96 357 60 96 358 149 96 359 149 97 360 60 97 361 40 97 362 149 23 363 40 23 364 129 98 365 129 99 366 40 23 367 32 23 368 129 100 369 32 101 370 78 101 371 78 102 372 32 102 373 28 102 374 78 23 375 28 23 376 68 23 377 68 103 378 28 103 379 20 103 380 68 23 381 20 23 382 61 23 383 61 104 384 20 104 385 14 104 386 61 23 387 14 23 388 52 23 389 52 105 390 14 105 391 46 105 392 46 106 393 14 106 394 8 106 395 46 23 396 8 23 397 41 23 398 41 23 399 8 23 400 10 23 401 41 23 402 10 23 403 43 23 404 43 23 405 10 23 406 50 23 407 50 107 408 10 107 409 15 107 410 50 23 411 15 23 412 57 23 413 57 108 414 15 108 415 21 108 416 57 23 417 21 23 418 64 23 419 64 109 420 21 109 421 29 109 422 64 23 423 29 23 424 73 23 425 73 110 426 29 110 427 35 110 428 73 111 429 35 111 430 80 111 431 80 23 432 35 23 433 138 23 434 80 112 435 138 112 436 125 112 437 35 23 438 45 23 439 138 23 440 138 113 441 45 113 442 170 113 443 170 114 444 45 114 445 63 114 446 170 115 447 63 115 448 76 115 449 170 116 450 76 116 451 205 116 452 205 117 453 76 117 454 94 117 455 205 23 456 94 23 457 251 23 458 251 118 459 94 118 460 107 118 461 251 23 462 107 23 463 117 23 464 251 23 465 117 23 466 312 23 467 312 119 468 117 119 469 159 119 470 312 23 471 159 23 472 367 23 473 367 120 474 159 120 475 219 120 476 975 121 477 1034 122 478 987 122 479 987 23 480 1034 23 481 1030 23 482 987 123 483 1030 123 484 1020 123 485 987 23 486 1020 23 487 993 23 488 993 124 489 1020 124 490 1014 124 491 993 23 492 1014 23 493 999 23 494 999 125 495 1014 125 496 1010 125 497 999 126 498 1010 126 499 1012 126 500 999 23 501 1012 23 502 998 23 503 998 23 504 1012 23 505 1016 23 506 998 23 507 1016 23 508 992 23 509 992 127 510 1016 127 511 1026 127 512 992 23 513 1026 23 514 1032 23 515 673 23 516 657 23 517 775 23 518 775 23 519 657 23 520 727 23 521 727 128 522 657 128 523 626 128 524 727 129 525 626 129 526 646 129 527 646 130 528 626 130 529 598 130 530 646 23 531 598 23 532 555 131 533 555 132 534 598 23 535 567 23 536 555 133 537 567 23 538 525 23 539 555 134 540 525 135 541 465 135 542 465 23 543 525 23 544 503 23 545 465 23 546 503 23 547 461 23 548 465 136 549 461 23 550 384 137 551 384 138 552 461 139 553 441 139 554 78 23 555 82 23 556 129 140 557 129 141 558 82 23 559 119 23 560 119 142 561 82 142 562 92 142 563 119 23 564 92 23 565 114 23 566 114 143 567 92 143 568 98 143 569 114 144 570 98 144 571 102 144 572 114 145 573 102 145 574 113 145 575 113 146 576 102 146 577 100 146 578 113 147 579 100 147 580 118 147 581 118 148 582 100 148 583 95 148 584 118 149 585 95 149 586 86 149 587 118 23 588 86 23 589 125 23 590 125 150 591 86 150 592 80 150 593 631 151 594 623 152 595 580 153 596 580 153 597 623 152 598 578 154 599 580 153 600 578 154 601 531 155 602 580 153 603 531 155 604 529 156 605 529 156 606 531 155 607 487 157 608 529 156 609 487 157 610 479 158 611 681 159 612 683 160 613 750 161 614 750 162 615 683 163 616 767 164 617 750 162 618 767 164 619 812 165 620 812 165 621 767 164 622 845 166 623 812 165 624 845 166 625 892 167 626 892 167 627 845 166 628 926 168 629 892 167 630 926 168 631 952 169 632 952 169 633 926 168 634 988 170 635 952 169 636 988 170 637 994 171 638 994 171 639 988 170 640 1002 172 641 994 171 642 1002 172 643 1004 173 644 1004 173 645 1002 172 646 1022 174 647 1004 173 648 1022 174 649 1018 175 650 1018 175 651 1022 174 652 1042 176 653 1018 175 654 1042 176 655 1036 177 656 1036 177 657 1042 176 658 1050 178 659 1050 178 660 1042 176 661 1058 179 662 1050 178 663 1058 179 664 1068 180 665 1068 180 666 1058 179 667 1076 181 668 1068 180 669 1076 181 670 1078 182 671 1078 182 672 1076 181 673 1088 183 674 1078 182 675 1088 183 676 1084 184 677 1084 184 678 1088 183 679 1096 185 680 1084 184 681 1096 185 682 1092 186 683 1092 186 684 1096 185 685 1108 187 686 1092 186 687 1108 187 688 1098 188 689 1098 188 690 1108 187 691 1112 189 692 1098 188 693 1112 189 694 1104 190 695 1104 190 696 1112 189 697 1114 191 698 1104 190 699 1114 191 700 1106 192 701 1106 192 702 1114 191 703 1100 193 704 1100 193 705 1114 191 706 1110 194 707 1100 193 708 1110 194 709 1094 195 710 1094 195 711 1110 194 712 1102 196 713 1094 195 714 1102 196 715 1086 197 716 1086 197 717 1102 196 718 1090 198 719 1086 197 720 1090 198 721 1082 199 722 1082 199 723 1090 198 724 1080 200 725 1082 199 726 1080 200 727 1074 201 728 1074 201 729 1080 200 730 1064 202 731 1074 201 732 1064 202 733 1054 203 734 1054 203 735 1064 202 736 1046 204 737 1054 203 738 1046 204 739 1038 205 740 1038 205 741 1046 204 742 1028 206 743 1038 205 744 1028 206 745 1024 207 746 1024 207 747 1028 206 748 1006 208 749 1006 208 750 1028 206 751 1008 209 752 1006 208 753 1008 209 754 1000 210 755 1000 210 756 1008 209 757 996 211 758 1000 210 759 996 211 760 965 212 761 965 212 762 996 211 763 943 213 764 965 212 765 943 213 766 904 214 767 904 214 768 943 213 769 866 215 770 904 214 771 866 215 772 823 216 773 823 216 774 866 215 775 779 217 776 823 216 777 779 217 778 761 218 779 761 218 780 779 217 781 703 219 782 761 218 783 703 219 784 691 220 785 691 220 786 703 219 787 588 221 788 691 220 789 588 221 790 587 222 791 691 220 792 587 222 793 586 223 794 586 223 795 587 222 796 575 224 797 586 223 798 575 224 799 571 225 800 571 225 801 556 226 802 586 223 803 429 227 804 361 228 805 427 229 806 427 229 807 361 228 808 344 230 809 344 230 810 361 228 811 297 231 812 344 230 813 297 231 814 266 232 815 266 232 816 297 231 817 219 233 818 266 232 819 219 233 820 185 234 821 185 234 822 219 233 823 159 235 824 185 234 825 159 235 826 123 236 827 123 236 828 159 235 829 117 237 830 123 236 831 117 237 832 109 238 833 109 238 834 117 237 835 107 239 836 109 238 837 107 239 838 90 240 839 90 240 840 107 239 841 94 241 842 90 240 843 94 241 844 70 242 845 70 242 846 94 241 847 76 243 848 70 242 849 76 243 850 63 244 851 70 242 852 63 244 853 54 245 854 54 245 855 63 244 856 45 246 857 54 245 858 45 246 859 36 247 860 36 247 861 45 246 862 35 248 863 36 247 864 35 248 865 26 249 866 26 249 867 35 248 868 29 250 869 26 249 870 29 250 871 17 251 872 17 251 873 29 250 874 21 252 875 17 251 876 21 252 877 6 253 878 6 253 879 21 252 880 15 254 881 6 253 882 15 254 883 2 255 884 2 255 885 15 254 886 10 256 887 2 255 888 10 256 889 0 257 890 0 257 891 10 256 892 8 258 893 0 257 894 8 258 895 14 259 896 0 257 897 14 259 898 4 260 899 4 260 900 14 259 901 20 261 902 4 260 903 20 261 904 12 262 905 12 262 906 20 261 907 28 263 908 12 262 909 28 263 910 24 264 911 24 264 912 28 263 913 32 265 914 24 264 915 32 265 916 33 266 917 33 266 918 32 265 919 40 267 920 33 266 921 40 267 922 48 268 923 48 268 924 40 267 925 60 269 926 48 268 927 60 269 928 66 270 929 66 270 930 60 269 931 75 271 932 66 270 933 75 271 934 84 272 935 84 272 936 75 271 937 88 273 938 84 272 939 88 273 940 106 274 941 84 272 942 106 274 943 104 275 944 104 275 945 106 274 946 112 276 947 104 275 948 112 276 949 115 277 950 115 277 951 112 276 952 147 278 953 115 277 954 147 278 955 167 279 956 167 279 957 147 278 958 208 280 959 167 279 960 208 280 961 244 281 962 244 281 963 208 280 964 291 282 965 244 281 966 291 282 967 331 283 968 331 283 969 291 282 970 351 284 971 331 283 972 351 284 973 407 285 974 407 285 975 351 284 976 420 286 977 407 285 978 420 286 979 522 287 980 522 288 981 420 289 982 521 290 983 521 290 984 420 289 985 520 291 986 521 290 987 520 291 988 534 292 989 534 292 990 520 291 991 537 293 992 537 293 993 520 291 994 556 294 995 631 295 996 632 295 997 623 295 998 623 296 999 632 296 1000 624 296 1001 589 297 1002 588 298 1003 704 299 1004 704 300 1005 588 301 1006 703 302 1007 704 300 1008 703 302 1009 780 303 1010 780 303 1011 703 302 1012 779 304 1013 780 303 1014 779 304 1015 867 305 1016 867 305 1017 779 304 1018 866 306 1019 867 305 1020 866 306 1021 944 307 1022 944 307 1023 866 306 1024 943 308 1025 944 307 1026 943 308 1027 997 309 1028 997 309 1029 943 308 1030 996 310 1031 997 309 1032 996 310 1033 1009 311 1034 1009 311 1035 996 310 1036 1008 312 1037 1009 311 1038 1008 312 1039 1029 313 1040 1029 313 1041 1008 312 1042 1028 314 1043 1029 313 1044 1028 314 1045 1047 315 1046 1047 315 1047 1028 314 1048 1046 316 1049 1047 315 1050 1046 316 1051 1065 317 1052 1065 317 1053 1046 316 1054 1064 318 1055 1065 317 1056 1064 318 1057 1081 319 1058 1081 319 1059 1064 318 1060 1080 320 1061 1081 319 1062 1080 320 1063 1091 321 1064 1091 321 1065 1080 320 1066 1090 322 1067 1091 321 1068 1090 322 1069 1103 323 1070 1103 323 1071 1090 322 1072 1102 324 1073 1103 323 1074 1102 324 1075 1111 325 1076 1111 325 1077 1102 324 1078 1110 326 1079 1111 325 1080 1110 326 1081 1115 327 1082 1115 327 1083 1110 326 1084 1114 328 1085 1115 327 1086 1114 328 1087 1113 329 1088 1113 329 1089 1114 328 1090 1112 330 1091 1113 329 1092 1112 330 1093 1109 331 1094 1109 331 1095 1112 330 1096 1108 332 1097 1109 331 1098 1108 332 1099 1097 333 1100 1097 333 1101 1108 332 1102 1096 334 1103 1097 333 1104 1096 334 1105 1089 335 1106 1089 335 1107 1096 334 1108 1088 336 1109 1089 335 1110 1088 336 1111 1077 337 1112 1077 337 1113 1088 336 1114 1076 338 1115 1077 337 1116 1076 338 1117 1059 339 1118 1059 339 1119 1076 338 1120 1058 340 1121 1059 339 1122 1058 340 1123 1043 341 1124 1043 341 1125 1058 340 1126 1042 342 1127 1043 341 1128 1042 342 1129 1023 343 1130 1023 343 1131 1042 342 1132 1022 344 1133 1023 343 1134 1022 344 1135 1003 345 1136 1003 345 1137 1022 344 1138 1002 346 1139 1003 345 1140 1002 346 1141 989 347 1142 989 347 1143 1002 346 1144 988 348 1145 989 347 1146 988 348 1147 927 349 1148 927 349 1149 988 348 1150 926 350 1151 927 349 1152 926 350 1153 846 351 1154 846 351 1155 926 350 1156 845 352 1157 846 351 1158 845 352 1159 768 353 1160 768 353 1161 845 352 1162 767 354 1163 768 353 1164 767 354 1165 684 355 1166 684 356 1167 767 357 1168 683 358 1169 479 359 1170 480 360 1171 529 361 1172 529 362 1173 480 363 1174 530 364 1175 529 362 1176 530 364 1177 581 365 1178 632 366 1179 631 367 1180 581 368 1181 581 365 1182 631 369 1183 580 370 1184 581 365 1185 580 370 1186 529 362 1187 522 371 1188 523 372 1189 407 373 1190 407 374 1191 523 375 1192 408 376 1193 407 374 1194 408 376 1195 331 377 1196 331 377 1197 408 376 1198 332 378 1199 331 377 1200 332 378 1201 244 379 1202 244 379 1203 332 378 1204 245 380 1205 244 379 1206 245 380 1207 167 381 1208 167 381 1209 245 380 1210 168 382 1211 167 381 1212 168 382 1213 115 383 1214 115 383 1215 168 382 1216 116 384 1217 115 383 1218 116 384 1219 104 385 1220 104 385 1221 116 384 1222 105 386 1223 104 385 1224 105 386 1225 84 387 1226 84 387 1227 105 386 1228 85 388 1229 84 387 1230 85 388 1231 66 389 1232 66 389 1233 85 388 1234 67 390 1235 66 389 1236 67 390 1237 48 391 1238 48 391 1239 67 390 1240 49 392 1241 48 391 1242 49 392 1243 33 393 1244 33 393 1245 49 392 1246 34 394 1247 33 393 1248 34 394 1249 24 395 1250 24 395 1251 34 394 1252 25 396 1253 24 395 1254 25 396 1255 12 397 1256 12 397 1257 25 396 1258 13 398 1259 12 397 1260 13 398 1261 4 399 1262 4 399 1263 13 398 1264 5 400 1265 4 399 1266 5 400 1267 0 401 1268 0 401 1269 5 400 1270 1 402 1271 0 401 1272 1 402 1273 2 403 1274 2 403 1275 1 402 1276 3 404 1277 2 403 1278 3 404 1279 6 405 1280 6 405 1281 3 404 1282 7 406 1283 6 405 1284 7 406 1285 17 407 1286 17 407 1287 7 406 1288 18 408 1289 17 407 1290 18 408 1291 26 409 1292 26 409 1293 18 408 1294 27 410 1295 26 409 1296 27 410 1297 36 411 1298 36 411 1299 27 410 1300 37 412 1301 36 411 1302 37 412 1303 54 413 1304 54 413 1305 37 412 1306 55 414 1307 54 413 1308 55 414 1309 70 415 1310 70 415 1311 55 414 1312 71 416 1313 70 415 1314 71 416 1315 90 417 1316 90 417 1317 71 416 1318 91 418 1319 90 417 1320 91 418 1321 109 419 1322 109 419 1323 91 418 1324 110 420 1325 109 419 1326 110 420 1327 123 421 1328 123 421 1329 110 420 1330 124 422 1331 123 421 1332 124 422 1333 185 423 1334 185 423 1335 124 422 1336 186 424 1337 185 423 1338 186 424 1339 266 425 1340 266 425 1341 186 424 1342 267 426 1343 266 425 1344 267 426 1345 344 427 1346 344 427 1347 267 426 1348 345 428 1349 344 427 1350 345 428 1351 427 429 1352 427 430 1353 345 431 1354 428 432 1355 588 433 1356 589 433 1357 587 433 1358 587 433 1359 589 433 1360 590 433 1361 521 434 1362 534 434 1363 524 435 1364 524 436 1365 534 437 1366 560 438 1367 560 439 1368 534 439 1369 537 439 1370 560 440 1371 537 440 1372 556 440 1373 556 441 1374 571 441 1375 560 441 1376 560 441 1377 571 441 1378 572 441 1379 572 442 1380 571 442 1381 575 442 1382 572 443 1383 575 443 1384 576 443 1385 576 444 1386 575 444 1387 587 444 1388 576 441 1389 587 441 1390 590 441 1391 522 445 1392 521 445 1393 523 445 1394 523 446 1395 521 446 1396 524 446 1397 480 447 1398 488 448 1399 530 449 1400 530 449 1401 488 448 1402 532 450 1403 530 449 1404 532 450 1405 579 451 1406 530 449 1407 579 451 1408 581 452 1409 581 452 1410 579 451 1411 624 453 1412 581 452 1413 624 453 1414 632 454 1415 428 455 1416 345 456 1417 430 457 1418 430 457 1419 345 456 1420 350 458 1421 350 458 1422 345 456 1423 267 459 1424 350 458 1425 267 459 1426 278 460 1427 278 460 1428 267 459 1429 186 461 1430 278 460 1431 186 461 1432 194 462 1433 194 462 1434 186 461 1435 124 463 1436 194 462 1437 124 463 1438 128 464 1439 128 464 1440 124 463 1441 110 465 1442 128 464 1443 110 465 1444 111 466 1445 111 466 1446 110 465 1447 91 467 1448 111 466 1449 91 467 1450 97 468 1451 97 468 1452 91 467 1453 71 469 1454 97 468 1455 71 469 1456 77 470 1457 77 470 1458 71 469 1459 55 471 1460 77 470 1461 55 471 1462 59 472 1463 59 472 1464 55 471 1465 37 473 1466 59 472 1467 37 473 1468 39 474 1469 39 474 1470 37 473 1471 27 475 1472 39 474 1473 27 475 1474 31 476 1475 31 476 1476 27 475 1477 18 477 1478 31 476 1479 18 477 1480 23 478 1481 23 478 1482 18 477 1483 7 479 1484 23 478 1485 7 479 1486 19 480 1487 19 480 1488 7 479 1489 11 481 1490 11 481 1491 7 479 1492 3 482 1493 11 481 1494 3 482 1495 9 483 1496 9 483 1497 3 482 1498 1 484 1499 9 483 1500 1 484 1501 16 485 1502 16 485 1503 1 484 1504 5 486 1505 16 485 1506 5 486 1507 22 487 1508 22 487 1509 5 486 1510 13 488 1511 22 487 1512 13 488 1513 30 489 1514 30 489 1515 13 488 1516 25 490 1517 30 489 1518 25 490 1519 38 491 1520 38 491 1521 25 490 1522 34 492 1523 38 491 1524 34 492 1525 56 493 1526 56 493 1527 34 492 1528 49 494 1529 56 493 1530 49 494 1531 72 495 1532 72 495 1533 49 494 1534 67 496 1535 72 495 1536 67 496 1537 89 497 1538 89 497 1539 67 496 1540 85 498 1541 89 497 1542 85 498 1543 108 499 1544 108 499 1545 85 498 1546 105 500 1547 108 499 1548 105 500 1549 120 501 1550 120 501 1551 105 500 1552 116 502 1553 120 501 1554 116 502 1555 175 503 1556 175 503 1557 116 502 1558 168 504 1559 175 503 1560 168 504 1561 249 505 1562 249 505 1563 168 504 1564 245 506 1565 249 505 1566 245 506 1567 335 507 1568 335 507 1569 245 506 1570 332 508 1571 335 507 1572 332 508 1573 411 509 1574 411 509 1575 332 508 1576 408 510 1577 411 509 1578 408 510 1579 524 511 1580 524 511 1581 408 510 1582 523 512 1583 682 513 1584 751 514 1585 684 515 1586 684 515 1587 751 514 1588 768 516 1589 768 516 1590 751 514 1591 815 517 1592 768 516 1593 815 517 1594 846 518 1595 846 518 1596 815 517 1597 893 519 1598 846 518 1599 893 519 1600 927 520 1601 927 520 1602 893 519 1603 953 521 1604 927 520 1605 953 521 1606 989 522 1607 989 522 1608 953 521 1609 995 523 1610 989 522 1611 995 523 1612 1003 524 1613 1003 524 1614 995 523 1615 1005 525 1616 1003 524 1617 1005 525 1618 1023 526 1619 1023 526 1620 1005 525 1621 1019 527 1622 1023 526 1623 1019 527 1624 1043 528 1625 1043 528 1626 1019 527 1627 1037 529 1628 1043 528 1629 1037 529 1630 1051 530 1631 1043 528 1632 1051 530 1633 1059 531 1634 1059 531 1635 1051 530 1636 1069 532 1637 1059 531 1638 1069 532 1639 1077 533 1640 1077 533 1641 1069 532 1642 1079 534 1643 1077 533 1644 1079 534 1645 1089 535 1646 1089 535 1647 1079 534 1648 1085 536 1649 1089 535 1650 1085 536 1651 1097 537 1652 1097 537 1653 1085 536 1654 1093 538 1655 1097 537 1656 1093 538 1657 1109 539 1658 1109 539 1659 1093 538 1660 1099 540 1661 1109 539 1662 1099 540 1663 1113 541 1664 1113 541 1665 1099 540 1666 1105 542 1667 1113 541 1668 1105 542 1669 1115 543 1670 1115 543 1671 1105 542 1672 1107 544 1673 1115 543 1674 1107 544 1675 1101 545 1676 1115 543 1677 1101 545 1678 1111 546 1679 1111 546 1680 1101 545 1681 1095 547 1682 1111 546 1683 1095 547 1684 1103 548 1685 1103 548 1686 1095 547 1687 1087 549 1688 1103 548 1689 1087 549 1690 1091 550 1691 1091 550 1692 1087 549 1693 1083 551 1694 1091 550 1695 1083 551 1696 1081 552 1697 1081 552 1698 1083 551 1699 1075 553 1700 1081 552 1701 1075 553 1702 1065 554 1703 1065 554 1704 1075 553 1705 1055 555 1706 1065 554 1707 1055 555 1708 1047 556 1709 1047 556 1710 1055 555 1711 1039 557 1712 1047 556 1713 1039 557 1714 1029 558 1715 1029 558 1716 1039 557 1717 1025 559 1718 1029 558 1719 1025 559 1720 1007 560 1721 1029 558 1722 1007 560 1723 1009 561 1724 1009 561 1725 1007 560 1726 1001 562 1727 1009 561 1728 1001 562 1729 997 563 1730 997 563 1731 1001 562 1732 966 564 1733 997 563 1734 966 564 1735 944 565 1736 944 565 1737 966 564 1738 905 566 1739 944 565 1740 905 566 1741 867 567 1742 867 567 1743 905 566 1744 824 568 1745 867 567 1746 824 568 1747 780 569 1748 780 569 1749 824 568 1750 762 570 1751 780 569 1752 762 570 1753 704 571 1754 704 571 1755 762 570 1756 692 572 1757 704 571 1758 692 572 1759 589 573 1760 589 574 1761 692 575 1762 590 576 1763 590 576 1764 692 575 1765 591 577 1766 590 576 1767 591 577 1768 576 578 1769 576 578 1770 591 577 1771 572 579 1772 572 579 1773 591 577 1774 560 580 1775 350 581 1776 484 581 1777 430 581 1778 430 582 1779 484 582 1780 512 582 1781 430 583 1782 512 583 1783 488 583 1784 488 584 1785 512 585 1786 532 586 1787 532 587 1788 512 587 1789 540 587 1790 532 588 1791 540 587 1792 579 589 1793 579 587 1794 540 587 1795 584 587 1796 579 590 1797 584 591 1798 624 592 1799 624 593 1800 584 593 1801 607 593 1802 624 594 1803 607 594 1804 682 594 1805 682 595 1806 607 595 1807 649 595 1808 682 596 1809 649 597 1810 751 596 1811 751 587 1812 649 587 1813 669 587 1814 751 587 1815 669 587 1816 815 587 1817 815 587 1818 669 587 1819 679 587 1820 815 587 1821 679 587 1822 893 587 1823 893 587 1824 679 587 1825 670 587 1826 893 587 1827 670 587 1828 953 587 1829 953 587 1830 670 587 1831 995 587 1832 995 587 1833 670 587 1834 740 587 1835 995 587 1836 740 587 1837 781 587 1838 278 587 1839 437 587 1840 350 587 1841 350 587 1842 437 587 1843 455 587 1844 350 587 1845 455 587 1846 484 587 1847 437 587 1848 278 587 1849 438 587 1850 438 587 1851 278 587 1852 194 587 1853 438 587 1854 194 587 1855 128 587 1856 111 587 1857 370 587 1858 128 587 1859 128 587 1860 370 587 1861 456 587 1862 128 587 1863 456 587 1864 438 587 1865 370 587 1866 111 587 1867 329 587 1868 329 587 1869 111 587 1870 97 587 1871 329 587 1872 97 587 1873 293 587 1874 293 587 1875 97 587 1876 77 587 1877 293 587 1878 77 587 1879 59 587 1880 293 587 1881 59 587 1882 258 587 1883 258 587 1884 59 587 1885 39 587 1886 258 587 1887 39 587 1888 81 587 1889 81 587 1890 39 587 1891 31 587 1892 81 587 1893 31 587 1894 74 587 1895 74 587 1896 31 587 1897 23 587 1898 74 587 1899 23 587 1900 65 587 1901 65 587 1902 23 587 1903 19 587 1904 65 587 1905 19 587 1906 58 587 1907 58 587 1908 19 587 1909 51 587 1910 51 587 1911 19 587 1912 11 587 1913 51 587 1914 11 587 1915 44 587 1916 44 587 1917 11 587 1918 42 587 1919 42 587 1920 11 587 1921 9 587 1922 42 587 1923 9 587 1924 47 587 1925 47 587 1926 9 587 1927 16 587 1928 47 587 1929 16 587 1930 53 587 1931 53 587 1932 16 587 1933 62 587 1934 62 587 1935 16 587 1936 22 587 1937 62 587 1938 22 587 1939 69 587 1940 69 587 1941 22 587 1942 30 587 1943 69 587 1944 30 587 1945 79 587 1946 79 587 1947 30 587 1948 38 587 1949 79 587 1950 38 587 1951 83 587 1952 83 587 1953 38 587 1954 56 587 1955 83 587 1956 56 587 1957 259 587 1958 259 587 1959 56 587 1960 294 587 1961 294 587 1962 56 587 1963 72 587 1964 294 587 1965 72 587 1966 89 587 1967 294 587 1968 89 587 1969 330 587 1970 330 587 1971 89 587 1972 108 587 1973 330 587 1974 108 587 1975 120 587 1976 175 587 1977 443 587 1978 120 587 1979 120 587 1980 443 587 1981 371 587 1982 120 587 1983 371 587 1984 330 587 1985 443 587 1986 175 587 1987 433 587 1988 433 587 1989 175 587 1990 249 587 1991 433 587 1992 249 587 1993 444 587 1994 444 587 1995 249 587 1996 335 587 1997 444 587 1998 335 587 1999 464 587 2000 464 587 2001 335 587 2002 411 587 2003 464 587 2004 411 587 2005 506 587 2006 506 598 2007 411 598 2008 524 598 2009 506 599 2010 524 600 2011 528 599 2012 528 601 2013 524 601 2014 570 601 2015 570 602 2016 524 603 2017 560 604 2018 570 587 2019 560 587 2020 591 587 2021 570 587 2022 591 587 2023 601 587 2024 601 587 2025 591 587 2026 692 587 2027 601 587 2028 692 587 2029 629 587 2030 629 587 2031 692 587 2032 762 587 2033 629 587 2034 762 587 2035 660 587 2036 660 587 2037 762 587 2038 676 587 2039 676 587 2040 762 587 2041 824 587 2042 676 587 2043 824 587 2044 905 587 2045 676 587 2046 905 587 2047 675 587 2048 675 587 2049 905 587 2050 966 587 2051 675 587 2052 966 587 2053 659 587 2054 659 587 2055 966 587 2056 1001 587 2057 659 587 2058 1001 587 2059 741 587 2060 741 587 2061 1001 587 2062 782 587 2063 782 587 2064 1001 587 2065 1007 587 2066 782 587 2067 1007 587 2068 1025 587 2069 782 587 2070 1025 587 2071 819 587 2072 819 587 2073 1025 587 2074 1039 587 2075 819 587 2076 1039 587 2077 1055 587 2078 819 587 2079 1055 587 2080 854 587 2081 854 587 2082 1055 587 2083 1075 587 2084 854 587 2085 1075 587 2086 1033 587 2087 1033 587 2088 1075 587 2089 1083 587 2090 1033 587 2091 1083 587 2092 1041 587 2093 1041 587 2094 1083 587 2095 1087 587 2096 1041 587 2097 1087 587 2098 1049 587 2099 1049 587 2100 1087 587 2101 1095 587 2102 1049 587 2103 1095 587 2104 1057 587 2105 1057 587 2106 1095 587 2107 1101 587 2108 1057 587 2109 1101 587 2110 1063 587 2111 1063 587 2112 1101 587 2113 1107 587 2114 1063 587 2115 1107 587 2116 1071 587 2117 1071 587 2118 1107 587 2119 1073 587 2120 1073 587 2121 1107 587 2122 1105 587 2123 1073 587 2124 1105 587 2125 1067 587 2126 1067 587 2127 1105 587 2128 1099 587 2129 1067 587 2130 1099 587 2131 1061 587 2132 1061 587 2133 1099 587 2134 1053 587 2135 1053 587 2136 1099 587 2137 1093 587 2138 1053 587 2139 1093 587 2140 1045 587 2141 1045 587 2142 1093 587 2143 1085 587 2144 1045 587 2145 1085 587 2146 1035 587 2147 1035 587 2148 1085 587 2149 1079 587 2150 1035 587 2151 1079 587 2152 1069 587 2153 1051 587 2154 853 587 2155 1069 587 2156 1069 587 2157 853 587 2158 1031 587 2159 1069 587 2160 1031 587 2161 1035 587 2162 853 587 2163 1051 587 2164 818 587 2165 818 587 2166 1051 587 2167 1037 587 2168 818 587 2169 1037 587 2170 1019 587 2171 818 587 2172 1019 587 2173 781 587 2174 781 587 2175 1019 587 2176 1005 587 2177 781 587 2178 1005 587 2179 995 587 2180 891 587 2181 1013 587 2182 898 587 2183 898 587 2184 1013 587 2185 1011 587 2186 898 587 2187 1011 587 2188 890 587 2189 890 587 2190 1011 587 2191 1015 587 2192 890 587 2193 1015 587 2194 880 587 2195 880 587 2196 1015 587 2197 1021 587 2198 880 587 2199 1021 587 2200 853 587 2201 853 587 2202 1021 587 2203 1031 587 2204 1013 587 2205 891 587 2206 1017 587 2207 1017 587 2208 891 587 2209 881 587 2210 1017 587 2211 881 587 2212 1027 587 2213 1027 587 2214 881 587 2215 854 587 2216 1027 587 2217 854 587 2218 1033 587 2219 659 587 2220 741 587 2221 628 587 2222 628 587 2223 741 587 2224 700 587 2225 628 587 2226 700 587 2227 600 587 2228 600 587 2229 700 587 2230 617 587 2231 600 587 2232 617 587 2233 569 587 2234 569 587 2235 617 587 2236 559 587 2237 569 587 2238 559 587 2239 527 587 2240 527 587 2241 559 587 2242 495 587 2243 527 587 2244 495 587 2245 505 587 2246 505 587 2247 495 587 2248 413 587 2249 505 587 2250 413 587 2251 463 587 2252 463 587 2253 413 587 2254 371 587 2255 463 587 2256 371 587 2257 443 587 2258 83 587 2259 259 587 2260 93 587 2261 93 587 2262 259 587 2263 231 587 2264 93 587 2265 231 587 2266 99 587 2267 99 587 2268 231 587 2269 221 587 2270 99 587 2271 221 587 2272 103 587 2273 103 587 2274 221 587 2275 214 587 2276 103 587 2277 214 587 2278 101 587 2279 101 587 2280 214 587 2281 220 587 2282 101 587 2283 220 587 2284 96 587 2285 96 587 2286 220 587 2287 230 587 2288 96 587 2289 230 587 2290 87 587 2291 87 587 2292 230 587 2293 258 587 2294 87 587 2295 258 587 2296 81 587 2297 456 587 2298 370 587 2299 485 587 2300 485 587 2301 370 587 2302 412 587 2303 485 587 2304 412 587 2305 513 587 2306 513 587 2307 412 587 2308 494 587 2309 513 587 2310 494 587 2311 541 587 2312 541 587 2313 494 587 2314 558 587 2315 541 587 2316 558 587 2317 585 587 2318 585 587 2319 558 587 2320 616 587 2321 585 587 2322 616 587 2323 608 587 2324 608 587 2325 616 587 2326 699 587 2327 608 587 2328 699 587 2329 650 587 2330 650 587 2331 699 587 2332 740 587 2333 650 587 2334 740 587 2335 670 587 2336 891 605 2337 898 606 2338 879 607 2339 879 607 2340 898 606 2341 890 608 2342 879 607 2343 890 608 2344 871 609 2345 871 609 2346 890 608 2347 880 610 2348 871 609 2349 880 610 2350 855 611 2351 855 611 2352 880 610 2353 853 612 2354 855 611 2355 853 612 2356 827 613 2357 827 613 2358 853 612 2359 818 614 2360 827 613 2361 818 614 2362 797 615 2363 797 615 2364 818 614 2365 781 616 2366 797 615 2367 781 616 2368 772 617 2369 772 617 2370 781 616 2371 740 618 2372 772 617 2373 740 618 2374 733 619 2375 733 619 2376 740 618 2377 699 620 2378 733 619 2379 699 620 2380 685 621 2381 685 621 2382 699 620 2383 616 622 2384 685 621 2385 616 622 2386 603 623 2387 603 623 2388 616 622 2389 558 624 2390 603 623 2391 558 624 2392 535 625 2393 535 625 2394 558 624 2395 494 626 2396 535 625 2397 494 626 2398 468 627 2399 468 627 2400 494 626 2401 412 628 2402 468 627 2403 412 628 2404 400 629 2405 400 629 2406 412 628 2407 370 630 2408 400 629 2409 370 630 2410 365 631 2411 365 631 2412 370 630 2413 329 632 2414 365 631 2415 329 632 2416 327 633 2417 327 633 2418 329 632 2419 293 634 2420 327 633 2421 293 634 2422 298 635 2423 298 635 2424 293 634 2425 258 636 2426 298 635 2427 258 636 2428 268 637 2429 268 637 2430 258 636 2431 230 638 2432 268 637 2433 230 638 2434 246 639 2435 246 639 2436 230 638 2437 220 640 2438 246 639 2439 220 640 2440 235 641 2441 235 641 2442 220 640 2443 214 642 2444 235 641 2445 214 642 2446 236 643 2447 236 643 2448 214 642 2449 221 644 2450 236 643 2451 221 644 2452 247 645 2453 247 645 2454 221 644 2455 231 646 2456 247 645 2457 231 646 2458 269 647 2459 269 647 2460 231 646 2461 259 648 2462 269 647 2463 259 648 2464 299 649 2465 299 649 2466 259 648 2467 294 650 2468 299 649 2469 294 650 2470 328 651 2471 328 651 2472 294 650 2473 330 652 2474 328 651 2475 330 652 2476 366 653 2477 366 653 2478 330 652 2479 371 654 2480 366 653 2481 371 654 2482 401 655 2483 401 655 2484 371 654 2485 413 656 2486 401 655 2487 413 656 2488 469 657 2489 469 657 2490 413 656 2491 495 658 2492 469 657 2493 495 658 2494 536 659 2495 536 659 2496 495 658 2497 559 660 2498 536 659 2499 559 660 2500 604 661 2501 604 661 2502 559 660 2503 617 662 2504 604 661 2505 617 662 2506 686 663 2507 686 663 2508 617 662 2509 700 664 2510 686 663 2511 700 664 2512 734 665 2513 734 665 2514 700 664 2515 741 666 2516 734 665 2517 741 666 2518 773 667 2519 773 667 2520 741 666 2521 782 668 2522 773 667 2523 782 668 2524 798 669 2525 798 669 2526 782 668 2527 819 670 2528 798 669 2529 819 670 2530 828 671 2531 828 671 2532 819 670 2533 854 672 2534 828 671 2535 854 672 2536 856 673 2537 856 673 2538 854 672 2539 881 674 2540 856 673 2541 881 674 2542 872 675 2543 872 675 2544 881 674 2545 891 605 2546 872 675 2547 891 605 2548 879 607 2549 871 676 2550 875 677 2551 879 678 2552 879 678 2553 875 677 2554 876 679 2555 879 678 2556 876 679 2557 872 680 2558 872 680 2559 876 679 2560 865 681 2561 872 680 2562 865 681 2563 856 682 2564 856 682 2565 865 681 2566 844 683 2567 856 682 2568 844 683 2569 828 684 2570 828 684 2571 844 683 2572 814 685 2573 828 684 2574 814 685 2575 798 686 2576 798 686 2577 814 685 2578 784 687 2579 798 686 2580 784 687 2581 773 688 2582 773 688 2583 784 687 2584 746 689 2585 773 688 2586 746 689 2587 734 690 2588 734 690 2589 746 689 2590 711 691 2591 734 690 2592 711 691 2593 686 692 2594 686 692 2595 711 691 2596 643 693 2597 686 692 2598 643 693 2599 604 694 2600 604 694 2601 643 693 2602 574 695 2603 604 694 2604 574 695 2605 536 696 2606 536 696 2607 574 695 2608 508 697 2609 536 696 2610 508 697 2611 469 698 2612 469 698 2613 508 697 2614 426 699 2615 469 698 2616 426 699 2617 401 700 2618 401 700 2619 426 699 2620 378 701 2621 401 700 2622 378 701 2623 366 702 2624 366 702 2625 378 701 2626 340 703 2627 366 702 2628 340 703 2629 328 704 2630 328 704 2631 340 703 2632 314 705 2633 328 704 2634 314 705 2635 299 706 2636 299 706 2637 314 705 2638 286 707 2639 299 706 2640 286 707 2641 269 708 2642 269 708 2643 286 707 2644 257 709 2645 269 708 2646 257 709 2647 247 710 2648 247 710 2649 257 709 2650 240 711 2651 247 710 2652 240 711 2653 236 712 2654 236 712 2655 240 711 2656 232 713 2657 236 712 2658 232 713 2659 235 714 2660 235 714 2661 232 713 2662 239 715 2663 235 714 2664 239 715 2665 246 716 2666 246 716 2667 239 715 2668 256 717 2669 246 716 2670 256 717 2671 268 718 2672 268 718 2673 256 717 2674 285 719 2675 268 718 2676 285 719 2677 298 720 2678 298 720 2679 285 719 2680 313 721 2681 298 720 2682 313 721 2683 327 722 2684 327 722 2685 313 721 2686 339 723 2687 327 722 2688 339 723 2689 365 724 2690 365 724 2691 339 723 2692 377 725 2693 365 724 2694 377 725 2695 400 726 2696 400 726 2697 377 725 2698 425 727 2699 400 726 2700 425 727 2701 468 728 2702 468 728 2703 425 727 2704 507 729 2705 468 728 2706 507 729 2707 535 730 2708 535 730 2709 507 729 2710 573 731 2711 535 730 2712 573 731 2713 603 732 2714 603 732 2715 573 731 2716 642 733 2717 603 732 2718 642 733 2719 685 734 2720 685 734 2721 642 733 2722 710 735 2723 685 734 2724 710 735 2725 733 736 2726 733 736 2727 710 735 2728 745 737 2729 733 736 2730 745 737 2731 772 738 2732 772 738 2733 745 737 2734 783 739 2735 772 738 2736 783 739 2737 797 740 2738 797 740 2739 783 739 2740 813 741 2741 797 740 2742 813 741 2743 827 742 2744 827 742 2745 813 741 2746 843 743 2747 827 742 2748 843 743 2749 855 744 2750 855 744 2751 843 743 2752 864 745 2753 855 744 2754 864 745 2755 871 676 2756 871 676 2757 864 745 2758 875 677 2759 240 587 2760 382 587 2761 232 587 2762 232 746 2763 382 746 2764 379 746 2765 232 587 2766 379 587 2767 239 587 2768 239 747 2769 379 747 2770 383 747 2771 239 748 2772 383 748 2773 256 748 2774 256 587 2775 383 587 2776 398 587 2777 256 749 2778 398 749 2779 285 749 2780 285 587 2781 398 587 2782 313 587 2783 313 750 2784 398 750 2785 423 750 2786 313 751 2787 423 751 2788 339 751 2789 339 752 2790 423 752 2791 460 752 2792 339 587 2793 460 587 2794 377 587 2795 377 753 2796 460 753 2797 425 753 2798 425 587 2799 460 587 2800 509 587 2801 425 754 2802 509 754 2803 507 754 2804 507 587 2805 509 587 2806 557 587 2807 507 755 2808 557 755 2809 573 755 2810 573 587 2811 557 587 2812 602 587 2813 573 587 2814 602 587 2815 642 587 2816 642 587 2817 602 587 2818 710 587 2819 710 587 2820 602 587 2821 651 587 2822 710 587 2823 651 587 2824 745 587 2825 745 756 2826 651 756 2827 688 756 2828 745 757 2829 688 757 2830 783 757 2831 783 587 2832 688 587 2833 813 587 2834 813 758 2835 688 758 2836 714 758 2837 813 587 2838 714 587 2839 843 587 2840 843 759 2841 714 759 2842 728 759 2843 843 760 2844 728 760 2845 864 760 2846 864 761 2847 728 761 2848 875 761 2849 875 762 2850 728 762 2851 732 762 2852 875 587 2853 732 587 2854 876 587 2855 876 763 2856 732 763 2857 729 763 2858 876 587 2859 729 587 2860 865 587 2861 865 587 2862 729 587 2863 722 587 2864 865 587 2865 722 587 2866 844 587 2867 844 587 2868 722 587 2869 814 587 2870 814 764 2871 722 764 2872 694 764 2873 814 765 2874 694 765 2875 784 765 2876 784 587 2877 694 587 2878 664 587 2879 784 587 2880 664 587 2881 746 587 2882 746 766 2883 664 766 2884 654 766 2885 746 587 2886 654 587 2887 711 587 2888 711 767 2889 654 767 2890 645 767 2891 711 768 2892 645 768 2893 643 768 2894 643 769 2895 645 769 2896 622 769 2897 643 587 2898 622 587 2899 574 587 2900 574 770 2901 622 770 2902 492 770 2903 574 771 2904 492 771 2905 508 771 2906 508 587 2907 492 587 2908 426 587 2909 426 772 2910 492 772 2911 467 772 2912 426 587 2913 467 587 2914 458 587 2915 240 773 2916 257 773 2917 382 773 2918 382 774 2919 257 774 2920 389 774 2921 389 775 2922 257 775 2923 286 775 2924 389 776 2925 286 776 2926 418 776 2927 418 777 2928 286 777 2929 314 777 2930 418 587 2931 314 587 2932 340 587 2933 418 778 2934 340 778 2935 450 778 2936 450 779 2937 340 779 2938 378 779 2939 450 587 2940 378 587 2941 458 587 2942 458 780 2943 378 780 2944 426 780 2945 450 587 2946 449 587 2947 418 587 2948 694 587 2949 663 587 2950 664 587 2951 621 781 2952 491 782 2953 622 783 2954 622 784 2955 491 782 2956 492 782 2957 490 785 2958 491 785 2959 620 785 2960 620 786 2961 491 786 2962 621 786 2963 502 23 2964 490 23 2965 554 23 2966 554 23 2967 490 23 2968 620 23 2969 554 787 2970 620 787 2971 610 787 2972 610 788 2973 620 788 2974 652 788 2975 610 789 2976 652 789 2977 690 789 2978 690 23 2979 652 23 2980 665 23 2981 690 790 2982 665 790 2983 737 790 2984 737 23 2985 665 23 2986 672 23 2987 737 23 2988 672 23 2989 671 23 2990 490 23 2991 502 23 2992 459 23 2993 459 23 2994 502 23 2995 422 23 2996 459 23 2997 422 23 2998 446 23 2999 446 791 3000 422 791 3001 375 791 3002 446 23 3003 375 23 3004 440 23 3005 440 23 3006 375 23 3007 439 23 3008 439 23 3009 375 23 3010 342 23 3011 439 23 3012 342 23 3013 415 23 3014 415 792 3015 342 792 3016 319 792 3017 415 793 3018 319 793 3019 387 793 3020 387 794 3021 319 794 3022 296 794 3023 387 23 3024 296 23 3025 281 23 3026 387 23 3027 281 23 3028 381 23 3029 381 23 3030 281 23 3031 272 23 3032 381 23 3033 272 23 3034 380 23 3035 380 23 3036 272 23 3037 275 23 3038 380 23 3039 275 23 3040 290 23 3041 380 23 3042 290 23 3043 386 23 3044 386 23 3045 290 23 3046 308 23 3047 386 23 3048 308 23 3049 409 23 3050 409 795 3051 308 795 3052 334 795 3053 409 796 3054 334 796 3055 434 796 3056 434 797 3057 334 797 3058 364 797 3059 434 798 3060 364 798 3061 395 798 3062 434 23 3063 395 23 3064 499 23 3065 499 799 3066 395 799 3067 452 799 3068 499 23 3069 452 23 3070 533 23 3071 533 23 3072 452 23 3073 519 23 3074 533 23 3075 519 23 3076 593 23 3077 533 23 3078 593 23 3079 577 23 3080 577 800 3081 593 800 3082 656 800 3083 577 801 3084 656 801 3085 613 801 3086 613 23 3087 656 23 3088 717 23 3089 613 23 3090 717 23 3091 677 23 3092 677 802 3093 717 802 3094 748 802 3095 677 803 3096 748 803 3097 778 803 3098 677 804 3099 778 804 3100 702 804 3101 702 805 3102 778 805 3103 804 805 3104 702 23 3105 804 23 3106 725 23 3107 725 23 3108 804 23 3109 822 23 3110 725 23 3111 822 23 3112 731 23 3113 731 23 3114 822 23 3115 838 23 3116 731 23 3117 838 23 3118 841 23 3119 731 806 3120 841 806 3121 730 806 3122 730 23 3123 841 23 3124 833 23 3125 730 23 3126 833 23 3127 724 23 3128 724 23 3129 833 23 3130 817 23 3131 724 23 3132 817 23 3133 793 23 3134 724 23 3135 793 23 3136 697 23 3137 697 23 3138 793 23 3139 771 23 3140 697 23 3141 771 23 3142 671 23 3143 671 807 3144 771 807 3145 737 807 3146 501 808 3147 554 809 3148 550 810 3149 550 810 3150 554 809 3151 610 811 3152 550 810 3153 610 811 3154 609 812 3155 609 812 3156 610 811 3157 690 813 3158 609 812 3159 690 813 3160 689 814 3161 689 814 3162 690 813 3163 737 815 3164 689 814 3165 737 815 3166 736 816 3167 736 816 3168 737 815 3169 771 817 3170 736 816 3171 771 817 3172 770 818 3173 770 818 3174 771 817 3175 793 819 3176 770 818 3177 793 819 3178 792 820 3179 792 820 3180 793 819 3181 817 821 3182 792 820 3183 817 821 3184 816 822 3185 816 822 3186 817 821 3187 833 823 3188 816 822 3189 833 823 3190 832 824 3191 832 824 3192 833 823 3193 841 825 3194 832 824 3195 841 825 3196 840 826 3197 840 826 3198 841 825 3199 838 827 3200 840 826 3201 838 827 3202 837 828 3203 837 828 3204 838 827 3205 822 829 3206 837 828 3207 822 829 3208 821 830 3209 821 830 3210 822 829 3211 804 831 3212 821 830 3213 804 831 3214 803 832 3215 803 832 3216 804 831 3217 778 833 3218 803 832 3219 778 833 3220 777 834 3221 777 834 3222 778 833 3223 748 835 3224 777 834 3225 748 835 3226 747 836 3227 747 836 3228 748 835 3229 717 837 3230 747 836 3231 717 837 3232 716 838 3233 716 838 3234 717 837 3235 656 839 3236 716 838 3237 656 839 3238 655 840 3239 655 840 3240 656 839 3241 593 841 3242 655 840 3243 593 841 3244 592 842 3245 592 842 3246 593 841 3247 519 843 3248 592 842 3249 519 843 3250 518 844 3251 518 844 3252 519 843 3253 452 845 3254 518 844 3255 452 845 3256 451 846 3257 451 846 3258 452 845 3259 395 847 3260 451 846 3261 395 847 3262 394 848 3263 394 848 3264 395 847 3265 364 849 3266 394 848 3267 364 849 3268 363 850 3269 363 850 3270 364 849 3271 334 851 3272 363 850 3273 334 851 3274 333 852 3275 333 852 3276 334 851 3277 308 853 3278 333 852 3279 308 853 3280 307 854 3281 307 854 3282 308 853 3283 290 855 3284 307 854 3285 290 855 3286 289 856 3287 289 856 3288 290 855 3289 275 857 3290 289 856 3291 275 857 3292 274 858 3293 274 858 3294 275 857 3295 272 859 3296 274 858 3297 272 859 3298 271 860 3299 271 860 3300 272 859 3301 281 861 3302 271 860 3303 281 861 3304 280 862 3305 280 862 3306 281 861 3307 296 863 3308 280 862 3309 296 863 3310 295 864 3311 295 864 3312 296 863 3313 319 865 3314 295 864 3315 319 865 3316 318 866 3317 318 866 3318 319 865 3319 342 867 3320 318 866 3321 342 867 3322 341 868 3323 341 868 3324 342 867 3325 375 869 3326 341 868 3327 375 869 3328 374 870 3329 374 870 3330 375 869 3331 422 871 3332 374 870 3333 422 871 3334 421 872 3335 421 872 3336 422 871 3337 502 873 3338 421 872 3339 502 873 3340 501 808 3341 501 808 3342 502 873 3343 554 809 3344 612 874 3345 548 875 3346 550 876 3347 550 876 3348 548 875 3349 498 877 3350 550 876 3351 498 877 3352 501 878 3353 501 878 3354 498 877 3355 417 879 3356 501 878 3357 417 879 3358 421 880 3359 421 880 3360 417 879 3361 372 881 3362 421 880 3363 372 881 3364 374 882 3365 374 882 3366 372 881 3367 336 883 3368 374 882 3369 336 883 3370 341 884 3371 341 884 3372 336 883 3373 303 885 3374 341 884 3375 303 885 3376 318 886 3377 318 886 3378 303 885 3379 276 887 3380 318 886 3381 276 887 3382 295 888 3383 295 888 3384 276 887 3385 248 889 3386 295 888 3387 248 889 3388 280 890 3389 280 890 3390 248 889 3391 238 891 3392 280 890 3393 238 891 3394 271 892 3395 271 892 3396 238 891 3397 233 893 3398 271 892 3399 233 893 3400 274 894 3401 274 894 3402 233 893 3403 243 895 3404 274 894 3405 243 895 3406 289 896 3407 289 896 3408 243 895 3409 263 897 3410 289 896 3411 263 897 3412 307 898 3413 307 898 3414 263 897 3415 292 899 3416 307 898 3417 292 899 3418 333 900 3419 333 900 3420 292 899 3421 323 901 3422 333 900 3423 323 901 3424 363 902 3425 363 902 3426 323 901 3427 353 903 3428 363 902 3429 353 903 3430 394 904 3431 394 904 3432 353 903 3433 385 905 3434 394 904 3435 385 905 3436 451 906 3437 451 906 3438 385 905 3439 445 907 3440 451 906 3441 445 907 3442 518 908 3443 518 908 3444 445 907 3445 517 909 3446 518 908 3447 517 909 3448 594 910 3449 518 908 3450 594 910 3451 592 911 3452 592 911 3453 594 910 3454 666 912 3455 592 911 3456 666 912 3457 655 913 3458 655 913 3459 666 912 3460 726 914 3461 655 913 3462 726 914 3463 716 915 3464 716 915 3465 726 914 3466 759 916 3467 716 915 3468 759 916 3469 747 917 3470 747 917 3471 759 916 3472 788 918 3473 747 917 3474 788 918 3475 777 919 3476 777 919 3477 788 918 3478 820 920 3479 777 919 3480 820 920 3481 803 921 3482 803 921 3483 820 920 3484 849 922 3485 803 921 3486 849 922 3487 821 923 3488 821 923 3489 849 922 3490 868 924 3491 821 923 3492 868 924 3493 837 925 3494 837 925 3495 868 924 3496 877 926 3497 837 925 3498 877 926 3499 840 927 3500 840 927 3501 877 926 3502 873 928 3503 840 927 3504 873 928 3505 832 929 3506 832 929 3507 873 928 3508 863 930 3509 832 929 3510 863 930 3511 816 931 3512 816 931 3513 863 930 3514 836 932 3515 816 931 3516 836 932 3517 792 933 3518 792 933 3519 836 932 3520 806 934 3521 792 933 3522 806 934 3523 770 935 3524 770 935 3525 806 934 3526 776 936 3527 770 935 3528 776 936 3529 736 937 3530 736 937 3531 776 936 3532 739 938 3533 736 937 3534 739 938 3535 689 939 3536 689 939 3537 739 938 3538 695 940 3539 689 939 3540 695 940 3541 609 941 3542 609 941 3543 695 940 3544 612 874 3545 609 941 3546 612 874 3547 550 876 3548 630 23 3549 549 23 3550 548 23 3551 548 23 3552 549 23 3553 481 23 3554 548 942 3555 481 942 3556 498 942 3557 498 943 3558 481 943 3559 405 944 3560 498 945 3561 405 946 3562 417 945 3563 417 947 3564 405 948 3565 359 949 3566 417 950 3567 359 951 3568 372 950 3569 372 23 3570 359 952 3571 322 953 3572 372 23 3573 322 954 3574 336 23 3575 336 955 3576 322 956 3577 283 955 3578 336 957 3579 283 957 3580 303 957 3581 303 23 3582 283 23 3583 241 958 3584 303 23 3585 241 959 3586 276 23 3587 276 23 3588 241 960 3589 216 23 3590 276 961 3591 216 961 3592 248 961 3593 248 962 3594 216 962 3595 203 963 3596 248 23 3597 203 964 3598 238 23 3599 238 965 3600 203 966 3601 196 965 3602 238 23 3603 196 23 3604 233 23 3605 233 967 3606 196 968 3607 199 969 3608 233 23 3609 199 970 3610 243 23 3611 243 971 3612 199 972 3613 206 971 3614 243 23 3615 206 23 3616 263 23 3617 263 23 3618 206 973 3619 224 974 3620 263 23 3621 224 975 3622 292 23 3623 292 23 3624 224 976 3625 260 23 3626 292 23 3627 260 23 3628 323 23 3629 323 23 3630 260 23 3631 300 23 3632 323 23 3633 300 977 3634 353 23 3635 353 23 3636 300 978 3637 338 23 3638 353 23 3639 338 23 3640 385 23 3641 385 23 3642 338 23 3643 376 979 3644 385 23 3645 376 980 3646 445 23 3647 445 23 3648 376 981 3649 431 982 3650 445 23 3651 431 983 3652 517 23 3653 517 23 3654 431 23 3655 516 984 3656 517 23 3657 516 985 3658 594 23 3659 594 23 3660 516 986 3661 595 987 3662 594 23 3663 595 988 3664 680 989 3665 594 23 3666 680 990 3667 666 23 3668 666 23 3669 680 991 3670 735 23 3671 666 992 3672 735 992 3673 726 992 3674 726 23 3675 735 993 3676 774 994 3677 726 995 3678 774 996 3679 759 995 3680 759 997 3681 774 998 3682 811 999 3683 759 23 3684 811 1000 3685 788 23 3686 788 23 3687 811 1001 3688 852 1002 3689 788 23 3690 852 1003 3691 820 23 3692 820 1004 3693 852 1005 3694 886 1006 3695 820 1007 3696 886 1008 3697 849 1007 3698 849 1009 3699 886 1010 3700 907 1011 3701 849 1012 3702 907 1013 3703 868 1012 3704 868 1014 3705 907 1015 3706 914 1016 3707 868 23 3708 914 1017 3709 877 23 3710 877 23 3711 914 1018 3712 916 23 3713 877 1019 3714 916 1019 3715 873 1019 3716 873 1020 3717 916 1020 3718 910 1020 3719 873 23 3720 910 1021 3721 863 23 3722 863 1022 3723 910 1023 3724 896 1024 3725 863 1025 3726 896 1025 3727 836 1025 3728 836 1026 3729 896 1027 3730 870 1026 3731 836 1028 3732 870 1028 3733 806 1028 3734 806 23 3735 870 23 3736 830 1029 3737 806 23 3738 830 1030 3739 776 23 3740 776 23 3741 830 1031 3742 789 23 3743 776 1032 3744 789 1032 3745 739 1032 3746 739 23 3747 789 23 3748 753 23 3749 739 23 3750 753 23 3751 695 23 3752 695 23 3753 753 23 3754 706 23 3755 695 23 3756 706 23 3757 612 23 3758 612 23 3759 706 23 3760 630 23 3761 612 23 3762 630 23 3763 548 23 3764 630 1033 3765 561 1034 3766 549 1035 3767 549 1035 3768 561 1034 3769 497 1036 3770 549 1035 3771 497 1036 3772 481 1037 3773 481 1037 3774 497 1036 3775 414 1038 3776 481 1037 3777 414 1038 3778 405 1039 3779 405 1039 3780 414 1038 3781 368 1040 3782 405 1039 3783 368 1040 3784 359 1041 3785 359 1041 3786 368 1040 3787 324 1042 3788 359 1041 3789 324 1042 3790 322 1043 3791 322 1043 3792 324 1042 3793 287 1044 3794 322 1043 3795 287 1044 3796 283 1045 3797 283 1045 3798 287 1044 3799 242 1046 3800 283 1045 3801 242 1046 3802 241 1047 3803 241 1047 3804 242 1046 3805 211 1048 3806 241 1047 3807 211 1048 3808 216 1049 3809 216 1049 3810 211 1048 3811 195 1050 3812 216 1049 3813 195 1050 3814 203 1051 3815 203 1051 3816 195 1050 3817 182 1052 3818 203 1051 3819 182 1052 3820 196 1053 3821 196 1053 3822 182 1052 3823 177 1054 3824 196 1053 3825 177 1054 3826 199 1055 3827 199 1055 3828 177 1054 3829 181 1056 3830 199 1055 3831 181 1056 3832 206 1057 3833 206 1057 3834 181 1056 3835 193 1058 3836 206 1057 3837 193 1058 3838 224 1059 3839 224 1059 3840 193 1058 3841 207 1060 3842 224 1059 3843 207 1060 3844 237 1061 3845 237 1061 3846 207 1060 3847 200 1062 3848 237 1061 3849 200 1062 3850 223 1063 3851 223 1063 3852 200 1062 3853 190 1064 3854 223 1063 3855 190 1064 3856 215 1065 3857 215 1065 3858 190 1064 3859 187 1066 3860 215 1065 3861 187 1066 3862 212 1067 3863 706 1068 3864 709 1069 3865 630 1033 3866 630 1033 3867 709 1069 3868 634 1070 3869 630 1033 3870 634 1070 3871 561 1034 3872 561 1034 3873 634 1070 3874 639 1071 3875 561 1034 3876 639 1071 3877 562 1072 3878 562 1072 3879 639 1071 3880 641 1073 3881 562 1072 3882 641 1073 3883 563 1074 3884 563 1074 3885 641 1073 3886 637 1075 3887 563 1074 3888 637 1075 3889 552 1076 3890 709 1069 3891 706 1068 3892 754 1077 3893 754 1077 3894 706 1068 3895 753 1078 3896 754 1077 3897 753 1078 3898 790 1079 3899 790 1079 3900 753 1078 3901 789 1080 3902 790 1079 3903 789 1080 3904 834 1081 3905 834 1081 3906 789 1080 3907 830 1082 3908 834 1081 3909 830 1082 3910 874 1083 3911 874 1083 3912 830 1082 3913 870 1084 3914 874 1083 3915 870 1084 3916 906 1085 3917 906 1085 3918 870 1084 3919 896 1086 3920 906 1085 3921 896 1086 3922 919 1087 3923 919 1087 3924 896 1086 3925 910 1088 3926 919 1087 3927 910 1088 3928 931 1089 3929 931 1089 3930 910 1088 3931 916 1090 3932 931 1089 3933 916 1090 3934 935 1091 3935 935 1091 3936 916 1090 3937 914 1092 3938 935 1091 3939 914 1092 3940 930 1093 3941 930 1093 3942 914 1092 3943 907 1094 3944 930 1093 3945 907 1094 3946 918 1095 3947 918 1095 3948 907 1094 3949 886 1096 3950 918 1095 3951 886 1096 3952 901 1097 3953 901 1097 3954 886 1096 3955 852 1098 3956 901 1097 3957 852 1098 3958 869 1099 3959 869 1099 3960 852 1098 3961 826 1100 3962 869 1099 3963 826 1100 3964 884 1101 3965 884 1101 3966 826 1100 3967 842 1102 3968 884 1101 3969 842 1102 3970 894 1103 3971 894 1103 3972 842 1102 3973 851 1104 3974 894 1103 3975 851 1104 3976 858 1105 3977 858 1105 3978 851 1104 3979 807 1106 3980 807 1106 3981 851 1104 3982 802 1107 3983 807 1106 3984 802 1107 3985 764 1108 3986 764 1108 3987 802 1107 3988 758 1109 3989 764 1108 3990 758 1109 3991 718 1110 3992 718 1110 3993 758 1109 3994 712 1111 3995 718 1110 3996 712 1111 3997 636 1112 3998 636 1112 3999 712 1111 4000 625 1113 4001 636 1112 4002 625 1113 4003 551 1114 4004 551 1114 4005 625 1113 4006 545 1115 4007 551 1114 4008 545 1115 4009 473 1116 4010 473 1116 4011 545 1115 4012 470 1117 4013 473 1116 4014 470 1117 4015 392 1118 4016 392 1118 4017 470 1117 4018 388 1119 4019 392 1118 4020 388 1119 4021 347 1120 4022 347 1120 4023 388 1119 4024 343 1121 4025 347 1120 4026 343 1121 4027 304 1122 4028 304 1122 4029 343 1121 4030 302 1123 4031 304 1122 4032 302 1123 4033 253 1124 4034 253 1124 4035 302 1123 4036 255 1125 4037 253 1124 4038 255 1125 4039 212 1067 4040 212 1067 4041 255 1125 4042 215 1065 4043 852 1098 4044 811 1126 4045 826 1100 4046 826 1100 4047 811 1126 4048 787 1127 4049 826 1100 4050 787 1127 4051 795 1128 4052 795 1128 4053 787 1127 4054 755 1129 4055 795 1128 4056 755 1129 4057 758 1109 4058 758 1109 4059 755 1129 4060 712 1111 4061 811 1126 4062 774 1130 4063 787 1127 4064 787 1127 4065 774 1130 4066 743 1131 4067 787 1127 4068 743 1131 4069 755 1129 4070 755 1129 4071 743 1131 4072 705 1132 4073 755 1129 4074 705 1132 4075 712 1111 4076 712 1111 4077 705 1132 4078 625 1113 4079 774 1130 4080 735 1133 4081 743 1131 4082 743 1131 4083 735 1133 4084 698 1134 4085 743 1131 4086 698 1134 4087 705 1132 4088 705 1132 4089 698 1134 4090 619 1135 4091 705 1132 4092 619 1135 4093 625 1113 4094 625 1113 4095 619 1135 4096 545 1115 4097 735 1133 4098 680 1136 4099 698 1134 4100 698 1134 4101 680 1136 4102 614 1137 4103 698 1134 4104 614 1137 4105 619 1135 4106 619 1135 4107 614 1137 4108 546 1138 4109 619 1135 4110 546 1138 4111 545 1115 4112 545 1115 4113 546 1138 4114 470 1117 4115 680 1136 4116 595 1139 4117 614 1137 4118 614 1137 4119 595 1139 4120 547 1140 4121 614 1137 4122 547 1140 4123 546 1138 4124 546 1138 4125 547 1140 4126 472 1141 4127 546 1138 4128 472 1141 4129 470 1117 4130 470 1117 4131 472 1141 4132 388 1119 4133 595 1139 4134 516 1142 4135 547 1140 4136 547 1140 4137 516 1142 4138 477 1143 4139 547 1140 4140 477 1143 4141 472 1141 4142 472 1141 4143 477 1143 4144 396 1144 4145 472 1141 4146 396 1144 4147 388 1119 4148 388 1119 4149 396 1144 4150 343 1121 4151 516 1142 4152 431 1145 4153 477 1143 4154 477 1143 4155 431 1145 4156 402 1146 4157 477 1143 4158 402 1146 4159 396 1144 4160 396 1144 4161 402 1146 4162 352 1147 4163 396 1144 4164 352 1147 4165 343 1121 4166 343 1121 4167 352 1147 4168 302 1123 4169 431 1145 4170 376 1148 4171 402 1146 4172 402 1146 4173 376 1148 4174 358 1149 4175 402 1146 4176 358 1149 4177 352 1147 4178 352 1147 4179 358 1149 4180 310 1150 4181 352 1147 4182 310 1150 4183 302 1123 4184 302 1123 4185 310 1150 4186 255 1125 4187 376 1148 4188 338 1151 4189 358 1149 4190 358 1149 4191 338 1151 4192 320 1152 4193 358 1149 4194 320 1152 4195 310 1150 4196 310 1150 4197 320 1152 4198 264 1153 4199 310 1150 4200 264 1153 4201 255 1125 4202 255 1125 4203 264 1153 4204 215 1065 4205 338 1151 4206 300 1154 4207 320 1152 4208 320 1152 4209 300 1154 4210 279 1155 4211 320 1152 4212 279 1155 4213 264 1153 4214 264 1153 4215 279 1155 4216 223 1063 4217 264 1153 4218 223 1063 4219 215 1065 4220 300 1154 4221 260 1156 4222 279 1155 4223 279 1155 4224 260 1156 4225 237 1061 4226 279 1155 4227 237 1061 4228 223 1063 4229 260 1156 4230 224 1059 4231 237 1061 4232 563 1074 4233 552 1076 4234 486 1157 4235 486 1157 4236 552 1076 4237 474 1158 4238 486 1157 4239 474 1158 4240 399 1159 4241 399 1159 4242 474 1158 4243 393 1160 4244 399 1159 4245 393 1160 4246 354 1161 4247 354 1161 4248 393 1160 4249 348 1162 4250 354 1161 4251 348 1162 4252 309 1163 4253 309 1163 4254 348 1162 4255 305 1164 4256 309 1163 4257 305 1164 4258 261 1165 4259 261 1165 4260 305 1164 4261 254 1166 4262 261 1165 4263 254 1166 4264 218 1167 4265 218 1167 4266 254 1166 4267 213 1168 4268 218 1167 4269 213 1168 4270 192 1169 4271 192 1169 4272 213 1168 4273 188 1170 4274 192 1169 4275 188 1170 4276 172 1171 4277 172 1171 4278 188 1170 4279 164 1172 4280 172 1171 4281 164 1172 4282 157 1173 4283 157 1173 4284 164 1172 4285 153 1174 4286 157 1173 4287 153 1174 4288 151 1175 4289 151 1175 4290 153 1174 4291 146 1176 4292 151 1175 4293 146 1176 4294 156 1177 4295 156 1177 4296 146 1176 4297 152 1178 4298 156 1177 4299 152 1178 4300 169 1179 4301 169 1179 4302 152 1178 4303 163 1180 4304 169 1179 4305 163 1180 4306 190 1064 4307 190 1064 4308 163 1180 4309 187 1066 4310 858 1105 4311 899 1181 4312 894 1103 4313 894 1103 4314 899 1181 4315 920 1182 4316 894 1103 4317 920 1182 4318 884 1101 4319 884 1101 4320 920 1182 4321 911 1183 4322 884 1101 4323 911 1183 4324 869 1099 4325 869 1099 4326 911 1183 4327 901 1097 4328 899 1181 4329 924 1184 4330 920 1182 4331 920 1182 4332 924 1184 4333 939 1185 4334 920 1182 4335 939 1185 4336 932 1186 4337 932 1186 4338 939 1185 4339 945 1187 4340 932 1186 4341 945 1187 4342 930 1093 4343 930 1093 4344 945 1187 4345 935 1091 4346 924 1184 4347 947 1188 4348 939 1185 4349 939 1185 4350 947 1188 4351 955 1189 4352 939 1185 4353 955 1189 4354 945 1187 4355 945 1187 4356 955 1189 4357 950 1190 4358 945 1187 4359 950 1190 4360 935 1091 4361 935 1091 4362 950 1190 4363 931 1089 4364 947 1188 4365 960 1191 4366 955 1189 4367 955 1189 4368 960 1191 4369 959 1192 4370 955 1189 4371 959 1192 4372 950 1190 4373 950 1190 4374 959 1192 4375 946 1193 4376 950 1190 4377 946 1193 4378 931 1089 4379 931 1089 4380 946 1193 4381 919 1087 4382 960 1191 4383 967 1194 4384 959 1192 4385 959 1192 4386 967 1194 4387 956 1195 4388 959 1192 4389 956 1195 4390 946 1193 4391 946 1193 4392 956 1195 4393 934 1196 4394 946 1193 4395 934 1196 4396 919 1087 4397 919 1087 4398 934 1196 4399 906 1085 4400 967 1194 4401 961 1197 4402 956 1195 4403 956 1195 4404 961 1197 4405 941 1198 4406 956 1195 4407 941 1198 4408 934 1196 4409 934 1196 4410 941 1198 4411 913 1199 4412 934 1196 4413 913 1199 4414 906 1085 4415 906 1085 4416 913 1199 4417 874 1083 4418 961 1197 4419 948 1200 4420 941 1198 4421 941 1198 4422 948 1200 4423 922 1201 4424 941 1198 4425 922 1201 4426 913 1199 4427 913 1199 4428 922 1201 4429 888 1202 4430 913 1199 4431 888 1202 4432 874 1083 4433 874 1083 4434 888 1202 4435 834 1081 4436 948 1200 4437 925 1203 4438 922 1201 4439 922 1201 4440 925 1203 4441 897 1204 4442 922 1201 4443 897 1204 4444 888 1202 4445 888 1202 4446 897 1204 4447 848 1205 4448 888 1202 4449 848 1205 4450 834 1081 4451 834 1081 4452 848 1205 4453 790 1079 4454 925 1203 4455 900 1206 4456 897 1204 4457 897 1204 4458 900 1206 4459 857 1207 4460 897 1204 4461 857 1207 4462 848 1205 4463 848 1205 4464 857 1207 4465 801 1208 4466 848 1205 4467 801 1208 4468 790 1079 4469 790 1079 4470 801 1208 4471 754 1077 4472 900 1206 4473 859 1209 4474 857 1207 4475 857 1207 4476 859 1209 4477 809 1210 4478 857 1207 4479 809 1210 4480 801 1208 4481 801 1208 4482 809 1210 4483 760 1211 4484 801 1208 4485 760 1211 4486 754 1077 4487 754 1077 4488 760 1211 4489 709 1069 4490 859 1209 4491 808 1212 4492 809 1210 4493 809 1210 4494 808 1212 4495 769 1213 4496 809 1210 4497 769 1213 4498 760 1211 4499 760 1211 4500 769 1213 4501 715 1214 4502 760 1211 4503 715 1214 4504 709 1069 4505 709 1069 4506 715 1214 4507 634 1070 4508 808 1212 4509 765 1215 4510 769 1213 4511 769 1213 4512 765 1215 4513 723 1216 4514 769 1213 4515 723 1216 4516 715 1214 4517 715 1214 4518 723 1216 4519 639 1071 4520 715 1214 4521 639 1071 4522 634 1070 4523 765 1215 4524 719 1217 4525 723 1216 4526 723 1216 4527 719 1217 4528 641 1073 4529 723 1216 4530 641 1073 4531 639 1071 4532 719 1217 4533 637 1075 4534 641 1073 4535 561 1034 4536 562 1072 4537 497 1036 4538 497 1036 4539 562 1072 4540 489 1218 4541 497 1036 4542 489 1218 4543 414 1038 4544 414 1038 4545 489 1218 4546 406 1219 4547 414 1038 4548 406 1219 4549 368 1040 4550 368 1040 4551 406 1219 4552 357 1220 4553 368 1040 4554 357 1220 4555 324 1042 4556 324 1042 4557 357 1220 4558 316 1221 4559 324 1042 4560 316 1221 4561 287 1044 4562 287 1044 4563 316 1221 4564 270 1222 4565 287 1044 4566 270 1222 4567 242 1046 4568 242 1046 4569 270 1222 4570 227 1223 4571 242 1046 4572 227 1223 4573 211 1048 4574 211 1048 4575 227 1223 4576 202 1224 4577 211 1048 4578 202 1224 4579 195 1050 4580 195 1050 4581 202 1224 4582 180 1225 4583 195 1050 4584 180 1225 4585 182 1052 4586 182 1052 4587 180 1225 4588 166 1226 4589 182 1052 4590 166 1226 4591 177 1054 4592 177 1054 4593 166 1226 4594 161 1227 4595 177 1054 4596 161 1227 4597 181 1056 4598 181 1056 4599 161 1227 4600 165 1228 4601 181 1056 4602 165 1228 4603 193 1058 4604 193 1058 4605 165 1228 4606 178 1229 4607 193 1058 4608 178 1229 4609 207 1060 4610 207 1060 4611 178 1229 4612 200 1062 4613 562 1072 4614 563 1074 4615 489 1218 4616 489 1218 4617 563 1074 4618 486 1157 4619 489 1218 4620 486 1157 4621 406 1219 4622 406 1219 4623 486 1157 4624 399 1159 4625 406 1219 4626 399 1159 4627 357 1220 4628 357 1220 4629 399 1159 4630 354 1161 4631 357 1220 4632 354 1161 4633 316 1221 4634 316 1221 4635 354 1161 4636 309 1163 4637 316 1221 4638 309 1163 4639 270 1222 4640 270 1222 4641 309 1163 4642 261 1165 4643 270 1222 4644 261 1165 4645 227 1223 4646 227 1223 4647 261 1165 4648 218 1167 4649 227 1223 4650 218 1167 4651 202 1224 4652 202 1224 4653 218 1167 4654 192 1169 4655 202 1224 4656 192 1169 4657 180 1225 4658 180 1225 4659 192 1169 4660 172 1171 4661 180 1225 4662 172 1171 4663 166 1226 4664 166 1226 4665 172 1171 4666 157 1173 4667 166 1226 4668 157 1173 4669 161 1227 4670 161 1227 4671 157 1173 4672 151 1175 4673 161 1227 4674 151 1175 4675 165 1228 4676 165 1228 4677 151 1175 4678 156 1177 4679 165 1228 4680 156 1177 4681 178 1229 4682 178 1229 4683 156 1177 4684 169 1179 4685 178 1229 4686 169 1179 4687 200 1062 4688 200 1062 4689 169 1179 4690 190 1064 4691 930 1093 4692 918 1095 4693 932 1186 4694 932 1186 4695 918 1095 4696 911 1183 4697 932 1186 4698 911 1183 4699 920 1182 4700 901 1097 4701 911 1183 4702 918 1095 4703 802 1107 4704 851 1104 4705 842 1102 4706 802 1107 4707 842 1102 4708 795 1128 4709 795 1128 4710 842 1102 4711 826 1100 4712 758 1109 4713 802 1107 4714 795 1128 4715 638 1230 4716 553 1231 4717 552 1076 4718 552 1076 4719 553 1231 4720 475 1232 4721 552 1076 4722 475 1232 4723 474 1158 4724 474 1158 4725 475 1232 4726 390 1233 4727 474 1158 4728 390 1233 4729 393 1160 4730 393 1160 4731 390 1233 4732 346 1234 4733 393 1160 4734 346 1234 4735 348 1162 4736 348 1162 4737 346 1234 4738 301 1235 4739 348 1162 4740 301 1235 4741 305 1164 4742 305 1164 4743 301 1235 4744 250 1236 4745 305 1164 4746 250 1236 4747 254 1166 4748 254 1166 4749 250 1236 4750 210 1237 4751 254 1166 4752 210 1237 4753 213 1168 4754 213 1168 4755 210 1237 4756 183 1238 4757 213 1168 4758 183 1238 4759 188 1170 4760 188 1170 4761 183 1238 4762 160 1239 4763 188 1170 4764 160 1239 4765 164 1172 4766 164 1172 4767 160 1239 4768 144 1240 4769 164 1172 4770 144 1240 4771 153 1174 4772 153 1174 4773 144 1240 4774 139 1241 4775 153 1174 4776 139 1241 4777 146 1176 4778 146 1176 4779 139 1241 4780 140 1242 4781 146 1176 4782 140 1242 4783 152 1178 4784 152 1178 4785 140 1242 4786 150 1243 4787 152 1178 4788 150 1243 4789 163 1180 4790 163 1180 4791 150 1243 4792 173 1244 4793 163 1180 4794 173 1244 4795 187 1066 4796 187 1066 4797 173 1244 4798 198 1245 4799 187 1066 4800 198 1245 4801 212 1067 4802 212 1067 4803 198 1245 4804 228 1246 4805 212 1067 4806 228 1246 4807 253 1124 4808 253 1124 4809 228 1246 4810 282 1247 4811 253 1124 4812 282 1247 4813 304 1122 4814 304 1122 4815 282 1247 4816 326 1248 4817 304 1122 4818 326 1248 4819 347 1120 4820 347 1120 4821 326 1248 4822 373 1249 4823 347 1120 4824 373 1249 4825 392 1118 4826 392 1118 4827 373 1249 4828 424 1250 4829 392 1118 4830 424 1250 4831 473 1116 4832 473 1116 4833 424 1250 4834 515 1251 4835 473 1116 4836 515 1251 4837 551 1114 4838 551 1114 4839 515 1251 4840 596 1252 4841 551 1114 4842 596 1252 4843 636 1112 4844 636 1112 4845 596 1252 4846 687 1253 4847 636 1112 4848 687 1253 4849 718 1110 4850 718 1110 4851 687 1253 4852 738 1254 4853 718 1110 4854 738 1254 4855 764 1108 4856 764 1108 4857 738 1254 4858 785 1255 4859 764 1108 4860 785 1255 4861 807 1106 4862 807 1106 4863 785 1255 4864 831 1256 4865 807 1106 4866 831 1256 4867 858 1105 4868 858 1105 4869 831 1256 4870 883 1257 4871 858 1105 4872 883 1257 4873 899 1181 4874 899 1181 4875 883 1257 4876 915 1258 4877 899 1181 4878 915 1258 4879 924 1184 4880 924 1184 4881 915 1258 4882 938 1259 4883 924 1184 4884 938 1259 4885 947 1188 4886 947 1188 4887 938 1259 4888 962 1260 4889 947 1188 4890 962 1260 4891 960 1191 4892 960 1191 4893 962 1260 4894 973 1261 4895 960 1191 4896 973 1261 4897 967 1194 4898 967 1194 4899 973 1261 4900 974 1262 4901 967 1194 4902 974 1262 4903 961 1197 4904 961 1197 4905 974 1262 4906 969 1263 4907 961 1197 4908 969 1263 4909 948 1200 4910 948 1200 4911 969 1263 4912 951 1264 4913 948 1200 4914 951 1264 4915 925 1203 4916 925 1203 4917 951 1264 4918 929 1265 4919 925 1203 4920 929 1265 4921 900 1206 4922 900 1206 4923 929 1265 4924 902 1266 4925 900 1206 4926 902 1266 4927 859 1209 4928 859 1209 4929 902 1266 4930 862 1267 4931 859 1209 4932 862 1267 4933 808 1212 4934 808 1212 4935 862 1267 4936 810 1268 4937 808 1212 4938 810 1268 4939 765 1215 4940 765 1215 4941 810 1268 4942 766 1269 4943 765 1215 4944 766 1269 4945 719 1217 4946 719 1217 4947 766 1269 4948 720 1270 4949 719 1217 4950 720 1270 4951 637 1075 4952 637 1075 4953 720 1270 4954 638 1230 4955 637 1075 4956 638 1230 4957 552 1076 4958 465 1271 4959 493 1272 4960 555 1273 4961 555 1273 4962 493 1272 4963 566 1274 4964 555 1273 4965 566 1274 4966 646 1275 4967 646 1275 4968 566 1274 4969 640 1276 4970 646 1275 4971 640 1276 4972 721 1277 4973 721 1277 4974 640 1276 4975 713 1278 4976 721 1277 4977 713 1278 4978 763 1279 4979 763 1279 4980 713 1278 4981 757 1280 4982 763 1279 4983 757 1280 4984 805 1281 4985 805 1281 4986 757 1280 4987 796 1282 4988 805 1281 4989 796 1282 4990 860 1283 4991 860 1283 4992 796 1282 4993 847 1284 4994 860 1283 4995 847 1284 4996 903 1285 4997 903 1285 4998 847 1284 4999 889 1286 5000 903 1285 5001 889 1286 5002 933 1287 5003 933 1287 5004 889 1286 5005 921 1288 5006 933 1287 5007 921 1288 5008 964 1289 5009 964 1289 5010 921 1288 5011 949 1290 5012 964 1289 5013 949 1290 5014 981 1291 5015 981 1291 5016 949 1290 5017 970 1292 5018 981 1291 5019 970 1292 5020 986 1293 5021 986 1293 5022 970 1292 5023 980 1294 5024 986 1293 5025 980 1294 5026 991 1295 5027 991 1295 5028 980 1294 5029 983 1296 5030 991 1295 5031 983 1296 5032 990 1297 5033 990 1297 5034 983 1296 5035 982 1298 5036 990 1297 5037 982 1298 5038 985 1299 5039 985 1299 5040 982 1298 5041 979 1300 5042 985 1299 5043 979 1300 5044 978 1301 5045 978 1301 5046 979 1300 5047 968 1302 5048 978 1301 5049 968 1302 5050 957 1303 5051 957 1303 5052 968 1302 5053 940 1304 5054 957 1303 5055 940 1304 5056 928 1305 5057 928 1305 5058 940 1304 5059 917 1306 5060 928 1305 5061 917 1306 5062 895 1307 5063 895 1307 5064 917 1306 5065 885 1308 5066 895 1307 5067 885 1308 5068 850 1309 5069 850 1309 5070 885 1308 5071 839 1310 5072 850 1309 5073 839 1310 5074 799 1311 5075 799 1311 5076 839 1310 5077 791 1312 5078 799 1311 5079 791 1312 5080 756 1313 5081 756 1313 5082 791 1312 5083 749 1314 5084 756 1313 5085 749 1314 5086 708 1315 5087 708 1315 5088 749 1314 5089 701 1316 5090 708 1315 5091 701 1316 5092 618 1317 5093 618 1317 5094 701 1316 5095 615 1318 5096 618 1317 5097 615 1318 5098 542 1319 5099 542 1319 5100 615 1318 5101 543 1320 5102 542 1319 5103 543 1320 5104 471 1321 5105 471 1321 5106 543 1320 5107 476 1322 5108 471 1321 5109 476 1322 5110 391 1323 5111 391 1323 5112 476 1322 5113 397 1324 5114 391 1323 5115 397 1324 5116 349 1325 5117 349 1325 5118 397 1324 5119 355 1326 5120 349 1325 5121 355 1326 5122 306 1327 5123 306 1327 5124 355 1326 5125 315 1328 5126 306 1327 5127 315 1328 5128 252 1329 5129 252 1329 5130 315 1328 5131 265 1330 5132 252 1329 5133 265 1330 5134 209 1331 5135 209 1331 5136 265 1330 5137 222 1332 5138 209 1331 5139 222 1332 5140 179 1333 5141 179 1333 5142 222 1332 5143 191 1334 5144 179 1333 5145 191 1334 5146 148 1335 5147 148 1335 5148 191 1334 5149 162 1336 5150 148 1335 5151 162 1336 5152 132 1337 5153 132 1337 5154 162 1336 5155 143 1338 5156 132 1337 5157 143 1338 5158 126 1339 5159 126 1339 5160 143 1338 5161 133 1340 5162 126 1339 5163 133 1340 5164 121 1341 5165 121 1341 5166 133 1340 5167 130 1342 5168 121 1341 5169 130 1342 5170 122 1343 5171 122 1343 5172 130 1342 5173 131 1344 5174 122 1343 5175 131 1344 5176 127 1345 5177 127 1345 5178 131 1344 5179 134 1346 5180 127 1345 5181 134 1346 5182 135 1347 5183 135 1347 5184 134 1346 5185 145 1348 5186 135 1347 5187 145 1348 5188 155 1349 5189 155 1349 5190 145 1348 5191 171 1350 5192 155 1349 5193 171 1350 5194 184 1351 5195 184 1351 5196 171 1350 5197 197 1352 5198 184 1351 5199 197 1352 5200 217 1353 5201 217 1353 5202 197 1352 5203 226 1354 5204 217 1353 5205 226 1354 5206 262 1355 5207 262 1355 5208 226 1354 5209 273 1356 5210 262 1355 5211 273 1356 5212 311 1357 5213 311 1357 5214 273 1356 5215 321 1358 5216 311 1357 5217 321 1358 5218 356 1359 5219 356 1359 5220 321 1358 5221 362 1360 5222 356 1359 5223 362 1360 5224 404 1361 5225 404 1361 5226 362 1360 5227 410 1362 5228 404 1361 5229 410 1362 5230 493 1272 5231 493 1272 5232 410 1362 5233 496 1363 5234 493 1272 5235 496 1363 5236 566 1274 5237 566 1274 5238 496 1363 5239 565 1364 5240 566 1274 5241 565 1364 5242 635 1365 5243 635 1365 5244 565 1364 5245 633 1366 5246 635 1365 5247 633 1366 5248 707 1367 5249 707 1367 5250 633 1366 5251 638 1230 5252 707 1367 5253 638 1230 5254 720 1270 5255 493 1272 5256 465 1271 5257 404 1361 5258 404 1361 5259 465 1271 5260 384 1368 5261 404 1361 5262 384 1368 5263 356 1359 5264 356 1359 5265 384 1368 5266 337 1369 5267 356 1359 5268 337 1369 5269 311 1357 5270 311 1357 5271 337 1369 5272 288 1370 5273 311 1357 5274 288 1370 5275 262 1355 5276 262 1355 5277 288 1370 5278 225 1371 5279 262 1355 5280 225 1371 5281 217 1353 5282 217 1353 5283 225 1371 5284 189 1372 5285 217 1353 5286 189 1372 5287 184 1351 5288 184 1351 5289 189 1372 5290 149 1373 5291 184 1351 5292 149 1373 5293 155 1349 5294 155 1349 5295 149 1373 5296 129 1374 5297 155 1349 5298 129 1374 5299 135 1347 5300 135 1347 5301 129 1374 5302 119 1375 5303 135 1347 5304 119 1375 5305 127 1345 5306 127 1345 5307 119 1375 5308 114 1376 5309 127 1345 5310 114 1376 5311 122 1343 5312 122 1343 5313 114 1376 5314 113 1377 5315 122 1343 5316 113 1377 5317 121 1341 5318 121 1341 5319 113 1377 5320 118 1378 5321 121 1341 5322 118 1378 5323 126 1339 5324 126 1339 5325 118 1378 5326 125 1379 5327 126 1339 5328 125 1379 5329 132 1337 5330 132 1337 5331 125 1379 5332 148 1335 5333 125 1379 5334 138 1380 5335 148 1335 5336 148 1335 5337 138 1380 5338 179 1333 5339 138 1380 5340 170 1381 5341 179 1333 5342 179 1333 5343 170 1381 5344 209 1331 5345 170 1381 5346 205 1382 5347 209 1331 5348 209 1331 5349 205 1382 5350 252 1329 5351 205 1382 5352 251 1383 5353 252 1329 5354 252 1329 5355 251 1383 5356 306 1327 5357 251 1383 5358 312 1384 5359 306 1327 5360 306 1327 5361 312 1384 5362 349 1325 5363 312 1384 5364 367 1385 5365 349 1325 5366 349 1325 5367 367 1385 5368 391 1323 5369 367 1385 5370 419 1386 5371 391 1323 5372 391 1323 5373 419 1386 5374 471 1321 5375 419 1386 5376 514 1387 5377 471 1321 5378 471 1321 5379 514 1387 5380 542 1319 5381 514 1387 5382 597 1388 5383 542 1319 5384 542 1319 5385 597 1388 5386 618 1317 5387 597 1388 5388 693 1389 5389 618 1317 5390 618 1317 5391 693 1389 5392 708 1315 5393 693 1389 5394 744 1390 5395 708 1315 5396 708 1315 5397 744 1390 5398 756 1313 5399 744 1390 5400 800 1391 5401 756 1313 5402 756 1313 5403 800 1391 5404 799 1311 5405 800 1391 5406 861 1392 5407 799 1311 5408 799 1311 5409 861 1392 5410 850 1309 5411 861 1392 5412 908 1393 5413 850 1309 5414 850 1309 5415 908 1393 5416 895 1307 5417 908 1393 5418 942 1394 5419 895 1307 5420 895 1307 5421 942 1394 5422 928 1305 5423 928 1305 5424 942 1394 5425 957 1303 5426 957 1303 5427 942 1394 5428 975 1395 5429 957 1303 5430 975 1395 5431 978 1301 5432 978 1301 5433 975 1395 5434 987 1396 5435 978 1301 5436 987 1396 5437 985 1299 5438 985 1299 5439 987 1396 5440 993 1397 5441 985 1299 5442 993 1397 5443 990 1297 5444 990 1297 5445 993 1397 5446 999 1398 5447 990 1297 5448 999 1398 5449 991 1295 5450 991 1295 5451 999 1398 5452 998 1399 5453 991 1295 5454 998 1399 5455 986 1293 5456 986 1293 5457 998 1399 5458 992 1400 5459 986 1293 5460 992 1400 5461 981 1291 5462 981 1291 5463 992 1400 5464 984 1401 5465 981 1291 5466 984 1401 5467 964 1289 5468 964 1289 5469 984 1401 5470 963 1402 5471 964 1289 5472 963 1402 5473 933 1287 5474 933 1287 5475 963 1402 5476 923 1403 5477 933 1287 5478 923 1403 5479 903 1285 5480 903 1285 5481 923 1403 5482 887 1404 5483 903 1285 5484 887 1404 5485 860 1283 5486 860 1283 5487 887 1404 5488 825 1405 5489 860 1283 5490 825 1405 5491 805 1281 5492 805 1281 5493 825 1405 5494 775 1406 5495 805 1281 5496 775 1406 5497 763 1279 5498 763 1279 5499 775 1406 5500 727 1407 5501 763 1279 5502 727 1407 5503 721 1277 5504 721 1277 5505 727 1407 5506 646 1275 5507 638 1230 5508 564 1408 5509 553 1231 5510 553 1231 5511 564 1408 5512 500 1409 5513 553 1231 5514 500 1409 5515 475 1232 5516 475 1232 5517 500 1409 5518 416 1410 5519 475 1232 5520 416 1410 5521 390 1233 5522 390 1233 5523 416 1410 5524 369 1411 5525 390 1233 5526 369 1411 5527 346 1234 5528 346 1234 5529 369 1411 5530 325 1412 5531 346 1234 5532 325 1412 5533 301 1235 5534 301 1235 5535 325 1412 5536 284 1413 5537 301 1235 5538 284 1413 5539 250 1236 5540 250 1236 5541 284 1413 5542 234 1414 5543 250 1236 5544 234 1414 5545 210 1237 5546 210 1237 5547 234 1414 5548 204 1415 5549 210 1237 5550 204 1415 5551 183 1238 5552 183 1238 5553 204 1415 5554 176 1416 5555 183 1238 5556 176 1416 5557 160 1239 5558 160 1239 5559 176 1416 5560 158 1417 5561 160 1239 5562 158 1417 5563 142 1418 5564 142 1418 5565 158 1417 5566 145 1348 5567 142 1418 5568 145 1348 5569 134 1346 5570 707 1367 5571 720 1270 5572 752 1419 5573 752 1419 5574 720 1270 5575 766 1269 5576 752 1419 5577 766 1269 5578 794 1420 5579 794 1420 5580 766 1269 5581 810 1268 5582 794 1420 5583 810 1268 5584 835 1421 5585 835 1421 5586 810 1268 5587 862 1267 5588 835 1421 5589 862 1267 5590 882 1422 5591 882 1422 5592 862 1267 5593 902 1266 5594 882 1422 5595 902 1266 5596 912 1423 5597 912 1423 5598 902 1266 5599 929 1265 5600 912 1423 5601 929 1265 5602 937 1424 5603 937 1424 5604 929 1265 5605 951 1264 5606 937 1424 5607 951 1264 5608 958 1425 5609 958 1425 5610 951 1264 5611 969 1263 5612 958 1425 5613 969 1263 5614 972 1426 5615 972 1426 5616 969 1263 5617 977 1427 5618 972 1426 5619 977 1427 5620 983 1296 5621 983 1296 5622 977 1427 5623 982 1298 5624 969 1263 5625 974 1262 5626 977 1427 5627 977 1427 5628 974 1262 5629 976 1428 5630 977 1427 5631 976 1428 5632 982 1298 5633 982 1298 5634 976 1428 5635 979 1300 5636 974 1262 5637 973 1261 5638 976 1428 5639 976 1428 5640 973 1261 5641 971 1429 5642 976 1428 5643 971 1429 5644 979 1300 5645 979 1300 5646 971 1429 5647 968 1302 5648 973 1261 5649 962 1260 5650 971 1429 5651 971 1429 5652 962 1260 5653 954 1430 5654 971 1429 5655 954 1430 5656 968 1302 5657 968 1302 5658 954 1430 5659 940 1304 5660 962 1260 5661 938 1259 5662 954 1430 5663 954 1430 5664 938 1259 5665 936 1431 5666 954 1430 5667 936 1431 5668 940 1304 5669 940 1304 5670 936 1431 5671 917 1306 5672 938 1259 5673 915 1258 5674 936 1431 5675 936 1431 5676 915 1258 5677 909 1432 5678 936 1431 5679 909 1432 5680 917 1306 5681 917 1306 5682 909 1432 5683 885 1308 5684 915 1258 5685 883 1257 5686 909 1432 5687 909 1432 5688 883 1257 5689 878 1433 5690 909 1432 5691 878 1433 5692 885 1308 5693 885 1308 5694 878 1433 5695 839 1310 5696 883 1257 5697 831 1256 5698 878 1433 5699 878 1433 5700 831 1256 5701 829 1434 5702 878 1433 5703 829 1434 5704 839 1310 5705 839 1310 5706 829 1434 5707 791 1312 5708 831 1256 5709 785 1255 5710 829 1434 5711 829 1434 5712 785 1255 5713 786 1435 5714 829 1434 5715 786 1435 5716 791 1312 5717 791 1312 5718 786 1435 5719 749 1314 5720 786 1435 5721 785 1255 5722 742 1436 5723 742 1436 5724 785 1255 5725 738 1254 5726 742 1436 5727 738 1254 5728 696 1437 5729 696 1437 5730 738 1254 5731 687 1253 5732 696 1437 5733 687 1253 5734 611 1438 5735 611 1438 5736 687 1253 5737 596 1252 5738 611 1438 5739 596 1252 5740 544 1439 5741 544 1439 5742 596 1252 5743 515 1251 5744 544 1439 5745 515 1251 5746 478 1440 5747 478 1440 5748 515 1251 5749 424 1250 5750 478 1440 5751 424 1250 5752 403 1441 5753 403 1441 5754 424 1250 5755 373 1249 5756 403 1441 5757 373 1249 5758 360 1442 5759 360 1442 5760 373 1249 5761 326 1248 5762 360 1442 5763 326 1248 5764 317 1443 5765 317 1443 5766 326 1248 5767 282 1247 5768 317 1443 5769 282 1247 5770 277 1444 5771 277 1444 5772 282 1247 5773 229 1445 5774 277 1444 5775 229 1445 5776 222 1332 5777 222 1332 5778 229 1445 5779 191 1334 5780 282 1247 5781 228 1246 5782 229 1445 5783 229 1445 5784 228 1246 5785 201 1446 5786 229 1445 5787 201 1446 5788 191 1334 5789 191 1334 5790 201 1446 5791 162 1336 5792 228 1246 5793 198 1245 5794 201 1446 5795 201 1446 5796 198 1245 5797 174 1447 5798 201 1446 5799 174 1447 5800 162 1336 5801 162 1336 5802 174 1447 5803 143 1338 5804 198 1245 5805 173 1244 5806 174 1447 5807 174 1447 5808 173 1244 5809 154 1448 5810 174 1447 5811 154 1448 5812 143 1338 5813 143 1338 5814 154 1448 5815 133 1340 5816 173 1244 5817 150 1243 5818 154 1448 5819 154 1448 5820 150 1243 5821 141 1449 5822 154 1448 5823 141 1449 5824 133 1340 5825 133 1340 5826 141 1449 5827 130 1342 5828 150 1243 5829 140 1242 5830 141 1449 5831 141 1449 5832 140 1242 5833 136 1450 5834 141 1449 5835 136 1450 5836 130 1342 5837 130 1342 5838 136 1450 5839 131 1344 5840 140 1242 5841 139 1241 5842 136 1450 5843 136 1450 5844 139 1241 5845 137 1451 5846 136 1450 5847 137 1451 5848 131 1344 5849 131 1344 5850 137 1451 5851 134 1346 5852 139 1241 5853 144 1240 5854 137 1451 5855 137 1451 5856 144 1240 5857 142 1418 5858 137 1451 5859 142 1418 5860 134 1346 5861 144 1240 5862 160 1239 5863 142 1418 5864 543 1320 5865 544 1439 5866 476 1322 5867 476 1322 5868 544 1439 5869 478 1440 5870 476 1322 5871 478 1440 5872 397 1324 5873 397 1324 5874 478 1440 5875 403 1441 5876 397 1324 5877 403 1441 5878 355 1326 5879 355 1326 5880 403 1441 5881 360 1442 5882 355 1326 5883 360 1442 5884 315 1328 5885 315 1328 5886 360 1442 5887 317 1443 5888 315 1328 5889 317 1443 5890 265 1330 5891 265 1330 5892 317 1443 5893 277 1444 5894 265 1330 5895 277 1444 5896 222 1332 5897 544 1439 5898 543 1320 5899 611 1438 5900 611 1438 5901 543 1320 5902 615 1318 5903 611 1438 5904 615 1318 5905 696 1437 5906 696 1437 5907 615 1318 5908 701 1316 5909 696 1437 5910 701 1316 5911 742 1436 5912 742 1436 5913 701 1316 5914 749 1314 5915 742 1436 5916 749 1314 5917 786 1435 5918 638 1230 5919 633 1366 5920 564 1408 5921 564 1408 5922 633 1366 5923 565 1364 5924 564 1408 5925 565 1364 5926 500 1409 5927 500 1409 5928 565 1364 5929 496 1363 5930 500 1409 5931 496 1363 5932 416 1410 5933 416 1410 5934 496 1363 5935 410 1362 5936 416 1410 5937 410 1362 5938 369 1411 5939 369 1411 5940 410 1362 5941 362 1360 5942 369 1411 5943 362 1360 5944 325 1412 5945 325 1412 5946 362 1360 5947 321 1358 5948 325 1412 5949 321 1358 5950 284 1413 5951 284 1413 5952 321 1358 5953 273 1356 5954 284 1413 5955 273 1356 5956 234 1414 5957 234 1414 5958 273 1356 5959 226 1354 5960 234 1414 5961 226 1354 5962 204 1415 5963 204 1415 5964 226 1354 5965 197 1352 5966 204 1415 5967 197 1352 5968 176 1416 5969 176 1416 5970 197 1352 5971 171 1350 5972 176 1416 5973 171 1350 5974 158 1417 5975 158 1417 5976 171 1350 5977 145 1348 5978 640 1276 5979 566 1274 5980 635 1365 5981 972 1426 5982 983 1296 5983 980 1294 5984 958 1425 5985 972 1426 5986 980 1294 5987 958 1425 5988 980 1294 5989 970 1292 5990 937 1424 5991 958 1425 5992 970 1292 5993 937 1424 5994 970 1292 5995 949 1290 5996 912 1423 5997 937 1424 5998 949 1290 5999 912 1423 6000 949 1290 6001 921 1288 6002 882 1422 6003 912 1423 6004 921 1288 6005 882 1422 6006 921 1288 6007 889 1286 6008 835 1421 6009 882 1422 6010 889 1286 6011 835 1421 6012 889 1286 6013 847 1284 6014 794 1420 6015 835 1421 6016 847 1284 6017 794 1420 6018 847 1284 6019 796 1282 6020 752 1419 6021 794 1420 6022 796 1282 6023 752 1419 6024 796 1282 6025 757 1280 6026 707 1367 6027 752 1419 6028 757 1280 6029 707 1367 6030 757 1280 6031 713 1278 6032 635 1365 6033 707 1367 6034 713 1278 6035 635 1365 6036 713 1278 6037 640 1276 6038 671 1452 6039 672 1452 6040 661 1452 6041 661 1453 6042 672 1453 6043 662 1453 6044 661 1454 6045 663 1455 6046 671 1456 6047 671 1456 6048 663 1455 6049 694 1457 6050 671 1456 6051 694 1457 6052 697 1458 6053 697 1458 6054 694 1457 6055 722 1459 6056 697 1458 6057 722 1459 6058 724 1460 6059 724 1460 6060 722 1459 6061 729 1461 6062 724 1460 6063 729 1461 6064 730 1462 6065 730 1462 6066 729 1461 6067 732 1463 6068 730 1462 6069 732 1463 6070 731 1464 6071 731 1464 6072 732 1463 6073 728 1465 6074 731 1464 6075 728 1465 6076 725 1466 6077 725 1466 6078 728 1465 6079 714 1467 6080 725 1466 6081 714 1467 6082 702 1468 6083 702 1468 6084 714 1467 6085 688 1469 6086 702 1468 6087 688 1469 6088 677 1470 6089 677 1470 6090 688 1469 6091 651 1471 6092 677 1470 6093 651 1471 6094 613 1472 6095 613 1472 6096 651 1471 6097 602 1473 6098 613 1472 6099 602 1473 6100 577 1474 6101 577 1474 6102 602 1473 6103 557 1475 6104 577 1474 6105 557 1475 6106 533 1476 6107 533 1476 6108 557 1475 6109 509 1477 6110 533 1476 6111 509 1477 6112 499 1478 6113 499 1478 6114 509 1477 6115 460 1479 6116 499 1478 6117 460 1479 6118 434 1480 6119 434 1480 6120 460 1479 6121 423 1481 6122 434 1480 6123 423 1481 6124 409 1482 6125 409 1482 6126 423 1481 6127 398 1483 6128 409 1482 6129 398 1483 6130 386 1484 6131 386 1484 6132 398 1483 6133 383 1485 6134 386 1484 6135 383 1485 6136 380 1486 6137 380 1486 6138 383 1485 6139 379 1487 6140 380 1486 6141 379 1487 6142 381 1488 6143 381 1488 6144 379 1487 6145 382 1489 6146 381 1488 6147 382 1489 6148 387 1490 6149 387 1490 6150 382 1489 6151 389 1491 6152 387 1490 6153 389 1491 6154 415 1492 6155 415 1492 6156 389 1491 6157 418 1493 6158 415 1492 6159 418 1493 6160 439 1494 6161 439 1494 6162 418 1493 6163 449 1495 6164 439 1494 6165 449 1495 6166 447 1496 6167 439 1497 6168 447 1497 6169 440 1497 6170 440 1498 6171 447 1499 6172 448 1500 6173 491 1501 6174 490 1502 6175 466 1503 6176 466 1503 6177 490 1502 6178 459 1504 6179 466 1503 6180 459 1504 6181 457 1505 6182 457 1505 6183 459 1504 6184 446 1506 6185 457 1505 6186 446 1506 6187 448 1507 6188 448 1508 6189 446 1509 6190 440 1510 6191 491 1511 6192 466 1512 6193 492 1513 6194 492 1513 6195 466 1512 6196 467 1514 6197 467 1514 6198 466 1512 6199 457 1515 6200 467 1514 6201 457 1515 6202 458 1516 6203 458 1516 6204 457 1515 6205 448 1517 6206 458 1516 6207 448 1517 6208 450 1518 6209 448 445 6210 447 445 6211 450 445 6212 450 445 6213 447 445 6214 449 445 6215 661 433 6216 662 1519 6217 663 433 6218 663 433 6219 662 1520 6220 664 433 6221 662 1521 6222 653 1522 6223 664 1523 6224 664 1523 6225 653 1522 6226 654 1524 6227 654 1524 6228 653 1522 6229 644 1525 6230 654 1524 6231 644 1525 6232 645 1526 6233 645 1526 6234 644 1525 6235 621 1527 6236 645 1526 6237 621 1527 6238 622 1528 6239 662 1529 6240 672 1530 6241 653 1531 6242 653 1531 6243 672 1530 6244 665 1532 6245 653 1531 6246 665 1532 6247 644 1533 6248 644 1533 6249 665 1532 6250 652 1534 6251 644 1533 6252 652 1534 6253 621 1535 6254 621 1536 6255 652 1537 6256 620 1538 6257 430 1539 6258 488 1539 6259 429 1539 6260 429 1540 6261 488 1540 6262 487 1540 6263 427 1541 6264 428 1542 6265 429 1541 6266 429 1543 6267 428 1543 6268 430 1543 6269 479 1544 6270 487 1544 6271 480 1544 6272 480 1545 6273 487 1545 6274 488 1545 6275 682 1546 6276 681 1546 6277 624 1546 6278 624 1547 6279 681 1547 6280 623 1547 6281 683 1548 6282 681 1548 6283 684 1548 6284 684 1549 6285 681 1549 6286 682 1549 6287 668 1550 6288 679 1551 6289 678 1552 6290 678 1552 6291 679 1551 6292 669 1553 6293 678 1552 6294 669 1553 6295 667 1554 6296 667 1554 6297 669 1553 6298 649 1555 6299 667 1554 6300 649 1555 6301 647 1556 6302 647 1556 6303 649 1555 6304 607 1557 6305 647 1556 6306 607 1557 6307 605 1558 6308 605 1558 6309 607 1557 6310 584 1559 6311 605 1558 6312 584 1559 6313 582 1560 6314 582 1560 6315 584 1559 6316 540 1561 6317 582 1560 6318 540 1561 6319 538 1562 6320 538 1562 6321 540 1561 6322 512 1563 6323 538 1562 6324 512 1563 6325 510 1564 6326 510 1564 6327 512 1563 6328 484 1565 6329 510 1564 6330 484 1565 6331 482 1566 6332 482 1566 6333 484 1565 6334 455 1567 6335 482 1566 6336 455 1567 6337 453 1568 6338 453 1568 6339 455 1567 6340 437 1569 6341 453 1568 6342 437 1569 6343 435 1570 6344 435 1570 6345 437 1569 6346 438 1571 6347 435 1570 6348 438 1571 6349 436 1572 6350 436 1572 6351 438 1571 6352 456 1573 6353 436 1572 6354 456 1573 6355 454 1574 6356 454 1574 6357 456 1573 6358 485 1575 6359 454 1574 6360 485 1575 6361 483 1576 6362 483 1576 6363 485 1575 6364 513 1577 6365 483 1576 6366 513 1577 6367 511 1578 6368 511 1578 6369 513 1577 6370 541 1579 6371 511 1578 6372 541 1579 6373 539 1580 6374 539 1580 6375 541 1579 6376 585 1581 6377 539 1580 6378 585 1581 6379 583 1582 6380 583 1582 6381 585 1581 6382 608 1583 6383 583 1582 6384 608 1583 6385 606 1584 6386 606 1584 6387 608 1583 6388 650 1585 6389 606 1584 6390 650 1585 6391 648 1586 6392 648 1586 6393 650 1585 6394 670 1587 6395 648 1586 6396 670 1587 6397 668 1550 6398 668 1550 6399 670 1587 6400 679 1551 6401 1032 1588 6402 1041 1589 6403 1040 1590 6404 1040 1590 6405 1041 1589 6406 1049 1591 6407 1040 1590 6408 1049 1591 6409 1048 1592 6410 1048 1592 6411 1049 1591 6412 1057 1593 6413 1048 1592 6414 1057 1593 6415 1056 1594 6416 1056 1594 6417 1057 1593 6418 1063 1595 6419 1056 1594 6420 1063 1595 6421 1062 1596 6422 1062 1596 6423 1063 1595 6424 1071 1597 6425 1062 1596 6426 1071 1597 6427 1070 1598 6428 1070 1598 6429 1071 1597 6430 1073 1599 6431 1070 1598 6432 1073 1599 6433 1072 1600 6434 1072 1600 6435 1073 1599 6436 1067 1601 6437 1072 1600 6438 1067 1601 6439 1066 1602 6440 1066 1602 6441 1067 1601 6442 1061 1603 6443 1066 1602 6444 1061 1603 6445 1060 1604 6446 1060 1604 6447 1061 1603 6448 1053 1605 6449 1060 1604 6450 1053 1605 6451 1052 1606 6452 1052 1606 6453 1053 1605 6454 1045 1607 6455 1052 1606 6456 1045 1607 6457 1044 1608 6458 1044 1608 6459 1045 1607 6460 1035 1609 6461 1044 1608 6462 1035 1609 6463 1034 1610 6464 1034 1610 6465 1035 1609 6466 1031 1611 6467 1034 1610 6468 1031 1611 6469 1030 1612 6470 1030 1612 6471 1031 1611 6472 1021 1613 6473 1030 1612 6474 1021 1613 6475 1020 1614 6476 1020 1614 6477 1021 1613 6478 1015 1615 6479 1020 1614 6480 1015 1615 6481 1014 1616 6482 1014 1616 6483 1015 1615 6484 1011 1617 6485 1014 1616 6486 1011 1617 6487 1010 1618 6488 1010 1618 6489 1011 1617 6490 1013 1619 6491 1010 1618 6492 1013 1619 6493 1012 1620 6494 1012 1620 6495 1013 1619 6496 1017 1621 6497 1012 1620 6498 1017 1621 6499 1016 1622 6500 1016 1622 6501 1017 1621 6502 1027 1623 6503 1016 1622 6504 1027 1623 6505 1026 1624 6506 1026 1624 6507 1027 1623 6508 1033 1625 6509 1026 1624 6510 1033 1625 6511 1032 1588 6512 1032 1588 6513 1033 1625 6514 1041 1589 6515 441 1626 6516 433 1627 6517 432 1628 6518 432 1628 6519 433 1627 6520 444 1629 6521 432 1628 6522 444 1629 6523 442 1630 6524 442 1630 6525 444 1629 6526 464 1631 6527 442 1630 6528 464 1631 6529 462 1632 6530 462 1632 6531 464 1631 6532 506 1633 6533 462 1632 6534 506 1633 6535 504 1634 6536 504 1634 6537 506 1633 6538 528 1635 6539 504 1634 6540 528 1635 6541 526 1636 6542 526 1636 6543 528 1635 6544 570 1637 6545 526 1636 6546 570 1637 6547 568 1638 6548 568 1638 6549 570 1637 6550 601 1639 6551 568 1638 6552 601 1639 6553 599 1640 6554 599 1640 6555 601 1639 6556 629 1641 6557 599 1640 6558 629 1641 6559 627 1642 6560 627 1642 6561 629 1641 6562 660 1643 6563 627 1642 6564 660 1643 6565 658 1644 6566 658 1644 6567 660 1643 6568 676 1645 6569 658 1644 6570 676 1645 6571 674 1646 6572 674 1646 6573 676 1645 6574 675 1647 6575 674 1646 6576 675 1647 6577 673 1648 6578 673 1648 6579 675 1647 6580 659 1649 6581 673 1648 6582 659 1649 6583 657 1650 6584 657 1650 6585 659 1649 6586 628 1651 6587 657 1650 6588 628 1651 6589 626 1652 6590 626 1652 6591 628 1651 6592 600 1653 6593 626 1652 6594 600 1653 6595 598 1654 6596 598 1654 6597 600 1653 6598 569 1655 6599 598 1654 6600 569 1655 6601 567 1656 6602 567 1656 6603 569 1655 6604 527 1657 6605 567 1656 6606 527 1657 6607 525 1658 6608 525 1658 6609 527 1657 6610 505 1659 6611 525 1658 6612 505 1659 6613 503 1660 6614 503 1660 6615 505 1659 6616 463 1661 6617 503 1660 6618 463 1661 6619 461 1662 6620 461 1662 6621 463 1661 6622 443 1663 6623 461 1662 6624 443 1663 6625 441 1626 6626 441 1626 6627 443 1663 6628 433 1627 6629 80 1664 6630 74 1665 6631 73 1666 6632 73 1666 6633 74 1665 6634 65 1667 6635 73 1666 6636 65 1667 6637 64 1668 6638 64 1668 6639 65 1667 6640 58 1669 6641 64 1668 6642 58 1669 6643 57 1670 6644 57 1670 6645 58 1669 6646 51 1671 6647 57 1670 6648 51 1671 6649 50 1672 6650 50 1672 6651 51 1671 6652 44 1673 6653 50 1672 6654 44 1673 6655 43 1674 6656 43 1674 6657 44 1673 6658 42 1675 6659 43 1674 6660 42 1675 6661 41 1676 6662 41 1676 6663 42 1675 6664 47 1677 6665 41 1676 6666 47 1677 6667 46 1678 6668 46 1678 6669 47 1677 6670 53 1679 6671 46 1678 6672 53 1679 6673 52 1680 6674 52 1680 6675 53 1679 6676 62 1681 6677 52 1680 6678 62 1681 6679 61 1682 6680 61 1682 6681 62 1681 6682 69 1683 6683 61 1682 6684 69 1683 6685 68 1684 6686 68 1684 6687 69 1683 6688 79 1685 6689 68 1684 6690 79 1685 6691 78 1686 6692 78 1686 6693 79 1685 6694 83 1687 6695 78 1686 6696 83 1687 6697 82 1688 6698 82 1688 6699 83 1687 6700 93 1689 6701 82 1688 6702 93 1689 6703 92 1690 6704 92 1690 6705 93 1689 6706 99 1691 6707 92 1690 6708 99 1691 6709 98 1692 6710 98 1692 6711 99 1691 6712 103 1693 6713 98 1692 6714 103 1693 6715 102 1694 6716 102 1694 6717 103 1693 6718 101 1695 6719 102 1694 6720 101 1695 6721 100 1696 6722 100 1696 6723 101 1695 6724 96 1697 6725 100 1696 6726 96 1697 6727 95 1698 6728 95 1698 6729 96 1697 6730 87 1699 6731 95 1698 6732 87 1699 6733 86 1700 6734 86 1700 6735 87 1699 6736 81 1701 6737 86 1700 6738 81 1701 6739 80 1664 6740 80 1664 6741 81 1701 6742 74 1665 6743</p>
        </triangles>
      </mesh>
    </geometry>
  </library_geometries>
  <library_visual_scenes>
    <visual_scene id="Scene" name="Scene">
      <node id="Light_002" name="Light.002" type="NODE">
        <matrix sid="transform">-0.1998834 -0.9551711 0.2183913 1.005454 0.7711008 -0.2908648 -0.5663931 -4.076245 0.6045247 0.05518912 0.7946723 5.903862 0 0 0 1</matrix>
        <instance_light url="#Light_002-light"/>
      </node>
      <node id="Camera_002" name="Camera.002" type="NODE">
        <matrix sid="transform">0.3054209 -0.7276763 -0.6141704 -6.925791 0.3240134 0.6859207 -0.6515582 -7.358891 0.8953956 4.01133e-9 0.4452714 4.958309 0 0 0 1</matrix>
        <instance_camera url="#Camera_002-camera"/>
      </node>
      <node id="Giro_dynamixel_001" name="Giro_dynamixel.001" type="NODE">
        <matrix sid="transform">-9.99987e-4 8.74216e-11 0 0 -8.74216e-11 -9.99987e-4 0 0 0 0 9.99987e-4 0 0 0 0 1</matrix>
        <instance_geometry url="#Giro_dynamixel_001-mesh" name="Giro_dynamixel.001">
          <bind_material>
            <technique_common>
              <instance_material symbol="_60_160_160-material" target="#_60_160_160-material">
                <bind_vertex_input semantic="Giro_dynamixel_001-mesh-map-0" input_semantic="TEXCOORD" input_set="0"/>
              </instance_material>
              <instance_material symbol="_60_160_160_1-material" target="#_60_160_160_1-material">
                <bind_vertex_input semantic="Giro_dynamixel_001-mesh-map-0" input_semantic="TEXCOORD" input_set="0"/>
              </instance_material>
            </technique_common>
          </bind_material>
        </instance_geometry>
      </node>
      <node id="Giro_dynamixel" name="Giro_dynamixel" type="NODE">
        <matrix sid="transform">-9.99987e-4 8.74216e-11 0 0 -8.74216e-11 -9.99987e-4 0 0 0 0 9.99987e-4 0 0 0 0 1</matrix>
        <instance_geometry url="#Giro_dynamixel-mesh" name="Giro_dynamixel">
          <bind_material>
            <technique_common>
              <instance_material symbol="_60_160_160-material" target="#_60_160_160-material">
                <bind_vertex_input semantic="Giro_dynamixel-mesh-map-0" input_semantic="TEXCOORD" input_set="0"/>
              </instance_material>
              <instance_material symbol="_60_160_160_1-material" target="#_60_160_160_1-material">
                <bind_vertex_input semantic="Giro_dynamixel-mesh-map-0" input_semantic="TEXCOORD" input_set="0"/>
              </instance_material>
            </technique_common>
          </bind_material>
        </instance_geometry>
      </node>
      <node id="Camera_001" name="Camera.001" type="NODE">
        <matrix sid="transform">0.3054209 -0.7276763 -0.6141704 0 0.3240134 0.6859207 -0.6515582 0 0.8953956 4.01133e-9 0.4452714 0 0 0 0 1</matrix>
        <instance_camera url="#Camera_001-camera"/>
      </node>
      <node id="Light_001" name="Light.001" type="NODE">
        <matrix sid="transform">-0.1998832 -0.9551712 0.2183913 0 0.7711008 -0.2908646 -0.5663933 0 0.6045247 0.05518918 0.7946723 0 0 0 0 1</matrix>
        <instance_light url="#Light_001-light"/>
      </node>
      <node id="Camera" name="Camera" type="NODE">
        <matrix sid="transform">0.6859207 -0.3240135 0.6515582 7.358891 0.7276763 0.3054208 -0.6141704 -6.925791 0 0.8953956 0.4452714 4.958309 0 0 0 1</matrix>
        <instance_camera url="#Camera-camera"/>
      </node>
      <node id="Light" name="Light" type="NODE">
        <matrix sid="transform">-0.2908646 -0.7711008 0.5663932 4.076245 0.9551712 -0.1998834 0.2183912 1.005454 -0.05518906 0.6045247 0.7946723 5.903862 0 0 0 1</matrix>
        <instance_light url="#Light-light"/>
      </node>
    </visual_scene>
  </library_visual_scenes>
  <scene>
    <instance_visual_scene url="#Scene"/>
  </scene>
</COLLADA>