<?xml version="1.0" encoding="utf-8"?>
<COLLADA xmlns="http://www.collada.org/2005/11/COLLADASchema" version="1.4.1" xmlns:xsi="http://www.w3.org/2001/XMLSchema-instance">
  <asset>
    <contributor>
      <author>Blender User</author>
      <authoring_tool>Blender 4.4.3 commit date:2025-04-29, commit time:14:09, hash:802179c51ccc</authoring_tool>
    </contributor>
    <created>2026-06-21T17:30:44</created>
    <modified>2026-06-21T17:30:44</modified>
    <unit name="meter" meter="1"/>
    <up_axis>Z_UP</up_axis>
  </asset>
  <library_cameras>
    <camera id="Camera-camera" name="Camera">
      <optics>
        <technique_common>
          <perspective>
            <xfov sid="xfov">39.59775</xfov>
            <aspect_ratio>1.777778</aspect_ratio>
            <znear sid="znear">0.1</znear>
            <zfar sid="zfar">100</zfar>
          </perspective>
        </technique_common>
      </optics>
      <extra>
        <technique profile="blender">
          <shiftx sid="shiftx" type="float">0</shiftx>
          <shifty sid="shifty" type="float">0</shifty>
          <dof_distance sid="dof_distance" type="float">10</dof_distance>
        </technique>
      </extra>
    </camera>
  </library_cameras>
  <library_lights>
    <light id="Light-light" name="Light">
      <technique_common>
        <point>
          <color sid="color">1000 1000 1000</color>
          <constant_attenuation>1</constant_attenuation>
          <linear_attenuation>0</linear_attenuation>
          <quadratic_attenuation>0</quadratic_attenuation>
        </point>
      </technique_common>
      <extra>
        <technique profile="blender">
          <type sid="type" type="int">0</type>
          <flag sid="flag" type="int">0</flag>
          <mode sid="mode" type="int">2097153</mode>
          <red sid="red" type="float">1</red>
          <green sid="green" type="float">1</green>
          <blue sid="blue" type="float">1</blue>
          <energy sid="blender_energy" type="float">1000</energy>
          <spotsize sid="spotsize" type="float">75</spotsize>
          <spotblend sid="spotblend" type="float">0.15</spotblend>
          <clipsta sid="clipsta" type="float">0.04999995</clipsta>
          <clipend sid="clipend" type="float">40</clipend>
          <radius sid="radius" type="float">0.1</radius>
          <area_shape sid="area_shape" type="int">1</area_shape>
          <area_size sid="area_size" type="float">0.1</area_size>
          <area_sizey sid="area_sizey" type="float">0.1</area_sizey>
          <area_sizez sid="area_sizez" type="float">1</area_sizez>
        </technique>
      </extra>
    </light>
  </library_lights>
  <library_effects>
    <effect id="_60_160_160-effect">
      <profile_COMMON>
        <technique sid="common">
          <lambert>
            <emission>
              <color sid="emission">0 0 0 1</color>
            </emission>
            <diffuse>
              <color sid="diffuse">0.627451 0.627451 0.627451 1</color>
            </diffuse>
            <index_of_refraction>
              <float sid="ior">1.5</float>
            </index_of_refraction>
          </lambert>
        </technique>
      </profile_COMMON>
    </effect>
  </library_effects>
  <library_images/>
  <library_materials>
    <material id="_60_160_160-material" name="160,160,160">
      <instance_effect url="#_60_160_160-effect"/>
    </material>
  </library_materials>
  <library_geometries>
    <geometry id="S7_BOTTOM_BEARING_CASING-mesh" name="S7_BOTTOM_BEARING_CASING">
      <mesh>
        <source id="S7_BOTTOM_BEARING_CASING-mesh-positions">
          <float_array id="S7_BOTTOM_BEARING_CASING-mesh-positions-array" count="4668">-32.68564 0.9690099 -1.872148 -32.68564 0.9690099 1.3 -32.57083 -2.903626 -1.872148 -32.57083 -2.903626 1.3 -32.34161 4.828043 -1.872148 -32.34161 4.828043 1.3 -32.18586 -0.9541931 1.8 -32.0728 2.859228 1.8 -31.9988 -6.735501 -1.872148 -31.9988 -6.735501 1.3 -31.84709 -4.754219 1.8 -31.54359 8.6193 -1.872148 -31.54359 8.6193 1.3 -31.50952 6.632512 1.8 -31.06127 -8.487507 1.8 -30.97757 -10.47282 -1.872148 -30.97757 -10.47282 1.3 -30.97525 -1.238661 -6.8 -30.97525 -1.238661 -4.3 -30.97525 1.238661 -6.8 -30.97525 1.238661 -4.3 -30.77743 -3.708073 -6.8 -30.77743 -3.708073 -4.3 -30.77743 3.708073 -6.8 -30.77743 3.708073 -4.3 -30.50391 10.31269 1.8 -30.47564 -1.218683 -7.3 -30.47564 1.218683 -7.3 -30.30275 12.28956 -1.872148 -30.30275 12.28956 1.3 -30.28102 -3.648265 -7.3 -30.28102 3.648265 -7.3 -30.18568 0.9300109 1.8 -30.14206 -7.242678 -4.3 -30.14206 7.242678 -4.3 -30.07117 -2.786504 1.8 -29.8426 4.632428 1.8 -29.83941 -12.10165 1.8 -29.68592 -0.9146131 -1.665685 -29.68592 -0.9146131 1.3 -29.57331 2.74037 -1.665685 -29.57331 2.74037 1.3 -29.52149 -14.06313 -1.872148 -29.52149 -14.06313 1.3 -29.50082 -6.460779 1.8 -29.34852 -4.555732 -1.665685 -29.34852 -4.555732 1.3 -29.10216 -10.68008 -4.3 -29.10216 10.68008 -4.3 -29.07009 13.8481 1.8 -29.04714 8.264622 1.8 -29.01239 6.353813 -1.665685 -29.01239 6.353813 1.3 -28.90853 -1.81877 -2.4 -28.90853 1.81877 -2.4 -28.63653 15.7873 -1.872148 -28.63653 15.7873 1.3 -28.56622 -8.127792 -1.665685 -28.56622 -8.127792 1.3 -28.48327 -10.03711 1.8 -28.45262 -5.427628 -2.4 -28.45262 5.427628 -2.4 -28.19866 -15.54591 1.8 -28.01169 9.870938 -1.665685 -28.01169 9.870938 1.3 -27.81135 11.77153 1.8 -27.6717 -13.97415 -4.3 -27.6717 13.97415 -4.3 -27.65099 -17.45602 -1.872148 -27.65099 -17.45602 1.3 -27.548 -8.950889 -2.4 -27.548 8.950889 -2.4 -27.35089 -11.57664 -1.665685 -27.35089 -11.57664 1.3 -27.22819 17.18911 1.8 -27.03393 -13.4613 1.8 -26.94974 -35.47832 -6.8 -26.94974 -35.47832 -4.3 -26.94974 35.47832 -6.8 -26.94974 35.47832 -4.3 -26.8 0 -2.4 -26.58635 13.23843 -1.665685 -26.58635 13.23843 1.3 -26.57146 -37.05265 -6.8 -26.57146 -37.05265 -4.3 -26.57072 -3.498102 -2.4 -26.57072 3.498102 -2.4 -26.57146 37.05265 -6.8 -26.57146 37.05265 -4.3 -26.56832 19.06343 -1.872148 -26.56832 19.06343 1.3 -26.45333 -35.41851 -7.3 -26.45333 35.41851 -7.3 -26.3 0 -3.3 -26.3 0 -2.9 -26.20894 -12.33299 -2.4 -26.20894 12.33299 -2.4 -26.16208 -18.77194 1.8 -26.15397 15.1 1.8 -26.1 0 -4.3 -26.1 0 -3.5 -26.075 -3.432839 -3.3 -26.075 -3.432839 -2.9 -26.075 3.432839 -3.3 -26.075 3.432839 -2.9 -26.02457 -37.08121 -7.3 -26.02457 37.08121 -7.3 -25.88681 -6.93635 -2.4 -25.88681 6.93635 -2.4 -25.87671 -3.406734 -4.3 -25.87671 -3.406734 -3.5 -25.87671 3.406734 -4.3 -25.87671 3.406734 -3.5 -25.86987 -17.08069 -4.3 -25.86987 17.08069 -4.3 -25.84158 -38.49795 -6.8 -25.84158 -38.49795 -4.3 -25.84158 38.49795 -6.8 -25.84158 38.49795 -4.3 -25.72096 -14.85 -1.665685 -25.72096 -14.85 1.3 -25.40385 -6.806941 -3.3 -25.40385 -6.806941 -2.9 -25.40385 6.806941 -3.3 -25.40385 6.806941 -2.9 -25.39233 -20.60387 -1.872148 -25.39233 -20.60387 1.3 -25.21067 -6.755177 -4.3 -25.21067 -6.755177 -3.5 -25.21067 6.755177 -4.3 -25.21067 6.755177 -3.5 -25.17539 -38.57362 -7.3 -25.17479 -16.68142 1.8 -25.17539 38.57362 -7.3 -25.00407 20.28883 1.8 -24.79918 -39.73689 -6.8 -24.79918 -39.73689 -4.3 -24.79918 39.73689 -6.8 -24.79918 39.73689 -4.3 -24.75997 -10.25592 -2.4 -24.75997 10.25592 -2.4 -24.75799 16.40524 -1.665685 -24.75799 16.40524 1.3 -24.45654 -15.52059 -2.4 -24.45654 15.52059 -2.4 -24.29803 -10.06457 -3.3 -24.29803 -10.06457 -2.9 -24.29803 10.06457 -3.3 -24.29803 10.06457 -2.9 -24.12715 22.07194 -1.872148 -24.12715 22.07194 1.3 -24.11326 -9.988038 -4.3 -24.11326 -9.988038 -3.5 -24.11326 9.988038 -4.3 -24.11326 9.988038 -3.5 -24.10012 18.19957 1.8 -23.96505 -39.79159 -7.3 -23.96505 39.79159 -7.3 -23.75823 -21.73445 1.8 -23.72085 -19.95799 -4.3 -23.72085 19.95799 -4.3 -23.70111 -17.89825 -1.665685 -23.70111 -17.89825 1.3 -23.5 -40.70319 -6.8 -23.5 -40.70319 -4.3 -23.5 40.70319 -6.8 -23.5 40.70319 -4.3 -23.20948 -13.4 -2.4 -23.20948 13.4 -2.4 -22.93403 -19.64867 1.8 -22.77722 -23.46249 -1.872148 -22.77722 -23.46249 1.3 -22.77647 -13.15 -3.3 -22.77647 -13.15 -2.9 -22.77647 13.15 -3.3 -22.77647 13.15 -2.9 -22.60326 -13.05 -4.3 -22.60326 -13.05 -3.5 -22.60326 13.05 -4.3 -22.60326 13.05 -3.5 -22.55433 19.32336 -1.665685 -22.55433 19.32336 1.3 -22.5 -34.64101 -4.3 -22.5 34.64101 -4.3 -22.47801 -40.65013 -7.3 -22.47801 40.65013 -7.3 -22.42894 23.10373 1.8 -22.31844 -18.46342 -2.4 -22.31844 18.46342 -2.4 -22.28386 -35.65786 -4.3 -22.28386 -33.62417 -4.3 -22.28386 33.62417 -4.3 -22.28386 35.65786 -4.3 -22.01357 -41.34516 -6.8 -22.01357 -41.34516 -4.3 -22.01357 41.34516 -6.8 -22.01357 41.34516 -4.3 -21.97766 -34.9391 -7.3 -21.97766 -34.9391 -4.8 -21.97766 34.9391 -7.3 -21.97766 34.9391 -4.8 -21.91115 -34.0515 -7.3 -21.91115 -34.0515 -4.8 -21.91115 34.0515 -7.3 -21.91115 34.0515 -4.8 -21.68094 21.02325 1.8 -21.67283 -36.49888 -4.3 -21.67283 -32.78315 -4.3 -21.67283 32.78315 -4.3 -21.67283 36.49888 -4.3 -21.65248 -35.76765 -7.3 -21.65248 -35.76765 -4.8 -21.65248 35.76765 -7.3 -21.65248 35.76765 -4.8 -21.4661 -33.28067 -7.3 -21.4661 -33.28067 -4.8 -21.4661 33.28067 -7.3 -21.4661 33.28067 -4.8 -21.34729 24.77062 -1.872148 -21.34729 24.77062 1.3 -21.32198 -20.67518 -1.665685 -21.32198 -20.67518 1.3 -21.26187 -16.31481 -2.4 -21.26187 16.31481 -2.4 -21.25349 -22.56744 -4.3 -21.25349 22.56744 -4.3 -21.02087 -24.39186 1.8 -21 -36.37306 -7.3 -21 -36.37306 -4.8 -21 36.37306 -7.3 -21 36.37306 -4.8 -20.86519 -16.01043 -3.3 -20.86519 -16.01043 -2.9 -20.86519 16.01043 -3.3 -20.86519 16.01043 -2.9 -20.81804 -41.08933 -7.3 -20.81804 41.08933 -7.3 -20.77254 -37.01866 -4.3 -20.77254 -32.26337 -4.3 -20.77254 32.26337 -4.3 -20.77254 37.01866 -4.3 -20.73068 -32.77927 -7.3 -20.73068 -32.77927 -4.8 -20.73068 32.77927 -7.3 -20.73068 32.77927 -4.8 -20.70652 -15.88867 -4.3 -20.70652 -15.88867 -3.5 -20.70652 15.88867 -4.3 -20.70652 15.88867 -3.5 -20.41941 -41.62844 -6.8 -20.41941 -41.62844 -4.3 -20.41941 41.62844 -6.8 -20.41941 41.62844 -4.3 -20.34561 -22.31807 1.8 -20.14946 -36.63542 -7.3 -20.14946 -36.63542 -4.8 -20.14946 36.63542 -7.3 -20.14946 36.63542 -4.8 -20.00876 21.94857 -1.665685 -20.00876 21.94857 1.3 -19.85054 -32.64661 -7.3 -19.85054 -32.64661 -4.8 -19.85054 32.64661 -7.3 -19.85054 32.64661 -4.8 -19.84237 -25.99174 -1.872148 -19.84237 -25.99174 1.3 -19.82838 -21.11508 -2.4 -19.82838 21.11508 -2.4 -19.73868 -37.12732 -4.3 -19.73868 -32.15471 -4.3 -19.73868 32.15471 -4.3 -19.73868 37.12732 -4.3 -19.53897 25.59431 1.8 -19.26932 -36.50276 -7.3 -19.26932 -36.50276 -4.8 -19.26932 36.50276 -7.3 -19.26932 36.50276 -4.8 -19.10099 -41.07854 -7.3 -19.10099 41.07854 -7.3 -19 -32.90896 -7.3 -19 -32.90896 -4.8 -19 32.90896 -7.3 -19 32.90896 -4.8 -18.95046 -18.95046 -2.4 -18.95046 18.95046 -2.4 -18.9331 23.52823 1.8 -18.80281 -41.53788 -6.8 -18.80281 -41.53788 -4.3 -18.80281 41.53788 -6.8 -18.80281 41.53788 -4.3 -18.75 -36.80608 -4.3 -18.75 -32.47595 -4.3 -18.75 32.47595 -4.3 -18.75 36.80608 -4.3 -18.61964 -23.13869 -1.665685 -18.61964 -23.13869 1.3 -18.59691 -18.59691 -3.3 -18.59691 -18.59691 -2.9 -18.59691 18.59691 -3.3 -18.59691 18.59691 -2.9 -18.5339 -36.00136 -7.3 -18.5339 -36.00136 -4.8 -18.5339 36.00136 -7.3 -18.5339 36.00136 -4.8 -18.50089 -24.87402 -4.3 -18.50089 24.87402 -4.3 -18.45549 -18.45549 -4.3 -18.45549 -18.45549 -3.5 -18.45549 18.45549 -4.3 -18.45549 18.45549 -3.5 -18.34752 -33.51438 -7.3 -18.34752 -33.51438 -4.8 -18.34752 33.51438 -7.3 -18.34752 33.51438 -4.8 -18.26775 27.12157 -1.872148 -18.26775 27.12157 1.3 -18.08886 -35.23052 -7.3 -18.08886 -35.23052 -4.8 -18.08886 35.23052 -7.3 -18.08886 35.23052 -4.8 -18.02234 -34.34293 -7.3 -18.02234 -34.34293 -4.8 -18.02234 34.34293 -7.3 -18.02234 34.34293 -4.8 -17.98843 -26.70686 1.8 -17.97746 -36.11048 -4.3 -17.97746 -33.17155 -4.3 -17.97746 33.17155 -4.3 -17.97746 36.11048 -4.3 -17.55463 -35.16079 -4.3 -17.55463 -34.12124 -4.3 -17.55463 34.12124 -4.3 -17.55463 35.16079 -4.3 -17.44877 -24.64915 1.8 -17.44667 -40.61851 -7.3 -17.44667 40.61851 -7.3 -17.38589 -0.7006271 -4.3 -17.38589 -0.7006271 -3.5 -17.27313 2.097338 -4.3 -17.27313 2.097338 -3.5 -17.25026 -41.07832 -6.8 -17.25026 -41.07832 -4.3 -17.25026 41.07832 -6.8 -17.25026 41.07832 -4.3 -17.18605 -0.6925741 -3.3 -17.18605 -0.6925741 -2.9 -17.15988 24.24105 -1.665685 -17.15988 24.24105 1.3 -17.07459 2.073231 -3.3 -17.07459 2.073231 -2.9 -17.04836 -3.480447 -4.3 -17.04836 -3.480447 -3.5 -17.0256 -23.43373 -2.4 -17.0256 23.43373 -2.4 -16.8524 -3.440442 -3.3 -16.8524 -3.440442 -2.9 -16.71302 4.840984 -4.3 -16.71302 4.840984 -3.5 -16.64296 -1.379075 -2.4 -16.64296 1.379075 -2.4 -16.62897 -28.15613 -1.872148 -16.62897 -28.15613 1.3 -16.52091 4.78534 -3.3 -16.52091 4.78534 -2.9 -16.3747 27.7256 1.8 -16.31481 -21.26187 -2.4 -16.31481 21.26187 -2.4 -16.26928 -6.170125 -4.3 -16.26928 -6.170125 -3.5 -16.18898 -4.099608 -2.4 -16.18898 4.099608 -2.4 -16.08228 -6.099204 -3.3 -16.08228 -6.099204 -2.9 -16.01043 -20.86519 -3.3 -16.01043 -20.86519 -2.9 -16.01043 20.86519 -3.3 -16.01043 20.86519 -2.9 -15.89825 25.67656 1.8 -15.88867 -20.70652 -4.3 -15.88867 -20.70652 -3.5 -15.88867 20.70652 -4.3 -15.88867 20.70652 -3.5 -15.72004 7.459251 -4.3 -15.72004 7.459251 -3.5 -15.63503 -25.25145 -1.665685 -15.63503 -25.25145 1.3 -15.53935 7.373512 -3.3 -15.53935 7.373512 -2.9 -15.5 -26.84679 -4.3 -15.5 26.84679 -4.3 -15.29341 -6.708314 -2.4 -15.29341 6.708314 -2.4 -15.06884 -8.7 -4.3 -15.06884 -8.7 -3.5 -14.93178 29.09179 -1.872148 -14.93178 29.09179 1.3 -14.89564 -8.600001 -3.3 -14.89564 -8.600001 -2.9 -14.70346 -28.64696 1.8 -14.31992 9.884326 -4.3 -14.31992 9.884326 -3.5 -14.28742 -26.60657 1.8 -14.15532 9.770713 -3.3 -14.15532 9.770713 -2.9 -14.05088 26.16606 -1.665685 -14.05088 26.16606 1.3 -13.98068 -9.134036 -2.4 -13.98068 9.134036 -2.4 -13.95433 -25.38282 -2.4 -13.95433 25.38282 -2.4 -13.47813 -11.00455 -4.3 -13.47813 -11.00455 -3.5 -13.4 -23.20948 -2.4 -13.4 23.20948 -2.4 -13.32321 -10.87806 -3.3 -13.32321 -10.87806 -2.9 -13.18214 -29.92526 -1.872148 -13.18214 -29.92526 1.3 -13.15 -22.77647 -3.3 -13.15 -22.77647 -2.9 -13.15 22.77647 -3.3 -13.15 22.77647 -2.9 -13.05 -22.60326 -4.3 -13.05 -22.60326 -3.5 -13.05 22.60326 -4.3 -13.05 22.60326 -3.5 -12.98057 29.46769 1.8 -12.6224 27.43565 1.8 -12.54892 12.0534 -4.3 -12.54892 12.0534 -3.5 -12.41342 -26.98142 -1.665685 -12.41342 -26.98142 1.3 -12.40468 11.91486 -3.3 -12.40468 11.91486 -2.9 -12.29109 -28.45925 -4.3 -12.29109 28.45925 -4.3 -12.28659 -11.3106 -2.4 -12.28659 11.3106 -2.4 -11.53833 -13.02409 -4.3 -11.53833 -13.02409 -3.5 -11.40571 -12.87438 -3.3 -11.40571 -12.87438 -2.9 -11.38619 30.65362 -1.872148 -11.38619 30.65362 1.3 -11.2199 -0.5690091 -2.4 -11.21209 -30.18491 1.8 -11.10476 1.701187 -2.4 -10.9095 -28.16066 1.8 -10.87568 -2.815909 -2.4 -10.72888 27.69443 -1.665685 -10.72888 27.69443 1.3 -10.66298 -26.93161 -2.4 -10.66298 26.93161 -2.4 -10.535 3.901736 -2.4 -10.45291 13.9103 -4.3 -10.45291 13.9103 -3.5 -10.45 0 -7.3 -10.44248 -1.097549 -1.665685 -10.44248 -1.097549 -0.5 -10.44248 1.097549 -1.665685 -10.44248 1.097549 -0.5 -10.33277 13.75042 -3.3 -10.33277 13.75042 -2.9 -10.25735 -13.17865 -2.4 -10.25735 13.17865 -2.4 -10.25592 -24.75997 -2.4 -10.25592 24.75997 -2.4 -10.23819 -0.9965051 -7.3 -10.23819 0.996505 -7.3 -10.08622 -4.947526 -2.4 -10.06457 -24.29803 -3.3 -10.06457 -24.29803 -2.9 -10.06457 24.29803 -3.3 -10.06457 24.29803 -2.9 -9.988038 -24.11326 -4.3 -9.988038 -24.11326 -3.5 -9.988038 24.11326 -4.3 -9.988038 24.11326 -3.5 -9.986095 -3.244678 -1.665685 -9.986095 -3.244678 -0.5 -9.986095 3.244678 -1.665685 -9.986095 3.244678 -0.5 -9.945219 -1.045285 0 -9.945219 1.045285 0 -9.893337 -0.4666661 -6.8 -9.893337 -0.4666661 -5.3 -9.893337 0.4666659 -6.8 -9.893337 0.4666659 -5.3 -9.63937 -1.820705 -7.3 -9.63937 1.820705 -7.3 -9.600001 0 -5.3 -9.550256 -31.27431 -1.872148 -9.550256 -31.27431 1.3 -9.533936 5.942548 -2.4 -9.510565 -3.09017 0 -9.510565 3.09017 0 -9.459596 -1.293089 -6.8 -9.459596 -1.293089 -5.3 -9.459596 1.293089 -6.8 -9.459596 1.293089 -5.3 -9.404229 30.79611 1.8 -9.385642 -0.8000001 -5.3 -9.385642 0.8 -5.3 -9.299707 -14.70631 -4.3 -9.299707 -14.70631 -3.5 -9.192812 -14.53727 -3.3 -9.192812 -14.53727 -2.9 -9.155212 28.77885 1.8 -9.100001 0 -4.8 -9.100001 0 0 -9.093268 -5.25 -1.665685 -9.093268 -5.25 -0.5 -9.093268 5.25 -1.665685 -9.093268 5.25 -0.5 -9.003635 -28.30238 -1.665685 -9.003635 -28.30238 1.3 -8.917232 -29.68978 -4.3 -8.917232 29.68978 -4.3 -8.88992 -0.6465641 -4.8 -8.88992 -0.6465641 0 -8.88992 0.646564 -4.8 -8.88992 0.646564 0 -8.883824 -6.876591 -2.4 -8.800001 -1.385641 -5.3 -8.800001 1.385641 -5.3 -8.757093 -2.330088 -7.3 -8.757093 2.330088 -7.3 -8.69148 -1.823282 -6.8 -8.69148 -1.823282 -5.3 -8.69148 1.823282 -6.8 -8.69148 1.823282 -5.3 -8.660254 -5 0 -8.660254 5 0 -8.33992 -1.046162 -4.8 -8.33992 -1.046162 0 -8.33992 1.046162 -4.8 -8.33992 1.046162 0 -8.142551 7.740071 -2.4 -8.086183 15.40693 -4.3 -8.086183 15.40693 -3.5 -8 -1.6 -5.3 -8 1.6 -5.3 -7.993239 15.22984 -3.3 -7.993239 15.22984 -2.9 -7.948322 -14.68721 -2.4 -7.948322 14.68721 -2.4 -7.80302 -7.025871 -1.665685 -7.80302 -7.025871 -0.5 -7.80302 7.025871 -1.665685 -7.80302 7.025871 -0.5 -7.764953 -1.935782 -6.8 -7.764953 -1.935782 -5.3 -7.764953 1.935782 -6.8 -7.764953 1.935782 -5.3 -7.743905 -2.436579 -7.3 -7.743905 2.436579 -7.3 -7.680774 31.78515 -1.872148 -7.680774 31.78515 1.3 -7.660081 -1.046162 -4.8 -7.660081 -1.046162 0 -7.660081 1.046162 -4.8 -7.660081 1.046162 0 -7.563331 -31.29914 1.8 -7.431448 -6.691306 0 -7.431448 6.691306 0 -7.366194 -29.28787 1.8 -7.317724 -8.524128 -2.4 -7.244238 28.80297 -1.665685 -7.244238 28.80297 1.3 -7.203473 -28.05568 -2.4 -7.203473 28.05568 -2.4 -7.2 -1.385641 -5.3 -7.2 1.385641 -5.3 -7.110081 -0.6465641 -4.8 -7.110081 -0.6465641 0 -7.110081 0.646564 -4.8 -7.110081 0.646564 0 -6.93635 -25.88681 -2.4 -6.93635 25.88681 -2.4 -6.9 0 -4.8 -6.9 0 0 -6.892274 -1.604819 -6.8 -6.892274 -1.604819 -5.3 -6.892274 1.604819 -6.8 -6.892274 1.604819 -5.3 -6.820219 -16.00764 -4.3 -6.820219 -16.00764 -3.5 -6.806941 -25.40385 -3.3 -6.806941 -25.40385 -2.9 -6.806941 25.40385 -3.3 -6.806941 25.40385 -2.9 -6.775 -2.121762 -7.3 -6.775 2.121762 -7.3 -6.755177 -25.21067 -4.3 -6.755177 -25.21067 -3.5 -6.755177 25.21067 -4.3 -6.755177 25.21067 -3.5 -6.741826 -15.82365 -3.3 -6.741826 -15.82365 -2.9 -6.61436 -0.8000001 -5.3 -6.61436 0.8 -5.3 -6.417807 9.220715 -2.4 -6.4 0 -5.3 -6.273361 -0.9062101 -6.8 -6.273361 -0.9062101 -5.3 -6.273361 0.90621 -6.8 -6.273361 0.90621 -5.3 -6.171745 -8.49468 -1.665685 -6.171745 -8.49468 -0.5 -6.171745 8.49468 -1.665685 -6.171745 8.49468 -0.5 -6.05 0 -6.8 -6.05 0 -5.3 -6.017908 -1.440074 -7.3 -6.017908 1.440074 -7.3 -5.877852 -8.09017 0 -5.877852 8.09017 0 -5.784312 -32.18434 -1.872148 -5.784312 -32.18434 1.3 -5.695867 31.69223 1.8 -5.603538 -0.509384 -7.3 -5.603538 0.5093839 -7.3 -5.549235 29.68579 1.8 -5.510023 16.50453 -4.3 -5.510023 16.50453 -3.5 -5.457361 -29.1943 -1.665685 -5.457361 -29.1943 1.3 -5.452035 -9.822686 -2.4 -5.44669 16.31483 -3.3 -5.44669 16.31483 -2.9 -5.423697 -30.52185 -4.3 -5.423697 30.52185 -4.3 -5.422481 -15.79515 -2.4 -5.422481 15.79515 -2.4 -4.686858 -0.351231 0 -4.582161 1.045848 0 -4.430318 10.32386 -2.4 -4.375107 -1.717103 0 -4.270735 -9.592227 -1.665685 -4.270735 -9.592227 -0.5 -4.270735 9.592227 -1.665685 -4.270735 9.592227 -0.5 -4.185655 -0.3468331 -2 -4.185655 -0.3468331 -0.5 -4.164093 -16.89439 -4.3 -4.164093 -16.89439 -3.5 -4.116229 -16.7002 -3.3 -4.116229 -16.7002 -2.9 -4.071481 1.031039 -2 -4.071481 1.031039 -0.5 -4.07032 2.35 0 -4.067366 -9.135455 0 -4.067366 9.135455 0 -3.867533 32.47048 -1.872148 -3.867533 32.47048 1.3 -3.846248 -1.687121 -2 -3.846248 -1.687121 -0.5 -3.808396 -31.97399 1.8 -3.711226 -29.9711 1.8 -3.674608 -2.930402 0 -3.649782 29.47489 -1.665685 -3.649782 29.47489 1.3 -3.630363 -28.73728 -2.4 -3.630363 28.73728 -2.4 -3.516099 2.297182 -2 -3.516099 2.297182 -0.5 -3.498102 -26.57072 -2.4 -3.498102 26.57072 -2.4 -3.432839 -26.075 -3.3 -3.432839 -26.075 -2.9 -3.432839 26.075 -3.3 -3.432839 26.075 -2.9 -3.406734 -25.87671 -4.3 -3.406734 -25.87671 -3.5 -3.406734 25.87671 -4.3 -3.406734 25.87671 -3.5 -3.36314 -10.7191 -2.4 -3.196812 3.445344 0 -3.09004 -2.844582 -2 -3.09004 -2.844582 -0.5 -2.791156 17.17467 -4.3 -2.791156 17.17467 -3.5 -2.759074 16.97727 -3.3 -2.759074 16.97727 -2.9 -2.74873 -16.47224 -2.4 -2.74873 16.47224 -2.4 -2.647604 -3.883322 0 -2.579693 3.31439 -2 -2.579693 3.31439 -0.5 -2.45 -8 -7.3 -2.45 8 -7.3 -2.261451 11.00435 -2.4 -2.238186 -8.996505 -7.3 -2.238186 -7.003495 -7.3 -2.238186 7.003495 -7.3 -2.238186 8.996505 -7.3 -2.183073 -10.27055 -1.665685 -2.183073 -10.27055 -0.5 -2.183073 10.27055 -1.665685 -2.183073 10.27055 -0.5 -2.079117 -9.781476 0 -2.079117 9.781476 0 -2.039254 4.234554 0 -1.998979 -3.69379 -2 -1.998979 -3.69379 -0.5 -1.937169 -32.64257 -1.872148 -1.937169 -32.64257 1.3 -1.907548 32.14345 1.8 -1.893336 -8.466667 -6.8 -1.893336 -8.466667 -5.3 -1.893336 -7.533334 -6.8 -1.893336 -7.533334 -5.3 -1.893336 7.533334 -6.8 -1.893336 7.533334 -5.3 -1.893336 8.466667 -6.8 -1.893336 8.466667 -5.3 -1.859139 30.14272 1.8 -1.857373 -30.94431 -4.3 -1.857373 30.94431 -4.3 -1.828359 -29.64367 -1.665685 -1.828359 -29.64367 1.3 -1.63937 -9.820706 -7.3 -1.63937 -6.179295 -7.3 -1.63937 6.179295 -7.3 -1.63937 9.820706 -7.3 -1.6 -8 -5.3 -1.6 8 -5.3 -1.459596 -9.293089 -6.8 -1.459596 -9.293089 -5.3 -1.459596 -6.706911 -6.8 -1.459596 -6.706911 -5.3 -1.459596 6.706911 -6.8 -1.459596 6.706911 -5.3 -1.459596 9.293089 -6.8 -1.459596 9.293089 -5.3 -1.400118 -17.34358 -4.3 -1.400118 -17.34358 -3.5 -1.385641 -8.800001 -5.3 -1.385641 -7.2 -5.3 -1.385641 7.2 -5.3 -1.385641 8.800001 -5.3 -1.385349 -4.491192 0 -1.384025 -17.14423 -3.3 -1.384025 -17.14423 -2.9 -1.363738 3.972432 -2 -1.363738 3.972432 -0.5 -1.136557 -11.17667 -2.4 -1.1 -8 -4.8 -1.1 -8 0 -1.1 8 -4.8 -1.1 8 0 -0.8899189 -8.646564 -4.8 -0.8899189 -8.646564 0 -0.8899189 -7.353436 -4.8 -0.8899189 -7.353436 0 -0.8899189 7.353436 -4.8 -0.8899189 7.353436 0 -0.8899189 8.646564 -4.8 -0.8899189 8.646564 0 -0.8 -9.385642 -5.3 -0.8 -6.61436 -5.3 -0.8 6.61436 -5.3 -0.8 9.385642 -5.3 -0.7570919 -10.33009 -7.3 -0.7570919 -5.669912 -7.3 -0.7570919 5.669912 -7.3 -0.7570919 10.33009 -7.3 -0.7004989 4.647505 0 -0.6914799 -9.823283 -6.8 -0.6914799 -9.823283 -5.3 -0.6914799 -6.176718 -6.8 -0.6914799 -6.176718 -5.3 -0.6912969 -4.142717 -2 -0.6912969 -4.142717 -0.5 -0.6914799 6.176718 -6.8 -0.6914799 6.176718 -5.3 -0.6914799 9.823283 -6.8 -0.6914799 9.823283 -5.3 -0.3399189 -9.046162 -4.8 -0.3399189 -9.046162 0 -0.3399189 -6.953838 -4.8 -0.3399189 -6.953838 0 -0.3399189 6.953838 -4.8 -0.3399189 6.953838 0 -0.3399189 9.046162 -4.8 -0.3399189 9.046162 0 0 -32.2 1.8 0 -30.2 1.8 0 -28.96569 -2.4 0 -26.8 -2.4 0 -26.3 -3.3 0 -26.3 -2.9 0 -26.1 -4.3 0 -26.1 -3.5 0 -16.7 -2.4 0 -10.5 -1.665685 0 -10.5 -0.5 0 -10 0 0 -9.600001 -5.3 0 -6.4 -5.3 0 -4.7 0 0 4.2 -2 0 4.2 -0.5 0 6.4 -5.3 0 9.600001 -5.3 0 10 0 0 10.5 -1.665685 0 10.5 -0.5 0 11.23431 -2.4 0 16.7 -2.4 0 17.2 -3.3 0 17.2 -2.9 0 17.4 -4.3 0 17.4 -3.5 0 26.1 -4.3 0 26.1 -3.5 0 26.3 -3.3 0 26.3 -2.9 0 26.8 -2.4 0 28.96569 -2.4 0 29.7 -1.665685 0 29.7 1.3 0 32.7 -1.872148 0 32.7 1.3 0.235047 -9.935784 -6.8 0.235047 -9.935784 -5.3 0.235047 -6.064218 -6.8 0.235047 -6.064218 -5.3 0.235047 6.064218 -6.8 0.235047 6.064218 -5.3 0.235047 9.935784 -6.8 0.235047 9.935784 -5.3 0.2560951 -10.43658 -7.3 0.2560951 -5.563421 -7.3 0.2560951 5.563421 -7.3 0.2560951 10.43658 -7.3 0.339919 -9.046162 -4.8 0.339919 -9.046162 0 0.339919 -6.953838 -4.8 0.339919 -6.953838 0 0.339919 6.953838 -4.8 0.339919 6.953838 0 0.339919 9.046162 -4.8 0.339919 9.046162 0 0.6912971 -4.142717 -2 0.6912971 -4.142717 -0.5 0.7004991 4.647505 0 0.8000001 -9.385642 -5.3 0.8000001 -6.61436 -5.3 0.8000001 6.61436 -5.3 0.8000001 9.385642 -5.3 0.8899191 -8.646564 -4.8 0.8899191 -8.646564 0 0.8899191 -7.353436 -4.8 0.8899191 -7.353436 0 0.8899191 7.353436 -4.8 0.8899191 7.353436 0 0.8899191 8.646564 -4.8 0.8899191 8.646564 0 1.1 -8 -4.8 1.1 -8 0 1.1 8 -4.8 1.1 8 0 1.107726 -9.60482 -6.8 1.107726 -9.60482 -5.3 1.107726 -6.395181 -6.8 1.107726 -6.395181 -5.3 1.107726 6.395181 -6.8 1.107726 6.395181 -5.3 1.107726 9.60482 -6.8 1.107726 9.60482 -5.3 1.136557 -11.17667 -2.4 1.225 -10.12176 -7.3 1.225 -5.878237 -7.3 1.225 5.878237 -7.3 1.225 10.12176 -7.3 1.363738 3.972432 -2 1.363738 3.972432 -0.5 1.384025 -17.14423 -3.3 1.384025 -17.14423 -2.9 1.385349 -4.491192 0 1.385641 -8.800001 -5.3 1.385641 -7.2 -5.3 1.385641 7.2 -5.3 1.385641 8.800001 -5.3 1.400118 -17.34358 -4.3 1.400118 -17.34358 -3.5 1.6 -8 -5.3 1.6 8 -5.3 1.726639 -8.90621 -6.8 1.726639 -8.90621 -5.3 1.726639 -7.09379 -6.8 1.726639 -7.09379 -5.3 1.726639 7.09379 -6.8 1.726639 7.09379 -5.3 1.726639 8.90621 -6.8 1.726639 8.90621 -5.3 1.733878 -30.95147 -4.3 1.733878 30.95147 -4.3 1.828359 -29.64367 -1.665685 1.828359 -29.64367 1.3 1.859139 30.14272 1.8 1.907548 32.14345 1.8 1.937169 -32.64257 -1.872148 1.937169 -32.64257 1.3 1.95 -8 -6.8 1.95 -8 -5.3 1.95 8 -6.8 1.95 8 -5.3 1.982092 -9.440074 -7.3 1.982092 -6.559926 -7.3 1.982092 6.559926 -7.3 1.982092 9.440074 -7.3 1.998979 -3.69379 -2 1.998979 -3.69379 -0.5 2.039254 4.234554 0 2.079117 -9.781476 0 2.079117 9.781476 0 2.183073 -10.27055 -1.665685 2.183073 -10.27055 -0.5 2.183073 10.27055 -1.665685 2.183073 10.27055 -0.5 2.261451 11.00435 -2.4 2.396462 -8.509385 -7.3 2.396462 -7.490616 -7.3 2.396462 7.490616 -7.3 2.396462 8.509385 -7.3 2.579693 3.31439 -2 2.579693 3.31439 -0.5 2.647604 -3.883322 0 2.74873 -16.47224 -2.4 2.74873 16.47224 -2.4 2.759074 16.97727 -3.3 2.759074 16.97727 -2.9 2.791156 17.17467 -4.3 2.791156 17.17467 -3.5 3.09004 -2.844582 -2 3.09004 -2.844582 -0.5 3.196812 3.445344 0 3.36314 -10.7191 -2.4 3.406734 -25.87671 -4.3 3.406734 -25.87671 -3.5 3.406734 25.87671 -4.3 3.406734 25.87671 -3.5 3.432839 -26.075 -3.3 3.432839 -26.075 -2.9 3.432839 26.075 -3.3 3.432839 26.075 -2.9 3.498102 -26.57072 -2.4 3.498102 26.57072 -2.4 3.516099 2.297182 -2 3.516099 2.297182 -0.5 3.630363 -28.73728 -2.4 3.630363 28.73728 -2.4 3.649782 29.47489 -1.665685 3.649782 29.47489 1.3 3.674608 -2.930402 0 3.711226 -29.9711 1.8 3.808396 -31.97399 1.8 3.846248 -1.687121 -2 3.846248 -1.687121 -0.5 3.867533 32.47048 -1.872148 3.867533 32.47048 1.3 4.067366 -9.135455 0 4.067366 9.135455 0 4.07032 2.35 0 4.071481 1.031039 -2 4.071481 1.031039 -0.5 4.116229 -16.7002 -3.3 4.116229 -16.7002 -2.9 4.164093 -16.89439 -4.3 4.164093 -16.89439 -3.5 4.185655 -0.3468331 -2 4.185655 -0.3468331 -0.5 4.270735 -9.592227 -1.665685 4.270735 -9.592227 -0.5 4.270735 9.592227 -1.665685 4.270735 9.592227 -0.5 4.375107 -1.717103 0 4.430318 10.32386 -2.4 4.582161 1.045848 0 4.686858 -0.351231 0 5.301859 -30.54325 -4.3 5.301859 30.54325 -4.3 5.422481 -15.79515 -2.4 5.422481 15.79515 -2.4 5.44669 16.31483 -3.3 5.44669 16.31483 -2.9 5.452035 -9.822686 -2.4 5.457361 -29.1943 -1.665685 5.457361 -29.1943 1.3 5.510023 16.50453 -4.3 5.510023 16.50453 -3.5 5.549235 29.68579 1.8 5.55 0 -7.3 5.695867 31.69223 1.8 5.761814 -0.9965051 -7.3 5.761814 0.996505 -7.3 5.784312 -32.18434 -1.872148 5.784312 -32.18434 1.3 5.877852 -8.09017 0 5.877852 8.09017 0 6.106663 -0.4666661 -6.8 6.106663 -0.4666661 -5.3 6.106663 0.4666659 -6.8 6.106663 0.4666659 -5.3 6.171745 -8.49468 -1.665685 6.171745 -8.49468 -0.5 6.171745 8.49468 -1.665685 6.171745 8.49468 -0.5 6.36063 -1.820705 -7.3 6.36063 1.820705 -7.3 6.4 0 -5.3 6.417807 9.220715 -2.4 6.540404 -1.293089 -6.8 6.540404 -1.293089 -5.3 6.540404 1.293089 -6.8 6.540404 1.293089 -5.3 6.61436 -0.8000001 -5.3 6.61436 0.8 -5.3 6.741826 -15.82365 -3.3 6.741826 -15.82365 -2.9 6.755177 -25.21067 -4.3 6.755177 -25.21067 -3.5 6.755177 25.21067 -4.3 6.755177 25.21067 -3.5 6.806941 -25.40385 -3.3 6.806941 -25.40385 -2.9 6.806941 25.40385 -3.3 6.806941 25.40385 -2.9 6.820219 -16.00764 -4.3 6.820219 -16.00764 -3.5 6.9 0 -4.8 6.9 0 0 6.93635 -25.88681 -2.4 6.93635 25.88681 -2.4 7.110081 -0.6465641 -4.8 7.110081 -0.6465641 0 7.110081 0.646564 -4.8 7.110081 0.646564 0 7.2 -1.385641 -5.3 7.2 1.385641 -5.3 7.203473 -28.05568 -2.4 7.203473 28.05568 -2.4 7.242908 -2.330088 -7.3 7.242908 2.330088 -7.3 7.244238 28.80297 -1.665685 7.244238 28.80297 1.3 7.308521 -1.823282 -6.8 7.308521 -1.823282 -5.3 7.308521 1.823282 -6.8 7.308521 1.823282 -5.3 7.317724 -8.524128 -2.4 7.366194 -29.28787 1.8 7.431448 -6.691306 0 7.431448 6.691306 0 7.563331 -31.29914 1.8 7.660081 -1.046162 -4.8 7.660081 -1.046162 0 7.660081 1.046162 -4.8 7.660081 1.046162 0 7.680774 31.78515 -1.872148 7.680774 31.78515 1.3 7.80302 -7.025871 -1.665685 7.80302 -7.025871 -0.5 7.80302 7.025871 -1.665685 7.80302 7.025871 -0.5 7.948322 -14.68721 -2.4 7.948322 14.68721 -2.4 7.993239 15.22984 -3.3 7.993239 15.22984 -2.9 8 -1.6 -5.3 8 1.6 -5.3 8.086183 15.40693 -4.3 8.086183 15.40693 -3.5 8.142551 7.740071 -2.4 8.235047 -1.935782 -6.8 8.235047 -1.935782 -5.3 8.235047 1.935782 -6.8 8.235047 1.935782 -5.3 8.256094 -2.436579 -7.3 8.256094 2.436579 -7.3 8.33992 -1.046162 -4.8 8.33992 -1.046162 0 8.33992 1.046162 -4.8 8.33992 1.046162 0 8.660254 -5 0 8.660254 5 0 8.798686 -29.72513 -4.3 8.798686 29.72513 -4.3 8.800001 -1.385641 -5.3 8.800001 1.385641 -5.3 8.883824 -6.876591 -2.4 8.88992 -0.6465641 -4.8 8.88992 -0.6465641 0 8.88992 0.646564 -4.8 8.88992 0.646564 0 9.003635 -28.30238 -1.665685 9.003635 -28.30238 1.3 9.093268 -5.25 -1.665685 9.093268 -5.25 -0.5 9.093268 5.25 -1.665685 9.093268 5.25 -0.5 9.100001 0 -4.8 9.100001 0 0 9.107727 -1.604819 -6.8 9.107727 -1.604819 -5.3 9.107727 1.604819 -6.8 9.107727 1.604819 -5.3 9.155212 28.77885 1.8 9.192812 -14.53727 -3.3 9.192812 -14.53727 -2.9 9.225001 -2.121762 -7.3 9.225001 2.121762 -7.3 9.299707 -14.70631 -4.3 9.299707 -14.70631 -3.5 9.385642 -0.8000001 -5.3 9.385642 0.8 -5.3 9.404229 30.79611 1.8 9.510565 -3.09017 0 9.510565 3.09017 0 9.533936 5.942548 -2.4 9.550256 -31.27431 -1.872148 9.550256 -31.27431 1.3 9.600001 0 -5.3 9.726639 -0.9062101 -6.8 9.726639 -0.9062101 -5.3 9.726639 0.90621 -6.8 9.726639 0.90621 -5.3 9.945219 -1.045285 0 9.945219 1.045285 0 9.95 0 -6.8 9.95 0 -5.3 9.982092 -1.440074 -7.3 9.982092 1.440074 -7.3 9.986095 -3.244678 -1.665685 9.986095 -3.244678 -0.5 9.986095 3.244678 -1.665685 9.986095 3.244678 -0.5 9.988038 -24.11326 -4.3 9.988038 -24.11326 -3.5 9.988038 24.11326 -4.3 9.988038 24.11326 -3.5 10.06457 -24.29803 -3.3 10.06457 -24.29803 -2.9 10.06457 24.29803 -3.3 10.06457 24.29803 -2.9 10.08622 -4.947526 -2.4 10.25592 -24.75997 -2.4 10.25592 24.75997 -2.4 10.25735 -13.17865 -2.4 10.25735 13.17865 -2.4 10.33277 13.75042 -3.3 10.33277 13.75042 -2.9 10.39646 -0.509384 -7.3 10.39646 0.5093839 -7.3 10.44248 -1.097549 -1.665685 10.44248 -1.097549 -0.5 10.44248 1.097549 -1.665685 10.44248 1.097549 -0.5 10.45291 13.9103 -4.3 10.45291 13.9103 -3.5 10.535 3.901736 -2.4 10.66298 -26.93161 -2.4 10.66298 26.93161 -2.4 10.72888 27.69443 -1.665685 10.72888 27.69443 1.3 10.87568 -2.815909 -2.4 10.9095 -28.16066 1.8 11.10476 1.701187 -2.4 11.21209 -30.18491 1.8 11.2199 -0.5690091 -2.4 11.38619 30.65362 -1.872148 11.38619 30.65362 1.3 11.40571 -12.87438 -3.3 11.40571 -12.87438 -2.9 11.53833 -13.02409 -4.3 11.53833 -13.02409 -3.5 11.98102 -28.04827 -7.3 11.98102 28.04827 -7.3 12.17743 -28.50807 -6.8 12.17743 -28.50807 -4.3 12.17743 28.50807 -6.8 12.17743 28.50807 -4.3 12.28659 -11.3106 -2.4 12.28659 11.3106 -2.4 12.40468 11.91486 -3.3 12.40468 11.91486 -2.9 12.41342 -26.98142 -1.665685 12.41342 -26.98142 1.3 12.54892 12.0534 -4.3 12.54892 12.0534 -3.5 12.6224 27.43565 1.8 12.98057 29.46769 1.8 13.05 -22.60326 -4.3 13.05 -22.60326 -3.5 13.05 22.60326 -4.3 13.05 22.60326 -3.5 13.15 -22.77647 -3.3 13.15 -22.77647 -2.9 13.15 22.77647 -3.3 13.15 22.77647 -2.9 13.18214 -29.92526 -1.872148 13.18214 -29.92526 1.3 13.32321 -10.87806 -3.3 13.32321 -10.87806 -2.9 13.4 -23.20948 -2.4 13.4 23.20948 -2.4 13.47813 -11.00455 -4.3 13.47813 -11.00455 -3.5 13.95433 -25.38282 -2.4 13.95433 25.38282 -2.4 13.98068 -9.134036 -2.4 13.98068 9.134036 -2.4 14.05088 26.16606 -1.665685 14.05088 26.16606 1.3 14.15532 9.770713 -3.3 14.15532 9.770713 -2.9 14.18241 -27.00202 -7.3 14.18241 27.00202 -7.3 14.28742 -26.60657 1.8 14.31992 9.884326 -4.3 14.31992 9.884326 -3.5 14.41491 -27.44468 -6.8 14.41491 -27.44468 -4.3 14.41491 27.44468 -6.8 14.41491 27.44468 -4.3 14.70346 -28.64696 1.8 14.89564 -8.600001 -3.3 14.89564 -8.600001 -2.9 14.93178 29.09179 -1.872148 14.93178 29.09179 1.3 15.06884 -8.7 -4.3 15.06884 -8.7 -3.5 15.29341 -6.708314 -2.4 15.29341 6.708314 -2.4 15.53935 7.373512 -3.3 15.53935 7.373512 -2.9 15.63503 -25.25145 -1.665685 15.63503 -25.25145 1.3 15.72004 7.459251 -4.3 15.72004 7.459251 -3.5 15.88867 -20.70652 -4.3 15.88867 -20.70652 -3.5 15.88867 20.70652 -4.3 15.88867 20.70652 -3.5 15.89825 25.67656 1.8 16.01043 -20.86519 -3.3 16.01043 -20.86519 -2.9 16.01043 20.86519 -3.3 16.01043 20.86519 -2.9 16.08228 -6.099204 -3.3 16.08228 -6.099204 -2.9 16.18898 -4.099608 -2.4 16.18898 4.099608 -2.4 16.26928 -6.170125 -4.3 16.26928 -6.170125 -3.5 16.29323 -25.78334 -7.3 16.29323 25.78334 -7.3 16.31481 -21.26187 -2.4 16.31481 21.26187 -2.4 16.3747 27.7256 1.8 16.52091 4.78534 -3.3 16.52091 4.78534 -2.9 16.56033 -26.20602 -6.8 16.56033 -26.20602 -4.3 16.56033 26.20602 -6.8 16.56033 26.20602 -4.3 16.62897 -28.15613 -1.872148 16.62897 -28.15613 1.3 16.64296 -1.379075 -2.4 16.64296 1.379075 -2.4 16.71302 4.840984 -4.3 16.71302 4.840984 -3.5 16.8524 -3.440442 -3.3 16.8524 -3.440442 -2.9 17.0256 -23.43373 -2.4 17.0256 23.43373 -2.4 17.04836 -3.480447 -4.3 17.04836 -3.480447 -3.5 17.07459 2.073231 -3.3 17.07459 2.073231 -2.9 17.15988 24.24105 -1.665685 17.15988 24.24105 1.3 17.18605 -0.6925741 -3.3 17.18605 -0.6925741 -2.9 17.27313 2.097338 -4.3 17.27313 2.097338 -3.5 17.38589 -0.7006271 -4.3 17.38589 -0.7006271 -3.5 17.44877 -24.64915 1.8 17.98843 -26.70686 1.8 18.26775 27.12157 -1.872148 18.26775 27.12157 1.3 18.3 -24.4 -7.3 18.3 24.4 -7.3 18.45549 -18.45549 -4.3 18.45549 -18.45549 -3.5 18.45549 18.45549 -4.3 18.45549 18.45549 -3.5 18.59691 -18.59691 -3.3 18.59691 -18.59691 -2.9 18.59691 18.59691 -3.3 18.59691 18.59691 -2.9 18.6 -24.8 -6.8 18.6 -24.8 -4.3 18.6 24.8 -6.8 18.6 24.8 -4.3 18.61964 -23.13869 -1.665685 18.61964 -23.13869 1.3 18.9331 23.52823 1.8 18.95046 -18.95046 -2.4 18.95046 18.95046 -2.4 19.53897 25.59431 1.8 19.82838 -21.11508 -2.4 19.82838 21.11508 -2.4 19.84237 -25.99174 -1.872148 19.84237 -25.99174 1.3 20.00876 21.94857 -1.665685 20.00876 21.94857 1.3 20.34561 -22.31807 1.8 20.70652 -15.88867 -4.3 20.70652 -15.88867 -3.5 20.70652 15.88867 -4.3 20.70652 15.88867 -3.5 20.86519 -16.01043 -3.3 20.86519 -16.01043 -2.9 20.86519 16.01043 -3.3 20.86519 16.01043 -2.9 21.02087 -24.39186 1.8 21.26187 -16.31481 -2.4 21.26187 16.31481 -2.4 21.32198 -20.67518 -1.665685 21.32198 -20.67518 1.3 21.34337 -22.48245 -4.3 21.34337 22.48245 -4.3 21.34729 24.77062 -1.872148 21.34729 24.77062 1.3 21.68094 21.02325 1.8 22.31844 -18.46342 -2.4 22.31844 18.46342 -2.4 22.42894 23.10373 1.8 22.55433 19.32336 -1.665685 22.55433 19.32336 1.3 22.60326 -13.05 -4.3 22.60326 -13.05 -3.5 22.60326 13.05 -4.3 22.60326 13.05 -3.5 22.77647 -13.15 -3.3 22.77647 -13.15 -2.9 22.77647 13.15 -3.3 22.77647 13.15 -2.9 22.77722 -23.46249 -1.872148 22.77722 -23.46249 1.3 22.93403 -19.64867 1.8 23.20948 -13.4 -2.4 23.20948 13.4 -2.4 23.70111 -17.89825 -1.665685 23.70111 -17.89825 1.3 23.75823 -21.73445 1.8 23.80031 -19.86317 -4.3 23.80031 19.86317 -4.3 24.10012 18.19957 1.8 24.11326 -9.988038 -4.3 24.11326 -9.988038 -3.5 24.11326 9.988038 -4.3 24.11326 9.988038 -3.5 24.12715 22.07194 -1.872148 24.12715 22.07194 1.3 24.29803 -10.06457 -3.3 24.29803 -10.06457 -2.9 24.29803 10.06457 -3.3 24.29803 10.06457 -2.9 24.45654 -15.52059 -2.4 24.45654 15.52059 -2.4 24.75799 16.40524 -1.665685 24.75799 16.40524 1.3 24.75997 -10.25592 -2.4 24.75997 10.25592 -2.4 25.00407 20.28883 1.8 25.17479 -16.68142 1.8 25.21067 -6.755177 -4.3 25.21067 -6.755177 -3.5 25.21067 6.755177 -4.3 25.21067 6.755177 -3.5 25.39233 -20.60387 -1.872148 25.39233 -20.60387 1.3 25.40385 -6.806941 -3.3 25.40385 -6.806941 -2.9 25.40385 6.806941 -3.3 25.40385 6.806941 -2.9 25.72096 -14.85 -1.665685 25.72096 -14.85 1.3 25.87671 -3.406734 -4.3 25.87671 -3.406734 -3.5 25.87671 3.406734 -4.3 25.87671 3.406734 -3.5 25.88681 -6.93635 -2.4 25.88681 6.93635 -2.4 25.93782 -16.97732 -4.3 25.93782 16.97732 -4.3 26.075 -3.432839 -3.3 26.075 -3.432839 -2.9 26.075 3.432839 -3.3 26.075 3.432839 -2.9 26.1 0 -4.3 26.1 0 -3.5 26.15397 15.1 1.8 26.16208 -18.77194 1.8 26.20894 -12.33299 -2.4 26.20894 12.33299 -2.4 26.3 0 -3.3 26.3 0 -2.9 26.56832 19.06343 -1.872148 26.56832 19.06343 1.3 26.57072 -3.498102 -2.4 26.57072 3.498102 -2.4 26.58635 13.23843 -1.665685 26.58635 13.23843 1.3 26.8 0 -2.4 27.03393 -13.4613 1.8 27.22819 17.18911 1.8 27.35089 -11.57664 -1.665685 27.35089 -11.57664 1.3 27.548 -8.950889 -2.4 27.548 8.950889 -2.4 27.65099 -17.45602 -1.872148 27.65099 -17.45602 1.3 27.72724 -13.86362 -4.3 27.72724 13.86362 -4.3 27.81135 11.77153 1.8 28.01169 9.870938 -1.665685 28.01169 9.870938 1.3 28.19866 -15.54591 1.8 28.45262 -5.427628 -2.4 28.45262 5.427628 -2.4 28.48327 -10.03711 1.8 28.56622 -8.127792 -1.665685 28.56622 -8.127792 1.3 28.63653 15.7873 -1.872148 28.63653 15.7873 1.3 28.90853 -1.81877 -2.4 28.90853 1.81877 -2.4 29.01239 6.353813 -1.665685 29.01239 6.353813 1.3 29.04714 8.264622 1.8 29.07009 13.8481 1.8 29.14455 -10.56387 -4.3 29.14455 10.56387 -4.3 29.34852 -4.555732 -1.665685 29.34852 -4.555732 1.3 29.50082 -6.460779 1.8 29.52149 -14.06313 -1.872148 29.52149 -14.06313 1.3 29.57331 2.74037 -1.665685 29.57331 2.74037 1.3 29.68592 -0.9146131 -1.665685 29.68592 -0.9146131 1.3 29.83941 -12.10165 1.8 29.8426 4.632428 1.8 30.07117 -2.786504 1.8 30.17072 -7.122341 -4.3 30.17072 7.122341 -4.3 30.18568 0.9300109 1.8 30.30275 12.28956 -1.872148 30.30275 12.28956 1.3 30.50391 10.31269 1.8 30.79198 -3.585228 -4.3 30.79198 3.585228 -4.3 30.97757 -10.47282 -1.872148 30.97757 -10.47282 1.3 31 0 -4.3 31.06127 -8.487507 1.8 31.50952 6.632512 1.8 31.54359 8.6193 -1.872148 31.54359 8.6193 1.3 31.84709 -4.754219 1.8 31.9988 -6.735501 -1.872148 31.9988 -6.735501 1.3 32.0728 2.859228 1.8 32.18586 -0.9541931 1.8 32.34161 4.828043 -1.872148 32.34161 4.828043 1.3 32.57083 -2.903626 -1.872148 32.57083 -2.903626 1.3 32.68564 0.9690099 -1.872148 32.68564 0.9690099 1.3 37.5 0 -4.3 37.71614 -1.016842 -4.3 37.71614 1.016842 -4.3 38 0 -7.3 38 0 -4.8 38.19806 -0.867767 -7.3 38.19806 -0.867767 -4.8 38.19806 0.8677669 -7.3 38.19806 0.8677669 -4.8 38.32717 -1.857862 -4.3 38.32717 1.857862 -4.3 38.75302 -1.563663 -7.3 38.75302 -1.563663 -4.8 38.75302 1.563663 -7.3 38.75302 1.563663 -4.8 39.22745 -2.377641 -4.3 39.22745 2.377641 -4.3 39.55496 -1.949856 -7.3 39.55496 -1.949856 -4.8 39.55496 1.949856 -7.3 39.55496 1.949856 -4.8 40.26132 -2.486305 -4.3 40.26132 2.486305 -4.3 40.44504 -1.949856 -7.3 40.44504 -1.949856 -4.8 40.44504 1.949856 -7.3 40.44504 1.949856 -4.8 41.24698 -1.563663 -7.3 41.24698 -1.563663 -4.8 41.24698 1.563663 -7.3 41.24698 1.563663 -4.8 41.25 -2.165063 -4.3 41.25 2.165063 -4.3 41.80194 -0.867767 -7.3 41.80194 -0.867767 -4.8 41.80194 0.8677669 -7.3 41.80194 0.8677669 -4.8 42 0 -7.3 42 0 -4.8 42.02254 -1.469463 -4.3 42.02254 1.469463 -4.3 42.44537 -0.5197791 -4.3 42.44537 0.519779 -4.3 43.9 -5.2 -7.3 43.9 5.2 -7.3 44.2 -5.6 -6.8 44.2 -5.6 -4.3 44.2 5.6 -6.8 44.2 5.6 -4.3 45.12556 -3.997335 -7.3 45.12556 3.997335 -7.3 45.37426 -4.485232 -6.8 45.37426 -4.485232 -4.3 45.37426 4.485232 -6.8 45.37426 4.485232 -4.3 45.99343 -2.515718 -7.3 45.99343 2.515718 -7.3 46.26099 -3.130495 -6.8 46.26099 -3.130495 -4.3 46.26099 3.130495 -6.8 46.26099 3.130495 -4.3 46.44305 -0.8585441 -7.3 46.44305 0.8585439 -7.3 46.81274 -1.60827 -6.8 46.81274 -1.60827 -4.3 46.81274 1.60827 -6.8 46.81274 1.60827 -4.3 47 0 -6.8 47 0 -4.3</float_array>
          <technique_common>
            <accessor source="#S7_BOTTOM_BEARING_CASING-mesh-positions-array" count="1556" stride="3">
              <param name="X" type="float"/>
              <param name="Y" type="float"/>
              <param name="Z" type="float"/>
            </accessor>
          </technique_common>
        </source>
        <source id="S7_BOTTOM_BEARING_CASING-mesh-normals">
          <float_array id="S7_BOTTOM_BEARING_CASING-mesh-normals-array" count="8529">0.09229612 -0.7010571 0.7071071 1.20494e-6 -0.7071011 0.7071126 8.32529e-7 -0.7071015 0.7071121 -0.09229493 -0.7010579 0.7071064 -0.09229522 -0.7010583 0.707106 -0.1830128 -0.6830149 0.7071046 -0.1830132 -0.6830148 0.7071047 -0.2705985 -0.6532839 0.7071045 -0.2705989 -0.6532833 0.7071049 -0.3535499 -0.6123685 0.707112 -0.3535505 -0.6123681 0.707112 -0.4304589 -0.5609861 0.7071067 -0.4304592 -0.5609858 0.7071067 -0.4999971 -0.4999992 0.7071095 -0.4999973 -0.4999988 0.7071096 -0.5609844 -0.4304587 0.7071081 -0.5609844 -0.4304584 0.7071082 -0.6123717 -0.3535537 0.7071074 -0.6123717 -0.3535537 0.7071073 -0.6532824 -0.2705991 0.7071056 -0.6532825 -0.2705989 0.7071056 -0.683012 -0.1830131 0.7071074 -0.683012 -0.1830127 0.7071074 -0.7010549 -0.09229624 0.7071092 -0.7010549 -0.09229582 0.7071093 -0.7071015 -7.47292e-7 0.7071121 -0.7071015 -4.39236e-7 0.707112 -0.7010561 0.09229451 0.7071084 -0.7010561 0.09229481 0.7071082 -0.6830106 0.1830118 0.7071091 -0.6830106 0.1830123 0.7071089 -0.6532838 0.2705979 0.7071048 -0.6532837 0.2705985 0.7071047 -0.6123721 0.3535526 0.7071076 -0.6123716 0.3535532 0.7071076 -0.5609862 0.430459 0.7071065 -0.5609858 0.4304592 0.7071067 -0.5000008 0.5000004 0.7071059 -0.5000003 0.5000003 0.7071064 -0.4304566 0.5609807 0.7071123 -0.4304563 0.5609808 0.7071125 -0.3535548 0.6123737 0.7071051 -0.3535547 0.6123737 0.7071052 -0.2705978 0.65328 0.7071084 -0.2705976 0.6532801 0.7071082 -0.1830143 0.6830143 0.7071049 -0.1830141 0.6830148 0.7071045 -0.09229648 0.7010569 0.7071073 -0.09229612 0.7010571 0.7071071 -1.20494e-6 0.7071011 0.7071126 -8.32529e-7 0.7071015 0.7071121 0.09229493 0.7010579 0.7071064 0.09229522 0.7010583 0.707106 0.1830128 0.6830149 0.7071046 0.1830132 0.6830148 0.7071047 0.2705985 0.6532839 0.7071045 0.2705989 0.6532833 0.7071049 0.3535499 0.6123685 0.707112 0.3535505 0.6123681 0.707112 0.4304589 0.5609861 0.7071067 0.4304592 0.5609858 0.7071067 0.4999971 0.4999992 0.7071095 0.4999973 0.4999988 0.7071096 0.5609844 0.4304587 0.7071081 0.5609844 0.4304584 0.7071082 0.6123717 0.3535537 0.7071074 0.6123717 0.3535537 0.7071073 0.6532824 0.2705991 0.7071056 0.6532825 0.2705989 0.7071056 0.683012 0.1830131 0.7071074 0.683012 0.1830127 0.7071074 0.7010549 0.09229624 0.7071092 0.7010549 0.09229582 0.7071093 0.7071015 7.47292e-7 0.7071121 0.7071015 4.39236e-7 0.707112 0.7010561 -0.09229451 0.7071084 0.7010561 -0.09229481 0.7071082 0.6830106 -0.1830118 0.7071091 0.6830106 -0.1830123 0.7071089 0.6532838 -0.2705979 0.7071048 0.6532837 -0.2705985 0.7071047 0.6123721 -0.3535526 0.7071076 0.6123716 -0.3535532 0.7071076 0.5609862 -0.430459 0.7071065 0.5609858 -0.4304592 0.7071067 0.5000008 -0.5000004 0.7071059 0.5000003 -0.5000003 0.7071064 0.4304566 -0.5609807 0.7071123 0.4304563 -0.5609808 0.7071125 0.3535548 -0.6123737 0.7071051 0.3535547 -0.6123737 0.7071052 0.2705978 -0.65328 0.7071084 0.2705976 -0.6532801 0.7071082 0.1830143 -0.6830143 0.7071049 0.1830141 -0.6830148 0.7071045 0.09229648 -0.7010569 0.7071073 -0.1305247 -0.9914451 0 -0.1305269 -0.9914448 0 1.12657e-6 -1 0 -1.12657e-6 -1 0 0.130527 -0.9914448 0 0.1305248 -0.9914451 0 0.2588201 -0.9659256 0 0.2588179 -0.9659262 0 0.3826845 -0.9238791 0 0.3826825 -0.9238801 0 0.5000012 -0.8660247 0 0.4999992 -0.8660259 0 0.6087626 -0.7933525 0 0.6087607 -0.7933539 0 0.7071074 -0.7071063 0 0.7071057 -0.7071079 0 0.7933543 -0.6087603 0 0.7933529 -0.608762 0 0.8660258 -0.4999994 0 0.8660247 -0.5000014 0 0.9238801 -0.3826821 0 0.9238793 -0.3826842 0 0.9659261 -0.2588183 0 0.9659254 -0.2588205 0 0.9914452 -0.1305242 0 0.9914449 -0.1305265 0 1 1.20738e-6 0 1 -1.25253e-6 0 0.9914449 0.1305265 0 0.9914452 0.1305242 0 0.9659254 0.2588205 0 0.9659261 0.2588183 0 0.9238793 0.3826841 0 0.9238802 0.382682 0 0.8660246 0.5000015 0 0.8660257 0.4999996 0 0.7933529 0.608762 0 0.7933543 0.6087603 0 0.7071057 0.7071079 0 0.7071074 0.7071063 0 0.6087607 0.7933539 0 0.6087626 0.7933525 0 0.4999992 0.8660259 0 0.5000012 0.8660247 0 0.3826825 0.9238801 0 0.3826845 0.9238791 0 0.258818 0.9659262 0 0.2588202 0.9659256 0 0.1305247 0.9914451 0 0.1305269 0.9914448 0 -1.12657e-6 1 0 1.12657e-6 1 0 -0.130527 0.9914448 0 -0.1305248 0.9914451 0 -0.2588201 0.9659256 0 -0.2588179 0.9659262 0 -0.3826845 0.9238791 0 -0.3826825 0.9238801 0 -0.5000012 0.8660247 0 -0.4999992 0.8660259 0 -0.6087626 0.7933525 0 -0.6087607 0.7933539 0 -0.7071074 0.7071063 0 -0.7071057 0.7071079 0 -0.7933543 0.6087603 0 -0.7933529 0.608762 0 -0.8660258 0.4999994 0 -0.8660247 0.5000014 0 -0.9238801 0.3826821 0 -0.9238793 0.3826842 0 -0.9659261 0.2588183 0 -0.9659254 0.2588205 0 -0.9914452 0.1305242 0 -0.9914449 0.1305265 0 -1 -1.20738e-6 0 -1 1.25253e-6 0 -0.9914449 -0.1305265 0 -0.9914452 -0.1305242 0 -0.9659254 -0.2588205 0 -0.9659261 -0.2588183 0 -0.9238793 -0.3826841 0 -0.9238802 -0.382682 0 -0.8660246 -0.5000015 0 -0.8660257 -0.4999996 0 -0.7933529 -0.608762 0 -0.7933543 -0.6087603 0 -0.7071057 -0.7071079 0 -0.7071074 -0.7071063 0 -0.6087607 -0.7933539 0 -0.6087626 -0.7933525 0 -0.4999992 -0.8660259 0 -0.5000012 -0.8660247 0 -0.3826825 -0.9238801 0 -0.3826845 -0.9238791 0 -0.258818 -0.9659262 0 -0.2588202 -0.9659256 0 -0.113429 0.6979517 0.7071049 -1.27099e-6 0.7071063 0.7071073 -1.11592e-6 0.7071067 0.7071069 0.1134275 0.6979544 0.7071025 0.1134278 0.6979548 0.7071021 0.2239159 0.6707157 0.7071083 0.2239162 0.6707162 0.7071078 0.3286103 0.6261153 0.7071032 0.3286104 0.6261157 0.7071028 0.4247889 0.5652926 0.7071059 0.424789 0.5652924 0.707106 0.5099689 0.4898326 0.7071037 0.5099686 0.4898328 0.707104 0.5819375 0.4016827 0.7071066 0.5819373 0.4016825 0.7071069 0.6388334 0.3031321 0.7071089 0.6388333 0.3031319 0.7071089 0.6791868 0.1967295 0.7071088 0.6791868 0.1967294 0.7071088 0.7019504 0.08523339 0.7071075 0.7019504 0.08523321 0.7071074 0.7065346 -0.02847087 0.7071056 0.7065346 -0.02847099 0.7071056 0.6928151 -0.1414383 0.7071086 0.6928151 -0.1414384 0.7071086 0.6611577 -0.2507439 0.7071055 0.6611576 -0.2507441 0.7071055 0.6123731 -0.3535522 0.7071068 0.6123731 -0.3535522 0.7071069 0.5477298 -0.4472071 0.7071053 0.5477299 -0.447207 0.7071054 0.4688979 -0.5292751 0.7071087 0.4688976 -0.5292752 0.7071088 0.3779234 -0.5976365 0.7071099 0.3779234 -0.5976366 0.7071099 0.2771626 -0.6505219 0.7071084 0.2771624 -0.6505221 0.7071083 0.1692225 -0.6865592 0.707107 0.1692225 -0.686559 0.7071071 0.05689883 -0.7048147 0.707106 0.05689859 -0.7048141 0.7071067 -0.05689686 -0.7048081 0.7071127 -0.05689698 -0.704808 0.7071127 -0.1692203 -0.6865588 0.7071079 -0.1692207 -0.6865592 0.7071074 -0.2771615 -0.6505246 0.7071063 -0.2771615 -0.6505246 0.7071064 -0.3779219 -0.5976383 0.7071093 -0.3779221 -0.597638 0.7071093 -0.4688971 -0.5292766 0.7071082 -0.4688972 -0.5292765 0.7071081 -0.5477288 -0.4472082 0.7071053 -0.5477291 -0.4472079 0.7071053 -0.6123717 -0.3535546 0.7071068 -0.6123719 -0.3535544 0.7071068 -0.6611573 -0.2507448 0.7071055 -0.6611573 -0.2507448 0.7071055 -0.6928143 -0.1414402 0.7071089 -0.6928144 -0.1414399 0.7071089 -0.7065353 -0.02847307 0.7071049 -0.7065353 -0.0284729 0.7071049 -0.7019509 0.08523142 0.7071071 -0.7019507 0.08523148 0.7071074 -0.6791868 0.1967279 0.7071093 -0.6791867 0.1967281 0.7071093 -0.6388356 0.3031295 0.707108 -0.6388356 0.3031298 0.7071079 -0.5819391 0.4016821 0.7071056 -0.5819391 0.4016823 0.7071055 -0.5099703 0.4898319 0.7071033 -0.5099697 0.4898321 0.7071036 -0.4247906 0.5652915 0.7071057 -0.4247906 0.5652914 0.7071059 -0.3286101 0.6261112 0.7071069 -0.3286099 0.6261116 0.7071067 -0.2239203 0.6707211 0.7071018 -0.2239201 0.6707212 0.7071018 -0.1134291 0.6979518 0.7071048 -0.1604093 0.9870507 0 -0.1604131 0.9870501 0 1.89397e-6 1 0 -1.89397e-6 1 0 0.1604132 0.9870499 0 0.1604094 0.9870507 0 0.3166695 0.9485359 0 0.316666 0.9485372 0 0.4647248 0.8854551 0 0.4647216 0.8854569 0 0.6007437 0.7994417 0 0.6007407 0.7994441 0 0.7212038 0.692723 0 0.7212013 0.6927257 0 0.822985 0.5680631 0 0.8229829 0.5680663 0 0.9034512 0.428691 0 0.9034496 0.4286944 0 0.9605187 0.2782155 0 0.9605177 0.2782192 0 0.9927092 0.1205344 0 0.9927088 0.1205384 0 0.999189 -0.0402674 0 0.9991891 -0.04026347 0 0.9797903 -0.2000272 0 0.9797911 -0.2000237 0 0.9350154 -0.3546071 0 0.9350168 -0.3546035 0 0.8660244 -0.5000017 0 0.8660265 -0.4999983 0 0.774604 -0.6324467 0 0.7746064 -0.6324437 0 0.6631212 -0.748512 0 0.6631241 -0.7485095 0 0.5344645 -0.8451911 0 0.5344678 -0.8451889 0 0.3919649 -0.9199803 0 0.3919683 -0.9199787 0 0.2393136 -0.9709423 0 0.2393172 -0.9709414 0 0.08046442 -0.9967576 0 0.08046817 -0.9967572 0 -0.08046817 -0.9967572 0 -0.08046442 -0.9967576 0 -0.2393174 -0.9709415 0 -0.2393136 -0.9709423 0 -0.3919681 -0.9199789 0 -0.3919646 -0.9199804 0 -0.5344678 -0.8451889 0 -0.5344647 -0.845191 0 -0.663124 -0.7485096 0 -0.6631212 -0.748512 0 -0.7746063 -0.6324439 0 -0.7746039 -0.6324467 0 -0.8660264 -0.4999983 0 -0.8660245 -0.5000016 0 -0.9350168 -0.3546034 0 -0.9350155 -0.3546069 0 -0.9797911 -0.2000237 0 -0.9797903 -0.2000272 0 -0.9991891 -0.04026347 0 -0.999189 -0.0402674 0 -0.9927088 0.1205384 0 -0.9927092 0.1205344 0 -0.9605177 0.2782192 0 -0.9605187 0.2782155 0 -0.9034495 0.4286946 0 -0.9034511 0.428691 0 -0.8229829 0.5680662 0 -0.8229851 0.5680631 0 -0.7212013 0.6927256 0 -0.7212039 0.6927229 0 -0.6007407 0.7994441 0 -0.6007437 0.7994417 0 -0.4647216 0.8854569 0 -0.4647248 0.8854551 0 -0.3166661 0.9485372 0 -0.3166696 0.9485359 0 -0.7020307 0.08456015 -0.7071086 -0.7020287 0.08458077 -0.7071081 -0.7020305 0.08456361 -0.7071083 -0.7020224 0.08461451 -0.7071102 -0.7020303 -0.08455848 -0.7071093 -0.7020291 -0.08457005 -0.707109 -0.7065413 -0.02825361 -0.7071076 -0.7065415 -0.02825486 -0.7071074 -0.7065418 0.02825438 -0.7071071 -0.7065417 0.02825301 -0.7071072 -0.702023 -0.08461475 -0.7071097 -0.7020306 -0.08458101 -0.7071062 -0.6638165 -0.2436127 -0.7071072 -0.6553631 -0.2654631 -0.707127 -0.5900925 -0.3895831 -0.707118 -0.5629765 -0.4278212 -0.7071255 -0.484789 -0.5147525 -0.7071136 -0.4313116 -0.5603138 -0.7071202 -0.3535481 -0.6123665 -0.7071146 -0.2695578 -0.65372 -0.707099 -0.203397 -0.6772169 -0.7071118 -0.08901602 -0.7014605 -0.7071276 -0.04234158 -0.7058262 -0.7071185 0.09781104 -0.7003214 -0.7070948 0.1209316 -0.6966867 -0.707109 0.2777387 -0.6502773 -0.7071073 0.2777387 -0.6502785 -0.7071061 0.2777889 -0.6502577 -0.7071056 0.2777761 -0.6502621 -0.7071066 0.4242373 -0.5657078 -0.7071049 0.4242587 -0.5656877 -0.7071083 0.3777393 -0.5977569 -0.7071067 0.3777402 -0.5977556 -0.7071074 0.3288022 -0.6260091 -0.707108 0.3288033 -0.6260085 -0.7071081 0.4242482 -0.565697 -0.7071072 0.424247 -0.5656973 -0.7071076 0.5428824 -0.4530759 -0.7071076 0.5575817 -0.4348291 -0.7071254 0.6324715 -0.3162161 -0.7070977 0.6520006 -0.2736822 -0.707102 0.6881817 -0.1624635 -0.707115 0.7008993 -0.09337067 -0.7071225 0.707098 -7.94476e-7 -0.7071157 0.7009139 0.09341382 -0.7071023 0.6881823 0.1624628 -0.7071146 0.6520007 0.2736823 -0.707102 0.6324359 0.3162448 -0.7071168 0.5575814 0.4348292 -0.7071256 0.5428822 0.4530755 -0.7071079 0.4242465 0.5656968 -0.7071083 0.4242874 0.565668 -0.7071067 0.4242435 0.5656999 -0.7071076 0.4242552 0.5656923 -0.7071067 0.2777528 0.6502718 -0.7071067 0.2777709 0.6502652 -0.7071058 0.3288038 0.6260108 -0.7071058 0.3288026 0.626011 -0.7071061 0.377739 0.5977566 -0.7071071 0.3777379 0.5977568 -0.7071074 0.2777383 0.6502775 -0.7071073 0.2777387 0.6502773 -0.7071073 0.1209319 0.6966872 -0.7071086 0.09778535 0.7002928 -0.7071266 -0.04234135 0.7058258 -0.7071189 -0.08898204 0.7014875 -0.7071051 -0.2033967 0.6772168 -0.7071119 -0.2695576 0.6537198 -0.7070991 -0.3535475 0.6123665 -0.7071149 -0.4313106 0.5603139 -0.7071205 -0.4847882 0.5147524 -0.7071142 -0.5629765 0.4278215 -0.7071253 -0.5900922 0.3895832 -0.7071183 -0.6553631 0.2654629 -0.707127 -0.663817 0.2436128 -0.7071067 0.5999976 -0.8000018 0 0.6000086 -0.7999936 0 0.7677508 -0.6407486 0 0.7677533 -0.6407457 0 0.894427 -0.447214 0 0.8944274 -0.4472131 0 0.9732489 -0.2297534 0 0.9732491 -0.2297523 0 1 -1.7143e-6 0 1 1.6952e-6 0 0.9732491 0.2297523 0 0.9732489 0.2297534 0 0.8944274 0.4472131 0 0.8944271 0.4472139 0 0.7677531 0.6407458 0 0.7677509 0.6407486 0 0.6000086 0.7999936 0 0.5999977 0.8000018 0 0.6000005 0.7999997 1.74122e-5 0.599986 0.8000106 0 0.5342044 0.8453554 0 0.4649972 0.8853121 0 0.3928365 0.9196084 0 0.3928198 0.9196156 -6.89714e-6 0.4649971 0.8853122 0 0.3928107 0.9196194 0 0.3928219 0.9196147 0 0.1710281 0.9852662 0 0.171027 0.9852664 0 -0.05991524 0.9982036 0 -0.05991649 0.9982034 0 -0.2876527 0.9577349 0 -0.2876536 0.9577345 0 -0.4999995 0.8660257 0 -0.4999994 0.8660259 0 -0.6855957 0.7279826 0 -0.6855956 0.7279826 0 -0.8345121 0.5509896 0 -0.8345127 0.5509888 0 -0.9387798 0.3445178 0 -0.9387797 0.344518 0 -0.9928191 0.1196255 0 -0.9928205 0.1196148 0 -0.9928203 0.1196155 6.89714e-6 -0.9928224 0.1195982 0 0 0 -1 0 0 -1 0 0 -1 -1.27641e-7 0 -1 -4.2543e-7 0 -1 0 0 -1 1.91263e-7 0 -1 1.95291e-7 0 -1 0 0 -1 7.3226e-7 0 -1 -2.28243e-7 0 -1 -1.75192e-7 0 -1 7.38647e-7 0 -1 0 0 -1 -1.37262e-7 0 -1 5.88406e-7 0 -1 0 0 -1 -4.35287e-7 0 -1 0 0 -1 2.28075e-7 0 -1 -5.87649e-7 0 -1 -2.33625e-7 0 -1 -7.50107e-7 0 -1 -1.44065e-7 0 -1 0 0 -1 -2.45583e-7 0 -1 4.2136e-7 0 -1 1.20659e-6 0 -1 0 0 -1 2.07478e-7 0 -1 -1.30501e-7 0 -1 -2.33297e-7 0 -1 2.95278e-7 0 -1 2.02826e-7 0 -1 0 0 -1 0 0 -1 4.25232e-7 0 -1 0 0 -1 0 0 -1 0 0 -1 -3.24521e-7 0 -1 0 0 -1 1.26943e-7 0 -1 -5.4903e-7 0 -1 -4.34739e-7 0 -1 4.29063e-7 0 -1 0 0 -1 0 0 -1 -5.71781e-7 0 -1 -2.56686e-7 0 -1 9.08176e-7 0 -1 1.38248e-6 0 -1 -5.19994e-7 0 -1 -3.90062e-7 0 -1 3.56145e-7 0 -1 -5.73793e-7 0 -1 2.28485e-7 0 -1 -3.50255e-7 0 -1 3.97847e-7 0 -1 -4.20027e-7 0 -1 0 0 -1 3.56145e-7 0 -1 -3.90061e-7 0 -1 1.25782e-7 0 -1 4.79807e-7 0 -1 0 0 -1 -6.32888e-7 0 -1 0 0 -1 0 0 -1 -1.43605e-7 0 -1 -1.89752e-7 0 -1 -2.55075e-7 0 -1 0 0 -1 0 0 -1 0 0 -1 -1.37262e-7 0 -1 0 0 -1 -3.02854e-7 0 -1 0 0 -1 1.95291e-7 0 -1 0 0 -1 0 0 -1 0 0 -1 -1.63229e-7 0 -1 -6.55667e-7 0 -1 -1.05277e-6 0 -1 4.99422e-7 0 -1 -4.0348e-7 0 -1 7.89769e-7 0 -1 -7.92336e-7 0 -1 6.01889e-7 0 -1 -1.72543e-7 0 -1 2.36241e-7 0 -1 -1.88999e-7 0 -1 0 0 -1 2.21527e-7 0 -1 -4.67238e-7 0 -1 1.01825e-6 0 -1 1.81599e-7 0 -1 -6.48613e-7 0 -1 -0.05283981 0.7051352 0.7071014 -0.07394349 0.7032366 0.7071003 -0.3535439 0.6123607 0.7071218 -0.3535552 0.6123736 0.707105 -0.5720495 0.4156541 0.7071005 0.2184939 0.672518 0.7070927 0.2583378 0.6582179 0.7071145 0.4731475 0.5255028 0.7070914 0.5183406 0.4809323 0.707126 0.6459773 0.2876232 0.7070971 0.6756953 0.2084254 0.7071031 0.7071204 7.22334e-6 0.7070932 0.6992052 -0.1053897 0.7071104 0.6459866 -0.2876109 0.7070936 0.5842196 -0.3983202 0.707127 0.4731621 -0.5254897 0.7070915 0.3535438 -0.6123597 0.7071227 0.2185122 -0.6725112 0.7070934 0.05284053 -0.7051075 0.707129 -0.07391685 -0.7032469 0.7070927 -0.258336 -0.658224 0.7071094 -0.3535683 -0.6123808 0.7070921 -0.5183517 -0.4809505 0.7071055 -0.5720752 -0.4156277 0.7070953 -0.6757021 -0.2084195 0.7070984 -0.6916422 -0.1470252 0.7071171 -0.6992007 0.1053866 0.7071153 -0.6916598 0.1470422 0.7070965 -0.5842402 0.3983308 0.707104 2.29227e-6 0 1 2.12442e-6 0 1 0 0 1 -6.67386e-7 0 1 0 0 1 0 0 1 0 0 1 0 0 1 0 0 1 0 0 1 -4.76631e-7 0 1 0 0 1 -5.11757e-7 0 1 1.2277e-7 0 1 0 0 1 0 0 1 0 0 1 1.61154e-7 0 1 1.24323e-7 0 1 0 0 1 0 0 1 0 0 1 0 0 1 0 0 1 -1.38186e-7 0 1 -1.43269e-7 0 1 0 0 1 -1.7843e-7 0 1 -2.26859e-7 0 1 0 0 1 0 0 1 -1.21643e-7 0 1 0 0 1 0 0 1 0 0 1 0 0 1 9.89336e-7 0 1 -0.07472747 0.9972041 0 -0.07472729 0.9972041 0 -0.5000062 0.8660218 0 -0.4999958 0.8660278 0 -0.8262401 0.5633181 0 -0.9888319 0.1490355 0 0.3653476 0.9308713 0 0.3653367 0.9308755 0 0.7330538 0.6801707 0 0.7330471 0.6801779 0 0.9555741 0.294751 0 0.9555717 0.294759 0 0.9888299 -0.1490488 0 0.9888315 -0.1490382 0 0.8262341 -0.563327 0 0.8262425 -0.5633147 0 0.4999935 -0.8660292 0 0.500006 -0.8660221 0 0.0747261 -0.9972042 0 0.07473772 -0.9972033 0 -0.3653462 -0.9308717 0 -0.3653336 -0.9308767 0 -0.7330564 -0.6801679 0 -0.7330487 -0.6801762 0 -0.9555745 -0.2947497 0 -0.9555717 -0.294759 0 -0.9888301 0.1490474 0 -0.5842419 -0.3983317 0.707102 -0.5720493 -0.4156549 0.7071002 -0.3535446 -0.6123609 0.7071212 -0.3535552 -0.6123736 0.707105 -0.07394313 -0.7032369 0.7070999 -0.6916602 -0.1470422 0.707096 -0.6992006 -0.105387 0.7071154 -0.6916728 0.1470054 0.7070914 -0.675702 0.2084189 0.7070986 -0.5720747 0.415629 0.7070948 -0.5183521 0.48095 0.7071056 -0.3535687 0.6123803 0.7070923 -0.2583376 0.658223 0.7071097 -0.0739184 0.7032464 0.707093 0.05283844 0.7051392 0.7070975 0.2185117 0.6725114 0.7070934 0.3535444 0.6123593 0.7071228 0.4731614 0.5254901 0.7070916 0.5842196 0.3983195 0.7071273 0.6459859 0.2876113 0.7070941 0.6992048 0.1053903 0.7071108 0.7071197 -7.75384e-6 0.7070938 0.6756962 -0.2084237 0.7071027 0.6459769 -0.2876235 0.7070972 0.5183411 -0.4809321 0.7071259 0.473147 -0.5255029 0.7070916 0.2583382 -0.6582178 0.7071143 0.2184941 -0.6725178 0.7070928 -0.05284088 -0.7051347 0.7071018 -0.8262403 -0.5633181 0 -0.8262401 -0.5633181 0 -0.4999959 -0.8660278 0 -0.5000062 -0.8660218 0 -0.07472729 -0.9972041 0 -0.07472747 -0.9972041 0 0.3653476 -0.9308713 0 -0.9888319 -0.1490355 0 -0.9888301 -0.1490474 0 -0.9555717 0.294759 0 -0.9555745 0.2947497 0 -0.7330488 0.6801761 0 -0.7330563 0.6801679 0 -0.3653336 0.9308767 0 -0.3653462 0.9308717 0 0.07473772 0.9972033 0 0.0747261 0.9972042 0 0.500006 0.8660221 0 0.4999935 0.8660292 0 0.8262425 0.5633147 0 0.8262341 0.563327 0 0.9888315 0.1490381 0 0.9888299 0.1490488 0 0.9555717 -0.294759 0 0.9555742 -0.2947511 0 0.7330471 -0.6801779 0 0.7330537 -0.6801708 0 0.3653367 -0.9308755 0 0 0 1 0 0 1 0 0 1 0 0 1 0 0 1 0 0 1 0 0 1 0 0 1 1.69245e-7 0 1 1.38203e-7 0 1 9.28713e-7 0 1 -4.84222e-7 0 1 2.67238e-7 0 1 0 0 1 -1.70583e-7 0 1 0 0 1 0 0 1 1.61961e-7 0 1 0 0 1 0 0 1 0 0 1 0 0 1 0 0 1 0 0 1 0 0 1 0 0 1 1.32672e-7 0 1 0 0 1 -6.54057e-7 0 1 1.04202e-6 0 1 1.14614e-6 0 1 0 0 1 -1.21643e-7 0 1 0 0 1 0 0 1 -2.97121e-7 0 1 0 0 1 -0.626102 -0.3286061 -0.7071169 -0.6916638 -0.1470332 -0.7070944 -0.7071157 4.8033e-7 -0.7070978 -0.6916388 0.1470096 -0.7071238 -0.6261022 0.3286055 -0.7071171 -0.5720552 0.4156513 -0.7070975 -0.4016827 0.5819434 -0.7071017 -0.3535372 0.6123831 -0.7071058 -0.08522832 0.701944 -0.7071144 -0.07387465 0.7032312 -0.7071127 0.2185127 0.6724959 -0.7071079 -0.572056 -0.4156511 -0.707097 -0.4016824 -0.5819438 -0.7071017 -0.3535372 -0.6123827 -0.7071061 -0.08522897 -0.7019438 -0.7071146 -0.07387465 -0.7032309 -0.7071131 0.2185131 -0.6724965 -0.7071072 0.2507342 -0.6611473 -0.7071186 0.4731427 -0.5254906 -0.7071037 0.5292773 -0.4688971 -0.7071076 0.6459689 -0.2876065 -0.7071115 0.6865667 -0.1692225 -0.7070997 0.7071096 4.24508e-7 -0.7071039 0.6865665 0.1692232 -0.7070997 0.6459687 0.2876067 -0.7071117 0.5292767 0.4688976 -0.7071077 0.4731431 0.5254907 -0.7071034 0.2507335 0.6611476 -0.7071185 -0.885456 -0.4647232 0 -0.8854563 -0.4647228 0 -1 -2.34486e-7 0 -1 2.34486e-7 0 -0.8854563 0.4647227 0 -0.8854562 0.4647232 0 -0.5680651 0.8229836 0 -0.5680645 0.8229841 0 -0.120537 0.9927089 0 -0.1205365 0.992709 0 0.354605 0.9350162 0 0.3546049 0.9350163 0 0.748511 0.6631224 0 0.748511 0.6631224 0 0.9709419 0.2393158 0 0.970942 0.2393153 0 0.970942 -0.2393153 0 0.9709419 -0.2393158 0 0.748511 -0.6631224 0 0.748511 -0.6631224 0 0.3546049 -0.9350163 0 0.354605 -0.9350162 0 -0.1205365 -0.992709 0 -0.120537 -0.9927089 0 -0.5680644 -0.8229841 0 -0.568065 -0.8229838 0 -0.5720553 -0.415627 -0.7071118 -0.6123729 -0.3535475 -0.7071094 -0.7070978 6.50063e-7 -0.7071159 -0.7071065 0 -0.7071071 -0.6123734 0.3535476 -0.7071089 -0.3535432 -0.6123674 -0.7071163 -0.2185031 -0.6724799 -0.707126 -4.83007e-7 -0.7071135 -0.7071002 0.2185034 -0.6724797 -0.7071262 0.3535431 -0.6123672 -0.7071165 0.5720553 -0.4156268 -0.7071118 0.6123729 -0.353548 -0.7071092 0.7070976 -6.45407e-7 -0.707116 0.7071065 0 -0.7071071 0.6123728 0.3535475 -0.7071095 0.572055 0.4156271 -0.7071119 0.3535431 0.6123673 -0.7071165 0.2185029 0.6724798 -0.7071262 5.64847e-7 0.7071134 -0.7071002 -0.2185032 0.6724798 -0.7071262 -0.3535434 0.612367 -0.7071165 -0.5720556 0.4156265 -0.7071117 -6.77343e-7 0 -1 0 0 -1 8.48794e-7 0 -1 7.67199e-7 0 -1 -4.42001e-7 0 -1 -5.80467e-7 0 -1 4.03139e-7 0 -1 4.6271e-7 0 -1 0 0 -1 -6.60786e-7 0 -1 -1.75789e-6 0 -1 -5.0854e-7 0 -1 0 0 -1 0 0 -1 2.13567e-7 0 -1 0 0 -1 -3.88488e-7 0 -1 -5.31908e-7 0 -1 -6.85401e-7 0 -1 -0.8090169 -0.5877854 0 -0.8090172 -0.5877851 0 -1 -7.38118e-7 0 -1 7.38118e-7 0 -0.8090173 0.587785 0 -0.809017 0.5877854 0 -0.3090167 0.9510567 0 -0.3090171 0.9510565 0 0.3090165 0.9510567 0 0.3090166 0.9510567 0 0.8090173 0.587785 0 0.8090167 0.5877857 0 1 -1.26677e-6 0 1 1.26677e-6 0 0.8090167 -0.5877857 0 0.8090172 -0.587785 0 0.3090165 -0.9510567 0 0.3090164 -0.9510567 0 -0.3090171 -0.9510565 0 -0.3090165 -0.9510567 0 -0.5720542 -0.415627 -0.7071127 -0.6123728 -0.3535476 -0.7071095 -0.7070975 5.90459e-7 -0.7071161 -0.7071074 0 -0.7071063 -0.6123731 0.3535481 -0.7071088 -0.3535428 -0.6123672 -0.7071167 -0.2185028 -0.6724795 -0.7071265 -3.40631e-7 -0.7071128 -0.7071008 0.2185034 -0.6724794 -0.7071264 0.353543 -0.6123671 -0.7071167 0.5720545 -0.4156267 -0.7071126 0.6123729 -0.3535479 -0.7071091 0.7070976 -7.28294e-7 -0.707116 0.7071074 0 -0.7071062 0.6123729 0.3535479 -0.7071092 0.5720545 0.4156274 -0.7071121 0.3535432 0.6123681 -0.7071157 0.2185031 0.6724805 -0.7071255 3.80795e-7 0.7071142 -0.7070994 -0.2185035 0.6724803 -0.7071255 -0.353544 0.612367 -0.7071162 -0.5720548 0.4156271 -0.7071122 1.76338e-7 0 -1 0 0 -1 2.1463e-7 0 -1 2.14719e-7 0 -1 2.03586e-7 0 -1 -1.25328e-7 0 -1 -4.6586e-7 0 -1 -9.12054e-7 0 -1 -2.99194e-7 0 -1 -1.59946e-7 0 -1 -4.26225e-7 0 -1 0 0 -1 5.27104e-7 0 -1 0 0 -1 -3.43796e-7 0 -1 0 0 -1 2.57541e-7 0 -1 -7.95665e-7 0 -1 -1.19296e-6 0 -1 -3.81892e-7 0 -1 -0.8090173 -0.587785 0 -1 1.49619e-7 0 -1 -3.79034e-7 0 -0.809017 0.5877854 0 -0.8090173 0.5877849 0 -0.3090166 0.9510567 0 -0.3090171 0.9510565 0 0.3090171 0.9510565 0 0.3090166 0.9510567 0 0.8090173 0.587785 0 0.8090169 0.5877855 0 1 -4.88754e-7 0 1 2.69313e-7 0 0.8090168 -0.5877856 0 0.8090173 -0.587785 0 0.3090166 -0.9510567 0 0.3090171 -0.9510565 0 -0.3090171 -0.9510565 0 -0.3090166 -0.9510567 0 -0.626102 -0.328606 -0.707117 -0.6916638 -0.1470325 -0.7070946 -0.7071157 4.82425e-7 -0.707098 -0.691639 0.1470094 -0.7071236 -0.6261026 0.3286054 -0.7071169 -0.5720556 0.4156513 -0.7070972 -0.4016816 0.5819441 -0.7071019 -0.3535368 0.6123829 -0.707106 -0.08522897 0.7019436 -0.7071148 -0.07387399 0.703231 -0.707113 0.218513 0.6724959 -0.7071077 -0.5720559 -0.415651 -0.7070971 -0.4016813 -0.5819445 -0.7071017 -0.353537 -0.6123831 -0.7071059 -0.08522957 -0.7019444 -0.7071139 -0.07387423 -0.7032308 -0.7071132 0.218513 -0.6724964 -0.7071073 0.2507345 -0.6611477 -0.7071181 0.4731428 -0.5254903 -0.7071039 0.529276 -0.4688976 -0.7071083 0.6459691 -0.2876057 -0.7071117 0.6865659 -0.1692224 -0.7071005 0.7071092 4.02855e-7 -0.7071043 0.6865655 0.1692231 -0.7071007 0.6459688 0.2876061 -0.7071118 0.5292769 0.4688976 -0.7071076 0.4731431 0.5254909 -0.7071032 0.250734 0.6611478 -0.7071181 -0.8854562 -0.4647232 0 -0.8854562 -0.4647231 0 -1 0 0 -1 0 0 -0.8854562 0.4647231 0 -0.885456 0.4647234 0 -0.5680648 0.8229838 0 -0.120537 0.9927089 0 -0.1205366 0.992709 0 0.3546048 0.9350164 0 0.3546051 0.9350162 0 0.7485108 0.6631226 0 0.7485111 0.6631223 0 0.9709419 0.2393159 0 0.9709419 -0.2393155 0 0.9709419 -0.2393158 0 0.7485113 -0.6631221 0 0.3546057 -0.9350159 0 0.3546053 -0.9350161 0 -0.1205365 -0.992709 0 -0.120537 -0.9927089 0 -0.5680651 -0.8229836 0 -0.5680654 -0.8229835 0 -0.5720549 -0.4156272 -0.7071119 -0.6123726 -0.3535476 -0.7071095 -0.7070976 6.49597e-7 -0.707116 -0.6123731 0.3535478 -0.707109 -0.353543 -0.6123673 -0.7071164 -0.2185031 -0.6724798 -0.7071262 -5.6508e-7 -0.7071135 -0.7071002 0.2185034 -0.6724798 -0.707126 0.3535434 -0.6123672 -0.7071164 0.5720557 -0.4156266 -0.7071117 0.6123731 -0.3535478 -0.707109 0.7070978 -6.50063e-7 -0.7071159 0.6123731 0.3535473 -0.7071093 0.5720553 0.4156268 -0.7071118 0.3535432 0.6123672 -0.7071164 0.2185029 0.6724799 -0.7071261 4.88362e-7 0.7071134 -0.7071002 -0.2185032 0.6724796 -0.7071263 -0.3535432 0.6123671 -0.7071167 -0.5720553 0.4156268 -0.7071118 -6.77345e-7 0 -1 0 0 -1 8.48796e-7 0 -1 7.67201e-7 0 -1 -4.42001e-7 0 -1 -5.80467e-7 0 -1 4.03139e-7 0 -1 4.6271e-7 0 -1 0 0 -1 -6.60785e-7 0 -1 -1.75787e-6 0 -1 -5.08541e-7 0 -1 0 0 -1 0 0 -1 2.13567e-7 0 -1 0 0 -1 -3.88489e-7 0 -1 -5.31908e-7 0 -1 -6.85403e-7 0 -1 -0.8090172 -0.587785 0 -0.8090167 -0.5877857 0 -1 1.26677e-6 0 -1 -1.26677e-6 0 -0.8090167 0.5877857 0 -0.3090166 0.9510567 0 -0.3090165 0.9510567 0 0.3090171 0.9510565 0 0.3090167 0.9510567 0 0.809017 0.5877854 0 1 7.38118e-7 0 1 -7.38118e-7 0 0.8090172 -0.5877851 0 0.8090169 -0.5877854 0 0.3090165 -0.9510567 0 0.3090171 -0.9510565 0 -0.3090164 -0.9510567 0 -0.3090165 -0.9510567 0 -0.6261025 -0.3286062 -0.7071165 -0.6916395 -0.14701 -0.7071231 -0.7071167 4.80097e-7 -0.7070969 -0.6916394 0.1470099 -0.7071232 -0.6261026 0.3286055 -0.7071167 -0.5720553 0.4156515 -0.7070973 -0.4016827 0.5819433 -0.7071019 -0.3535371 0.6123827 -0.707106 -0.0852282 0.7019441 -0.7071144 -0.07387435 0.7032313 -0.7071126 0.2185126 0.6724959 -0.7071078 -0.5720561 -0.4156513 -0.7070968 -0.4016823 -0.5819436 -0.7071018 -0.3535377 -0.6123828 -0.7071056 -0.0852288 -0.7019438 -0.7071146 -0.07387435 -0.7032307 -0.7071133 0.2185131 -0.6724965 -0.7071071 0.250734 -0.6611474 -0.7071185 0.4731426 -0.525491 -0.7071035 0.5292773 -0.4688972 -0.7071076 0.6459687 -0.2876065 -0.7071117 0.6865371 -0.1692122 -0.7071309 0.70711 4.24101e-7 -0.7071036 0.6865668 0.1692228 -0.7070995 0.6459685 0.2876067 -0.7071118 0.5292769 0.4688978 -0.7071075 0.4731429 0.5254912 -0.7071031 0.2507333 0.6611478 -0.7071184 -0.8854557 -0.464724 0 -0.8854566 -0.4647222 0 -1 -1.07473e-6 0 -1 1.07473e-6 0 -0.8854567 0.4647221 0 -0.8854557 0.464724 0 -0.5680652 0.8229836 0 -0.568064 0.8229845 0 -0.1205368 0.9927089 0 -0.1205362 0.992709 0 0.3546047 0.9350164 0 0.3546048 0.9350163 0 0.7485105 0.663123 0 0.7485108 0.6631225 0 0.9709418 0.2393161 0 0.9709417 -0.2393161 0 0.7485108 -0.6631225 0 0.7485105 -0.663123 0 0.3546048 -0.9350163 0 0.3546047 -0.9350164 0 -0.1205362 -0.992709 0 -0.1205368 -0.9927089 0 -0.5680638 -0.8229845 0 -0.5680651 -0.8229836 0 -0.5720545 -0.4156274 -0.7071123 -0.6123729 -0.3535478 -0.7071092 -0.7070975 7.12927e-7 -0.7071161 -0.7071074 0 -0.7071063 -0.6123729 0.3535478 -0.7071091 -0.3535432 -0.6123681 -0.7071157 -0.2185031 -0.6724805 -0.7071255 -3.80795e-7 -0.7071142 -0.7070994 0.2185035 -0.6724803 -0.7071255 0.353544 -0.612367 -0.7071162 0.5720548 -0.4156271 -0.7071121 0.6123731 -0.3535482 -0.7071088 0.7070976 -5.71366e-7 -0.707116 0.7071074 0 -0.7071062 0.6123728 0.3535476 -0.7071094 0.5720542 0.415627 -0.7071126 0.3535428 0.6123672 -0.7071167 0.2185028 0.6724795 -0.7071265 3.40631e-7 0.7071128 -0.7071008 -0.2185034 0.6724794 -0.7071264 -0.353543 0.612367 -0.7071167 -0.5720545 0.4156267 -0.7071127 -6.77344e-7 0 -1 1.76338e-7 0 -1 6.85805e-7 0 -1 5.1814e-7 0 -1 -4.46332e-7 0 -1 -3.07647e-7 0 -1 -1.38712e-7 0 -1 0 0 -1 0 0 -1 2.53086e-7 0 -1 8.43367e-7 0 -1 3.66012e-7 0 -1 -1.59946e-7 0 -1 -4.26226e-7 0 -1 0 0 -1 1.2249e-7 0 -1 -7.8551e-7 0 -1 -1.25328e-7 0 -1 7.9566e-7 0 -1 9.61345e-7 0 -1 -3.03511e-7 0 -1 -0.8090173 -0.5877849 0 -0.809017 -0.5877854 0 -1 3.79034e-7 0 -1 -1.49619e-7 0 -0.8090169 0.5877854 0 0.8090168 0.5877856 0 1 -2.69313e-7 0 1 4.88754e-7 0 0.8090169 -0.5877855 0 0.8090173 -0.587785 0 -0.6261021 -0.328606 -0.7071169 -0.691639 -0.1470091 -0.7071236 -0.6916389 0.1470094 -0.7071238 -0.6261022 0.3286051 -0.7071172 -0.5720555 0.415651 -0.7070974 -0.401682 0.5819441 -0.7071016 -0.3535689 0.6123531 -0.7071158 -0.08522909 0.7019447 -0.7071136 -0.07387435 0.703231 -0.707113 0.2185128 0.6724958 -0.7071079 -0.5720559 -0.4156512 -0.707097 -0.401681 -0.5819443 -0.707102 -0.3535376 -0.6123834 -0.7071052 -0.0852285 -0.7019438 -0.7071147 -0.07391875 -0.7032298 -0.7071095 0.2185133 -0.6724969 -0.7071068 0.2507345 -0.6611478 -0.707118 0.4731433 -0.5254911 -0.7071029 0.5292773 -0.468897 -0.7071076 0.6459689 -0.2876059 -0.7071118 0.6865656 -0.1692223 -0.7071008 0.7071092 0 -0.7071043 0.6865658 0.1692231 -0.7071004 0.6459684 0.2876062 -0.7071121 0.5292767 0.4688969 -0.7071081 0.4731433 0.5254905 -0.7071034 0.250734 0.661148 -0.707118 -0.885456 -0.4647232 0 -0.8854562 0.464723 0 -0.885456 0.4647232 0 -0.5680654 0.8229835 0 -0.568065 0.8229838 0 -0.120537 0.9927089 0 -0.1205366 0.992709 0 0.3546053 0.9350161 0 0.3546057 0.9350159 0 0.7485109 0.6631225 0 0.7485113 0.6631221 0 0.7485111 -0.6631222 0 0.7485109 -0.6631225 0 0.3546051 -0.9350162 0 0.3546046 -0.9350163 0 -0.1205365 -0.992709 0 -0.120537 -0.9927089 0 -0.5680646 -0.822984 0 -0.5680648 -0.8229839 0 -0.2084196 0.6756901 0.7071098 -0.1163908 0.6974605 0.7071083 -2.08413e-7 0.7071141 0.7070996 0.1163907 0.6974609 0.7071079 0.2084198 0.6756905 0.7071093 0.3365588 0.6218812 0.7071011 0.3983482 0.5842194 0.7071113 0.5202563 0.4789072 0.7070937 0.5528366 0.4408721 0.7071093 0.6475502 0.2840389 0.7071073 0.6582207 0.2583507 0.7071072 0.7046968 0.05839121 0.7071018 0.7051281 0.05286002 0.7071069 0.6893795 -0.1573375 0.7071074 0.6854647 -0.1735788 0.7071128 0.6123784 -0.3535382 0.7071093 0.591946 -0.3867504 0.7071239 0.4809469 -0.5183509 0.7071086 0.4343015 -0.5580085 0.707113 0.3067903 -0.6370871 0.7071066 0.2295894 -0.6687827 0.7071198 0.1053954 -0.6991984 0.7071163 -3.45695e-7 -0.707111 0.7071026 -0.1053953 -0.6991988 0.707116 -0.2295897 -0.6687829 0.7071195 -0.3067906 -0.6370874 0.7071063 -0.4343019 -0.5580075 0.7071135 -0.4809467 -0.5183507 0.7071088 -0.591946 -0.38675 0.7071241 -0.6123781 -0.353538 0.7071095 -0.6854647 -0.1735791 0.7071128 -0.6893793 -0.1573375 0.7071076 -0.7046651 0.05838632 0.7071338 -0.7051284 0.0528143 0.7071101 -0.6582208 0.2583508 0.707107 -0.6475502 0.2840393 0.7071071 -0.5528368 0.4408722 0.7071091 -0.5202559 0.4789083 0.7070931 -0.3983484 0.5842196 0.7071111 -0.3365586 0.6218814 0.7071011 -0.3247038 -0.9458158 0 -0.3246953 -0.9458188 0 -4.56821e-6 -1 0 4.52974e-6 -1 0 0.3246952 -0.9458188 0 0.3247038 -0.9458158 0 0.6142091 -0.7891434 0 0.6142163 -0.7891378 0 0.8371639 -0.5469521 0 0.8371691 -0.5469444 0 0.9693992 -0.24549 0 0.9694014 -0.2454811 0 0.996585 0.08257448 0 0.9965842 0.08258378 0 0.9157752 0.4016914 0 0.9157713 0.4017001 0 0.735727 0.6772782 0 0.7357208 0.677285 0 0.4759514 0.8794716 0 0.4759435 0.879476 0 0.1645988 0.9863606 0 0.1645898 0.9863622 0 -0.1645898 0.9863622 0 -0.1645988 0.9863606 0 -0.4759435 0.879476 0 -0.4759514 0.8794716 0 -0.7357208 0.6772851 0 -0.735727 0.6772782 0 -0.9157713 0.4017001 0 -0.9157752 0.4016914 0 -0.9965842 0.08258378 0 -0.996585 0.08257448 0 -0.9694014 -0.2454811 0 -0.9693992 -0.24549 0 -0.8371689 -0.5469444 0 -0.8371639 -0.5469521 0 -0.6142163 -0.7891378 0 -0.6142091 -0.7891433 0 -0.08690029 0.7017534 0.7071001 -0.04353278 0.7057757 0.7070966 -1.62132e-6 0.7071158 0.7070978 0.04352885 0.7057759 0.7070966 0.08689969 0.7017536 0.7071001 0.1299301 0.6950758 0.7070982 0.1724705 0.6857572 0.7071005 0.2143622 0.6738397 0.707099 0.2554404 0.6593655 0.7070978 0.2955458 0.6423947 0.7070939 0.3345171 0.6229478 0.707131 0.3722472 0.6012034 0.7070973 0.4085536 0.5771448 0.7070983 0.4433085 0.5509001 0.7070973 0.476353 0.5225446 0.7071316 0.5076457 0.4922485 0.7070978 0.5369836 0.4600649 0.707099 0.5642893 0.4261379 0.7070955 0.589455 0.3905855 0.7070968 0.6123823 0.3535581 0.707096 0.6329572 0.3151686 0.7071308 0.6511878 0.2756229 0.7070972 0.6668872 0.2350031 0.7071316 0.6801227 0.1935136 0.7070966 0.6907135 0.1512652 0.7071307 0.6987496 0.1084612 0.7070964 0.7040667 0.06523811 0.707131 0.7067822 0.02178061 0.7070959 0.7067475 -0.0217784 0.7071306 0.7041011 -0.06523913 0.7070965 0.6987474 -0.1084613 0.7070986 0.6907464 -0.1512705 0.7070974 0.6800893 -0.1935029 0.7071317 0.6669207 -0.2350119 0.7070969 0.6511573 -0.2756091 0.7071307 0.6329896 -0.3151818 0.707096 0.6123536 -0.353538 0.7071307 0.5894573 -0.3905818 0.7070969 0.5642873 -0.4261348 0.7070991 0.5369862 -0.4600638 0.7070977 0.5076479 -0.4922462 0.7070979 0.4763787 -0.5225692 0.707096 0.4432896 -0.5508741 0.7071295 0.4085555 -0.5771455 0.7070966 0.372232 -0.6011728 0.7071313 0.3345339 -0.622977 0.7070975 0.2955317 -0.64236 0.7071314 0.2554422 -0.6593664 0.7070964 0.2143554 -0.673808 0.7071312 0.172474 -0.6857597 0.7070971 0.1299254 -0.6950449 0.7071294 0.08690142 -0.701756 0.7070975 0.04353213 -0.7057725 0.7070999 1.97405e-6 -0.7071179 0.7070957 -0.04352891 -0.7057726 0.7070999 -0.08690065 -0.701756 0.7070975 -0.1299247 -0.6950449 0.7071295 -0.1724702 -0.6857607 0.7070971 -0.2143523 -0.6738091 0.7071312 -0.2554415 -0.6593667 0.7070963 -0.295531 -0.6423603 0.7071313 -0.3345332 -0.6229773 0.7070975 -0.3722292 -0.6011745 0.7071314 -0.4085518 -0.5771473 0.7070972 -0.443287 -0.5508762 0.7071295 -0.4763782 -0.5225697 0.707096 -0.5076217 -0.4922253 0.7071312 -0.5369857 -0.4600644 0.7070977 -0.564287 -0.4261353 0.7070991 -0.589455 -0.3905851 0.7070969 -0.6123521 -0.3535408 0.7071307 -0.6329879 -0.3151854 0.7070959 -0.6511561 -0.2756121 0.7071307 -0.6669194 -0.2350157 0.7070971 -0.6800885 -0.193506 0.7071318 -0.6907463 -0.1512712 0.7070974 -0.6987473 -0.1084619 0.7070985 -0.7041007 -0.06524312 0.7070966 -0.7067474 -0.02178162 0.7071306 -0.7067821 0.02177983 0.7070959 -0.7040668 0.06523746 0.7071309 -0.6987497 0.1084604 0.7070963 -0.6907142 0.151262 0.7071307 -0.680123 0.1935129 0.7070965 -0.6668882 0.2350001 0.7071316 -0.651188 0.2756222 0.7070973 -0.6329575 0.315168 0.7071308 -0.6123827 0.3535575 0.707096 -0.5894567 0.3905828 0.7070968 -0.5642898 0.4261373 0.7070956 -0.5369857 0.4600623 0.707099 -0.507648 0.4922452 0.7070985 -0.4763778 0.522567 0.7070984 -0.4433091 0.5508996 0.7070974 -0.4085541 0.5771445 0.7070983 -0.3722478 0.601203 0.7070974 -0.3345178 0.6229475 0.7071311 -0.2955464 0.6423945 0.7070939 -0.2554433 0.6593644 0.7070979 -0.2143628 0.6738395 0.707099 -0.1724737 0.6857563 0.7071005 -0.1299309 0.6950757 0.7070982 0 0 1 0 0 1 0 0 1 0 0 1 0 0 1 0 0 1 0 0 1 0 0 1 0 0 1 0 0 1 0 0 1 0 0 1 0 0 1 0 0 1 0 0 1 0 0 1 0 0 1 0 0 1 0 0 1 0 0 1 0 0 1 0 0 1 0 0 1 0 0 1 0 0 1 0 0 1 0 0 1 0 0 1 0 0 1 0 0 1 0 0 1 0 0 1 0 0 1 0 0 1 0 0 1 0 0 1 0 0 1 0 0 1 0 0 1 0 0 1 0 0 1 0 0 1 0 0 1 0 0 1 0 0 1 0 0 1 0 0 1 0 0 1 0 0 1 0 0 1 0 0 1 0 0 1 0 0 1 0 0 1 0 0 1 0 0 1 0 0 1 0 0 1 0 0 1 0 0 1 0 0 1 0 0 1 0 0 1 0 0 1 0 0 1 0 0 1 0 0 1 0 0 1 0 0 1 0 0 1 0 0 1 0 0 1 0 0 1 0 0 1 0 0 1 0 0 1 0 0 1 0 0 1 0 0 1 0 0 1 0 0 1 0 0 1 0 0 1 -0.1228897 -0.9924204 0 -0.122887 -0.9924207 0 -1.34009e-6 -1 0 1.34009e-6 -1 0 0.122887 -0.9924207 0 0.1228897 -0.9924204 0 0.2439125 -0.9697973 0 0.243915 -0.9697966 0 0.3612406 -0.9324727 0 0.3612431 -0.9324717 0 0.4730923 -0.881013 0 0.4730947 -0.8810116 0 0.5777729 -0.8161976 0 0.5777751 -0.816196 0 0.6736949 -0.7390096 0 0.6736968 -0.7390079 0 0.7594037 -0.6506198 0 0.7594056 -0.6506177 0 0.8336017 -0.5523661 0 0.8336033 -0.5523636 0 0.8951625 -0.4457399 0 0.895164 -0.4457373 0 0.9431542 -0.3323557 0 0.9431551 -0.3323532 0 0.976848 -0.2139349 0 0.9768487 -0.213932 0 0.9957341 -0.09226989 0 0.9957344 -0.09226661 0 0.9995259 0.0307936 0 0.9995257 0.03079634 0 0.9881656 0.1533907 0 0.9881653 0.153393 0 0.9618259 0.273662 0 0.9618254 0.2736641 0 0.9209061 0.3897845 0 0.9209052 0.3897868 0 0.8660259 0.4999991 0 0.8660249 0.500001 0 0.7980178 0.602634 0 0.7980166 0.6026355 0 0.7179129 0.696133 0 0.7179111 0.6961348 0 0.6269246 0.77908 0 0.6269226 0.7790815 0 0.5264334 0.8502164 0 0.5264313 0.8502178 0 0.4179616 0.9084647 0 0.417959 0.9084659 0 0.3031538 0.9529417 0 0.3031513 0.9529426 0 0.1837511 0.9829728 0 0.1837484 0.9829733 0 0.06156241 0.9981033 0 0.06155973 0.9981034 0 -0.06155973 0.9981034 0 -0.06156241 0.9981033 0 -0.1837484 0.9829733 0 -0.1837511 0.9829728 0 -0.3031513 0.9529426 0 -0.3031539 0.9529417 0 -0.417959 0.9084659 0 -0.4179616 0.9084647 0 -0.5264313 0.8502178 0 -0.5264334 0.8502164 0 -0.6269226 0.7790815 0 -0.6269246 0.77908 0 -0.7179111 0.6961349 0 -0.7179129 0.696133 0 -0.7980167 0.6026356 0 -0.7980178 0.602634 0 -0.8660249 0.500001 0 -0.8660259 0.4999991 0 -0.9209052 0.3897868 0 -0.9209061 0.3897846 0 -0.9618254 0.2736641 0 -0.9618259 0.2736621 0 -0.9881653 0.153393 0 -0.9881656 0.1533907 0 -0.9995257 0.03079634 0 -0.9995259 0.0307936 0 -0.9957344 -0.09226661 0 -0.9957341 -0.09226989 0 -0.9768487 -0.213932 0 -0.976848 -0.2139349 0 -0.9431551 -0.3323532 0 -0.9431542 -0.3323557 0 -0.895164 -0.4457373 0 -0.8951625 -0.4457399 0 -0.8336033 -0.5523636 0 -0.8336017 -0.5523661 0 -0.7594056 -0.6506177 0 -0.7594037 -0.6506198 0 -0.6736968 -0.7390079 0 -0.6736949 -0.7390096 0 -0.5777751 -0.816196 0 -0.5777729 -0.8161976 0 -0.4730947 -0.8810116 0 -0.4730922 -0.8810129 0 -0.3612431 -0.9324717 0 -0.3612406 -0.9324727 0 -0.243915 -0.9697966 0 -0.2439124 -0.9697973 0 -0.09229737 0.7010562 0.7071078 -3.93217e-7 0.7071082 0.7071055 -1.60257e-6 0.7071084 0.7071053 0.0922957 0.7010575 0.7071068 0.09229451 0.7010574 0.7071071 0.1830122 0.6830112 0.7071084 0.1830111 0.6830118 0.7071081 0.2705983 0.6532831 0.7071052 0.2705972 0.6532837 0.7071051 0.3535534 0.6123725 0.7071068 0.3535524 0.6123731 0.7071068 0.43046 0.5609866 0.7071055 0.4304593 0.5609875 0.7071052 0.5000023 0.5000024 0.7071035 0.5000012 0.5000033 0.7071036 0.5609855 0.43046 0.7071065 0.5609845 0.4304608 0.7071068 0.6123734 0.353554 0.7071057 0.6123727 0.3535549 0.7071059 0.653281 0.2705985 0.7071072 0.6532805 0.2705995 0.7071072 0.6830137 0.1830134 0.7071057 0.6830134 0.1830145 0.7071057 0.7010578 0.09229624 0.7071064 0.7010576 0.09229731 0.7071065 0.7071071 1.99203e-7 0.7071065 0.7071071 1.36682e-6 0.7071065 0.7010579 -0.0922957 0.7071064 0.701058 -0.09229451 0.7071063 0.6830138 -0.1830126 0.7071058 0.683014 -0.1830114 0.7071059 0.6532813 -0.2705979 0.707107 0.6532818 -0.2705968 0.707107 0.6123732 -0.3535535 0.7071061 0.6123738 -0.3535525 0.7071061 0.5609869 -0.43046 0.7071053 0.5609875 -0.430459 0.7071055 0.5000011 -0.500001 0.7071053 0.5000018 -0.5000001 0.7071055 0.4304603 -0.5609862 0.7071056 0.4304615 -0.5609855 0.7071056 0.3535549 -0.6123738 0.7071049 0.3535559 -0.6123731 0.7071049 0.2705981 -0.6532799 0.7071083 0.2705993 -0.6532797 0.707108 0.1830134 -0.6830141 0.7071053 0.1830146 -0.683014 0.707105 0.09229618 -0.7010562 0.707108 0.09229737 -0.7010562 0.7071078 3.93217e-7 -0.7071082 0.7071055 1.60257e-6 -0.7071084 0.7071053 -0.0922957 -0.7010575 0.7071068 -0.09229451 -0.7010574 0.7071071 -0.1830122 -0.6830112 0.7071084 -0.1830111 -0.6830118 0.7071081 -0.2705983 -0.6532831 0.7071052 -0.2705972 -0.6532837 0.7071051 -0.3535534 -0.6123725 0.7071068 -0.3535524 -0.6123731 0.7071068 -0.43046 -0.5609866 0.7071055 -0.4304593 -0.5609875 0.7071052 -0.5000023 -0.5000024 0.7071035 -0.5000012 -0.5000033 0.7071036 -0.5609855 -0.43046 0.7071065 -0.5609845 -0.4304608 0.7071068 -0.6123734 -0.353554 0.7071057 -0.6123727 -0.3535549 0.7071059 -0.653281 -0.2705985 0.7071072 -0.6532805 -0.2705995 0.7071072 -0.6830137 -0.1830134 0.7071057 -0.6830134 -0.1830145 0.7071057 -0.7010578 -0.09229624 0.7071064 -0.7010576 -0.09229731 0.7071065 -0.7071071 -1.96897e-7 0.7071065 -0.7071071 -1.36192e-6 0.7071065 -0.7010579 0.0922957 0.7071064 -0.701058 0.09229451 0.7071063 -0.6830138 0.1830126 0.7071058 -0.683014 0.1830114 0.7071059 -0.6532813 0.2705979 0.707107 -0.6532818 0.2705968 0.707107 -0.6123732 0.3535535 0.7071061 -0.6123738 0.3535525 0.7071061 -0.5609869 0.43046 0.7071053 -0.5609875 0.430459 0.7071055 -0.5000011 0.500001 0.7071053 -0.5000018 0.5000001 0.7071055 -0.4304603 0.5609862 0.7071056 -0.4304615 0.5609855 0.7071056 -0.3535549 0.6123738 0.7071049 -0.3535559 0.6123731 0.7071049 -0.2705981 0.6532799 0.7071083 -0.2705993 0.6532797 0.707108 -0.1830134 0.6830141 0.7071053 -0.1830146 0.683014 0.707105 -0.09229618 0.7010562 0.707108 0 0 1 0 0 1 0 0 1 0 0 1 0 0 1 0 0 1 0 0 1 0 0 1 0 0 1 0 0 1 0 0 1 0 0 1 0 0 1 0 0 1 0 0 1 0 0 1 0 0 1 0 0 1 0 0 1 0 0 1 0 0 1 0 0 1 0 0 1 0 0 1 0 0 1 0 0 1 0 0 1 0 0 1 0 0 1 0 0 1 0 0 1 0 0 1 0 0 1 0 0 1 0 0 1 0 0 1 0 0 1 0 0 1 0 0 1 0 0 1 0 0 1 0 0 1 0 0 1 0 0 1 0 0 1 0 0 1 0 0 1 0 0 1 0 0 1 0 0 1 0 0 1 0 0 1 0 0 1 0 0 1 0 0 1 0 0 1 0 0 1 0 0 1 0 0 1 0 0 1 0 0 1 0 0 1 0 0 1 0 0 1 0 0 1 0 0 1 0 0 1 0 0 1 0 0 1 0 0 1 0 0 1 0 0 1 0 0 1 0 0 1 0 0 1 -0.1305263 -0.9914448 0 -0.1305259 -0.9914449 0 -2.51927e-7 -1 0 1.71121e-7 -1 0 0.130526 -0.9914449 0 0.1305264 -0.9914448 0 0.2588191 -0.9659259 0 0.2588195 -0.9659258 0 0.3826833 -0.9238796 0 0.3826838 -0.9238795 0 0.4999997 -0.8660256 0 0.5 -0.8660254 0 0.6087616 -0.7933534 0 0.6087619 -0.793353 0 0.7071065 -0.7071071 0 0.7071067 -0.7071069 0 0.7933531 -0.608762 0 0.7933533 -0.6087615 0 0.8660252 -0.5000004 0 0.8660255 -0.4999999 0 0.9238796 -0.3826832 0 0.9238798 -0.3826828 0 0.9659257 -0.2588197 0 0.9659258 -0.2588194 0 0.9914449 -0.1305261 0 0.991445 -0.1305258 0 1 -1.4973e-7 0 1 0 0 0.991445 0.1305257 0 0.9914449 0.130526 0 0.9659258 0.2588195 0 0.9659256 0.2588198 0 0.9238798 0.3826828 0 0.9238796 0.3826832 0 0.8660253 0.5000002 0 0.866025 0.5000007 0 0.7933536 0.6087612 0 0.7933533 0.6087616 0 0.707107 0.7071067 0 0.7071067 0.707107 0 0.6087619 0.793353 0 0.6087616 0.7933534 0 0.5000001 0.8660254 0 0.4999997 0.8660258 0 0.3826835 0.9238795 0 0.3826831 0.9238797 0 0.2588195 0.9659258 0 0.2588191 0.9659258 0 0.1305263 0.9914448 0 0.1305259 0.9914449 0 2.51927e-7 1 0 -1.71121e-7 1 0 -0.130526 0.9914449 0 -0.1305264 0.9914448 0 -0.2588191 0.9659259 0 -0.2588195 0.9659258 0 -0.3826833 0.9238796 0 -0.3826838 0.9238795 0 -0.4999997 0.8660256 0 -0.5 0.8660254 0 -0.6087616 0.7933534 0 -0.6087619 0.793353 0 -0.7071065 0.7071071 0 -0.7071067 0.7071069 0 -0.7933531 0.608762 0 -0.7933533 0.6087615 0 -0.8660252 0.5000004 0 -0.8660255 0.4999999 0 -0.9238796 0.3826832 0 -0.9238798 0.3826828 0 -0.9659257 0.2588197 0 -0.9659258 0.2588194 0 -0.9914449 0.1305261 0 -0.991445 0.1305258 0 -1 1.4973e-7 0 -1 0 0 -0.991445 -0.1305257 0 -0.9914449 -0.130526 0 -0.9659258 -0.2588195 0 -0.9659256 -0.2588198 0 -0.9238798 -0.3826828 0 -0.9238796 -0.3826832 0 -0.8660253 -0.5000002 0 -0.866025 -0.5000007 0 -0.7933536 -0.6087612 0 -0.7933533 -0.6087616 0 -0.707107 -0.7071067 0 -0.7071067 -0.707107 0 -0.6087619 -0.793353 0 -0.6087616 -0.7933534 0 -0.5000001 -0.8660254 0 -0.4999997 -0.8660258 0 -0.3826835 -0.9238795 0 -0.3826831 -0.9238797 0 -0.2588195 -0.9659258 0 -0.2588191 -0.9659258 0 0.1134421 0.697946 0.7071084 0 0.7071081 0.7071055 0 0.7071585 0.7070552 -0.1134421 0.697946 0.7071084 -0.1163537 0.6974812 0.707094 -0.2238901 0.670726 0.7071067 -0.2296465 0.668765 0.7071181 -0.328629 0.6261007 0.7071076 -0.3365427 0.621882 0.7071081 -0.4247594 0.5653039 0.7071145 -0.4343092 0.5580083 0.7071084 -0.5099564 0.4898354 0.7071108 -0.5202542 0.4788969 0.7071021 -0.5819275 0.4016867 0.7071126 -0.5919585 0.3867555 0.7071107 -0.6388269 0.3031371 0.7071126 -0.6475638 0.2840261 0.7070999 -0.6791719 0.1967443 0.707119 -0.6854552 0.1735931 0.7071185 -0.7019489 0.08523112 0.7071092 -0.7046943 0.05838304 0.707105 -0.7065171 -0.02845406 0.7071238 -0.7046858 -0.05838727 0.7071131 -0.6928176 -0.141441 0.7071056 -0.6854721 -0.1735839 0.7071044 -0.6611436 -0.2507174 0.707128 -0.6475598 -0.2840569 0.7070913 -0.6123604 -0.3535336 0.707127 -0.5919779 -0.3867695 0.7070867 -0.5477201 -0.4471943 0.707121 -0.5202389 -0.4789077 0.7071061 -0.4688892 -0.5292528 0.7071311 -0.4343145 -0.5580225 0.707094 -0.3779168 -0.5976271 0.7071215 -0.3365542 -0.6218941 0.707092 -0.2771595 -0.6505098 0.7071207 -0.2295993 -0.6687878 0.7071118 -0.169218 -0.6865461 0.7071208 -0.1163881 -0.6974488 0.7071202 -0.05689847 -0.7047981 0.7071226 1.39419e-6 -0.7071244 0.7070893 0.05690121 -0.7047979 0.7071225 0.1163888 -0.6974487 0.7071203 0.1692186 -0.686546 0.7071207 0.2295978 -0.6687881 0.7071119 0.2771581 -0.6505103 0.7071208 0.3365528 -0.6218945 0.7070922 0.3779153 -0.5976275 0.7071219 0.4343132 -0.5580231 0.7070943 0.4688881 -0.5292536 0.7071313 0.5202379 -0.4789084 0.7071063 0.5477207 -0.447194 0.7071207 0.5919783 -0.3867692 0.7070866 0.6123608 -0.3535333 0.7071269 0.6475602 -0.2840565 0.707091 0.661144 -0.2507171 0.7071278 0.6854724 -0.1735835 0.7071042 0.6928179 -0.1414406 0.7071054 0.7046859 -0.05838698 0.707113 0.7065173 -0.0284537 0.7071236 0.7046945 0.05838334 0.7071048 0.7019491 0.08523148 0.707109 0.6854549 0.1735925 0.707119 0.679172 0.1967446 0.7071188 0.6475636 0.2840256 0.7071003 0.6388267 0.3031365 0.707113 0.5919586 0.3867557 0.7071105 0.5819273 0.4016861 0.7071131 0.520254 0.4788964 0.7071025 0.5099564 0.489835 0.7071112 0.4343094 0.5580086 0.707108 0.4247598 0.5653043 0.7071141 0.3365427 0.6218822 0.707108 0.328629 0.6261008 0.7071074 0.2296466 0.668765 0.707118 0.2238901 0.6707261 0.7071066 0.1163935 0.6974574 0.707111 -0.1604113 0.9870504 0 -0.1604115 0.9870502 0 1.47517e-7 1 0 0 1 0 0.1604114 0.9870502 0 0.1604112 0.9870504 0 0.316668 0.9485365 0 0.3166678 0.9485365 0 0.464723 0.8854562 0 0.4647228 0.8854562 0 0.6007421 0.7994429 0 0.600742 0.799443 0 0.7212028 0.6927241 0 0.7212027 0.6927242 0 0.8229844 0.5680642 0 0.8229842 0.5680643 0 0.9034503 0.4286928 0 0.9034503 0.428693 0 0.9605181 0.2782175 0 0.9605181 0.2782177 0 0.9927089 0.1205368 0 0.9927089 0.120537 0 0.9991891 -0.04026567 0 0.9991891 -0.04026556 0 0.9797906 -0.2000263 0 0.9797906 -0.2000261 0 0.9350163 -0.3546048 0 0.9350164 -0.3546045 0 0.8660253 -0.5000002 0 0.8660255 -0.5 0 0.7746052 -0.6324452 0 0.7746053 -0.632445 0 0.6631224 -0.748511 0 0.6631225 -0.7485109 0 0.5344659 -0.8451901 0 0.5344661 -0.8451901 0 0.3919667 -0.9199795 0 0.3919668 -0.9199793 0 0.2393155 -0.970942 0 0.2393156 -0.9709419 0 0.08046644 -0.9967574 0 0.08046668 -0.9967574 0 -0.0804668 -0.9967574 0 -0.08046656 -0.9967574 0 -0.2393158 -0.9709419 0 -0.2393155 -0.970942 0 -0.3919668 -0.9199793 0 -0.3919666 -0.9199795 0 -0.5344662 -0.8451899 0 -0.5344661 -0.8451901 0 -0.6631223 -0.7485111 0 -0.6631222 -0.7485113 0 -0.7746053 -0.6324452 0 -0.7746051 -0.6324453 0 -0.8660256 -0.4999997 0 -0.8660254 -0.5 0 -0.9350164 -0.3546045 0 -0.9350163 -0.3546048 0 -0.9797906 -0.2000261 0 -0.9797906 -0.2000263 0 -0.9991891 -0.04026561 0 -0.9991891 -0.04026567 0 -0.9927089 0.1205368 0 -0.9927089 0.1205368 0 -0.9605181 0.2782178 0 -0.9605181 0.2782177 0 -0.9034503 0.428693 0 -0.9034503 0.4286928 0 -0.822984 0.5680646 0 -0.8229843 0.5680643 0 -0.7212026 0.6927242 0 -0.7212028 0.6927241 0 -0.6007422 0.7994428 0 -0.6007424 0.7994427 0 -0.4647229 0.8854562 0 -0.4647231 0.8854561 0 -0.3166677 0.9485366 0 -0.3166679 0.9485365 0 0 0 1 0 0 1 0 0 1 0 0 1 0 0 1 0 0 1 0 0 1 0 0 1 0 0 1 0 0 1 0 0 1 0 0 1 0 0 1 0 0 1 0 0 1 0 0 1 0 0 1 0 0 1 0 0 1 0 0 1 0 0 1 0 0 1 0 0 1 0 0 1 0 0 1 0 0 1 0 0 1 0 0 1 0 0 1 0 0 1 0 0 1 0 0 1 0 0 1 0 0 1 0 0 1 0 0 1 0 0 1 0 0 1 0 0 1 0 0 1 0 0 1 0 0 1 0 0 1 0 0 1 0 0 1 0 0 1 0 0 1 0 0 1 0 0 1 0 0 1 0 0 1 0 0 1 0 0 1 0 0 1 0 0 1 0 0 1 0 0 1 0 0 1 0 0 1 -0.1470125 0.6916546 0.7071077 -0.1470161 0.6916541 0.7071075 3.27187e-6 0.7071065 0.7071071 -3.2933e-7 0.7071066 0.707107 0.1470187 0.6916528 0.7071082 0.1470153 0.6916537 0.707108 0.2876092 0.645973 0.7071067 0.2876059 0.6459747 0.7071065 0.4156295 0.572059 0.7071073 0.4156266 0.5720611 0.7071074 0.5254853 0.4731449 0.7071063 0.5254827 0.4731474 0.7071065 0.6123737 0.3535501 0.7071074 0.6123716 0.3535532 0.7071077 0.6724987 0.2185046 0.7071077 0.6724976 0.2185081 0.7071077 0.7032334 0.07390952 0.707107 0.7032331 0.07391315 0.7071069 0.7032329 -0.07391601 0.7071068 0.7032331 -0.0739125 0.707107 0.6724967 -0.2185108 0.7071077 0.6724976 -0.2185074 0.7071078 0.6123701 -0.3535559 0.7071076 0.612372 -0.353553 0.7071074 0.5254812 -0.4731494 0.7071062 0.5254836 -0.4731468 0.7071062 0.4156237 -0.5720629 0.7071075 0.4156267 -0.5720608 0.7071074 0.2876031 -0.6459751 0.7071072 0.2876065 -0.6459739 0.707107 0.1470125 -0.6916546 0.7071077 0.1470161 -0.6916541 0.7071075 -3.27187e-6 -0.7071065 0.7071071 3.2933e-7 -0.7071066 0.707107 -0.1470187 -0.6916528 0.7071082 -0.1470153 -0.6916537 0.707108 -0.2876092 -0.645973 0.7071067 -0.2876059 -0.6459747 0.7071065 -0.4156295 -0.572059 0.7071073 -0.4156266 -0.5720611 0.7071074 -0.5254853 -0.4731449 0.7071063 -0.5254827 -0.4731474 0.7071065 -0.6123737 -0.3535501 0.7071074 -0.6123716 -0.3535532 0.7071077 -0.6724987 -0.2185046 0.7071077 -0.6724975 -0.2185081 0.7071077 -0.7032334 -0.07390958 0.7071069 -0.7032332 -0.07391321 0.7071068 -0.7032328 0.07391601 0.7071069 -0.7032331 0.0739125 0.707107 -0.6724967 0.2185108 0.7071077 -0.6724977 0.2185074 0.7071078 -0.6123701 0.3535559 0.7071076 -0.612372 0.353553 0.7071074 -0.5254812 0.4731494 0.7071062 -0.5254836 0.4731468 0.7071062 -0.4156237 0.5720629 0.7071075 -0.4156267 0.5720608 0.7071074 -0.2876031 0.6459751 0.7071072 -0.2876065 0.6459739 0.707107 -0.2079105 0.9781479 0 -0.2079129 0.9781474 0 1.22573e-6 1 0 -1.22573e-6 1 0 0.2079129 0.9781474 0 0.2079105 0.9781479 0 0.4067376 0.9135451 0 0.4067354 0.9135461 0 0.5877864 0.8090162 0 0.5877844 0.8090176 0 0.7431455 0.6691298 0 0.7431439 0.6691317 0 0.866026 0.4999991 0 0.8660248 0.5000013 0 0.9510571 0.3090154 0 0.9510562 0.3090181 0 0.994522 0.1045271 0 0.9945218 0.1045298 0 0.9945218 -0.1045298 0 0.994522 -0.1045271 0 0.9510562 -0.3090181 0 0.9510571 -0.3090154 0 0.8660248 -0.5000013 0 0.866026 -0.4999991 0 0.7431439 -0.6691317 0 0.7431455 -0.6691298 0 0.5877844 -0.8090176 0 0.5877864 -0.8090162 0 0.4067354 -0.9135461 0 0.4067376 -0.9135451 0 0.2079105 -0.9781479 0 0.2079129 -0.9781474 0 -1.22573e-6 -1 0 1.22573e-6 -1 0 -0.2079129 -0.9781474 0 -0.2079105 -0.9781479 0 -0.4067376 -0.9135451 0 -0.4067354 -0.9135461 0 -0.5877864 -0.8090162 0 -0.5877844 -0.8090176 0 -0.7431455 -0.6691298 0 -0.7431439 -0.6691317 0 -0.866026 -0.4999991 0 -0.8660248 -0.5000013 0 -0.9510571 -0.3090154 0 -0.9510562 -0.3090181 0 -0.994522 -0.1045271 0 -0.9945218 -0.1045298 0 -0.9945218 0.1045298 0 -0.994522 0.1045271 0 -0.9510562 0.3090181 0 -0.9510571 0.3090154 0 -0.8660248 0.5000013 0 -0.866026 0.4999991 0 -0.7431439 0.6691317 0 -0.7431455 0.6691298 0 -0.5877844 0.8090176 0 -0.5877864 0.8090162 0 -0.4067354 0.9135461 0 -0.4067376 0.9135451 0 -0.08362984 0.7021368 0.7071138 -0.04189258 0.7058839 0.7070876 -1.73249e-6 0.707099 0.7071147 0.04188877 0.7058855 0.7070864 0.08362919 0.7021371 0.7071137 0.1250765 0.6959468 0.7071167 0.1660884 0.6873136 0.7071171 0.2065238 0.6762995 0.7070835 0.2462144 0.6628499 0.7071129 0.2850573 0.6471325 0.7070798 0.3228848 0.629072 0.7071166 0.3595991 0.6088691 0.7070834 0.3950153 0.5864756 0.7071133 0.4290619 0.5620415 0.7071176 0.461606 0.535638 0.7071151 0.4925326 0.5073438 0.7071166 0.5217211 0.4772818 0.7071133 0.5490782 0.4455323 0.7071168 0.574507 0.4122287 0.7071134 0.5979478 0.3774825 0.7070823 0.61923 0.3413865 0.7071135 0.6383651 0.3040999 0.7071163 0.655262 0.2657469 0.7071141 0.6698516 0.2264599 0.7071173 0.6820942 0.1863785 0.7071143 0.6919336 0.1456485 0.707117 0.6993499 0.1043986 0.7071144 0.7043028 0.06278902 0.7071175 0.7067892 0.02095043 0.7071139 0.7067878 -0.02094912 0.7071154 0.7043075 -0.06278824 0.7071129 0.699348 -0.1043985 0.7071163 0.6919369 -0.1456484 0.7071139 0.6820921 -0.1863765 0.7071168 0.6698554 -0.2264581 0.7071142 0.6552914 -0.2657578 0.7070828 0.6383679 -0.3040969 0.707115 0.6192576 -0.3413977 0.7070839 0.5979213 -0.3774645 0.7071144 0.5745064 -0.4122241 0.7071166 0.5490831 -0.4455318 0.7071133 0.5217437 -0.4773015 0.7070834 0.4925346 -0.5073427 0.7071161 0.4616078 -0.5356354 0.7071161 0.4290642 -0.5620428 0.7071152 0.3950346 -0.5864973 0.7070847 0.3595854 -0.6088403 0.7071151 0.3228862 -0.6290725 0.7071155 0.2850472 -0.6470988 0.7071148 0.2462176 -0.6628464 0.707115 0.2065177 -0.6762703 0.7071131 0.1660892 -0.687313 0.7071176 0.1250779 -0.6959481 0.7071151 0.08362925 -0.7021343 0.7071165 0.04189085 -0.705859 0.7071127 1.95717e-6 -0.7070999 0.7071136 -0.0418902 -0.705859 0.7071127 -0.08362853 -0.7021343 0.7071165 -0.1250773 -0.6959482 0.7071151 -0.1660885 -0.6873132 0.7071176 -0.2065171 -0.6762706 0.707113 -0.2462139 -0.6628477 0.7071151 -0.285044 -0.6471002 0.7071148 -0.3228856 -0.6290729 0.7071155 -0.3595824 -0.6088421 0.7071152 -0.3950313 -0.5864994 0.7070847 -0.4290637 -0.5620431 0.7071153 -0.4616044 -0.5356374 0.7071167 -0.492532 -0.5073451 0.7071161 -0.5217432 -0.477302 0.7070834 -0.5490809 -0.4455345 0.7071133 -0.5745043 -0.4122276 0.7071162 -0.597921 -0.3774651 0.7071143 -0.6192558 -0.3414012 0.7070839 -0.6383664 -0.3041001 0.7071149 -0.6552913 -0.2657585 0.7070827 -0.6698552 -0.2264587 0.7071142 -0.6820911 -0.1863803 0.7071168 -0.6919367 -0.145649 0.7071139 -0.6993479 -0.1043992 0.7071162 -0.7043072 -0.0627917 0.7071129 -0.7067878 -0.02094978 0.7071154 -0.7067893 0.02094984 0.707114 -0.7043029 0.0627883 0.7071175 -0.6993499 0.104398 0.7071144 -0.6919338 0.1456479 0.707117 -0.6820943 0.1863779 0.7071143 -0.6698526 0.2264562 0.7071174 -0.6552622 0.2657463 0.7071142 -0.6383668 0.3040964 0.7071163 -0.6192317 0.3413835 0.7071135 -0.5979483 0.3774819 0.7070823 -0.5745073 0.4122282 0.7071134 -0.5490809 0.4455292 0.7071167 -0.5217216 0.4772812 0.7071133 -0.4925331 0.5073434 0.7071166 -0.4616086 0.5356358 0.7071151 -0.4290859 0.5620664 0.7070832 -0.3950182 0.5864737 0.7071133 -0.3596025 0.6088672 0.7070834 -0.3228879 0.6290705 0.7071166 -0.2850608 0.6471309 0.7070799 -0.2462177 0.6628486 0.7071129 -0.2065275 0.6762983 0.7070834 -0.1660889 0.6873135 0.7071172 -0.1250864 0.6959801 0.7070822 -0.1182744 0.992981 0 -0.1182718 0.9929814 0 -1.32802e-6 1 0 1.32802e-6 1 0 0.1182718 0.9929814 0 0.1182744 0.992981 0 0.2348849 0.9720233 0 0.2348875 0.9720227 0 0.3482005 0.9374202 0 0.3482029 0.9374192 0 0.456628 0.8896577 0 0.4566304 0.8896566 0 0.5586457 0.8294066 0 0.5586479 0.8294049 0 0.6528211 0.7575122 0 0.6528233 0.7575102 0 0.7378325 0.6749839 0 0.7378344 0.6749818 0 0.8124863 0.5829805 0 0.8124877 0.5829785 0 0.875734 0.4827942 0 0.8757354 0.4827916 0 0.9266892 0.375829 0 0.9266902 0.3758261 0 0.9646353 0.2635883 0 0.964636 0.2635858 0 0.9890401 0.1476473 0 0.9890405 0.147645 0 0.9995608 0.02963459 0 0.999561 0.02963221 0 0.99605 -0.08879482 0 0.9960497 -0.08879721 0 0.9785568 -0.2059774 0 0.9785563 -0.2059795 0 0.9473268 -0.3202686 0 0.9473261 -0.3202709 0 0.9027984 -0.4300642 0 0.9027972 -0.4300665 0 0.8455968 -0.5338222 0 0.8455953 -0.5338247 0 0.7765247 -0.6300868 0 0.776523 -0.6300891 0 0.696552 -0.7175063 0 0.6965504 -0.717508 0 0.6068014 -0.7948536 0 0.6067994 -0.794855 0 0.5085322 -0.8610431 0 0.5085299 -0.8610444 0 0.4031245 -0.9151452 0 0.4031221 -0.9151462 0 0.2920584 -0.9564005 0 0.2920559 -0.9564013 0 0.1768918 -0.9842303 0 0.1768891 -0.9842308 0 0.05924183 -0.9982438 0 0.05923914 -0.9982438 0 -0.05923914 -0.9982438 0 -0.05924183 -0.9982438 0 -0.1768891 -0.9842308 0 -0.1768918 -0.9842303 0 -0.2920559 -0.9564013 0 -0.2920584 -0.9564005 0 -0.4031221 -0.9151462 0 -0.4031245 -0.9151452 0 -0.5085299 -0.8610444 0 -0.5085322 -0.8610431 0 -0.6067994 -0.794855 0 -0.6068014 -0.7948536 0 -0.6965504 -0.717508 0 -0.696552 -0.7175063 0 -0.7765229 -0.630089 0 -0.7765247 -0.6300868 0 -0.8455953 -0.5338247 0 -0.8455968 -0.5338222 0 -0.9027972 -0.4300665 0 -0.9027984 -0.4300642 0 -0.9473261 -0.3202709 0 -0.9473268 -0.3202686 0 -0.9785563 -0.2059795 0 -0.9785568 -0.2059774 0 -0.9960497 -0.08879721 0 -0.99605 -0.08879482 0 -0.999561 0.02963221 0 -0.9995608 0.02963459 0 -0.9890405 0.147645 0 -0.9890401 0.1476473 0 -0.964636 0.2635858 0 -0.9646353 0.2635883 0 -0.9266902 0.3758261 0 -0.9266892 0.375829 0 -0.8757354 0.4827916 0 -0.875734 0.4827942 0 -0.8124877 0.5829785 0 -0.8124863 0.5829805 0 -0.7378344 0.6749818 0 -0.7378325 0.6749839 0 -0.6528233 0.7575102 0 -0.6528211 0.7575122 0 -0.5586479 0.8294049 0 -0.5586457 0.8294066 0 -0.4566304 0.8896566 0 -0.456628 0.8896577 0 -0.3482029 0.9374192 0 -0.3482005 0.9374202 0 -0.2348875 0.9720227 0 -0.2348849 0.9720233 0 0.6370855 -0.3068031 0.7071025 0.6459931 -0.2875829 0.7070991 0.7071228 -4.24741e-7 0.7070909 0.7071067 0 0.7071068 0.6459935 0.2875833 0.7070986 0.4731723 -0.5254763 0.7070945 0.4408656 -0.5528356 0.7071141 0.2185284 -0.6725078 0.7070916 0.1573551 -0.6893853 0.7070978 -0.07390242 -0.7032437 0.7070974 -0.1573487 -0.68938 0.7071045 -0.3535501 -0.6123566 0.7071222 -0.4408677 -0.5528385 0.7071106 -0.5720657 -0.4156409 0.7070951 -0.6370641 -0.3067889 0.707128 -0.6916669 -0.147025 0.7070931 -0.7070915 9.48552e-7 0.7071222 -0.6916668 0.1470254 0.7070931 -0.6370639 0.3067893 0.7071279 -0.5720662 0.4156405 0.707095 -0.4408693 0.5528375 0.7071104 -0.3535497 0.6123567 0.7071223 -0.1573494 0.6893802 0.7071041 -0.07390105 0.7032435 0.7070977 0.1573548 0.6893855 0.7070977 0.2185289 0.6725075 0.7070918 0.4408645 0.5528368 0.7071139 0.4731721 0.5254762 0.7070947 0.6370862 0.306802 0.7071024 0.9009687 -0.4338842 0 0.9009689 -0.4338838 0 1 3.40571e-6 0 1 -3.40571e-6 0 0.9009689 0.4338839 0 0.9009687 0.4338842 0 0.623485 0.7818353 0 0.623485 -0.7818353 0 0.6234937 -0.7818285 0 0.2225147 -0.9749293 0 0.2225276 -0.9749265 0 -0.2225261 -0.9749268 0 -0.2225144 -0.9749295 0 -0.6234949 -0.7818275 0 -0.6234855 -0.781835 0 -0.9009727 -0.4338758 0 -0.9009675 -0.4338867 0 -1 6.02323e-6 0 -1 -6.02323e-6 0 -0.9009674 0.4338867 0 -0.9009727 0.4338757 0 -0.6234855 0.781835 0 -0.623495 0.7818274 0 -0.2225144 0.9749295 0 -0.2225261 0.9749268 0 0.2225276 0.9749265 0 0.2225147 0.9749293 0 0.6234936 0.7818285 0 0 0 1 0 0 1 -1.80209e-7 0 1 0 0 1 -1.44851e-7 0 1 0 0 1 0 0 1 0 0 1 0 0 1 0 0 1 0 0 1 0 0 1 0 0 1 -2.43993e-7 0 1 -1.43863e-7 0 1 0 0 1 -1.8587e-7 0 1 0 0 1 -1.86873e-7 0 1 2.59068e-7 0 1 2.86538e-7 0 1 0 0 1 -2.26762e-7 0 1 -4.84423e-7 0 1 3.62975e-7 0 1 1.98988e-7 0 1 0 0 1 1.50601e-7 0 1 1.81487e-7 0 1 0 0 1 -0.9928224 -0.1195982 0 -0.9928191 -0.1196255 0 -0.9928203 -0.1196155 -6.89714e-6 -0.9928205 -0.1196148 0 0.3928219 -0.9196147 0 0.3928198 -0.9196156 0 0.3928108 -0.9196194 0 0.3928365 -0.9196084 0 -0.9387798 -0.3445179 0 -0.9387798 -0.3445178 0 -0.8345127 -0.5509887 0 -0.8345121 -0.5509896 0 -0.6855956 -0.7279826 0 -0.6855956 -0.7279826 0 -0.4999994 -0.8660259 0 -0.4999995 -0.8660257 0 -0.2876536 -0.9577345 0 -0.2876527 -0.9577349 0 -0.05991649 -0.9982034 0 -0.05991524 -0.9982036 0 0.1710269 -0.9852664 0 0.1710281 -0.9852662 0 0.4649972 -0.8853121 0 0.4649971 -0.8853122 0 0.5342044 -0.8453554 0 0.599986 -0.8000106 0 0.6000005 -0.7999997 -7.83922e-6 -0.9992014 0.03995645 0 -0.9992015 0.03995579 0 -0.9992014 -0.03995645 0 -0.9992015 -0.03995579 0 0.1422595 0.6926591 0.7070966 0 0.7071076 0.707106 0 0.7071309 0.7070828 -0.1423055 0.6926422 0.707104 -0.1470293 0.6916188 0.7071393 -0.2788341 0.6498122 0.7071038 -0.2876127 0.6459628 0.7071145 -0.4039333 0.5803856 0.7071001 -0.4156303 0.572055 0.7071101 -0.5125188 0.4871498 0.7071135 -0.525479 0.4731495 0.7071078 -0.6000825 0.3740245 0.7071116 -0.612371 0.3535431 0.7071132 -0.6630878 0.2455887 0.7071074 -0.6724974 0.2185112 0.7071068 -0.6989496 0.1070865 0.7071082 -0.7032317 0.07391995 0.7071076 -0.7062023 -0.03577834 0.7071056 -0.703218 -0.07395178 0.7071179 -0.6845356 -0.1772188 0.7071101 -0.672503 -0.2184959 0.7071062 -0.634838 -0.3114118 0.7071092 -0.6123637 -0.3535615 0.7071103 -0.5591546 -0.4328317 0.7071089 -0.5254489 -0.4731898 0.7071032 -0.4606136 -0.5364822 0.7071224 -0.4156205 -0.5720686 0.7071048 -0.3431438 -0.6182792 0.7070949 -0.2875854 -0.6459981 0.7070934 -0.2117077 -0.6746272 0.7071478 -0.1469821 -0.6917142 0.7070557 -0.07154995 -0.7034328 0.7071514 0 -0.7071126 0.7071011 0.07154208 -0.7034677 0.7071173 0.1470229 -0.6916457 0.7071143 0.211708 -0.6746273 0.7071476 0.2875853 -0.6459981 0.7070935 0.3431689 -0.6182419 0.7071154 0.4156203 -0.5720685 0.7071049 0.4606136 -0.5364822 0.7071223 0.525478 -0.47315 0.7071081 0.5591776 -0.4327887 0.707117 0.6123639 -0.3535616 0.7071101 0.6348385 -0.3114119 0.7071087 0.6725029 -0.2184958 0.7071064 0.6845358 -0.1772188 0.7071099 0.7032182 -0.07395184 0.7071177 0.7062025 -0.03577834 0.7071055 0.703225 0.07387226 0.7071192 0.6989498 0.1070865 0.7071081 0.6724972 0.2185113 0.7071071 0.6630875 0.2455887 0.7071076 0.6123707 0.3535432 0.7071135 0.6000822 0.3740245 0.7071118 0.5254787 0.4731495 0.707108 0.512519 0.4871499 0.7071135 0.4156304 0.5720549 0.70711 0.4039333 0.5803855 0.7071001 0.28763 0.6459254 0.7071418 0.2788338 0.649812 0.7071041 0.1470186 0.6916546 0.7071064 0.2325002 0.7854591 -0.5735832 0.2852312 0.767898 -0.5735641 0.3217748 0.7533031 -0.5735813 0.3740528 0.7287632 -0.5735754 0.3809142 0.7252018 -0.5735737 0.4375946 0.6924682 -0.5735842 0.4576229 0.679418 -0.5735613 0.4914993 0.655311 -0.5735817 0.534763 0.6205262 -0.5735641 0.5639775 0.5940737 -0.5735903 0.604411 0.5529256 -0.5735509 0.6288874 0.5248288 -0.5736336 0.6655629 0.4775657 -0.5735479 0.685397 0.4486238 -0.573557 0.7173706 0.3954911 -0.5735558 0.7326623 0.3663302 -0.5735924 0.7590996 0.3078604 -0.5735764 0.7701039 0.2791182 -0.5736141 0.7902089 0.2159395 -0.5735329 0.7972337 0.1881949 -0.5735862 0.8101703 0.1209393 -0.5735833 0.8136276 0.09471303 -0.5736197 0.8187932 0.02427142 -0.5735754 0.819163 1.13116e-5 -0.5735608 0.8159356 -0.07273352 -0.5735494 0.8136455 -0.09474569 -0.573589 0.8015789 -0.1687304 -0.5735864 0.7972222 -0.1882085 -0.5735979 0.7760077 -0.2623497 -0.5735719 0.7701218 -0.2791398 -0.5735794 0.7395516 -0.3522898 -0.5735463 0.732648 -0.3663462 -0.5736004 0.6926915 -0.4372838 -0.5735517 0.6854043 -0.4486049 -0.5735632 0.6360814 -0.5161367 -0.5735882 0.6288552 -0.5248759 -0.5736257 0.5706021 -0.5877596 -0.5735435 0.5639694 -0.5940815 -0.5735902 0.4970501 -0.6511065 -0.5735865 0.491509 -0.6553048 -0.5735806 0.4376083 -0.6924687 -0.5735733 0.4165644 -0.7053349 -0.573565 0.3808982 -0.7252078 -0.5735769 0.3302206 -0.7496395 -0.5735809 0.3217566 -0.7533096 -0.5735831 0.2392609 -0.7834686 -0.5735253 0.2324472 -0.7854431 -0.5736267 0.1449294 -0.8063033 -0.5734724 0.140079 -0.8070725 -0.5735958 0.04853028 -0.8177191 -0.5735682 0.04559993 -0.8178069 -0.5736835 -0.04854822 -0.8177657 -0.5735002 -0.04931181 -0.8176687 -0.5735734 -0.1432799 -0.8065182 -0.5735846 -0.1448972 -0.8062568 -0.573546 -0.23552 -0.7845121 -0.5736473 -0.2392774 -0.7835246 -0.5734419 -0.324745 -0.7520059 -0.5736095 -0.3302122 -0.7496301 -0.573598 -0.4095183 -0.7093983 -0.5736278 -0.4165972 -0.7053599 -0.5735104 -0.4888309 -0.6572763 -0.5736133 -0.497059 -0.651108 -0.5735772 -0.5616192 -0.5963269 -0.5735663 -0.57059 -0.5877534 -0.5735618 -0.6267628 -0.5273746 -0.5736241 -0.6360871 -0.5161383 -0.5735805 -0.6835581 -0.4513476 -0.5736147 -0.6926609 -0.4372785 -0.5735926 -0.7312055 -0.3692582 -0.5735738 -0.7395453 -0.3522897 -0.5735545 -0.7690006 -0.2822105 -0.5735813 -0.7759994 -0.2623503 -0.5735828 -0.7964649 -0.1913873 -0.573598 -0.8016001 -0.1687268 -0.5735579 -0.8132618 -0.09801125 -0.5735843 -0.8159195 -0.07274055 -0.5735716 -0.8185051 -0.03272187 -0.5735667 -0.8187931 0.02427095 -0.5735755 -0.8184979 0.03273653 -0.5735762 -0.8132702 0.09803003 -0.5735695 -0.8101849 0.1209478 -0.573561 -0.7964738 0.1913722 -0.5735907 -0.7901924 0.215929 -0.5735598 -0.7690075 0.2822201 -0.5735675 -0.7590993 0.3078604 -0.5735767 -0.7311902 0.3692425 -0.5736034 -0.7173617 0.3954824 -0.573573 -0.6835896 0.451338 -0.5735846 -0.6655634 0.477568 -0.5735453 -0.6268045 0.5273583 -0.5735934 -0.6044025 0.5529149 -0.5735703 -0.5616027 0.5963134 -0.5735965 -0.534761 0.6205234 -0.573569 -0.4888656 0.6572671 -0.5735943 -0.4576182 0.6794077 -0.5735772 -0.4095695 0.7093699 -0.5736264 -0.3740565 0.7287788 -0.5735532 -0.3247762 0.7519853 -0.5736189 -0.2852296 0.7678892 -0.5735767 -0.2356303 0.7845328 -0.5735737 -0.1924117 0.7962396 -0.5735681 -0.1433169 0.8064935 -0.5736101 -0.09688144 0.8134114 -0.5735642 -0.04907834 0.8176573 -0.5736096 5.67059e-7 0.8191314 -0.5736059 0.04582101 0.8178448 -0.5736117 0.09688013 0.8134058 -0.5735724 0.1401001 0.8070826 -0.5735763 0.1924098 0.7962281 -0.5735847 -0.08865815 -0.701502 0.7071313 -0.0867902 -0.7017669 0.7071003 0 -0.7071622 0.7070514 0 -0.7071076 0.7071061 0.08688247 -0.7017499 0.7071057 -0.1724908 -0.6857417 0.7071105 -0.1759135 -0.6848518 0.7071298 -0.2554183 -0.6593657 0.7071057 -0.2602887 -0.6574563 0.7071076 -0.3345273 -0.6229691 0.7071076 -0.3406604 -0.6196327 0.7071109 -0.4085209 -0.5771543 0.7071094 -0.4156616 -0.5720347 0.707108 -0.4763798 -0.5225524 0.7071078 -0.4840499 -0.5154565 0.7071071 -0.5369845 -0.4600532 0.7071059 -0.5448389 -0.4507251 0.7071051 -0.5894414 -0.3905833 0.7071093 -0.5970418 -0.3788756 0.7071029 -0.6329833 -0.3151736 0.7071053 -0.6398113 -0.3010663 0.7071073 -0.6669124 -0.2350057 0.707107 -0.6725122 -0.2184918 0.7070989 -0.690714 -0.1512965 0.7071235 -0.6945968 -0.1324772 0.7070963 -0.7040809 -0.0652498 0.7071156 -0.7057207 -0.04438316 0.7070986 -0.7067574 0.02176207 0.7071213 -0.7057095 0.04440033 0.7071087 -0.6987327 0.1084508 0.7071146 -0.6945829 0.1325052 0.7071047 -0.6801153 0.1935192 0.7071022 -0.6724938 0.218502 0.7071132 -0.6511671 0.275598 0.707126 -0.6398078 0.3010673 0.70711 -0.6123724 0.3535553 0.707106 -0.5970315 0.378897 0.7071 -0.5642721 0.4261102 0.7071259 -0.544835 0.4507192 0.7071118 -0.5076348 0.4922277 0.7071201 -0.4840532 0.5154727 0.707093 -0.4432966 0.5508793 0.7071211 -0.4156301 0.5720634 0.7071033 -0.3722375 0.6011782 0.7071238 -0.340654 0.6196626 0.7070878 -0.2955424 0.6423941 0.7070959 -0.2602993 0.6574524 0.7071073 -0.2143616 0.6738387 0.7071001 -0.1758506 0.684898 0.7071007 -0.1299306 0.6950702 0.7071037 -0.0886206 0.7015352 0.7071031 -0.04353082 0.7057672 0.7071052 -8.23464e-7 0.7070959 0.7071177 0.04352933 0.7057673 0.7071052 0.08862036 0.7015353 0.707103 0.1299303 0.6950702 0.7071037 0.1758503 0.6848979 0.7071008 0.2143613 0.6738388 0.7071001 0.2603003 0.6574521 0.7071072 0.2955374 0.6423606 0.7071285 0.3406483 0.6196289 0.7071202 0.3722383 0.6011779 0.7071236 0.415631 0.572063 0.7071031 0.4432963 0.5508794 0.7071211 0.4840529 0.5154728 0.7070931 0.5076355 0.4922273 0.70712 0.5448347 0.4507194 0.7071118 0.5642719 0.4261103 0.7071261 0.5970311 0.3788971 0.7071003 0.6123721 0.3535554 0.7071061 0.6398077 0.3010675 0.7071102 0.6511838 0.2756316 0.7070976 0.6724936 0.2185021 0.7071133 0.6801151 0.1935194 0.7071023 0.6945827 0.1325054 0.7071048 0.6987326 0.108451 0.7071147 0.7057095 0.04440045 0.7071088 0.7067573 0.02176219 0.7071214 0.7057207 -0.04438304 0.7070987 0.7040813 -0.06525027 0.7071153 0.6945966 -0.1324771 0.7070965 0.6907417 -0.1512644 0.7071032 0.6724836 -0.2185252 0.7071157 0.6669124 -0.235006 0.7071067 0.6398113 -0.3010666 0.707107 0.6329832 -0.3151733 0.7071055 0.5970418 -0.3788755 0.7071029 0.5894416 -0.3905837 0.7071089 0.5448389 -0.450725 0.7071051 0.5369846 -0.4600532 0.7071058 0.48405 -0.5154565 0.707107 0.4763796 -0.522552 0.7071081 0.4156616 -0.5720347 0.7071081 0.4085208 -0.5771542 0.7071095 0.3406603 -0.6196327 0.707111 0.3345271 -0.6229687 0.7071079 0.2603282 -0.6574322 0.7071154 0.2554184 -0.6593657 0.7071057 0.1759136 -0.6848517 0.7071298 0.1724465 -0.6857566 0.7071069 0.08872741 -0.7014527 0.7071716 0 0 1 0 0 1 0 0 1 0 0 1 0 0 1 0 0 1 2.51638e-7 0 1 0 0 1 0 0 1 0 0 1 0 0 1 0 0 1 0 0 1 0 0 1 0 0 1 0 0 1 0 0 1 0 0 1 0 0 1 0 0 1 0 0 1 0 0 1 0 0 1 0 0 1 0 0 1 0 0 1 0 0 1 0 0 1 0 0 1 0 0 1 0 0 1 0 0 1 0 0 1 0 0 1 0 0 1 0 0 1 0 0 1 0 0 1 0 0 1 0 0 1 0 0 1 0 0 1 0 0 1 0 0 1 0 0 1 0 0 1 0 0 1 0 0 1 0 0 1 0 0 1 0 0 1 0 0 1 0 0 1 0 0 1 0 0 1 0 0 1 0 0 1 0 0 1 0 0 1 0 0 1 0 0 1 0 0 1 0 0 1 0 0 1 0 0 1 0 0 1 0 0 1 0 0 1 0 0 1 0 0 1 0 0 1 0 0 1 0 0 1 0 0 1 0 0 1 0 0 1 0 0 1 0 0 1 0 0 1 0 0 1 0 0 1 0 0 1 -2.51638e-7 0 1 0 0 1 0 0 1</float_array>
          <technique_common>
            <accessor source="#S7_BOTTOM_BEARING_CASING-mesh-normals-array" count="2843" stride="3">
              <param name="X" type="float"/>
              <param name="Y" type="float"/>
              <param name="Z" type="float"/>
            </accessor>
          </technique_common>
        </source>
        <source id="S7_BOTTOM_BEARING_CASING-mesh-map-0">
          <float_array id="S7_BOTTOM_BEARING_CASING-mesh-map-0-array" count="18816">0.01414197 0.342957 -0.01414197 0 0.01414197 0 0.01414197 0 -0.01414197 0 -0.01414197 -0.342957 0.01414197 0 -0.01414197 -0.342957 0.01414197 -0.342957 0.01414197 -0.342957 -0.01414197 -0.342957 -0.01414197 -0.685914 0.01414197 -0.342957 -0.01414197 -0.685914 0.01414197 -0.685914 0.01414197 -0.685914 -0.01414197 -0.685914 -0.01414197 -1.028872 0.01414197 -0.685914 -0.01414197 -1.028872 0.01414197 -1.028872 0.01414197 -1.028872 -0.01414197 -1.028872 -0.01414197 -1.371829 0.01414197 -1.028872 -0.01414197 -1.371829 0.01414197 -1.371829 0.01414197 -1.371829 -0.01414197 -1.371829 -0.01414197 -1.714786 0.01414197 -1.371829 -0.01414197 -1.714786 0.01414197 -1.714786 0.01414197 -1.714786 -0.01414197 -1.714786 -0.01414197 -2.057743 0.01414197 -1.714786 -0.01414197 -2.057743 0.01414197 -2.057743 0.01414197 -2.057743 -0.01414197 -2.057743 -0.01414197 -2.4007 0.01414197 -2.057743 -0.01414197 -2.4007 0.01414197 -2.4007 0.01414197 -2.4007 -0.01414197 -2.4007 -0.01414197 -2.743658 0.01414197 -2.4007 -0.01414197 -2.743658 0.01414197 -2.743658 0.01414197 -2.743658 -0.01414197 -2.743658 -0.01414197 -3.086615 0.01414197 -2.743658 -0.01414197 -3.086615 0.01414197 -3.086615 0.01414197 -3.086615 -0.01414197 -3.086615 -0.01414197 -3.429572 0.01414197 -3.086615 -0.01414197 -3.429572 0.01414197 -3.429572 0.01414197 -3.429572 -0.01414197 -3.429572 -0.01414197 -3.772529 0.01414197 -3.429572 -0.01414197 -3.772529 0.01414197 -3.772529 0.01414197 -3.772529 -0.01414197 -3.772529 -0.01414197 -4.115486 0.01414197 -3.772529 -0.01414197 -4.115486 0.01414197 -4.115486 0.01414197 -4.115486 -0.01414197 -4.115486 -0.01414197 -4.458444 0.01414197 -4.115486 -0.01414197 -4.458444 0.01414197 -4.458444 0.01414197 -4.458444 -0.01414197 -4.458444 -0.01414197 -4.801401 0.01414197 -4.458444 -0.01414197 -4.801401 0.01414197 -4.801401 0.01414197 -4.801401 -0.01414197 -4.801401 -0.01414197 -5.144358 0.01414197 -4.801401 -0.01414197 -5.144358 0.01414197 -5.144358 0.01414197 -5.144358 -0.01414197 -5.144358 -0.01414197 -5.487315 0.01414197 -5.144358 -0.01414197 -5.487315 0.01414197 -5.487315 0.01414197 -5.487315 -0.01414197 -5.487315 -0.01414197 -5.830272 0.01414197 -5.487315 -0.01414197 -5.830272 0.01414197 -5.830272 0.01414197 -5.830272 -0.01414197 -5.830272 -0.01414197 -6.173229 0.01414197 -5.830272 -0.01414197 -6.173229 0.01414197 -6.173229 0.01414197 -6.173229 -0.01414197 -6.173229 -0.01414197 -6.516186 0.01414197 -6.173229 -0.01414197 -6.516186 0.01414197 -6.516186 0.01414197 -6.516186 -0.01414197 -6.516186 -0.01414197 -6.859144 0.01414197 -6.516186 -0.01414197 -6.859144 0.01414197 -6.859144 0.01414197 -6.859144 -0.01414197 -6.859144 -0.01414197 -7.202101 0.01414197 -6.859144 -0.01414197 -7.202101 0.01414197 -7.202101 0.01414197 -7.202101 -0.01414197 -7.202101 -0.01414197 -7.545058 0.01414197 -7.202101 -0.01414197 -7.545058 0.01414197 -7.545058 0.01414197 -7.545058 -0.01414197 -7.545058 -0.01414197 -7.888015 0.01414197 -7.545058 -0.01414197 -7.888015 0.01414197 -7.888015 0.01414197 -7.888015 -0.01414197 -7.888015 -0.01414197 -8.230973 0.01414197 -7.888015 -0.01414197 -8.230973 0.01414197 -8.230973 0.01414197 8.230973 -0.01414197 8.230973 -0.01414197 7.888015 0.01414197 8.230973 -0.01414197 7.888015 0.01414197 7.888015 0.01414197 7.888015 -0.01414197 7.888015 -0.01414197 7.545058 0.01414197 7.888015 -0.01414197 7.545058 0.01414197 7.545058 0.01414197 7.545058 -0.01414197 7.545058 -0.01414197 7.202101 0.01414197 7.545058 -0.01414197 7.202101 0.01414197 7.202101 0.01414197 7.202101 -0.01414197 7.202101 -0.01414197 6.859144 0.01414197 7.202101 -0.01414197 6.859144 0.01414197 6.859144 0.01414197 6.859144 -0.01414197 6.859144 -0.01414197 6.516186 0.01414197 6.859144 -0.01414197 6.516186 0.01414197 6.516186 0.01414197 6.516186 -0.01414197 6.516186 -0.01414197 6.173229 0.01414197 6.516186 -0.01414197 6.173229 0.01414197 6.173229 0.01414197 6.173229 -0.01414197 6.173229 -0.01414197 5.830272 0.01414197 6.173229 -0.01414197 5.830272 0.01414197 5.830272 0.01414197 5.830272 -0.01414197 5.830272 -0.01414197 5.487315 0.01414197 5.830272 -0.01414197 5.487315 0.01414197 5.487315 0.01414197 5.487315 -0.01414197 5.487315 -0.01414197 5.144358 0.01414197 5.487315 -0.01414197 5.144358 0.01414197 5.144358 0.01414197 5.144358 -0.01414197 5.144358 -0.01414197 4.801401 0.01414197 5.144358 -0.01414197 4.801401 0.01414197 4.801401 0.01414197 4.801401 -0.01414197 4.801401 -0.01414197 4.458444 0.01414197 4.801401 -0.01414197 4.458444 0.01414197 4.458444 0.01414197 4.458444 -0.01414197 4.458444 -0.01414197 4.115486 0.01414197 4.458444 -0.01414197 4.115486 0.01414197 4.115486 0.01414197 4.115486 -0.01414197 4.115486 -0.01414197 3.772529 0.01414197 4.115486 -0.01414197 3.772529 0.01414197 3.772529 0.01414197 3.772529 -0.01414197 3.772529 -0.01414197 3.429572 0.01414197 3.772529 -0.01414197 3.429572 0.01414197 3.429572 0.01414197 3.429572 -0.01414197 3.429572 -0.01414197 3.086615 0.01414197 3.429572 -0.01414197 3.086615 0.01414197 3.086615 0.01414197 3.086615 -0.01414197 3.086615 -0.01414197 2.743658 0.01414197 3.086615 -0.01414197 2.743658 0.01414197 2.743658 0.01414197 2.743658 -0.01414197 2.743658 -0.01414197 2.4007 0.01414197 2.743658 -0.01414197 2.4007 0.01414197 2.4007 0.01414197 2.4007 -0.01414197 2.4007 -0.01414197 2.057743 0.01414197 2.4007 -0.01414197 2.057743 0.01414197 2.057743 0.01414197 2.057743 -0.01414197 2.057743 -0.01414197 1.714786 0.01414197 2.057743 -0.01414197 1.714786 0.01414197 1.714786 0.01414197 1.714786 -0.01414197 1.714786 -0.01414197 1.371829 0.01414197 1.714786 -0.01414197 1.371829 0.01414197 1.371829 0.01414197 1.371829 -0.01414197 1.371829 -0.01414197 1.028872 0.01414197 1.371829 -0.01414197 1.028872 0.01414197 1.028872 0.01414197 1.028872 -0.01414197 1.028872 -0.01414197 0.685914 0.01414197 1.028872 -0.01414197 0.685914 0.01414197 0.685914 0.01414197 0.685914 -0.01414197 0.685914 -0.01414197 0.342957 0.01414197 0.685914 -0.01414197 0.342957 0.01414197 0.342957 0.01414197 0.342957 -0.01414197 0.342957 -0.01414197 0 -0.04999995 7.857909 0.02999997 7.857909 -0.04999995 8.199557 -0.04999995 8.199557 0.02999997 7.857909 0.02999997 8.199557 -0.04999995 -8.199557 0.02999997 -8.199557 -0.04999995 -7.857909 -0.04999995 -7.857909 0.02999997 -8.199557 0.02999997 -7.857909 -0.04999995 -7.857909 0.02999997 -7.857909 -0.04999995 -7.51626 -0.04999995 -7.51626 0.02999997 -7.857909 0.02999997 -7.51626 -0.04999995 -7.51626 0.02999997 -7.51626 -0.04999995 -7.174612 -0.04999995 -7.174612 0.02999997 -7.51626 0.02999997 -7.174612 -0.04999995 -7.174612 0.02999997 -7.174612 -0.04999995 -6.832963 -0.04999995 -6.832963 0.02999997 -7.174612 0.02999997 -6.832963 -0.04999995 -6.832963 0.02999997 -6.832963 -0.04999995 -6.491315 -0.04999995 -6.491315 0.02999997 -6.832963 0.02999997 -6.491315 -0.04999995 -6.491315 0.02999997 -6.491315 -0.04999995 -6.149667 -0.04999995 -6.149667 0.02999997 -6.491315 0.02999997 -6.149667 -0.04999995 -6.149667 0.02999997 -6.149667 -0.04999995 -5.808019 -0.04999995 -5.808019 0.02999997 -6.149667 0.02999997 -5.808019 -0.04999995 -5.808019 0.02999997 -5.808019 -0.04999995 -5.466371 -0.04999995 -5.466371 0.02999997 -5.808019 0.02999997 -5.466371 -0.04999995 -5.466371 0.02999997 -5.466371 -0.04999995 -5.124723 -0.04999995 -5.124723 0.02999997 -5.466371 0.02999997 -5.124723 -0.04999995 -5.124723 0.02999997 -5.124723 -0.04999995 -4.783074 -0.04999995 -4.783074 0.02999997 -5.124723 0.02999997 -4.783074 -0.04999995 -4.783074 0.02999997 -4.783074 -0.04999995 -4.441426 -0.04999995 -4.441426 0.02999997 -4.783074 0.02999997 -4.441426 -0.04999995 -4.441426 0.02999997 -4.441426 -0.04999995 -4.099778 -0.04999995 -4.099778 0.02999997 -4.441426 0.02999997 -4.099778 -0.04999995 -4.099778 0.02999997 -4.099778 -0.04999995 -3.75813 -0.04999995 -3.75813 0.02999997 -4.099778 0.02999997 -3.75813 -0.04999995 -3.75813 0.02999997 -3.75813 -0.04999995 -3.416482 -0.04999995 -3.416482 0.02999997 -3.75813 0.02999997 -3.416482 -0.04999995 -3.416482 0.02999997 -3.416482 -0.04999995 -3.074834 -0.04999995 -3.074834 0.02999997 -3.416482 0.02999997 -3.074834 -0.04999995 -3.074834 0.02999997 -3.074834 -0.04999995 -2.733186 -0.04999995 -2.733186 0.02999997 -3.074834 0.02999997 -2.733186 -0.04999995 -2.733186 0.02999997 -2.733186 -0.04999995 -2.391537 -0.04999995 -2.391537 0.02999997 -2.733186 0.02999997 -2.391537 -0.04999995 -2.391537 0.02999997 -2.391537 -0.04999995 -2.049889 -0.04999995 -2.049889 0.02999997 -2.391537 0.02999997 -2.049889 -0.04999995 -2.049889 0.02999997 -2.049889 -0.04999995 -1.708241 -0.04999995 -1.708241 0.02999997 -2.049889 0.02999997 -1.708241 -0.04999995 -1.708241 0.02999997 -1.708241 -0.04999995 -1.366593 -0.04999995 -1.366593 0.02999997 -1.708241 0.02999997 -1.366593 -0.04999995 -1.366593 0.02999997 -1.366593 -0.04999995 -1.024945 -0.04999995 -1.024945 0.02999997 -1.366593 0.02999997 -1.024945 -0.04999995 -1.024945 0.02999997 -1.024945 -0.04999995 -0.683296 -0.04999995 -0.683296 0.02999997 -1.024945 0.02999997 -0.683296 -0.04999995 -0.683296 0.02999997 -0.683296 -0.04999995 -0.341648 -0.04999995 -0.341648 0.02999997 -0.683296 0.02999997 -0.341648 -0.04999995 -0.341648 0.02999997 -0.341648 -0.04999995 0 -0.04999995 0 0.02999997 -0.341648 0.02999997 0 -0.04999995 0 0.02999997 0 -0.04999995 0.341648 -0.04999995 0.341648 0.02999997 0 0.02999997 0.341648 -0.04999995 0.341648 0.02999997 0.341648 -0.04999995 0.683296 -0.04999995 0.683296 0.02999997 0.341648 0.02999997 0.683296 -0.04999995 0.683296 0.02999997 0.683296 -0.04999995 1.024945 -0.04999995 1.024945 0.02999997 0.683296 0.02999997 1.024945 -0.04999995 1.024945 0.02999997 1.024945 -0.04999995 1.366593 -0.04999995 1.366593 0.02999997 1.024945 0.02999997 1.366593 -0.04999995 1.366593 0.02999997 1.366593 -0.04999995 1.708241 -0.04999995 1.708241 0.02999997 1.366593 0.02999997 1.708241 -0.04999995 1.708241 0.02999997 1.708241 -0.04999995 2.049889 -0.04999995 2.049889 0.02999997 1.708241 0.02999997 2.049889 -0.04999995 2.049889 0.02999997 2.049889 -0.04999995 2.391537 -0.04999995 2.391537 0.02999997 2.049889 0.02999997 2.391537 -0.04999995 2.391537 0.02999997 2.391537 -0.04999995 2.733186 -0.04999995 2.733186 0.02999997 2.391537 0.02999997 2.733186 -0.04999995 2.733186 0.02999997 2.733186 -0.04999995 3.074834 -0.04999995 3.074834 0.02999997 2.733186 0.02999997 3.074834 -0.04999995 3.074834 0.02999997 3.074834 -0.04999995 3.416482 -0.04999995 3.416482 0.02999997 3.074834 0.02999997 3.416482 -0.04999995 3.416482 0.02999997 3.416482 -0.04999995 3.75813 -0.04999995 3.75813 0.02999997 3.416482 0.02999997 3.75813 -0.04999995 3.75813 0.02999997 3.75813 -0.04999995 4.099778 -0.04999995 4.099778 0.02999997 3.75813 0.02999997 4.099778 -0.04999995 4.099778 0.02999997 4.099778 -0.04999995 4.441426 -0.04999995 4.441426 0.02999997 4.099778 0.02999997 4.441426 -0.04999995 4.441426 0.02999997 4.441426 -0.04999995 4.783074 -0.04999995 4.783074 0.02999997 4.441426 0.02999997 4.783074 -0.04999995 4.783074 0.02999997 4.783074 -0.04999995 5.124723 -0.04999995 5.124723 0.02999997 4.783074 0.02999997 5.124723 -0.04999995 5.124723 0.02999997 5.124723 -0.04999995 5.466371 -0.04999995 5.466371 0.02999997 5.124723 0.02999997 5.466371 -0.04999995 5.466371 0.02999997 5.466371 -0.04999995 5.808019 -0.04999995 5.808019 0.02999997 5.466371 0.02999997 5.808019 -0.04999995 5.808019 0.02999997 5.808019 -0.04999995 6.149667 -0.04999995 6.149667 0.02999997 5.808019 0.02999997 6.149667 -0.04999995 6.149667 0.02999997 6.149667 -0.04999995 6.491315 -0.04999995 6.491315 0.02999997 6.149667 0.02999997 6.491315 -0.04999995 6.491315 0.02999997 6.491315 -0.04999995 6.832963 -0.04999995 6.832963 0.02999997 6.491315 0.02999997 6.832963 -0.04999995 6.832963 0.02999997 6.832963 -0.04999995 7.174612 -0.04999995 7.174612 0.02999997 6.832963 0.02999997 7.174612 -0.04999995 7.174612 0.02999997 7.174612 -0.04999995 7.51626 -0.04999995 7.51626 0.02999997 7.174612 0.02999997 7.51626 -0.04999995 7.51626 0.02999997 7.51626 -0.04999995 7.857909 -0.04999995 7.857909 0.02999997 7.51626 0.02999997 7.857909 -0.01414197 -0.278716 0.01414197 0 -0.01414197 0 -0.01414197 0 0.01414197 0 0.01414197 0.278716 -0.01414197 0 0.01414197 0.278716 -0.01414197 0.278716 -0.01414197 0.278716 0.01414197 0.278716 0.01414197 0.557431 -0.01414197 0.278716 0.01414197 0.557431 -0.01414197 0.557431 -0.01414197 0.557431 0.01414197 0.557431 0.01414197 0.836147 -0.01414197 0.557431 0.01414197 0.836147 -0.01414197 0.836147 -0.01414197 0.836147 0.01414197 0.836147 0.01414197 1.114863 -0.01414197 0.836147 0.01414197 1.114863 -0.01414197 1.114863 -0.01414197 1.114863 0.01414197 1.114863 0.01414197 1.393578 -0.01414197 1.114863 0.01414197 1.393578 -0.01414197 1.393578 -0.01414197 1.393578 0.01414197 1.393578 0.01414197 1.672294 -0.01414197 1.393578 0.01414197 1.672294 -0.01414197 1.672294 -0.01414197 1.672294 0.01414197 1.672294 0.01414197 1.95101 -0.01414197 1.672294 0.01414197 1.95101 -0.01414197 1.95101 -0.01414197 1.95101 0.01414197 1.95101 0.01414197 2.229725 -0.01414197 1.95101 0.01414197 2.229725 -0.01414197 2.229725 -0.01414197 2.229725 0.01414197 2.229725 0.01414197 2.508441 -0.01414197 2.229725 0.01414197 2.508441 -0.01414197 2.508441 -0.01414197 2.508441 0.01414197 2.508441 0.01414197 2.787157 -0.01414197 2.508441 0.01414197 2.787157 -0.01414197 2.787157 -0.01414197 2.787157 0.01414197 2.787157 0.01414197 3.065872 -0.01414197 2.787157 0.01414197 3.065872 -0.01414197 3.065872 -0.01414197 3.065872 0.01414197 3.065872 0.01414197 3.344588 -0.01414197 3.065872 0.01414197 3.344588 -0.01414197 3.344588 -0.01414197 3.344588 0.01414197 3.344588 0.01414197 3.623304 -0.01414197 3.344588 0.01414197 3.623304 -0.01414197 3.623304 -0.01414197 3.623304 0.01414197 3.623304 0.01414197 3.902019 -0.01414197 3.623304 0.01414197 3.902019 -0.01414197 3.902019 -0.01414197 3.902019 0.01414197 3.902019 0.01414197 4.180735 -0.01414197 3.902019 0.01414197 4.180735 -0.01414197 4.180735 -0.01414197 4.180735 0.01414197 4.180735 0.01414197 4.459451 -0.01414197 4.180735 0.01414197 4.459451 -0.01414197 4.459451 -0.01414197 4.459451 0.01414197 4.459451 0.01414197 4.738166 -0.01414197 4.459451 0.01414197 4.738166 -0.01414197 4.738166 -0.01414197 4.738166 0.01414197 4.738166 0.01414197 5.016882 -0.01414197 4.738166 0.01414197 5.016882 -0.01414197 5.016882 -0.01414197 5.016882 0.01414197 5.016882 0.01414197 5.295598 -0.01414197 5.016882 0.01414197 5.295598 -0.01414197 5.295598 -0.01414197 5.295598 0.01414197 5.295598 0.01414197 5.574314 -0.01414197 5.295598 0.01414197 5.574314 -0.01414197 5.574313 -0.01414197 -5.295598 0.01414197 -5.295598 0.01414197 -5.016882 -0.01414197 -5.295598 0.01414197 -5.016882 -0.01414197 -5.016882 -0.01414197 -5.016882 0.01414197 -5.016882 0.01414197 -4.738166 -0.01414197 -5.016882 0.01414197 -4.738166 -0.01414197 -4.738166 -0.01414197 -4.738166 0.01414197 -4.738166 0.01414197 -4.459451 -0.01414197 -4.738166 0.01414197 -4.459451 -0.01414197 -4.459451 -0.01414197 -4.459451 0.01414197 -4.459451 0.01414197 -4.180735 -0.01414197 -4.459451 0.01414197 -4.180735 -0.01414197 -4.180735 -0.01414197 -4.180735 0.01414197 -4.180735 0.01414197 -3.902019 -0.01414197 -4.180735 0.01414197 -3.902019 -0.01414197 -3.902019 -0.01414197 -3.902019 0.01414197 -3.902019 0.01414197 -3.623304 -0.01414197 -3.902019 0.01414197 -3.623304 -0.01414197 -3.623304 -0.01414197 -3.623304 0.01414197 -3.623304 0.01414197 -3.344588 -0.01414197 -3.623304 0.01414197 -3.344588 -0.01414197 -3.344588 -0.01414197 -3.344588 0.01414197 -3.344588 0.01414197 -3.065872 -0.01414197 -3.344588 0.01414197 -3.065872 -0.01414197 -3.065872 -0.01414197 -3.065872 0.01414197 -3.065872 0.01414197 -2.787157 -0.01414197 -3.065872 0.01414197 -2.787157 -0.01414197 -2.787157 -0.01414197 -2.787157 0.01414197 -2.787157 0.01414197 -2.508441 -0.01414197 -2.787157 0.01414197 -2.508441 -0.01414197 -2.508441 -0.01414197 -2.508441 0.01414197 -2.508441 0.01414197 -2.229725 -0.01414197 -2.508441 0.01414197 -2.229725 -0.01414197 -2.229725 -0.01414197 -2.229725 0.01414197 -2.229725 0.01414197 -1.95101 -0.01414197 -2.229725 0.01414197 -1.95101 -0.01414197 -1.95101 -0.01414197 -1.95101 0.01414197 -1.95101 0.01414197 -1.672294 -0.01414197 -1.95101 0.01414197 -1.672294 -0.01414197 -1.672294 -0.01414197 -1.672294 0.01414197 -1.672294 0.01414197 -1.393578 -0.01414197 -1.672294 0.01414197 -1.393578 -0.01414197 -1.393578 -0.01414197 -1.393578 0.01414197 -1.393578 0.01414197 -1.114863 -0.01414197 -1.393578 0.01414197 -1.114863 -0.01414197 -1.114863 -0.01414197 -1.114863 0.01414197 -1.114863 0.01414197 -0.836147 -0.01414197 -1.114863 0.01414197 -0.836147 -0.01414197 -0.836147 -0.01414197 -0.836147 0.01414197 -0.836147 0.01414197 -0.557431 -0.01414197 -0.836147 0.01414197 -0.557431 -0.01414197 -0.557431 -0.01414197 -0.557431 0.01414197 -0.557431 0.01414197 -0.278716 -0.01414197 -0.557431 0.01414197 -0.278716 -0.01414197 -0.278716 -0.01414197 -0.278716 0.01414197 -0.278716 0.01414197 0 0.04999995 -5.186045 -0.02999997 -5.186045 0.04999995 -5.466372 0.04999995 -5.466372 -0.02999997 -5.186045 -0.02999997 -5.466372 0.04999995 5.466372 -0.02999997 5.466372 0.04999995 5.186045 0.04999995 5.186045 -0.02999997 5.466372 -0.02999997 5.186045 0.04999995 5.186045 -0.02999997 5.186045 0.04999995 4.905718 0.04999995 4.905718 -0.02999997 5.186045 -0.02999997 4.905718 0.04999995 4.905718 -0.02999997 4.905718 0.04999995 4.625391 0.04999995 4.625391 -0.02999997 4.905718 -0.02999997 4.625391 0.04999995 4.625391 -0.02999997 4.625391 0.04999995 4.345064 0.04999995 4.345064 -0.02999997 4.625391 -0.02999997 4.345064 0.04999995 4.345064 -0.02999997 4.345064 0.04999995 4.064737 0.04999995 4.064737 -0.02999997 4.345064 -0.02999997 4.064737 0.04999995 4.064737 -0.02999997 4.064737 0.04999995 3.784411 0.04999995 3.784411 -0.02999997 4.064737 -0.02999997 3.784411 0.04999995 3.784411 -0.02999997 3.784411 0.04999995 3.504084 0.04999995 3.504084 -0.02999997 3.784411 -0.02999997 3.504084 0.04999995 3.504084 -0.02999997 3.504084 0.04999995 3.223757 0.04999995 3.223757 -0.02999997 3.504084 -0.02999997 3.223757 0.04999995 3.223757 -0.02999997 3.223757 0.04999995 2.943431 0.04999995 2.943431 -0.02999997 3.223757 -0.02999997 2.943431 0.04999995 2.943431 -0.02999997 2.943431 0.04999995 2.663104 0.04999995 2.663104 -0.02999997 2.943431 -0.02999997 2.663104 0.04999995 2.663104 -0.02999997 2.663104 0.04999995 2.382777 0.04999995 2.382777 -0.02999997 2.663104 -0.02999997 2.382777 0.04999995 2.382777 -0.02999997 2.382777 0.04999995 2.102451 0.04999995 2.102451 -0.02999997 2.382777 -0.02999997 2.102451 0.04999995 2.102451 -0.02999997 2.102451 0.04999995 1.822124 0.04999995 1.822124 -0.02999997 2.102451 -0.02999997 1.822124 0.04999995 1.822124 -0.02999997 1.822124 0.04999995 1.541797 0.04999995 1.541797 -0.02999997 1.822124 -0.02999997 1.541797 0.04999995 1.541797 -0.02999997 1.541797 0.04999995 1.26147 0.04999995 1.26147 -0.02999997 1.541797 -0.02999997 1.26147 0.04999995 1.26147 -0.02999997 1.26147 0.04999995 0.981144 0.04999995 0.981144 -0.02999997 1.26147 -0.02999997 0.981144 0.04999995 0.981144 -0.02999997 0.981144 0.04999995 0.700817 0.04999995 0.700817 -0.02999997 0.981144 -0.02999997 0.700817 0.04999995 0.700817 -0.02999997 0.700817 0.04999995 0.42049 0.04999995 0.42049 -0.02999997 0.700817 -0.02999997 0.42049 0.04999995 0.42049 -0.02999997 0.42049 0.04999995 0.140163 0.04999995 0.140163 -0.02999997 0.42049 -0.02999997 0.140163 0.04999995 0.140163 -0.02999997 0.140163 0.04999995 -0.140163 0.04999995 -0.140163 -0.02999997 0.140163 -0.02999997 -0.140163 0.04999995 -0.140163 -0.02999997 -0.140163 0.04999995 -0.42049 0.04999995 -0.42049 -0.02999997 -0.140163 -0.02999997 -0.42049 0.04999995 -0.42049 -0.02999997 -0.42049 0.04999995 -0.700817 0.04999995 -0.700817 -0.02999997 -0.42049 -0.02999997 -0.700817 0.04999995 -0.700817 -0.02999997 -0.700817 0.04999995 -0.981144 0.04999995 -0.981144 -0.02999997 -0.700817 -0.02999997 -0.981144 0.04999995 -0.981144 -0.02999997 -0.981144 0.04999995 -1.26147 0.04999995 -1.26147 -0.02999997 -0.981144 -0.02999997 -1.26147 0.04999995 -1.26147 -0.02999997 -1.26147 0.04999995 -1.541797 0.04999995 -1.541797 -0.02999997 -1.26147 -0.02999997 -1.541797 0.04999995 -1.541797 -0.02999997 -1.541797 0.04999995 -1.822124 0.04999995 -1.822124 -0.02999997 -1.541797 -0.02999997 -1.822124 0.04999995 -1.822124 -0.02999997 -1.822124 0.04999995 -2.102451 0.04999995 -2.102451 -0.02999997 -1.822124 -0.02999997 -2.102451 0.04999995 -2.102451 -0.02999997 -2.102451 0.04999995 -2.382777 0.04999995 -2.382777 -0.02999997 -2.102451 -0.02999997 -2.382777 0.04999995 -2.382777 -0.02999997 -2.382777 0.04999995 -2.663104 0.04999995 -2.663104 -0.02999997 -2.382777 -0.02999997 -2.663104 0.04999995 -2.663104 -0.02999997 -2.663104 0.04999995 -2.943431 0.04999995 -2.943431 -0.02999997 -2.663104 -0.02999997 -2.943431 0.04999995 -2.943431 -0.02999997 -2.943431 0.04999995 -3.223757 0.04999995 -3.223757 -0.02999997 -2.943431 -0.02999997 -3.223757 0.04999995 -3.223757 -0.02999997 -3.223757 0.04999995 -3.504084 0.04999995 -3.504084 -0.02999997 -3.223757 -0.02999997 -3.504084 0.04999995 -3.504084 -0.02999997 -3.504084 0.04999995 -3.784411 0.04999995 -3.784411 -0.02999997 -3.504084 -0.02999997 -3.784411 0.04999995 -3.784411 -0.02999997 -3.784411 0.04999995 -4.064737 0.04999995 -4.064737 -0.02999997 -3.784411 -0.02999997 -4.064737 0.04999995 -4.064737 -0.02999997 -4.064737 0.04999995 -4.345064 0.04999995 -4.345064 -0.02999997 -4.064737 -0.02999997 -4.345064 0.04999995 -4.345064 -0.02999997 -4.345064 0.04999995 -4.625391 0.04999995 -4.625391 -0.02999997 -4.345064 -0.02999997 -4.625391 0.04999995 -4.625391 -0.02999997 -4.625391 0.04999995 -4.905718 0.04999995 -4.905718 -0.02999997 -4.625391 -0.02999997 -4.905718 0.04999995 -4.905718 -0.02999997 -4.905718 0.04999995 -5.186045 0.04999995 -5.186045 -0.02999997 -4.905718 -0.02999997 -5.186045 0.04041695 -0.05790698 -0.231215 3.130544 -0.03003895 -0.06390899 -0.03003895 -0.06390899 -0.231215 3.130544 -0.301671 3.124542 0.03535497 -4.461499 -0.03535497 -4.461499 0.03535497 -4.707299 0.03535497 -4.707299 -0.03535497 -4.461499 -0.03535497 -4.707299 0.03535497 -4.707299 -0.03535497 -4.707299 0.03535497 -4.953099 0.03535497 -4.953099 -0.03535497 -4.707299 -0.03535497 -4.953099 0.03535497 -4.953099 -0.03535497 -4.953099 0.03535497 -5.198898 0.03535497 -5.198898 -0.03535497 -4.953099 -0.03535497 -5.198898 -0.1762329 -1.652132 -0.105777 -1.658134 0.09539896 1.536319 0.09539896 1.536319 -0.105777 -1.658134 0.165855 1.530316 -0.03535497 -1.251849 0.03535497 -1.251849 -0.03535497 -1.095367 -0.03535497 -1.095367 0.03535497 -1.251849 0.03535497 -1.073013 -0.03535497 -1.095367 0.03535497 -1.073013 -0.03535497 -0.938886 -0.03535497 -0.938886 0.03535497 -1.073013 0.03535497 -0.894178 -0.03535497 -0.938886 0.03535497 -0.894178 -0.03535497 -0.782405 -0.03535497 -0.782405 0.03535497 -0.894178 0.03535497 -0.715342 -0.03535497 -0.782405 0.03535497 -0.715342 -0.03535497 -0.625924 -0.03535497 -0.625924 0.03535497 -0.715342 0.03535497 -0.536507 -0.03535497 -0.625924 0.03535497 -0.536507 -0.03535497 -0.469443 -0.03535497 -0.469443 0.03535497 -0.536507 0.03535497 -0.357671 -0.03535497 -0.469443 0.03535497 -0.357671 -0.03535497 -0.312962 -0.03535497 -0.312962 0.03535497 -0.357671 0.03535497 -0.178836 -0.03535497 -0.312962 0.03535497 -0.178836 -0.03535497 -0.156481 -0.03535497 -0.156481 0.03535497 -0.178836 0.03535497 0 -0.03535497 -0.156481 0.03535497 0 -0.03535497 0 -1.872389 1.1724 -1.908951 1.111876 0.866632 -0.482219 0.866632 -0.482219 -1.908951 1.111876 0.830069 -0.542744 0.03535497 1.978766 -0.03535497 1.978766 0.03535497 1.732966 0.03535497 1.732966 -0.03535497 1.978766 -0.03535497 1.732966 0.03535497 1.732966 -0.03535497 1.732966 0.03535497 1.487166 0.03535497 1.487166 -0.03535497 1.732966 -0.03535497 1.487166 0.03535497 1.487166 -0.03535497 1.487166 0.03535497 1.241367 0.03535497 1.241367 -0.03535497 1.487166 -0.03535497 1.241367 -2.858881 2.980763 -0.6637 0.652421 -2.807432 3.02927 -2.807432 3.02927 -0.6637 0.652421 -0.61225 0.700928 -0.03535497 -1.251849 0.03535497 -1.251849 -0.03535497 -1.095367 -0.03535497 -1.095367 0.03535497 -1.251849 0.03535497 -1.073013 -0.03535497 -1.095367 0.03535497 -1.073013 -0.03535497 -0.938886 -0.03535497 -0.938886 0.03535497 -1.073013 0.03535497 -0.894178 -0.03535497 -0.938886 0.03535497 -0.894178 -0.03535497 -0.782405 -0.03535497 -0.782405 0.03535497 -0.894178 0.03535497 -0.715342 -0.03535497 -0.782405 0.03535497 -0.715342 -0.03535497 -0.625924 -0.03535497 -0.625924 0.03535497 -0.715342 0.03535497 -0.536507 -0.03535497 -0.625924 0.03535497 -0.536507 -0.03535497 -0.469443 -0.03535497 -0.469443 0.03535497 -0.536507 0.03535497 -0.357671 -0.03535497 -0.469443 0.03535497 -0.357671 -0.03535497 -0.312962 -0.03535497 -0.312962 0.03535497 -0.357671 0.03535497 -0.178836 -0.03535497 -0.312962 0.03535497 -0.178836 -0.03535497 -0.156481 -0.03535497 -0.156481 0.03535497 -0.178836 0.03535497 0 -0.03535497 -0.156481 0.03535497 0 -0.03535497 0 1.761291 1.816592 1.709841 1.865099 -0.433891 -0.51175 -0.433891 -0.51175 1.709841 1.865099 -0.485341 -0.463243 0.03535497 -1.241367 -0.03535497 -1.241367 0.03535497 -1.487166 0.03535497 -1.487166 -0.03535497 -1.241367 -0.03535497 -1.487166 0.03535497 -1.487166 -0.03535497 -1.487166 0.03535497 -1.732966 0.03535497 -1.732966 -0.03535497 -1.487166 -0.03535497 -1.732966 0.03535497 -1.732966 -0.03535497 -1.732966 0.03535497 -1.978766 0.03535497 -1.978766 -0.03535497 -1.732966 -0.03535497 -1.978766 3.241899 1.99971 0.502879 0.345091 3.278462 1.939186 3.278462 1.939186 0.502879 0.345091 0.539441 0.284566 -0.03535497 -1.251849 0.03535497 -1.251849 -0.03535497 -1.095367 -0.03535497 -1.095367 0.03535497 -1.251849 0.03535497 -1.073013 -0.03535497 -1.095367 0.03535497 -1.073013 -0.03535497 -0.938886 -0.03535497 -0.938886 0.03535497 -1.073013 0.03535497 -0.894178 -0.03535497 -0.938886 0.03535497 -0.894178 -0.03535497 -0.782405 -0.03535497 -0.782405 0.03535497 -0.894178 0.03535497 -0.715342 -0.03535497 -0.782405 0.03535497 -0.715342 -0.03535497 -0.625924 -0.03535497 -0.625924 0.03535497 -0.715342 0.03535497 -0.536507 -0.03535497 -0.625924 0.03535497 -0.536507 -0.03535497 -0.469443 -0.03535497 -0.469443 0.03535497 -0.536507 0.03535497 -0.357671 -0.03535497 -0.469443 0.03535497 -0.357671 -0.03535497 -0.312962 -0.03535497 -0.312962 0.03535497 -0.357671 0.03535497 -0.178836 -0.03535497 -0.312962 0.03535497 -0.178836 -0.03535497 -0.156481 -0.03535497 -0.156481 0.03535497 -0.178836 0.03535497 0 -0.03535497 -0.156481 0.03535497 0 -0.03535497 0 -0.3 -1.298213 -0.04999995 -1.298213 -0.3 -1.135937 -0.3 -1.135937 -0.04999995 -1.298213 -0.04999995 -1.135937 -0.3 -1.135937 -0.04999995 -1.135937 -0.3 -0.97366 -0.3 -0.97366 -0.04999995 -1.135937 -0.04999995 -0.97366 -0.3 -0.97366 -0.04999995 -0.97366 -0.3 -0.811383 -0.3 -0.811383 -0.04999995 -0.97366 -0.04999995 -0.811383 -0.3 -0.811383 -0.04999995 -0.811383 -0.3 -0.649107 -0.3 -0.649107 -0.04999995 -0.811383 -0.04999995 -0.649107 -0.3 -0.649107 -0.04999995 -0.649107 -0.3 -0.48683 -0.3 -0.48683 -0.04999995 -0.649107 -0.04999995 -0.48683 -0.3 -0.48683 -0.04999995 -0.48683 -0.3 -0.324553 -0.3 -0.324553 -0.04999995 -0.48683 -0.04999995 -0.324553 -0.3 -0.324553 -0.04999995 -0.324553 -0.3 -0.162277 -0.3 -0.162277 -0.04999995 -0.324553 -0.04999995 -0.162277 -0.3 -0.162277 -0.04999995 -0.162277 -0.3 0 -0.3 0 -0.04999995 -0.162277 -0.04999995 0 0 0.04999995 3.2 0.04999995 0 0.3 0 0.3 3.2 0.04999995 3.2 0.3 -0.15 7.744083 0.1 7.744083 -0.15 7.991882 -0.15 7.991882 0.1 7.744083 0.1 7.991882 -0.15 7.991882 0.1 7.991882 0.1 8.239681 0.1 8.487479 -0.15 8.487479 0.1 8.239681 0.1 8.239681 -0.15 8.487479 -0.15 8.239681 0.1 8.239681 -0.15 8.239681 -0.15 7.991882 0 0.04999995 3.2 0.04999995 0 0.3 0 0.3 3.2 0.04999995 3.2 0.3 -0.3 -1.298213 -0.04999995 -1.298213 -0.3 -1.135937 -0.3 -1.135937 -0.04999995 -1.298213 -0.04999995 -1.135937 -0.3 -1.135937 -0.04999995 -1.135937 -0.3 -0.97366 -0.3 -0.97366 -0.04999995 -1.135937 -0.04999995 -0.97366 -0.3 -0.97366 -0.04999995 -0.97366 -0.3 -0.811383 -0.3 -0.811383 -0.04999995 -0.97366 -0.04999995 -0.811383 -0.3 -0.811383 -0.04999995 -0.811383 -0.3 -0.649107 -0.3 -0.649107 -0.04999995 -0.811383 -0.04999995 -0.649107 -0.3 -0.649107 -0.04999995 -0.649107 -0.3 -0.48683 -0.3 -0.48683 -0.04999995 -0.649107 -0.04999995 -0.48683 -0.3 -0.48683 -0.04999995 -0.48683 -0.3 -0.324553 -0.3 -0.324553 -0.04999995 -0.48683 -0.04999995 -0.324553 -0.3 -0.324553 -0.04999995 -0.324553 -0.3 -0.162277 -0.3 -0.162277 -0.04999995 -0.324553 -0.04999995 -0.162277 -0.3 -0.162277 -0.04999995 -0.162277 -0.3 0 -0.3 0 -0.04999995 -0.162277 -0.04999995 0 0 0.04999995 3.2 0.04999995 0 0.3 0 0.3 3.2 0.04999995 3.2 0.3 2.645333 6.641852 2.14661 6.428067 3.028102 3.464827 3.028102 3.464827 2.14661 6.428067 2.073068 6.377927 3.028102 3.464827 2.073068 6.377927 1.985054 6.364661 2.602457 6.808121 2.197766 6.59391 2.645333 6.641852 2.645333 6.641852 2.197766 6.59391 2.191115 6.505151 2.645333 6.641852 2.191115 6.505151 2.14661 6.428067 2.197766 6.59391 2.602457 6.808121 2.165248 6.676765 2.165248 6.676765 2.602457 6.808121 2.517539 6.957362 2.165248 6.676765 2.517539 6.957362 2.396505 7.079159 2.165248 6.676765 2.396505 7.079159 2.1 6.737307 2.1 6.737307 2.396505 7.079159 2.247801 7.165013 2.1 6.737307 2.247801 7.165013 2.014946 6.763542 2.014946 6.763542 2.247801 7.165013 2.081804 7.208933 2.014946 6.763542 2.081804 7.208933 1.910098 7.207855 2.014946 6.763542 1.910098 7.207855 1.926932 6.750276 1.926932 6.750276 1.910098 7.207855 1.744667 7.161851 1.926932 6.750276 1.744667 7.161851 1.85339 6.700136 1.85339 6.700136 1.744667 7.161851 1.808885 6.623053 1.808885 6.623053 1.744667 7.161851 1.802234 6.534294 1.802234 6.534294 1.744667 7.161851 -1.198102 5.904827 1.802234 6.534294 -1.198102 5.904827 1.834752 6.451437 1.834752 6.451437 -1.198102 5.904827 0.07570898 4.133009 1.834752 6.451437 0.07570898 4.133009 0.163937 4.082071 -1.418241 5.800202 -0.198209 4.044008 -1.198102 5.904827 -1.198102 5.904827 -0.198209 4.044008 -0.1225 4.112176 -1.198102 5.904827 -0.1225 4.112176 -0.02560895 4.143658 -1.418241 5.800202 -1.629323 5.678334 -0.198209 4.044008 -0.198209 4.044008 -1.629323 5.678334 -1.83 5.54 -0.198209 4.044008 -1.83 5.54 -0.239646 3.950938 -0.239646 3.950938 -1.83 5.54 -0.9225 3.312176 -0.239646 3.950938 -0.9225 3.312176 -0.82561 3.343658 -4.39 3.62 -3.955496 3.294986 -1.83 5.54 -1.83 5.54 -3.955496 3.294986 -3.875302 3.256366 -1.83 5.54 -3.875302 3.256366 -3.819806 3.186777 -4.512556 3.499733 -4.124698 3.256366 -4.39 3.62 -4.39 3.62 -4.124698 3.256366 -4.044504 3.294986 -4.39 3.62 -4.044504 3.294986 -3.955496 3.294986 -4.124698 3.256366 -4.512556 3.499733 -4.180194 3.186777 -4.180194 3.186777 -4.512556 3.499733 -4.599343 3.351572 -4.180194 3.186777 -4.599343 3.351572 -4.644305 3.185854 -4.180194 3.186777 -4.644305 3.185854 -4.2 3.1 -4.2 3.1 -4.644305 3.185854 -4.644305 3.014146 -4.2 3.1 -4.644305 3.014146 -4.180194 3.013223 -4.180194 3.013223 -4.644305 3.014146 -4.599343 2.848428 -4.180194 3.013223 -4.599343 2.848428 -4.512556 2.700267 -4.180194 3.013223 -4.512556 2.700267 -4.124698 2.943634 -4.124698 2.943634 -4.512556 2.700267 -4.39 2.58 -4.124698 2.943634 -4.39 2.58 -4.044504 2.905015 -4.044504 2.905015 -4.39 2.58 -3.955496 2.905015 -3.955496 2.905015 -4.39 2.58 -1.83 0.66 -3.955496 2.905015 -1.83 0.66 -3.875302 2.943634 -3.875302 2.943634 -1.83 0.66 -3.819806 3.013223 -3.819806 3.013223 -1.83 0.66 -0.998209 2.955993 -3.819806 3.013223 -0.998209 2.955993 -1.039646 3.049062 -1.629323 0.521666 -0.198209 2.155993 -1.83 0.66 -1.83 0.66 -0.198209 2.155993 -0.239646 2.249062 -1.83 0.66 -0.239646 2.249062 -0.9225 2.887824 -0.9225 2.887824 -0.239646 2.249062 -0.82561 2.856342 -0.82561 2.856342 -0.239646 2.249062 -0.239646 2.350939 -0.82561 2.856342 -0.239646 2.350939 -0.724291 2.866991 -0.724291 2.866991 -0.239646 2.350939 -0.198209 2.444007 -0.724291 2.866991 -0.198209 2.444007 -0.636063 2.917929 -0.636063 2.917929 -0.198209 2.444007 -0.1225 2.512176 -0.636063 2.917929 -0.1225 2.512176 -0.576181 3.00035 -0.576181 3.00035 -0.1225 2.512176 -0.02560895 2.543658 -0.576181 3.00035 -0.02560895 2.543658 -0.555 3.1 -0.555 3.1 -0.02560895 2.543658 -0.02560895 3.656342 -0.555 3.1 -0.02560895 3.656342 -0.576181 3.199651 -0.576181 3.199651 -0.02560895 3.656342 -0.1225 3.687824 -0.576181 3.199651 -0.1225 3.687824 -0.636063 3.282071 -0.636063 3.282071 -0.1225 3.687824 -0.198209 3.755993 -0.636063 3.282071 -0.198209 3.755993 -0.724291 3.333009 -0.724291 3.333009 -0.198209 3.755993 -0.239646 3.849062 -0.724291 3.333009 -0.239646 3.849062 -0.82561 3.343658 -0.82561 3.343658 -0.239646 3.849062 -0.239646 3.950938 -1.629323 0.521666 -1.418241 0.399798 -0.198209 2.155993 -0.198209 2.155993 -1.418241 0.399798 -1.198102 0.295173 -0.198209 2.155993 -1.198102 0.295173 -0.1225 2.087824 -0.1225 2.087824 -1.198102 0.295173 -0.02560895 2.056342 -0.02560895 2.056342 -1.198102 0.295173 0.07570898 2.066991 0.07570898 2.066991 -1.198102 0.295173 1.834752 -0.251438 0.07570898 2.066991 1.834752 -0.251438 0.163937 2.117929 0.163937 2.117929 1.834752 -0.251438 1.9 -0.190897 0.163937 2.117929 1.9 -0.190897 0.223819 2.20035 0.223819 2.20035 1.9 -0.190897 1.985054 -0.164661 0.223819 2.20035 1.985054 -0.164661 0.875709 2.866991 0.875709 2.866991 1.985054 -0.164661 0.963937 2.917929 0.963937 2.917929 1.985054 -0.164661 3.028102 2.735173 0.963937 2.917929 3.028102 2.735173 1.023819 3.00035 1.023819 3.00035 3.028102 2.735173 1.045 3.1 1.045 3.1 3.028102 2.735173 3.047564 2.978132 1.045 3.1 3.047564 2.978132 3.047564 3.221868 1.834752 -0.251438 -1.198102 0.295173 1.802234 -0.334293 1.802234 -0.334293 -1.198102 0.295173 1.744667 -0.961852 1.802234 -0.334293 1.744667 -0.961852 1.808885 -0.423053 1.808885 -0.423053 1.744667 -0.961852 1.85339 -0.500136 1.85339 -0.500136 1.744667 -0.961852 1.926932 -0.550276 1.926932 -0.550276 1.744667 -0.961852 1.910098 -1.007854 1.926932 -0.550276 1.910098 -1.007854 2.014946 -0.563542 2.014946 -0.563542 1.910098 -1.007854 2.081804 -1.008933 2.014946 -0.563542 2.081804 -1.008933 2.247801 -0.965013 2.014946 -0.563542 2.247801 -0.965013 2.1 -0.537307 2.1 -0.537307 2.247801 -0.965013 2.396505 -0.879159 2.1 -0.537307 2.396505 -0.879159 2.165248 -0.476766 2.165248 -0.476766 2.396505 -0.879159 2.517539 -0.757362 2.165248 -0.476766 2.517539 -0.757362 2.602457 -0.608121 2.165248 -0.476766 2.602457 -0.608121 2.197766 -0.39391 2.197766 -0.39391 2.602457 -0.608121 2.645333 -0.441852 2.197766 -0.39391 2.645333 -0.441852 2.191115 -0.305151 2.191115 -0.305151 2.645333 -0.441852 2.14661 -0.228067 2.14661 -0.228067 2.645333 -0.441852 3.028102 2.735173 2.14661 -0.228067 3.028102 2.735173 2.073068 -0.177927 2.073068 -0.177927 3.028102 2.735173 1.985054 -0.164661 3.047564 3.221868 3.028102 3.464827 1.045 3.1 1.045 3.1 3.028102 3.464827 1.023819 3.199651 1.023819 3.199651 3.028102 3.464827 0.963937 3.282071 0.963937 3.282071 3.028102 3.464827 1.985054 6.364661 0.963937 3.282071 1.985054 6.364661 0.875709 3.333009 0.875709 3.333009 1.985054 6.364661 0.223819 3.999651 0.875709 3.333009 0.223819 3.999651 0.245 3.9 0.223819 2.20035 0.875709 2.866991 0.245 2.3 0.245 2.3 0.875709 2.866991 0.774391 2.856342 0.245 2.3 0.774391 2.856342 0.223819 2.39965 0.223819 2.39965 0.774391 2.856342 0.6775 2.887824 0.223819 2.39965 0.6775 2.887824 0.163937 2.482071 0.163937 2.482071 0.6775 2.887824 0.601791 2.955993 0.163937 2.482071 0.601791 2.955993 0.07570898 2.533009 0.07570898 2.533009 0.601791 2.955993 0.560354 3.049062 0.07570898 2.533009 0.560354 3.049062 -0.02560895 2.543658 -0.02560895 2.543658 0.560354 3.049062 -0.02560895 3.656342 0.560354 3.049062 0.560354 3.150939 -0.02560895 3.656342 -0.02560895 3.656342 0.560354 3.150939 0.07570898 3.666991 0.07570898 3.666991 0.560354 3.150939 0.601791 3.244008 0.07570898 3.666991 0.601791 3.244008 0.163937 3.71793 0.163937 3.71793 0.601791 3.244008 0.6775 3.312176 0.163937 3.71793 0.6775 3.312176 0.223819 3.800349 0.223819 3.800349 0.6775 3.312176 0.774391 3.343658 0.223819 3.800349 0.774391 3.343658 0.245 3.9 0.245 3.9 0.774391 3.343658 0.875709 3.333009 -0.9225 2.887824 -0.998209 2.955993 -1.83 0.66 -3.819806 3.013223 -1.039646 3.049062 -3.8 3.1 -3.8 3.1 -1.039646 3.049062 -1.039646 3.150939 -3.8 3.1 -1.039646 3.150939 -3.819806 3.186777 -3.819806 3.186777 -1.039646 3.150939 -0.998209 3.244008 -3.819806 3.186777 -0.998209 3.244008 -1.83 5.54 -1.83 5.54 -0.998209 3.244008 -0.9225 3.312176 1.834752 6.451437 0.163937 4.082071 1.9 6.390897 1.9 6.390897 0.163937 4.082071 0.223819 3.999651 1.9 6.390897 0.223819 3.999651 1.985054 6.364661 -0.02560895 4.143658 0.07570898 4.133009 -1.198102 5.904827 -0.03535497 0.605879 0.03535497 0.612611 -0.03535497 0.706858 -0.03535497 0.706858 0.03535497 0.612611 0.03535497 0.706858 -0.03535497 -0.706858 0.03535497 -0.706858 0.03535497 -0.612611 0.03535497 0.612611 -0.03535497 0.605879 0.03535497 0.518363 0.03535497 0.518363 -0.03535497 0.605879 -0.03535497 0.504899 0.03535497 0.518363 -0.03535497 0.504899 0.03535497 0.424115 0.03535497 0.424115 -0.03535497 0.504899 -0.03535497 0.403919 0.03535497 0.424115 -0.03535497 0.403919 0.03535497 0.329867 0.03535497 0.329867 -0.03535497 0.403919 -0.03535497 0.302939 0.03535497 0.329867 -0.03535497 0.302939 0.03535497 0.235619 0.03535497 0.235619 -0.03535497 0.302939 -0.03535497 0.20196 0.03535497 0.235619 -0.03535497 0.20196 0.03535497 0.141372 0.03535497 0.141372 -0.03535497 0.20196 -0.03535497 0.10098 0.03535497 0.141372 -0.03535497 0.10098 0.03535497 0.04712396 0.03535497 0.04712396 -0.03535497 0.10098 -0.03535497 0 0.03535497 0.04712396 -0.03535497 0 0.03535497 -0.04712396 0.03535497 -0.04712396 -0.03535497 0 -0.03535497 -0.10098 0.03535497 -0.04712396 -0.03535497 -0.10098 0.03535497 -0.141372 0.03535497 -0.141372 -0.03535497 -0.10098 -0.03535497 -0.20196 0.03535497 -0.141372 -0.03535497 -0.20196 0.03535497 -0.235619 0.03535497 -0.235619 -0.03535497 -0.20196 -0.03535497 -0.302939 0.03535497 -0.235619 -0.03535497 -0.302939 0.03535497 -0.329867 0.03535497 -0.329867 -0.03535497 -0.302939 -0.03535497 -0.403919 0.03535497 -0.329867 -0.03535497 -0.403919 0.03535497 -0.424115 0.03535497 -0.424115 -0.03535497 -0.403919 -0.03535497 -0.504899 0.03535497 -0.424115 -0.03535497 -0.504899 0.03535497 -0.518363 0.03535497 -0.518363 -0.03535497 -0.504899 -0.03535497 -0.605879 0.03535497 -0.518363 -0.03535497 -0.605879 0.03535497 -0.612611 0.03535497 -0.612611 -0.03535497 -0.605879 -0.03535497 -0.706858 -1.06 -2.48 -1.334337 -2.248245 -3.62 -0.56 -3.62 -0.56 -1.334337 -2.248245 -1.58003 -1.986317 -3.62 -0.56 -1.58003 -1.986317 -1.793782 -1.697732 -1.793782 -1.697732 -1.972724 -1.386362 -3.62 -0.56 -3.62 -0.56 -1.972724 -1.386362 -2.114455 -1.056387 -3.62 -0.56 -2.114455 -1.056387 -3.122746 -0.237764 -3.122746 -0.237764 -2.114455 -1.056387 -2.217072 -0.712234 -3.122746 -0.237764 -2.217072 -0.712234 -3.032717 -0.185786 -3.032717 -0.185786 -2.217072 -0.712234 -2.971614 -0.101684 -2.971614 -0.101684 -2.217072 -0.712234 -2.279198 -0.358523 -2.971614 -0.101684 -2.279198 -0.358523 -2.95 0 -2.95 0 -2.279198 -0.358523 -2.3 0 -2.95 0 -2.3 0 -2.279198 0.358523 -2.95 0 -2.279198 0.358523 -2.971614 0.101684 -2.971614 0.101684 -2.279198 0.358523 -2.217072 0.712234 -2.971614 0.101684 -2.217072 0.712234 -3.032717 0.185786 -3.032717 0.185786 -2.217072 0.712234 -3.122746 0.237764 -3.122746 0.237764 -2.217072 0.712234 -2.114455 1.056387 -3.122746 0.237764 -2.114455 1.056387 -3.62 0.56 -3.62 0.56 -2.114455 1.056387 -1.972724 1.386362 -3.62 0.56 -1.972724 1.386362 -1.793782 1.697732 -1.793782 1.697732 -1.58003 1.986317 -3.62 0.56 -3.62 0.56 -1.58003 1.986317 -1.334337 2.248245 -3.62 0.56 -1.334337 2.248245 -1.06 2.48 -3.737427 0.448523 -3.444537 0.05197799 -3.62 0.56 -3.62 0.56 -3.444537 0.05197799 -3.402254 0.146946 -3.62 0.56 -3.402254 0.146946 -3.325 0.216506 -3.737427 0.448523 -3.826099 0.31305 -3.444537 0.05197799 -3.444537 0.05197799 -3.826099 0.31305 -3.881274 0.160827 -3.444537 0.05197799 -3.881274 0.160827 -3.9 0 -3.444537 0.05197799 -3.9 0 -3.444537 -0.05197799 -3.444537 -0.05197799 -3.9 0 -3.881274 -0.160827 -3.444537 -0.05197799 -3.881274 -0.160827 -3.826099 -0.31305 -3.826099 -0.31305 -3.737427 -0.448523 -3.444537 -0.05197799 -3.444537 -0.05197799 -3.737427 -0.448523 -3.62 -0.56 -3.444537 -0.05197799 -3.62 -0.56 -3.402254 -0.146946 -3.402254 -0.146946 -3.62 -0.56 -3.325 -0.216506 -3.325 -0.216506 -3.62 -0.56 -3.226132 -0.24863 -3.226132 -0.24863 -3.62 -0.56 -3.122746 -0.237764 -3.325 0.216506 -3.226132 0.24863 -3.62 0.56 -3.62 0.56 -3.226132 0.24863 -3.122746 0.237764 0 0.538559 0.25 0.538559 0 0.628319 0 0.628319 0.25 0.538559 0.25 0.628319 0 -0.628319 0.25 -0.628319 0 -0.538559 0 -0.538559 0.25 -0.628319 0.25 -0.538559 0 -0.538559 0.25 -0.538559 0.25 -0.448799 0 0.538559 0 0.448799 0.25 0.538559 0.25 0.538559 0 0.448799 0.25 0.448799 0.25 0.448799 0 0.448799 0 0.359039 0.25 0.448799 0 0.359039 0.25 0.359039 0.25 0.359039 0 0.359039 0 0.269279 0.25 0.359039 0 0.269279 0.25 0.269279 0.25 0.269279 0 0.269279 0 0.17952 0.25 0.269279 0 0.17952 0.25 0.17952 0.25 0.17952 0 0.17952 0 0.08976 0.25 0.17952 0 0.08976 0.25 0.08976 0.25 0.08976 0 0.08976 0 0 0.25 0.08976 0 0 0.25 0 0.25 0 0 0 0 -0.08976 0.25 0 0 -0.08976 0.25 -0.08976 0.25 -0.08976 0 -0.08976 0 -0.17952 0.25 -0.08976 0 -0.17952 0.25 -0.17952 0.25 -0.17952 0 -0.17952 0 -0.269279 0.25 -0.17952 0 -0.269279 0.25 -0.269279 0.25 -0.269279 0 -0.269279 0 -0.359039 0.25 -0.269279 0 -0.359039 0.25 -0.359039 0.25 -0.359039 0 -0.359039 0 -0.448799 0.25 -0.359039 0 -0.448799 0.25 -0.448799 0.25 -0.448799 0 -0.448799 0 -0.538559 -0.03535497 0.605879 0.03535497 0.612611 -0.03535497 0.706858 -0.03535497 0.706858 0.03535497 0.612611 0.03535497 0.706858 -0.03535497 -0.706858 0.03535497 -0.706858 0.03535497 -0.612611 0.03535497 0.612611 -0.03535497 0.605879 0.03535497 0.518363 0.03535497 0.518363 -0.03535497 0.605879 -0.03535497 0.504899 0.03535497 0.518363 -0.03535497 0.504899 0.03535497 0.424115 0.03535497 0.424115 -0.03535497 0.504899 -0.03535497 0.403919 0.03535497 0.424115 -0.03535497 0.403919 0.03535497 0.329867 0.03535497 0.329867 -0.03535497 0.403919 -0.03535497 0.302939 0.03535497 0.329867 -0.03535497 0.302939 0.03535497 0.235619 0.03535497 0.235619 -0.03535497 0.302939 -0.03535497 0.20196 0.03535497 0.235619 -0.03535497 0.20196 0.03535497 0.141372 0.03535497 0.141372 -0.03535497 0.20196 -0.03535497 0.10098 0.03535497 0.141372 -0.03535497 0.10098 0.03535497 0.04712396 0.03535497 0.04712396 -0.03535497 0.10098 -0.03535497 0 0.03535497 0.04712396 -0.03535497 0 0.03535497 -0.04712396 0.03535497 -0.04712396 -0.03535497 0 -0.03535497 -0.10098 0.03535497 -0.04712396 -0.03535497 -0.10098 0.03535497 -0.141372 0.03535497 -0.141372 -0.03535497 -0.10098 -0.03535497 -0.20196 0.03535497 -0.141372 -0.03535497 -0.20196 0.03535497 -0.235619 0.03535497 -0.235619 -0.03535497 -0.20196 -0.03535497 -0.302939 0.03535497 -0.235619 -0.03535497 -0.302939 0.03535497 -0.329867 0.03535497 -0.329867 -0.03535497 -0.302939 -0.03535497 -0.403919 0.03535497 -0.329867 -0.03535497 -0.403919 0.03535497 -0.424115 0.03535497 -0.424115 -0.03535497 -0.403919 -0.03535497 -0.504899 0.03535497 -0.424115 -0.03535497 -0.504899 0.03535497 -0.518363 0.03535497 -0.518363 -0.03535497 -0.504899 -0.03535497 -0.605879 0.03535497 -0.518363 -0.03535497 -0.605879 0.03535497 -0.612611 0.03535497 -0.612611 -0.03535497 -0.605879 -0.03535497 -0.706858 0 0.538559 0.25 0.538559 0 0.628319 0 0.628319 0.25 0.538559 0.25 0.628319 0 -0.628319 0.25 -0.628319 0 -0.538559 0 -0.538559 0.25 -0.628319 0.25 -0.538559 0 -0.538559 0.25 -0.538559 0.25 -0.448799 0 0.538559 0 0.448799 0.25 0.538559 0.25 0.538559 0 0.448799 0.25 0.448799 0.25 0.448799 0 0.448799 0 0.359039 0.25 0.448799 0 0.359039 0.25 0.359039 0.25 0.359039 0 0.359039 0 0.269279 0.25 0.359039 0 0.269279 0.25 0.269279 0.25 0.269279 0 0.269279 0 0.17952 0.25 0.269279 0 0.17952 0.25 0.17952 0.25 0.17952 0 0.17952 0 0.08976 0.25 0.17952 0 0.08976 0.25 0.08976 0.25 0.08976 0 0.08976 0 0 0.25 0.08976 0 0 0.25 0 0.25 0 0 0 0 -0.08976 0.25 0 0 -0.08976 0.25 -0.08976 0.25 -0.08976 0 -0.08976 0 -0.17952 0.25 -0.08976 0 -0.17952 0.25 -0.17952 0.25 -0.17952 0 -0.17952 0 -0.269279 0.25 -0.17952 0 -0.269279 0.25 -0.269279 0.25 -0.269279 0 -0.269279 0 -0.359039 0.25 -0.269279 0 -0.359039 0.25 -0.359039 0.25 -0.359039 0 -0.359039 0 -0.448799 0.25 -0.359039 0 -0.448799 0.25 -0.448799 0.25 -0.448799 0 -0.448799 0 -0.538559 3.877743 -0.370807 3.814206 -0.724268 3.494974 -3.547832 3.494974 -3.547832 3.814206 -0.724268 3.710216 -1.068008 3.494974 -3.547832 3.710216 -1.068008 3.56717 -1.397416 3.56717 -1.397416 3.386987 -1.708069 3.494974 -3.547832 3.494974 -3.547832 3.386987 -1.708069 3.172085 -1.995798 3.494974 -3.547832 3.172085 -1.995798 2.925349 -2.256744 2.650089 -2.487402 2.877254 -3.226337 2.925349 -2.256744 2.925349 -2.256744 2.877254 -3.226337 2.967283 -3.278315 2.925349 -2.256744 2.967283 -3.278315 3.494974 -3.547832 3.494974 -3.547832 2.967283 -3.278315 3.028386 -3.362418 3.494974 -3.547832 3.028386 -3.362418 3.05 -3.464102 2.877254 -3.226337 2.650089 -2.487402 2.773868 -3.215471 2.773868 -3.215471 2.650089 -2.487402 2.35 -2.684679 2.773868 -3.215471 2.35 -2.684679 2.675 -3.247595 2.675 -3.247595 2.35 -2.684679 2.029109 -2.845925 2.675 -3.247595 2.029109 -2.845925 2.597746 -3.317156 2.597746 -3.317156 2.029109 -2.845925 2.555463 -3.412124 2.555463 -3.412124 2.029109 -2.845925 1.691723 -2.968978 2.555463 -3.412124 1.691723 -2.968978 2.555463 -3.51608 2.555463 -3.51608 1.691723 -2.968978 2.525026 -4.107832 2.555463 -3.51608 2.525026 -4.107832 2.597746 -3.611048 2.597746 -3.611048 2.525026 -4.107832 2.675 -3.680608 2.675 -3.680608 2.525026 -4.107832 2.773868 -3.712732 2.773868 -3.712732 2.525026 -4.107832 2.680281 -4.153788 2.773868 -3.712732 2.680281 -4.153788 2.841941 -4.162844 1.691723 -2.968978 1.34237 -3.052185 2.525026 -4.107832 2.525026 -4.107832 1.34237 -3.052185 0.985737 -3.094431 2.525026 -4.107832 0.985737 -3.094431 0.626612 -3.095147 0.626612 -3.095147 0.269814 -3.054325 2.525026 -4.107832 2.525026 -4.107832 0.269814 -3.054325 -0.07986897 -2.972513 2.525026 -4.107832 -0.07986897 -2.972513 -0.417743 -2.850807 2.773868 -3.712732 2.841941 -4.162844 2.877254 -3.701866 2.877254 -3.701866 2.841941 -4.162844 3.001357 -4.134516 2.877254 -3.701866 3.001357 -4.134516 3.15 -4.07032 2.877254 -3.701866 3.15 -4.07032 2.967283 -3.649888 2.967283 -3.649888 3.15 -4.07032 3.279917 -3.973689 2.967283 -3.649888 3.279917 -3.973689 3.384158 -3.849794 2.967283 -3.649888 3.384158 -3.849794 3.028386 -3.565786 3.028386 -3.565786 3.384158 -3.849794 3.457146 -3.705265 3.028386 -3.565786 3.457146 -3.705265 3.494974 -3.547832 3.05 -3.464102 3.028386 -3.565786 3.494974 -3.547832 -0.03535497 -0.106331 0.03535497 -0.04607695 -0.03535497 0 -0.03535497 0 0.03535497 -0.04607695 0.03535497 0.04607695 -0.03535497 0 0.03535497 0.04607695 -0.03535497 0.106331 -0.03535497 0.106331 0.03535497 0.04607695 0.03535497 0.13823 -0.03535497 0.106331 0.03535497 0.13823 -0.03535497 0.212662 -0.03535497 0.212662 0.03535497 0.13823 0.03535497 0.230383 -0.03535497 0.212662 0.03535497 0.230383 -0.03535497 0.318992 -0.03535497 0.318992 0.03535497 0.230383 0.03535497 0.322537 -0.03535497 0.318992 0.03535497 0.322537 0.03535497 0.41469 0.03535497 -0.04607695 -0.03535497 -0.106331 0.03535497 -0.13823 0.03535497 -0.13823 -0.03535497 -0.106331 -0.03535497 -0.212662 0.03535497 -0.13823 -0.03535497 -0.212662 0.03535497 -0.230383 0.03535497 -0.230383 -0.03535497 -0.212662 -0.03535497 -0.318992 0.03535497 -0.230383 -0.03535497 -0.318992 0.03535497 -0.322537 0.03535497 -0.322537 -0.03535497 -0.318992 0.03535497 -0.41469 0.03535497 -0.41469 -0.03535497 -0.318992 -0.03535497 -0.425323 0.03535497 -0.41469 -0.03535497 -0.425323 0.03535497 -0.506844 0.03535497 -0.506844 -0.03535497 -0.425323 -0.03535497 -0.531654 0.03535497 -0.506844 -0.03535497 -0.531654 0.03535497 -0.598997 0.03535497 -0.598997 -0.03535497 -0.531654 -0.03535497 -0.637985 0.03535497 -0.598997 -0.03535497 -0.637985 0.03535497 -0.69115 0.03535497 0.69115 -0.03535497 0.744316 -0.03535497 0.637985 0.03535497 0.69115 -0.03535497 0.637985 0.03535497 0.598997 0.03535497 0.598997 -0.03535497 0.637985 -0.03535497 0.531654 0.03535497 0.598997 -0.03535497 0.531654 0.03535497 0.506844 0.03535497 0.506844 -0.03535497 0.531654 -0.03535497 0.425323 0.03535497 0.506844 -0.03535497 0.425323 0.03535497 0.41469 0.03535497 0.41469 -0.03535497 0.425323 -0.03535497 0.318992 0.1 -0.518363 -0.04999995 -0.518363 0.1 -0.612611 0.1 -0.612611 -0.04999995 -0.518363 -0.04999995 -0.612611 0.1 0.612611 -0.04999995 0.612611 0.1 0.518363 0.1 0.518363 -0.04999995 0.612611 -0.04999995 0.518363 0.1 0.518363 -0.04999995 0.518363 0.1 0.424115 0.1 0.424115 -0.04999995 0.518363 -0.04999995 0.424115 0.1 0.424115 -0.04999995 0.424115 0.1 0.329867 0.1 0.329867 -0.04999995 0.424115 -0.04999995 0.329867 0.1 0.329867 -0.04999995 0.329867 0.1 0.235619 0.1 0.235619 -0.04999995 0.329867 -0.04999995 0.235619 0.1 0.235619 -0.04999995 0.235619 0.1 0.141372 0.1 0.141372 -0.04999995 0.235619 -0.04999995 0.141372 0.1 0.141372 -0.04999995 0.141372 0.1 0.04712396 0.1 0.04712396 -0.04999995 0.141372 -0.04999995 0.04712396 0.1 0.04712396 -0.04999995 0.04712396 0.1 -0.04712396 0.1 -0.04712396 -0.04999995 0.04712396 -0.04999995 -0.04712396 0.1 -0.04712396 -0.04999995 -0.04712396 0.1 -0.141372 0.1 -0.141372 -0.04999995 -0.04712396 -0.04999995 -0.141372 0.1 -0.141372 -0.04999995 -0.141372 0.1 -0.235619 0.1 -0.235619 -0.04999995 -0.141372 -0.04999995 -0.235619 0.1 -0.235619 -0.04999995 -0.235619 0.1 -0.329867 0.1 -0.329867 -0.04999995 -0.235619 -0.04999995 -0.329867 0.1 -0.329867 -0.04999995 -0.329867 0.1 -0.424115 0.1 -0.424115 -0.04999995 -0.329867 -0.04999995 -0.424115 0.1 -0.424115 -0.04999995 -0.424115 0.1 -0.518363 0.1 -0.518363 -0.04999995 -0.424115 -0.04999995 -0.518363 -0.03535497 0.339292 0.03535497 0.353429 -0.03535497 0.424115 -0.03535497 0.424115 0.03535497 0.353429 0.03535497 0.424115 -0.03535497 -0.424115 0.03535497 -0.424115 0.03535497 -0.353429 0.03535497 0.353429 -0.03535497 0.339292 0.03535497 0.282743 0.03535497 0.282743 -0.03535497 0.339292 -0.03535497 0.254469 0.03535497 0.282743 -0.03535497 0.254469 0.03535497 0.212058 0.03535497 0.212058 -0.03535497 0.254469 -0.03535497 0.169646 0.03535497 0.212058 -0.03535497 0.169646 0.03535497 0.141372 0.03535497 0.141372 -0.03535497 0.169646 -0.03535497 0.08482295 0.03535497 0.141372 -0.03535497 0.08482295 0.03535497 0.07068598 0.03535497 0.07068598 -0.03535497 0.08482295 -0.03535497 0 0.03535497 0.07068598 -0.03535497 0 0.03535497 0 0.03535497 0 -0.03535497 0 0.03535497 -0.07068598 0.03535497 -0.07068598 -0.03535497 0 -0.03535497 -0.08482295 0.03535497 -0.07068598 -0.03535497 -0.08482295 0.03535497 -0.141372 0.03535497 -0.141372 -0.03535497 -0.08482295 -0.03535497 -0.169646 0.03535497 -0.141372 -0.03535497 -0.169646 0.03535497 -0.212058 0.03535497 -0.212058 -0.03535497 -0.169646 -0.03535497 -0.254469 0.03535497 -0.212058 -0.03535497 -0.254469 0.03535497 -0.282743 0.03535497 -0.282743 -0.03535497 -0.254469 -0.03535497 -0.339292 0.03535497 -0.282743 -0.03535497 -0.339292 0.03535497 -0.353429 0.03535497 -0.353429 -0.03535497 -0.339292 -0.03535497 -0.424115 0.172664 -0.09062099 0.1949999 0 0.16 0 0.16 0 0.1949999 0 0.172664 0.09062099 0.16 0 0.172664 0.09062099 0.138564 0.07999998 0.138564 0.07999998 0.172664 0.09062099 0.110773 0.160482 0.138564 0.07999998 0.110773 0.160482 0.07999998 0.138564 0.07999998 0.138564 0.110773 0.160482 0.02350497 0.193578 0.07999998 0.138564 0.02350497 0.193578 0 0.16 0 0.16 0.02350497 0.193578 -0.069148 0.182328 0 0.16 -0.069148 0.182328 -0.07999998 0.138564 -0.07999998 0.138564 -0.069148 0.182328 -0.14596 0.1293089 -0.07999998 0.138564 -0.14596 0.1293089 -0.138564 0.07999998 -0.138564 0.07999998 -0.14596 0.1293089 -0.189334 0.04666697 -0.138564 0.07999998 -0.189334 0.04666697 -0.16 0 -0.16 0 -0.189334 0.04666697 -0.189334 -0.04666697 -0.16 0 -0.189334 -0.04666697 -0.138564 -0.07999998 -0.138564 -0.07999998 -0.189334 -0.04666697 -0.14596 -0.1293089 -0.138564 -0.07999998 -0.14596 -0.1293089 -0.07999998 -0.138564 -0.07999998 -0.138564 -0.14596 -0.1293089 -0.069148 -0.182328 -0.07999998 -0.138564 -0.069148 -0.182328 0 -0.16 0 -0.16 -0.069148 -0.182328 0.02350497 -0.193578 0 -0.16 0.02350497 -0.193578 0.07999998 -0.138564 0.07999998 -0.138564 0.02350497 -0.193578 0.110773 -0.160482 0.07999998 -0.138564 0.110773 -0.160482 0.138564 -0.07999998 0.138564 -0.07999998 0.110773 -0.160482 0.172664 -0.09062099 0.138564 -0.07999998 0.172664 -0.09062099 0.16 0 0.1299999 -0.27646 -0.35 -0.27646 0.1299999 -0.345575 0.1299999 -0.345575 -0.35 -0.27646 -0.35 -0.345575 0.1299999 0.345575 -0.35 0.345575 0.1299999 0.27646 0.1299999 0.27646 -0.35 0.345575 -0.35 0.27646 0.1299999 0.27646 -0.35 0.27646 0.1299999 0.207345 0.1299999 0.207345 -0.35 0.27646 -0.35 0.207345 0.1299999 0.207345 -0.35 0.207345 0.1299999 0.13823 0.1299999 0.13823 -0.35 0.207345 -0.35 0.13823 0.1299999 0.13823 -0.35 0.13823 0.1299999 0.06911498 0.1299999 0.06911498 -0.35 0.13823 -0.35 0.06911498 0.1299999 0.06911498 -0.35 0.06911498 0.1299999 0 0.1299999 0 -0.35 0.06911498 -0.35 0 0.1299999 0 -0.35 0 0.1299999 -0.06911498 0.1299999 -0.06911498 -0.35 0 -0.35 -0.06911498 0.1299999 -0.06911498 -0.35 -0.06911498 0.1299999 -0.13823 0.1299999 -0.13823 -0.35 -0.06911498 -0.35 -0.13823 0.1299999 -0.13823 -0.35 -0.13823 0.1299999 -0.207345 0.1299999 -0.207345 -0.35 -0.13823 -0.35 -0.207345 0.1299999 -0.207345 -0.35 -0.207345 0.1299999 -0.27646 0.1299999 -0.27646 -0.35 -0.207345 -0.35 -0.27646 -0.03535497 0.339292 0.03535497 0.353429 -0.03535497 0.424115 -0.03535497 0.424115 0.03535497 0.353429 0.03535497 0.424115 -0.03535497 -0.424115 0.03535497 -0.424115 0.03535497 -0.353429 0.03535497 0.353429 -0.03535497 0.339292 0.03535497 0.282743 0.03535497 0.282743 -0.03535497 0.339292 -0.03535497 0.254469 0.03535497 0.282743 -0.03535497 0.254469 0.03535497 0.212058 0.03535497 0.212058 -0.03535497 0.254469 -0.03535497 0.169646 0.03535497 0.212058 -0.03535497 0.169646 0.03535497 0.141372 0.03535497 0.141372 -0.03535497 0.169646 -0.03535497 0.08482295 0.03535497 0.141372 -0.03535497 0.08482295 0.03535497 0.07068598 0.03535497 0.07068598 -0.03535497 0.08482295 -0.03535497 0 0.03535497 0.07068598 -0.03535497 0 0.03535497 0 0.03535497 0 -0.03535497 0 0.03535497 -0.07068598 0.03535497 -0.07068598 -0.03535497 0 -0.03535497 -0.08482295 0.03535497 -0.07068598 -0.03535497 -0.08482295 0.03535497 -0.141372 0.03535497 -0.141372 -0.03535497 -0.08482295 -0.03535497 -0.169646 0.03535497 -0.141372 -0.03535497 -0.169646 0.03535497 -0.212058 0.03535497 -0.212058 -0.03535497 -0.169646 -0.03535497 -0.254469 0.03535497 -0.212058 -0.03535497 -0.254469 0.03535497 -0.282743 0.03535497 -0.282743 -0.03535497 -0.254469 -0.03535497 -0.339292 0.03535497 -0.282743 -0.03535497 -0.339292 0.03535497 -0.353429 0.03535497 -0.353429 -0.03535497 -0.339292 -0.03535497 -0.424115 0.172664 -0.09062099 0.1949999 0 0.16 0 0.16 0 0.1949999 0 0.172664 0.09062099 0.16 0 0.172664 0.09062099 0.138564 0.07999998 0.138564 0.07999998 0.172664 0.09062099 0.110773 0.160482 0.138564 0.07999998 0.110773 0.160482 0.07999998 0.138564 0.07999998 0.138564 0.110773 0.160482 0.02350497 0.193578 0.07999998 0.138564 0.02350497 0.193578 0 0.16 0 0.16 0.02350497 0.193578 -0.069148 0.182328 0 0.16 -0.069148 0.182328 -0.07999998 0.138564 -0.07999998 0.138564 -0.069148 0.182328 -0.14596 0.1293089 -0.07999998 0.138564 -0.14596 0.1293089 -0.138564 0.07999998 -0.138564 0.07999998 -0.14596 0.1293089 -0.189334 0.04666697 -0.138564 0.07999998 -0.189334 0.04666697 -0.16 0 -0.16 0 -0.189334 0.04666697 -0.189334 -0.04666697 -0.16 0 -0.189334 -0.04666697 -0.138564 -0.07999998 -0.138564 -0.07999998 -0.189334 -0.04666697 -0.14596 -0.1293089 -0.138564 -0.07999998 -0.14596 -0.1293089 -0.07999998 -0.138564 -0.07999998 -0.138564 -0.14596 -0.1293089 -0.069148 -0.182328 -0.07999998 -0.138564 -0.069148 -0.182328 0 -0.16 0 -0.16 -0.069148 -0.182328 0.02350497 -0.193578 0 -0.16 0.02350497 -0.193578 0.07999998 -0.138564 0.07999998 -0.138564 0.02350497 -0.193578 0.110773 -0.160482 0.07999998 -0.138564 0.110773 -0.160482 0.138564 -0.07999998 0.138564 -0.07999998 0.110773 -0.160482 0.172664 -0.09062099 0.138564 -0.07999998 0.172664 -0.09062099 0.16 0 0.1299999 -0.27646 -0.35 -0.27646 0.1299999 -0.345575 0.1299999 -0.345575 -0.35 -0.27646 -0.35 -0.345575 0.1299999 0.345575 -0.35 0.345575 0.1299999 0.27646 0.1299999 0.27646 -0.35 0.345575 -0.35 0.27646 0.1299999 0.27646 -0.35 0.27646 0.1299999 0.207345 0.1299999 0.207345 -0.35 0.27646 -0.35 0.207345 0.1299999 0.207345 -0.35 0.207345 0.1299999 0.13823 0.1299999 0.13823 -0.35 0.207345 -0.35 0.13823 0.1299999 0.13823 -0.35 0.13823 0.1299999 0.06911498 0.1299999 0.06911498 -0.35 0.13823 -0.35 0.06911498 0.1299999 0.06911498 -0.35 0.06911498 0.1299999 0 0.1299999 0 -0.35 0.06911498 -0.35 0 0.1299999 0 -0.35 0 0.1299999 -0.06911498 0.1299999 -0.06911498 -0.35 0 -0.35 -0.06911498 0.1299999 -0.06911498 -0.35 -0.06911498 0.1299999 -0.13823 0.1299999 -0.13823 -0.35 -0.06911498 -0.35 -0.13823 0.1299999 -0.13823 -0.35 -0.13823 0.1299999 -0.207345 0.1299999 -0.207345 -0.35 -0.13823 -0.35 -0.207345 0.1299999 -0.207345 -0.35 -0.207345 0.1299999 -0.27646 0.1299999 -0.27646 -0.35 -0.207345 -0.35 -0.27646 -0.03535497 -0.106331 0.03535497 -0.04607695 -0.03535497 0 -0.03535497 0 0.03535497 -0.04607695 0.03535497 0.04607695 -0.03535497 0 0.03535497 0.04607695 -0.03535497 0.106331 -0.03535497 0.106331 0.03535497 0.04607695 0.03535497 0.13823 -0.03535497 0.106331 0.03535497 0.13823 -0.03535497 0.212662 -0.03535497 0.212662 0.03535497 0.13823 0.03535497 0.230383 -0.03535497 0.212662 0.03535497 0.230383 -0.03535497 0.318992 -0.03535497 0.318992 0.03535497 0.230383 0.03535497 0.322537 -0.03535497 0.318992 0.03535497 0.322537 0.03535497 0.41469 0.03535497 -0.04607695 -0.03535497 -0.106331 0.03535497 -0.13823 0.03535497 -0.13823 -0.03535497 -0.106331 -0.03535497 -0.212662 0.03535497 -0.13823 -0.03535497 -0.212662 0.03535497 -0.230383 0.03535497 -0.230383 -0.03535497 -0.212662 -0.03535497 -0.318992 0.03535497 -0.230383 -0.03535497 -0.318992 0.03535497 -0.322537 0.03535497 -0.322537 -0.03535497 -0.318992 0.03535497 -0.41469 0.03535497 -0.41469 -0.03535497 -0.318992 -0.03535497 -0.425323 0.03535497 -0.41469 -0.03535497 -0.425323 0.03535497 -0.506844 0.03535497 -0.506844 -0.03535497 -0.425323 -0.03535497 -0.531654 0.03535497 -0.506844 -0.03535497 -0.531654 0.03535497 -0.598997 0.03535497 -0.598997 -0.03535497 -0.531654 -0.03535497 -0.637985 0.03535497 -0.598997 -0.03535497 -0.637985 0.03535497 -0.69115 0.03535497 0.69115 -0.03535497 0.744316 -0.03535497 0.637985 0.03535497 0.69115 -0.03535497 0.637985 0.03535497 0.598997 0.03535497 0.598997 -0.03535497 0.637985 -0.03535497 0.531654 0.03535497 0.598997 -0.03535497 0.531654 0.03535497 0.506844 0.03535497 0.506844 -0.03535497 0.531654 -0.03535497 0.425323 0.03535497 0.506844 -0.03535497 0.425323 0.03535497 0.41469 0.03535497 0.41469 -0.03535497 0.425323 -0.03535497 0.318992 0.1 -0.518363 -0.04999995 -0.518363 0.1 -0.612611 0.1 -0.612611 -0.04999995 -0.518363 -0.04999995 -0.612611 0.1 0.612611 -0.04999995 0.612611 0.1 0.518363 0.1 0.518363 -0.04999995 0.612611 -0.04999995 0.518363 0.1 0.518363 -0.04999995 0.518363 0.1 0.424115 0.1 0.424115 -0.04999995 0.518363 -0.04999995 0.424115 0.1 0.424115 -0.04999995 0.424115 0.1 0.329867 0.1 0.329867 -0.04999995 0.424115 -0.04999995 0.329867 0.1 0.329867 -0.04999995 0.329867 0.1 0.235619 0.1 0.235619 -0.04999995 0.329867 -0.04999995 0.235619 0.1 0.235619 -0.04999995 0.235619 0.1 0.141372 0.1 0.141372 -0.04999995 0.235619 -0.04999995 0.141372 0.1 0.141372 -0.04999995 0.141372 0.1 0.04712396 0.1 0.04712396 -0.04999995 0.141372 -0.04999995 0.04712396 0.1 0.04712396 -0.04999995 0.04712396 0.1 -0.04712396 0.1 -0.04712396 -0.04999995 0.04712396 -0.04999995 -0.04712396 0.1 -0.04712396 -0.04999995 -0.04712396 0.1 -0.141372 0.1 -0.141372 -0.04999995 -0.04712396 -0.04999995 -0.141372 0.1 -0.141372 -0.04999995 -0.141372 0.1 -0.235619 0.1 -0.235619 -0.04999995 -0.141372 -0.04999995 -0.235619 0.1 -0.235619 -0.04999995 -0.235619 0.1 -0.329867 0.1 -0.329867 -0.04999995 -0.235619 -0.04999995 -0.329867 0.1 -0.329867 -0.04999995 -0.329867 0.1 -0.424115 0.1 -0.424115 -0.04999995 -0.329867 -0.04999995 -0.424115 0.1 -0.424115 -0.04999995 -0.424115 0.1 -0.518363 0.1 -0.518363 -0.04999995 -0.424115 -0.04999995 -0.518363 -0.03535497 0.339292 0.03535497 0.353429 -0.03535497 0.424115 -0.03535497 0.424115 0.03535497 0.353429 0.03535497 0.424115 -0.03535497 -0.424115 0.03535497 -0.424115 0.03535497 -0.353429 0.03535497 0.353429 -0.03535497 0.339292 0.03535497 0.282743 0.03535497 0.282743 -0.03535497 0.339292 -0.03535497 0.254469 0.03535497 0.282743 -0.03535497 0.254469 0.03535497 0.212058 0.03535497 0.212058 -0.03535497 0.254469 -0.03535497 0.169646 0.03535497 0.212058 -0.03535497 0.169646 0.03535497 0.141372 0.03535497 0.141372 -0.03535497 0.169646 -0.03535497 0.08482295 0.03535497 0.141372 -0.03535497 0.08482295 0.03535497 0.07068598 0.03535497 0.07068598 -0.03535497 0.08482295 -0.03535497 0 0.03535497 0.07068598 -0.03535497 0 0.03535497 0 0.03535497 0 -0.03535497 0 0.03535497 -0.07068598 0.03535497 -0.07068598 -0.03535497 0 -0.03535497 -0.08482295 0.03535497 -0.07068598 -0.03535497 -0.08482295 0.03535497 -0.141372 0.03535497 -0.141372 -0.03535497 -0.08482295 -0.03535497 -0.169646 0.03535497 -0.141372 -0.03535497 -0.169646 0.03535497 -0.212058 0.03535497 -0.212058 -0.03535497 -0.169646 -0.03535497 -0.254469 0.03535497 -0.212058 -0.03535497 -0.254469 0.03535497 -0.282743 0.03535497 -0.282743 -0.03535497 -0.254469 -0.03535497 -0.339292 0.03535497 -0.282743 -0.03535497 -0.339292 0.03535497 -0.353429 0.03535497 -0.353429 -0.03535497 -0.339292 -0.03535497 -0.424115 0.172664 -0.09062099 0.1949999 0 0.16 0 0.16 0 0.1949999 0 0.172664 0.09062099 0.16 0 0.172664 0.09062099 0.138564 0.07999998 0.138564 0.07999998 0.172664 0.09062099 0.110773 0.160482 0.138564 0.07999998 0.110773 0.160482 0.07999998 0.138564 0.07999998 0.138564 0.110773 0.160482 0.02350497 0.193578 0.07999998 0.138564 0.02350497 0.193578 0 0.16 0 0.16 0.02350497 0.193578 -0.069148 0.182328 0 0.16 -0.069148 0.182328 -0.07999998 0.138564 -0.07999998 0.138564 -0.069148 0.182328 -0.14596 0.1293089 -0.07999998 0.138564 -0.14596 0.1293089 -0.138564 0.07999998 -0.138564 0.07999998 -0.14596 0.1293089 -0.189334 0.04666697 -0.138564 0.07999998 -0.189334 0.04666697 -0.16 0 -0.16 0 -0.189334 0.04666697 -0.189334 -0.04666697 -0.16 0 -0.189334 -0.04666697 -0.138564 -0.07999998 -0.138564 -0.07999998 -0.189334 -0.04666697 -0.14596 -0.1293089 -0.138564 -0.07999998 -0.14596 -0.1293089 -0.07999998 -0.138564 -0.07999998 -0.138564 -0.14596 -0.1293089 -0.069148 -0.182328 -0.07999998 -0.138564 -0.069148 -0.182328 0 -0.16 0 -0.16 -0.069148 -0.182328 0.02350497 -0.193578 0 -0.16 0.02350497 -0.193578 0.07999998 -0.138564 0.07999998 -0.138564 0.02350497 -0.193578 0.110773 -0.160482 0.07999998 -0.138564 0.110773 -0.160482 0.138564 -0.07999998 0.138564 -0.07999998 0.110773 -0.160482 0.172664 -0.09062099 0.138564 -0.07999998 0.172664 -0.09062099 0.16 0 0.1299999 -0.27646 -0.35 -0.27646 0.1299999 -0.345575 0.1299999 -0.345575 -0.35 -0.27646 -0.35 -0.345575 0.1299999 0.345575 -0.35 0.345575 0.1299999 0.27646 0.1299999 0.27646 -0.35 0.345575 -0.35 0.27646 0.1299999 0.27646 -0.35 0.27646 0.1299999 0.207345 0.1299999 0.207345 -0.35 0.27646 -0.35 0.207345 0.1299999 0.207345 -0.35 0.207345 0.1299999 0.13823 0.1299999 0.13823 -0.35 0.207345 -0.35 0.13823 0.1299999 0.13823 -0.35 0.13823 0.1299999 0.06911498 0.1299999 0.06911498 -0.35 0.13823 -0.35 0.06911498 0.1299999 0.06911498 -0.35 0.06911498 0.1299999 0 0.1299999 0 -0.35 0.06911498 -0.35 0 0.1299999 0 -0.35 0 0.1299999 -0.06911498 0.1299999 -0.06911498 -0.35 0 -0.35 -0.06911498 0.1299999 -0.06911498 -0.35 -0.06911498 0.1299999 -0.13823 0.1299999 -0.13823 -0.35 -0.06911498 -0.35 -0.13823 0.1299999 -0.13823 -0.35 -0.13823 0.1299999 -0.207345 0.1299999 -0.207345 -0.35 -0.13823 -0.35 -0.207345 0.1299999 -0.207345 -0.35 -0.207345 0.1299999 -0.27646 0.1299999 -0.27646 -0.35 -0.207345 -0.35 -0.27646 -0.03535497 -0.106331 0.03535497 -0.04607695 -0.03535497 0 -0.03535497 0 0.03535497 -0.04607695 0.03535497 0.04607695 -0.03535497 0 0.03535497 0.04607695 -0.03535497 0.106331 -0.03535497 0.106331 0.03535497 0.04607695 0.03535497 0.13823 -0.03535497 0.106331 0.03535497 0.13823 -0.03535497 0.212662 -0.03535497 0.212662 0.03535497 0.13823 0.03535497 0.230383 -0.03535497 0.212662 0.03535497 0.230383 -0.03535497 0.318992 -0.03535497 0.318992 0.03535497 0.230383 0.03535497 0.322537 -0.03535497 0.318992 0.03535497 0.322537 0.03535497 0.41469 0.03535497 -0.04607695 -0.03535497 -0.106331 0.03535497 -0.13823 0.03535497 -0.13823 -0.03535497 -0.106331 -0.03535497 -0.212662 0.03535497 -0.13823 -0.03535497 -0.212662 0.03535497 -0.230383 0.03535497 -0.230383 -0.03535497 -0.212662 -0.03535497 -0.318992 0.03535497 -0.230383 -0.03535497 -0.318992 0.03535497 -0.322537 0.03535497 -0.322537 -0.03535497 -0.318992 0.03535497 -0.41469 0.03535497 -0.41469 -0.03535497 -0.318992 -0.03535497 -0.425323 0.03535497 -0.41469 -0.03535497 -0.425323 0.03535497 -0.506844 0.03535497 -0.506844 -0.03535497 -0.425323 -0.03535497 -0.531654 0.03535497 -0.506844 -0.03535497 -0.531654 0.03535497 -0.598997 0.03535497 -0.598997 -0.03535497 -0.531654 -0.03535497 -0.637985 0.03535497 -0.598997 -0.03535497 -0.637985 0.03535497 -0.69115 0.03535497 0.69115 -0.03535497 0.744316 -0.03535497 0.637985 0.03535497 0.69115 -0.03535497 0.637985 0.03535497 0.598997 0.03535497 0.598997 -0.03535497 0.637985 -0.03535497 0.531654 0.03535497 0.598997 -0.03535497 0.531654 0.03535497 0.506844 0.03535497 0.506844 -0.03535497 0.531654 -0.03535497 0.425323 0.03535497 0.506844 -0.03535497 0.425323 0.03535497 0.41469 0.03535497 0.41469 -0.03535497 0.425323 -0.03535497 0.318992 0.1 -0.518363 -0.04999995 -0.518363 0.1 -0.612611 0.1 -0.612611 -0.04999995 -0.518363 -0.04999995 -0.612611 0.1 0.612611 -0.04999995 0.612611 0.1 0.518363 0.1 0.518363 -0.04999995 0.612611 -0.04999995 0.518363 0.1 0.518363 -0.04999995 0.518363 0.1 0.424115 0.1 0.424115 -0.04999995 0.518363 -0.04999995 0.424115 0.1 0.424115 -0.04999995 0.424115 0.1 0.329867 0.1 0.329867 -0.04999995 0.424115 -0.04999995 0.329867 0.1 0.329867 -0.04999995 0.329867 0.1 0.235619 0.1 0.235619 -0.04999995 0.329867 -0.04999995 0.235619 0.1 0.235619 -0.04999995 0.235619 0.1 0.141372 0.1 0.141372 -0.04999995 0.235619 -0.04999995 0.141372 0.1 0.141372 -0.04999995 0.141372 0.1 0.04712396 0.1 0.04712396 -0.04999995 0.141372 -0.04999995 0.04712396 0.1 0.04712396 -0.04999995 0.04712396 0.1 -0.04712396 0.1 -0.04712396 -0.04999995 0.04712396 -0.04999995 -0.04712396 0.1 -0.04712396 -0.04999995 -0.04712396 0.1 -0.141372 0.1 -0.141372 -0.04999995 -0.04712396 -0.04999995 -0.141372 0.1 -0.141372 -0.04999995 -0.141372 0.1 -0.235619 0.1 -0.235619 -0.04999995 -0.141372 -0.04999995 -0.235619 0.1 -0.235619 -0.04999995 -0.235619 0.1 -0.329867 0.1 -0.329867 -0.04999995 -0.235619 -0.04999995 -0.329867 0.1 -0.329867 -0.04999995 -0.329867 0.1 -0.424115 0.1 -0.424115 -0.04999995 -0.329867 -0.04999995 -0.424115 0.1 -0.424115 -0.04999995 -0.424115 0.1 -0.518363 0.1 -0.518363 -0.04999995 -0.424115 -0.04999995 -0.518363 -0.03535497 0.339292 0.03535497 0.353429 -0.03535497 0.424115 -0.03535497 0.424115 0.03535497 0.353429 0.03535497 0.424115 -0.03535497 -0.424115 0.03535497 -0.424115 0.03535497 -0.353429 0.03535497 0.353429 -0.03535497 0.339292 0.03535497 0.282743 0.03535497 0.282743 -0.03535497 0.339292 -0.03535497 0.254469 0.03535497 0.282743 -0.03535497 0.254469 0.03535497 0.212058 0.03535497 0.212058 -0.03535497 0.254469 -0.03535497 0.169646 0.03535497 0.212058 -0.03535497 0.169646 0.03535497 0.141372 0.03535497 0.141372 -0.03535497 0.169646 -0.03535497 0.08482295 0.03535497 0.141372 -0.03535497 0.08482295 0.03535497 0.07068598 0.03535497 0.07068598 -0.03535497 0.08482295 -0.03535497 0 0.03535497 0.07068598 -0.03535497 0 0.03535497 0 0.03535497 0 -0.03535497 0 0.03535497 -0.07068598 0.03535497 -0.07068598 -0.03535497 0 -0.03535497 -0.08482295 0.03535497 -0.07068598 -0.03535497 -0.08482295 0.03535497 -0.141372 0.03535497 -0.141372 -0.03535497 -0.08482295 -0.03535497 -0.169646 0.03535497 -0.141372 -0.03535497 -0.169646 0.03535497 -0.212058 0.03535497 -0.212058 -0.03535497 -0.169646 -0.03535497 -0.254469 0.03535497 -0.212058 -0.03535497 -0.254469 0.03535497 -0.282743 0.03535497 -0.282743 -0.03535497 -0.254469 -0.03535497 -0.339292 0.03535497 -0.282743 -0.03535497 -0.339292 0.03535497 -0.353429 0.03535497 -0.353429 -0.03535497 -0.339292 -0.03535497 -0.424115 0.172664 -0.09062099 0.1949999 0 0.16 0 0.16 0 0.1949999 0 0.172664 0.09062099 0.16 0 0.172664 0.09062099 0.138564 0.07999998 0.138564 0.07999998 0.172664 0.09062099 0.110773 0.160482 0.138564 0.07999998 0.110773 0.160482 0.07999998 0.138564 0.07999998 0.138564 0.110773 0.160482 0.02350497 0.193578 0.07999998 0.138564 0.02350497 0.193578 0 0.16 0 0.16 0.02350497 0.193578 -0.069148 0.182328 0 0.16 -0.069148 0.182328 -0.07999998 0.138564 -0.07999998 0.138564 -0.069148 0.182328 -0.14596 0.1293089 -0.07999998 0.138564 -0.14596 0.1293089 -0.138564 0.07999998 -0.138564 0.07999998 -0.14596 0.1293089 -0.189334 0.04666697 -0.138564 0.07999998 -0.189334 0.04666697 -0.16 0 -0.16 0 -0.189334 0.04666697 -0.189334 -0.04666697 -0.16 0 -0.189334 -0.04666697 -0.138564 -0.07999998 -0.138564 -0.07999998 -0.189334 -0.04666697 -0.14596 -0.1293089 -0.138564 -0.07999998 -0.14596 -0.1293089 -0.07999998 -0.138564 -0.07999998 -0.138564 -0.14596 -0.1293089 -0.069148 -0.182328 -0.07999998 -0.138564 -0.069148 -0.182328 0 -0.16 0 -0.16 -0.069148 -0.182328 0.02350497 -0.193578 0 -0.16 0.02350497 -0.193578 0.07999998 -0.138564 0.07999998 -0.138564 0.02350497 -0.193578 0.110773 -0.160482 0.07999998 -0.138564 0.110773 -0.160482 0.138564 -0.07999998 0.138564 -0.07999998 0.110773 -0.160482 0.172664 -0.09062099 0.138564 -0.07999998 0.172664 -0.09062099 0.16 0 0.1299999 -0.27646 -0.35 -0.27646 0.1299999 -0.345575 0.1299999 -0.345575 -0.35 -0.27646 -0.35 -0.345575 0.1299999 0.345575 -0.35 0.345575 0.1299999 0.27646 0.1299999 0.27646 -0.35 0.345575 -0.35 0.27646 0.1299999 0.27646 -0.35 0.27646 0.1299999 0.207345 0.1299999 0.207345 -0.35 0.27646 -0.35 0.207345 0.1299999 0.207345 -0.35 0.207345 0.1299999 0.13823 0.1299999 0.13823 -0.35 0.207345 -0.35 0.13823 0.1299999 0.13823 -0.35 0.13823 0.1299999 0.06911498 0.1299999 0.06911498 -0.35 0.13823 -0.35 0.06911498 0.1299999 0.06911498 -0.35 0.06911498 0.1299999 0 0.1299999 0 -0.35 0.06911498 -0.35 0 0.1299999 0 -0.35 0 0.1299999 -0.06911498 0.1299999 -0.06911498 -0.35 0 -0.35 -0.06911498 0.1299999 -0.06911498 -0.35 -0.06911498 0.1299999 -0.13823 0.1299999 -0.13823 -0.35 -0.06911498 -0.35 -0.13823 0.1299999 -0.13823 -0.35 -0.13823 0.1299999 -0.207345 0.1299999 -0.207345 -0.35 -0.13823 -0.35 -0.207345 0.1299999 -0.207345 -0.35 -0.207345 0.1299999 -0.27646 0.1299999 -0.27646 -0.35 -0.207345 -0.35 -0.27646 -0.03535497 -0.106331 0.03535497 -0.04607695 -0.03535497 0 -0.03535497 0 0.03535497 -0.04607695 0.03535497 0.04607695 -0.03535497 0 0.03535497 0.04607695 -0.03535497 0.106331 -0.03535497 0.106331 0.03535497 0.04607695 0.03535497 0.13823 -0.03535497 0.106331 0.03535497 0.13823 -0.03535497 0.212662 -0.03535497 0.212662 0.03535497 0.13823 0.03535497 0.230383 -0.03535497 0.212662 0.03535497 0.230383 -0.03535497 0.318992 -0.03535497 0.318992 0.03535497 0.230383 0.03535497 0.322537 -0.03535497 0.318992 0.03535497 0.322537 0.03535497 0.41469 0.03535497 -0.04607695 -0.03535497 -0.106331 0.03535497 -0.13823 0.03535497 -0.13823 -0.03535497 -0.106331 -0.03535497 -0.212662 0.03535497 -0.13823 -0.03535497 -0.212662 0.03535497 -0.230383 0.03535497 -0.230383 -0.03535497 -0.212662 -0.03535497 -0.318992 0.03535497 -0.230383 -0.03535497 -0.318992 0.03535497 -0.322537 0.03535497 -0.322537 -0.03535497 -0.318992 0.03535497 -0.41469 0.03535497 -0.41469 -0.03535497 -0.318992 -0.03535497 -0.425323 0.03535497 -0.41469 -0.03535497 -0.425323 0.03535497 -0.506844 0.03535497 -0.506844 -0.03535497 -0.425323 -0.03535497 -0.531654 0.03535497 -0.506844 -0.03535497 -0.531654 0.03535497 -0.598997 0.03535497 -0.598997 -0.03535497 -0.531654 -0.03535497 -0.637985 0.03535497 -0.598997 -0.03535497 -0.637985 0.03535497 -0.69115 0.03535497 0.69115 -0.03535497 0.744316 -0.03535497 0.637985 0.03535497 0.69115 -0.03535497 0.637985 0.03535497 0.598997 0.03535497 0.598997 -0.03535497 0.637985 -0.03535497 0.531654 0.03535497 0.598997 -0.03535497 0.531654 0.03535497 0.506844 0.03535497 0.506844 -0.03535497 0.531654 -0.03535497 0.425323 0.03535497 0.506844 -0.03535497 0.425323 0.03535497 0.41469 0.03535497 0.41469 -0.03535497 0.425323 -0.03535497 0.318992 0.1 -0.518363 -0.04999995 -0.518363 0.1 -0.612611 0.1 -0.612611 -0.04999995 -0.518363 -0.04999995 -0.612611 0.1 0.612611 -0.04999995 0.612611 0.1 0.518363 0.1 0.518363 -0.04999995 0.612611 -0.04999995 0.518363 0.1 0.518363 -0.04999995 0.518363 0.1 0.424115 0.1 0.424115 -0.04999995 0.518363 -0.04999995 0.424115 0.1 0.424115 -0.04999995 0.424115 0.1 0.329867 0.1 0.329867 -0.04999995 0.424115 -0.04999995 0.329867 0.1 0.329867 -0.04999995 0.329867 0.1 0.235619 0.1 0.235619 -0.04999995 0.329867 -0.04999995 0.235619 0.1 0.235619 -0.04999995 0.235619 0.1 0.141372 0.1 0.141372 -0.04999995 0.235619 -0.04999995 0.141372 0.1 0.141372 -0.04999995 0.141372 0.1 0.04712396 0.1 0.04712396 -0.04999995 0.141372 -0.04999995 0.04712396 0.1 0.04712396 -0.04999995 0.04712396 0.1 -0.04712396 0.1 -0.04712396 -0.04999995 0.04712396 -0.04999995 -0.04712396 0.1 -0.04712396 -0.04999995 -0.04712396 0.1 -0.141372 0.1 -0.141372 -0.04999995 -0.04712396 -0.04999995 -0.141372 0.1 -0.141372 -0.04999995 -0.141372 0.1 -0.235619 0.1 -0.235619 -0.04999995 -0.141372 -0.04999995 -0.235619 0.1 -0.235619 -0.04999995 -0.235619 0.1 -0.329867 0.1 -0.329867 -0.04999995 -0.235619 -0.04999995 -0.329867 0.1 -0.329867 -0.04999995 -0.329867 0.1 -0.424115 0.1 -0.424115 -0.04999995 -0.329867 -0.04999995 -0.424115 0.1 -0.424115 -0.04999995 -0.424115 0.1 -0.518363 0.1 -0.518363 -0.04999995 -0.424115 -0.04999995 -0.518363 0.03535497 -1.264865 -0.03535497 -1.324429 0.03535497 -1.398009 0.03535497 1.398009 -0.03535497 1.471588 -0.03535497 1.324429 0.03535497 1.398009 -0.03535497 1.324429 0.03535497 1.264865 0.03535497 1.264865 -0.03535497 1.324429 -0.03535497 1.177271 0.03535497 1.264865 -0.03535497 1.177271 0.03535497 1.131721 0.03535497 1.131721 -0.03535497 1.177271 -0.03535497 1.030112 0.03535497 1.131721 -0.03535497 1.030112 0.03535497 0.998578 0.03535497 0.998578 -0.03535497 1.030112 -0.03535497 0.882953 0.03535497 0.998578 -0.03535497 0.882953 0.03535497 0.865434 0.03535497 0.865434 -0.03535497 0.882953 -0.03535497 0.735794 0.03535497 0.865434 -0.03535497 0.735794 0.03535497 0.73229 0.03535497 0.73229 -0.03535497 0.735794 0.03535497 0.599147 0.03535497 0.599147 -0.03535497 0.735794 -0.03535497 0.588635 0.03535497 0.599147 -0.03535497 0.588635 0.03535497 0.466003 0.03535497 0.466003 -0.03535497 0.588635 -0.03535497 0.441476 0.03535497 0.466003 -0.03535497 0.441476 0.03535497 0.332859 0.03535497 0.332859 -0.03535497 0.441476 -0.03535497 0.294318 0.03535497 0.332859 -0.03535497 0.294318 0.03535497 0.199716 0.03535497 0.199716 -0.03535497 0.294318 -0.03535497 0.147159 0.03535497 0.199716 -0.03535497 0.147159 0.03535497 0.06657201 0.03535497 0.06657201 -0.03535497 0.147159 -0.03535497 0 0.03535497 0.06657201 -0.03535497 0 0.03535497 -0.06657201 0.03535497 -0.06657201 -0.03535497 0 -0.03535497 -0.147159 0.03535497 -0.06657201 -0.03535497 -0.147159 0.03535497 -0.199716 0.03535497 -0.199716 -0.03535497 -0.147159 -0.03535497 -0.294318 0.03535497 -0.199716 -0.03535497 -0.294318 0.03535497 -0.332859 0.03535497 -0.332859 -0.03535497 -0.294318 -0.03535497 -0.441476 0.03535497 -0.332859 -0.03535497 -0.441476 0.03535497 -0.466003 0.03535497 -0.466003 -0.03535497 -0.441476 -0.03535497 -0.588635 0.03535497 -0.466003 -0.03535497 -0.588635 0.03535497 -0.599147 0.03535497 -0.599147 -0.03535497 -0.588635 -0.03535497 -0.735794 0.03535497 -0.599147 -0.03535497 -0.735794 0.03535497 -0.73229 0.03535497 -0.73229 -0.03535497 -0.735794 0.03535497 -0.865434 0.03535497 -0.865434 -0.03535497 -0.735794 -0.03535497 -0.882953 0.03535497 -0.865434 -0.03535497 -0.882953 0.03535497 -0.998578 0.03535497 -0.998578 -0.03535497 -0.882953 -0.03535497 -1.030112 0.03535497 -0.998578 -0.03535497 -1.030112 0.03535497 -1.131721 0.03535497 -1.131721 -0.03535497 -1.030112 -0.03535497 -1.177271 0.03535497 -1.131721 -0.03535497 -1.177271 0.03535497 -1.264865 0.03535497 -1.264865 -0.03535497 -1.177271 -0.03535497 -1.324429 0.207912 -0.558148 0.03399199 -0.484616 0 -0.58 0 -0.58 0.03399199 -0.484616 -0.03399199 -0.484616 0 -0.58 -0.03399199 -0.484616 -0.207912 -0.558148 -0.207912 -0.558148 -0.03399199 -0.484616 -0.08899199 -0.444656 -0.207912 -0.558148 -0.08899199 -0.444656 -0.11 -0.38 0.406737 -0.493545 0.11 -0.38 0.207912 -0.558148 0.207912 -0.558148 0.11 -0.38 0.08899199 -0.444656 0.207912 -0.558148 0.08899199 -0.444656 0.03399199 -0.484616 0.587785 -0.389017 0.26476 0.03166794 0.406737 -0.493545 0.406737 -0.493545 0.26476 0.03166794 0.08899199 -0.315344 0.406737 -0.493545 0.08899199 -0.315344 0.11 -0.38 0.587785 -0.389017 0.743145 -0.249131 0.26476 0.03166794 0.26476 0.03166794 0.743145 -0.249131 0.367461 0.12696 0.367461 0.12696 0.743145 -0.249131 0.866025 -0.07999998 0.367461 0.12696 0.866025 -0.07999998 0.437511 0.24829 0.437511 0.24829 0.866025 -0.07999998 0.766008 0.315384 0.437511 0.24829 0.766008 0.315384 0.711008 0.355344 0.866025 -0.07999998 0.951056 0.110983 0.766008 0.315384 0.766008 0.315384 0.951056 0.110983 0.833992 0.315384 0.833992 0.315384 0.951056 0.110983 0.994522 0.315472 0.833992 0.315384 0.994522 0.315472 0.888992 0.355344 0.888992 0.355344 0.994522 0.315472 0.91 0.42 0.91 0.42 0.994522 0.315472 0.994522 0.524528 0.91 0.42 0.994522 0.524528 0.888992 0.484656 0.888992 0.484656 0.994522 0.524528 0.833992 0.524616 0.833992 0.524616 0.994522 0.524528 0.951056 0.729017 0.833992 0.524616 0.951056 0.729017 0.766008 0.524616 0.766008 0.524616 0.951056 0.729017 0.866025 0.92 0.766008 0.524616 0.866025 0.92 0.407032 0.655 0.407032 0.655 0.866025 0.92 0.743145 1.089131 0.407032 0.655 0.743145 1.089131 0.319681 0.764534 0.319681 0.764534 0.743145 1.089131 0.587785 1.229017 0.319681 0.764534 0.587785 1.229017 0.203925 0.843455 0.203925 0.843455 0.587785 1.229017 0.406737 1.333546 0.203925 0.843455 0.406737 1.333546 0.08899199 1.155344 0.08899199 1.155344 0.406737 1.333546 0.11 1.22 0.11 1.22 0.406737 1.333546 0.207912 1.398148 0.11 1.22 0.207912 1.398148 0.08899199 1.284656 0.08899199 1.284656 0.207912 1.398148 0.03399199 1.324616 0.03399199 1.324616 0.207912 1.398148 0 1.42 0.03399199 1.324616 0 1.42 -0.03399199 1.324616 -0.03399199 1.324616 0 1.42 -0.207912 1.398148 -0.03399199 1.324616 -0.207912 1.398148 -0.08899199 1.284656 -0.08899199 1.284656 -0.207912 1.398148 -0.11 1.22 -0.11 1.22 -0.207912 1.398148 -0.406737 1.333546 -0.11 1.22 -0.406737 1.333546 -0.08899199 1.155344 -0.08899199 1.155344 -0.406737 1.333546 -0.203925 0.843455 -0.08899199 1.155344 -0.203925 0.843455 -0.07005 0.88475 -0.406737 1.333546 -0.587785 1.229017 -0.203925 0.843455 -0.203925 0.843455 -0.587785 1.229017 -0.319681 0.764534 -0.319681 0.764534 -0.587785 1.229017 -0.743145 1.089131 -0.319681 0.764534 -0.743145 1.089131 -0.407032 0.655 -0.407032 0.655 -0.743145 1.089131 -0.866025 0.92 -0.407032 0.655 -0.866025 0.92 -0.766008 0.524616 -0.766008 0.524616 -0.866025 0.92 -0.951056 0.729017 -0.766008 0.524616 -0.951056 0.729017 -0.833992 0.524616 -0.833992 0.524616 -0.951056 0.729017 -0.994522 0.524528 -0.833992 0.524616 -0.994522 0.524528 -0.888992 0.484656 -0.888992 0.484656 -0.994522 0.524528 -0.91 0.42 -0.91 0.42 -0.994522 0.524528 -0.994522 0.315472 -0.91 0.42 -0.994522 0.315472 -0.888992 0.355344 -0.888992 0.355344 -0.994522 0.315472 -0.833992 0.315384 -0.833992 0.315384 -0.994522 0.315472 -0.951056 0.110983 -0.833992 0.315384 -0.951056 0.110983 -0.766008 0.315384 -0.766008 0.315384 -0.951056 0.110983 -0.866025 -0.07999998 -0.766008 0.315384 -0.866025 -0.07999998 -0.437511 0.24829 -0.437511 0.24829 -0.866025 -0.07999998 -0.367461 0.12696 -0.367461 0.12696 -0.866025 -0.07999998 -0.743145 -0.249131 -0.367461 0.12696 -0.743145 -0.249131 -0.26476 0.03166794 -0.26476 0.03166794 -0.743145 -0.249131 -0.587785 -0.389017 -0.26476 0.03166794 -0.587785 -0.389017 -0.406737 -0.493545 -0.207912 -0.558148 -0.11 -0.38 -0.406737 -0.493545 -0.406737 -0.493545 -0.11 -0.38 -0.08899199 -0.315344 -0.406737 -0.493545 -0.08899199 -0.315344 -0.26476 0.03166794 -0.26476 0.03166794 -0.08899199 -0.315344 -0.138535 -0.02911895 -0.138535 -0.02911895 -0.08899199 -0.315344 -0.03399199 -0.275384 -0.138535 -0.02911895 -0.03399199 -0.275384 0 -0.04999995 0 -0.04999995 -0.03399199 -0.275384 0.03399199 -0.275384 0 -0.04999995 0.03399199 -0.275384 0.138535 -0.02911895 0.138535 -0.02911895 0.03399199 -0.275384 0.08899199 -0.315344 0.138535 -0.02911895 0.08899199 -0.315344 0.26476 0.03166794 -0.711008 0.355344 -0.468686 0.384877 -0.69 0.42 -0.69 0.42 -0.468686 0.384877 -0.458216 0.524585 -0.69 0.42 -0.458216 0.524585 -0.711008 0.484656 -0.711008 0.484656 -0.458216 0.524585 -0.407032 0.655 -0.711008 0.484656 -0.407032 0.655 -0.766008 0.524616 -0.468686 0.384877 -0.711008 0.355344 -0.437511 0.24829 -0.437511 0.24829 -0.711008 0.355344 -0.766008 0.315384 0.437511 0.24829 0.711008 0.355344 0.468686 0.384877 0.468686 0.384877 0.711008 0.355344 0.69 0.42 0.468686 0.384877 0.69 0.42 0.458216 0.524585 0.458216 0.524585 0.69 0.42 0.711008 0.484656 0.458216 0.524585 0.711008 0.484656 0.407032 0.655 0.407032 0.655 0.711008 0.484656 0.766008 0.524616 0.203925 0.843455 0.08899199 1.155344 0.07005 0.88475 0.07005 0.88475 0.08899199 1.155344 0.03399199 1.115384 0.07005 0.88475 0.03399199 1.115384 -0.03399199 1.115384 0.07005 0.88475 -0.03399199 1.115384 -0.07005 0.88475 -0.07005 0.88475 -0.03399199 1.115384 -0.08899199 1.155344 -0.1 1.180577 0.04999995 1.180577 -0.1 1.319469 -0.1 1.319469 0.04999995 1.180577 0.04999995 1.319469 -0.1 -1.319469 0.04999995 -1.319469 -0.1 -1.180577 -0.1 -1.180577 0.04999995 -1.319469 0.04999995 -1.180577 -0.1 -1.180577 0.04999995 -1.180577 -0.1 -1.041686 -0.1 -1.041686 0.04999995 -1.180577 0.04999995 -1.041686 -0.1 -1.041686 0.04999995 -1.041686 -0.1 -0.902795 -0.1 -0.902795 0.04999995 -1.041686 0.04999995 -0.902795 -0.1 -0.902795 0.04999995 -0.902795 -0.1 -0.763903 -0.1 -0.763903 0.04999995 -0.902795 0.04999995 -0.763903 -0.1 -0.763903 0.04999995 -0.763903 -0.1 -0.625012 -0.1 -0.625012 0.04999995 -0.763903 0.04999995 -0.625012 -0.1 -0.625012 0.04999995 -0.625012 -0.1 -0.48612 -0.1 -0.48612 0.04999995 -0.625012 0.04999995 -0.48612 -0.1 -0.48612 0.04999995 -0.48612 -0.1 -0.347229 -0.1 -0.347229 0.04999995 -0.48612 0.04999995 -0.347229 -0.1 -0.347229 0.04999995 -0.347229 -0.1 -0.208337 -0.1 -0.208337 0.04999995 -0.347229 0.04999995 -0.208337 -0.1 -0.208337 0.04999995 -0.208337 -0.1 -0.06944596 -0.1 -0.06944596 0.04999995 -0.208337 0.04999995 -0.06944596 -0.1 -0.06944596 0.04999995 -0.06944596 -0.1 0.06944596 -0.1 0.06944596 0.04999995 -0.06944596 0.04999995 0.06944596 -0.1 0.06944596 0.04999995 0.06944596 -0.1 0.208337 -0.1 0.208337 0.04999995 0.06944596 0.04999995 0.208337 -0.1 0.208337 0.04999995 0.208337 -0.1 0.347229 -0.1 0.347229 0.04999995 0.208337 0.04999995 0.347229 -0.1 0.347229 0.04999995 0.347229 -0.1 0.48612 -0.1 0.48612 0.04999995 0.347229 0.04999995 0.48612 -0.1 0.48612 0.04999995 0.48612 -0.1 0.625012 -0.1 0.625012 0.04999995 0.48612 0.04999995 0.625012 -0.1 0.625012 0.04999995 0.625012 -0.1 0.763903 -0.1 0.763903 0.04999995 0.625012 0.04999995 0.763903 -0.1 0.763903 0.04999995 0.763903 -0.1 0.902795 -0.1 0.902795 0.04999995 0.763903 0.04999995 0.902795 -0.1 0.902795 0.04999995 0.902795 -0.1 1.041686 -0.1 1.041686 0.04999995 0.902795 0.04999995 1.041686 -0.1 1.041686 0.04999995 1.041686 -0.1 1.180577 -0.1 1.180577 0.04999995 1.041686 0.04999995 1.180577 0.03535497 -9.040087 -0.03535497 -9.224579 0.03535497 -9.40907 0.03535497 9.40907 -0.03535497 9.593562 -0.03535497 9.224578 0.03535497 9.40907 -0.03535497 9.224578 0.03535497 9.040087 0.03535497 9.040087 -0.03535497 9.224578 -0.03535497 8.855595 0.03535497 9.040087 -0.03535497 8.855595 0.03535497 8.671103 0.03535497 8.671103 -0.03535497 8.855595 -0.03535497 8.486612 0.03535497 8.671103 -0.03535497 8.486612 0.03535497 8.302121 0.03535497 8.302121 -0.03535497 8.486612 -0.03535497 8.11763 0.03535497 8.302121 -0.03535497 8.11763 0.03535497 7.933137 0.03535497 7.933137 -0.03535497 8.11763 -0.03535497 7.748646 0.03535497 7.933137 -0.03535497 7.748646 0.03535497 7.564154 0.03535497 7.564154 -0.03535497 7.748646 -0.03535497 7.379663 0.03535497 7.564154 -0.03535497 7.379663 0.03535497 7.19517 0.03535497 7.19517 -0.03535497 7.379663 -0.03535497 7.010679 0.03535497 7.19517 -0.03535497 7.010679 0.03535497 6.826188 0.03535497 6.826188 -0.03535497 7.010679 -0.03535497 6.641696 0.03535497 6.826188 -0.03535497 6.641696 0.03535497 6.457204 0.03535497 6.457204 -0.03535497 6.641696 -0.03535497 6.272713 0.03535497 6.457204 -0.03535497 6.272713 0.03535497 6.088222 0.03535497 6.088222 -0.03535497 6.272713 -0.03535497 5.90373 0.03535497 6.088222 -0.03535497 5.90373 0.03535497 5.719238 0.03535497 5.719238 -0.03535497 5.90373 -0.03535497 5.534747 0.03535497 5.719238 -0.03535497 5.534747 0.03535497 5.350255 0.03535497 5.350255 -0.03535497 5.534747 -0.03535497 5.165764 0.03535497 5.350255 -0.03535497 5.165764 0.03535497 4.981272 0.03535497 4.981272 -0.03535497 5.165764 -0.03535497 4.796781 0.03535497 4.981272 -0.03535497 4.796781 0.03535497 4.612289 0.03535497 4.612289 -0.03535497 4.796781 -0.03535497 4.427797 0.03535497 4.612289 -0.03535497 4.427797 0.03535497 4.243306 0.03535497 4.243306 -0.03535497 4.427797 -0.03535497 4.058815 0.03535497 4.243306 -0.03535497 4.058815 0.03535497 3.874323 0.03535497 3.874323 -0.03535497 4.058815 -0.03535497 3.689831 0.03535497 3.874323 -0.03535497 3.689831 0.03535497 3.50534 0.03535497 3.50534 -0.03535497 3.689831 -0.03535497 3.320848 0.03535497 3.50534 -0.03535497 3.320848 0.03535497 3.136357 0.03535497 3.136357 -0.03535497 3.320848 -0.03535497 2.951865 0.03535497 3.136357 -0.03535497 2.951865 0.03535497 2.767373 0.03535497 2.767373 -0.03535497 2.951865 -0.03535497 2.582882 0.03535497 2.767373 -0.03535497 2.582882 0.03535497 2.39839 0.03535497 2.39839 -0.03535497 2.582882 -0.03535497 2.213899 0.03535497 2.39839 -0.03535497 2.213899 0.03535497 2.029407 0.03535497 2.029407 -0.03535497 2.213899 -0.03535497 1.844916 0.03535497 2.029407 -0.03535497 1.844916 0.03535497 1.660424 0.03535497 1.660424 -0.03535497 1.844916 -0.03535497 1.475932 0.03535497 1.660424 -0.03535497 1.475932 0.03535497 1.291441 0.03535497 1.291441 -0.03535497 1.475932 -0.03535497 1.106949 0.03535497 1.291441 -0.03535497 1.106949 0.03535497 0.922458 0.03535497 0.922458 -0.03535497 1.106949 -0.03535497 0.737966 0.03535497 0.922458 -0.03535497 0.737966 0.03535497 0.553475 0.03535497 0.553475 -0.03535497 0.737966 -0.03535497 0.368983 0.03535497 0.553475 -0.03535497 0.368983 0.03535497 0.184492 0.03535497 0.184492 -0.03535497 0.368983 -0.03535497 0 0.03535497 0.184492 -0.03535497 0 0.03535497 -0.184492 0.03535497 -0.184492 -0.03535497 0 -0.03535497 -0.368983 0.03535497 -0.184492 -0.03535497 -0.368983 0.03535497 -0.553475 0.03535497 -0.553475 -0.03535497 -0.368983 -0.03535497 -0.737966 0.03535497 -0.553475 -0.03535497 -0.737966 0.03535497 -0.922458 0.03535497 -0.922458 -0.03535497 -0.737966 -0.03535497 -1.106949 0.03535497 -0.922458 -0.03535497 -1.106949 0.03535497 -1.291441 0.03535497 -1.291441 -0.03535497 -1.106949 -0.03535497 -1.475932 0.03535497 -1.291441 -0.03535497 -1.475932 0.03535497 -1.660424 0.03535497 -1.660424 -0.03535497 -1.475932 -0.03535497 -1.844916 0.03535497 -1.660424 -0.03535497 -1.844916 0.03535497 -2.029407 0.03535497 -2.029407 -0.03535497 -1.844916 -0.03535497 -2.213899 0.03535497 -2.029407 -0.03535497 -2.213899 0.03535497 -2.39839 0.03535497 -2.39839 -0.03535497 -2.213899 -0.03535497 -2.582882 0.03535497 -2.39839 -0.03535497 -2.582882 0.03535497 -2.767373 0.03535497 -2.767373 -0.03535497 -2.582882 -0.03535497 -2.951865 0.03535497 -2.767373 -0.03535497 -2.951865 0.03535497 -3.136357 0.03535497 -3.136357 -0.03535497 -2.951865 -0.03535497 -3.320848 0.03535497 -3.136357 -0.03535497 -3.320848 0.03535497 -3.50534 0.03535497 -3.50534 -0.03535497 -3.320848 -0.03535497 -3.689831 0.03535497 -3.50534 -0.03535497 -3.689831 0.03535497 -3.874323 0.03535497 -3.874323 -0.03535497 -3.689831 -0.03535497 -4.058815 0.03535497 -3.874323 -0.03535497 -4.058815 0.03535497 -4.243306 0.03535497 -4.243306 -0.03535497 -4.058815 -0.03535497 -4.427797 0.03535497 -4.243306 -0.03535497 -4.427797 0.03535497 -4.612289 0.03535497 -4.612289 -0.03535497 -4.427797 -0.03535497 -4.796781 0.03535497 -4.612289 -0.03535497 -4.796781 0.03535497 -4.981272 0.03535497 -4.981272 -0.03535497 -4.796781 -0.03535497 -5.165764 0.03535497 -4.981272 -0.03535497 -5.165764 0.03535497 -5.350255 0.03535497 -5.350255 -0.03535497 -5.165764 -0.03535497 -5.534747 0.03535497 -5.350255 -0.03535497 -5.534747 0.03535497 -5.719238 0.03535497 -5.719238 -0.03535497 -5.534747 -0.03535497 -5.90373 0.03535497 -5.719238 -0.03535497 -5.90373 0.03535497 -6.088222 0.03535497 -6.088222 -0.03535497 -5.90373 -0.03535497 -6.272713 0.03535497 -6.088222 -0.03535497 -6.272713 0.03535497 -6.457204 0.03535497 -6.457204 -0.03535497 -6.272713 -0.03535497 -6.641696 0.03535497 -6.457204 -0.03535497 -6.641696 0.03535497 -6.826188 0.03535497 -6.826188 -0.03535497 -6.641696 -0.03535497 -7.010679 0.03535497 -6.826188 -0.03535497 -7.010679 0.03535497 -7.19517 0.03535497 -7.19517 -0.03535497 -7.010679 -0.03535497 -7.379663 0.03535497 -7.19517 -0.03535497 -7.379663 0.03535497 -7.564154 0.03535497 -7.564154 -0.03535497 -7.379663 -0.03535497 -7.748646 0.03535497 -7.564154 -0.03535497 -7.748646 0.03535497 -7.933137 0.03535497 -7.933137 -0.03535497 -7.748646 -0.03535497 -8.11763 0.03535497 -7.933137 -0.03535497 -8.11763 0.03535497 -8.302121 0.03535497 -8.302121 -0.03535497 -8.11763 -0.03535497 -8.486612 0.03535497 -8.302121 -0.03535497 -8.486612 0.03535497 -8.671103 0.03535497 -8.671103 -0.03535497 -8.486612 -0.03535497 -8.855595 0.03535497 -8.671103 -0.03535497 -8.855595 0.03535497 -9.040087 0.03535497 -9.040087 -0.03535497 -8.855595 -0.03535497 -9.224579 -0.38084 -0.227399 0 -0.25 0 -0.04999995 0 -0.04999995 0 -0.25 0.38084 -0.227399 0 -0.04999995 0.38084 -0.227399 0.371123 -0.02710998 0.371123 -0.02710998 0.38084 -0.227399 0.756333 -0.159914 0.371123 -0.02710998 0.756333 -0.159914 0.736619 0.04121297 0.736619 0.04121297 0.756333 -0.159914 1.121209 -0.048491 0.736619 0.04121297 1.121209 -0.048491 1.09095 0.153934 1.09095 0.153934 1.121209 -0.048491 1.470346 0.105304 1.09095 0.153934 1.470346 0.105304 1.428743 0.309343 1.428743 0.309343 1.470346 0.105304 1.798843 0.299314 1.428743 0.309343 1.798843 0.299314 1.744877 0.505085 1.744877 0.505085 1.798843 0.299314 2.102087 0.530814 1.744877 0.505085 2.102087 0.530814 2.034561 0.738193 2.034561 0.738193 2.102087 0.530814 2.375823 0.796555 2.034561 0.738193 2.375823 0.796555 2.293403 1.005133 2.293403 1.005133 2.375823 0.796555 2.616208 1.092806 2.293403 1.005133 2.616208 1.092806 2.517479 1.301858 2.517479 1.301858 2.616208 1.092806 2.819867 1.415409 2.517479 1.301858 2.819867 1.415409 2.703393 1.62387 2.703393 1.62387 2.819867 1.415409 2.983941 1.759835 2.703393 1.62387 2.983941 1.759835 2.848326 1.966289 2.848326 1.966289 2.983941 1.759835 3.106127 2.121249 2.848326 1.966289 3.106127 2.121249 2.950082 2.323922 2.950082 2.323922 3.106127 2.121249 3.184709 2.494578 2.950082 2.323922 3.184709 2.494578 3.007117 2.69135 3.007117 2.69135 3.184709 2.494578 3.218586 2.874581 3.007117 2.69135 3.218586 2.874581 3.018568 3.063001 3.018568 3.063001 3.218586 2.874581 3.20728 3.255923 3.018568 3.063001 3.20728 3.255923 2.98426 3.433243 2.98426 3.433243 3.20728 3.255923 3.150952 3.633251 2.98426 3.433243 3.150952 3.633251 2.904713 3.796462 2.904713 3.796462 3.150952 3.633251 3.050391 4.001269 2.904713 3.796462 3.050391 4.001269 2.781135 4.147153 2.781135 4.147153 3.050391 4.001269 2.907009 4.35481 2.781135 4.147153 2.907009 4.35481 2.615397 4.48 2.615397 4.48 2.907009 4.35481 2.722819 4.688911 2.615397 4.48 2.722819 4.688911 2.410012 4.789957 2.410012 4.789957 2.722819 4.688911 2.500407 4.998883 2.410012 4.789957 2.500407 4.998883 2.168094 5.072324 2.168094 5.072324 2.500407 4.998883 2.242894 5.280374 2.168094 5.072324 2.242894 5.280374 1.89331 5.322824 1.89331 5.322824 2.242894 5.280374 1.953897 5.529431 1.89331 5.322824 1.953897 5.529431 1.589825 5.537656 1.589825 5.537656 1.953897 5.529431 1.63747 5.742561 1.589825 5.537656 1.63747 5.742561 1.26224 5.713565 1.26224 5.713565 1.63747 5.742561 1.298057 5.916769 1.26224 5.713565 1.298057 5.916769 0.915521 5.847885 0.915521 5.847885 1.298057 5.916769 0.940423 6.049612 0.915521 5.847885 0.940423 6.049612 0.554924 5.938579 0.554924 5.938579 0.940423 6.049612 0.569587 6.139223 0.554924 5.938579 0.569587 6.139223 0.185914 5.984272 0.185914 5.984272 0.569587 6.139223 0.190755 6.184345 0.185914 5.984272 0.190755 6.184345 -0.190755 6.184345 0.185914 5.984272 -0.190755 6.184345 -0.185914 5.984272 -0.185914 5.984272 -0.190755 6.184345 -0.569587 6.139223 -0.185914 5.984272 -0.569587 6.139223 -0.554924 5.938579 -0.554924 5.938579 -0.569587 6.139223 -0.940423 6.049612 -0.554924 5.938579 -0.940423 6.049612 -0.915521 5.847885 -0.915521 5.847885 -0.940423 6.049612 -1.298057 5.916769 -0.915521 5.847885 -1.298057 5.916769 -1.26224 5.713565 -1.26224 5.713565 -1.298057 5.916769 -1.63747 5.742561 -1.26224 5.713565 -1.63747 5.742561 -1.589825 5.537656 -1.589825 5.537656 -1.63747 5.742561 -1.953897 5.529431 -1.589825 5.537656 -1.953897 5.529431 -1.89331 5.322824 -1.89331 5.322824 -1.953897 5.529431 -2.242894 5.280374 -1.89331 5.322824 -2.242894 5.280374 -2.168094 5.072324 -2.168094 5.072324 -2.242894 5.280374 -2.500407 4.998883 -2.168094 5.072324 -2.500407 4.998883 -2.410012 4.789957 -2.410012 4.789957 -2.500407 4.998883 -2.722819 4.688911 -2.410012 4.789957 -2.722819 4.688911 -2.615397 4.48 -2.615397 4.48 -2.722819 4.688911 -2.907009 4.35481 -2.615397 4.48 -2.907009 4.35481 -2.781135 4.147153 -2.781135 4.147153 -2.907009 4.35481 -3.050391 4.001269 -2.781135 4.147153 -3.050391 4.001269 -2.904713 3.796462 -2.904713 3.796462 -3.050391 4.001269 -3.150952 3.633251 -2.904713 3.796462 -3.150952 3.633251 -2.98426 3.433243 -2.98426 3.433243 -3.150952 3.633251 -3.20728 3.255923 -2.98426 3.433243 -3.20728 3.255923 -3.018568 3.063001 -3.018568 3.063001 -3.20728 3.255923 -3.218586 2.874581 -3.018568 3.063001 -3.218586 2.874581 -3.007117 2.69135 -3.007117 2.69135 -3.218586 2.874581 -3.184709 2.494578 -3.007117 2.69135 -3.184709 2.494578 -2.950082 2.323922 -2.950082 2.323922 -3.184709 2.494578 -3.106127 2.121249 -2.950082 2.323922 -3.106127 2.121249 -2.848326 1.966289 -2.848326 1.966289 -3.106127 2.121249 -2.983941 1.759835 -2.848326 1.966289 -2.983941 1.759835 -2.703393 1.62387 -2.703393 1.62387 -2.983941 1.759835 -2.819867 1.415409 -2.703393 1.62387 -2.819867 1.415409 -2.517479 1.301858 -2.517479 1.301858 -2.819867 1.415409 -2.616208 1.092806 -2.517479 1.301858 -2.616208 1.092806 -2.293403 1.005133 -2.293403 1.005133 -2.616208 1.092806 -2.375823 0.796555 -2.293403 1.005133 -2.375823 0.796555 -2.034561 0.738193 -2.034561 0.738193 -2.375823 0.796555 -2.102087 0.530814 -2.034561 0.738193 -2.102087 0.530814 -1.744877 0.505085 -1.744877 0.505085 -2.102087 0.530814 -1.798843 0.299314 -1.744877 0.505085 -1.798843 0.299314 -1.428743 0.309343 -1.428743 0.309343 -1.798843 0.299314 -1.470346 0.105304 -1.428743 0.309343 -1.470346 0.105304 -1.09095 0.153934 -1.09095 0.153934 -1.470346 0.105304 -1.121209 -0.048491 -1.09095 0.153934 -1.121209 -0.048491 -0.736619 0.04121297 -0.736619 0.04121297 -1.121209 -0.048491 -0.756333 -0.159914 -0.736619 0.04121297 -0.756333 -0.159914 -0.371123 -0.02710998 -0.371123 -0.02710998 -0.756333 -0.159914 -0.38084 -0.227399 -0.371123 -0.02710998 -0.38084 -0.227399 0 -0.04999995 -0.1732839 8.964628 0.123284 8.964628 -0.1732839 9.330531 -0.1732839 9.330531 0.123284 8.964628 0.123284 9.330531 -0.1732839 -9.330531 0.123284 -9.330531 -0.1732839 -8.964628 -0.1732839 -8.964628 0.123284 -9.330531 0.123284 -8.964628 -0.1732839 -8.964628 0.123284 -8.964628 -0.1732839 -8.598725 -0.1732839 -8.598725 0.123284 -8.964628 0.123284 -8.598725 -0.1732839 -8.598725 0.123284 -8.598725 -0.1732839 -8.232822 -0.1732839 -8.232822 0.123284 -8.598725 0.123284 -8.232822 -0.1732839 -8.232822 0.123284 -8.232822 -0.1732839 -7.866917 -0.1732839 -7.866917 0.123284 -8.232822 0.123284 -7.866917 -0.1732839 -7.866917 0.123284 -7.866917 -0.1732839 -7.501014 -0.1732839 -7.501014 0.123284 -7.866917 0.123284 -7.501014 -0.1732839 -7.501014 0.123284 -7.501014 -0.1732839 -7.135111 -0.1732839 -7.135111 0.123284 -7.501014 0.123284 -7.135111 -0.1732839 -7.135111 0.123284 -7.135111 -0.1732839 -6.769208 -0.1732839 -6.769208 0.123284 -7.135111 0.123284 -6.769208 -0.1732839 -6.769208 0.123284 -6.769208 -0.1732839 -6.403305 -0.1732839 -6.403305 0.123284 -6.769208 0.123284 -6.403305 -0.1732839 -6.403305 0.123284 -6.403305 -0.1732839 -6.037402 -0.1732839 -6.037402 0.123284 -6.403305 0.123284 -6.037402 -0.1732839 -6.037402 0.123284 -6.037402 -0.1732839 -5.671499 -0.1732839 -5.671499 0.123284 -6.037402 0.123284 -5.671499 -0.1732839 -5.671499 0.123284 -5.671499 -0.1732839 -5.305595 -0.1732839 -5.305595 0.123284 -5.671499 0.123284 -5.305595 -0.1732839 -5.305595 0.123284 -5.305595 -0.1732839 -4.939692 -0.1732839 -4.939692 0.123284 -5.305595 0.123284 -4.939692 -0.1732839 -4.939692 0.123284 -4.939692 -0.1732839 -4.573789 -0.1732839 -4.573789 0.123284 -4.939692 0.123284 -4.573789 -0.1732839 -4.573789 0.123284 -4.573789 -0.1732839 -4.207886 -0.1732839 -4.207886 0.123284 -4.573789 0.123284 -4.207886 -0.1732839 -4.207886 0.123284 -4.207886 -0.1732839 -3.841983 -0.1732839 -3.841983 0.123284 -4.207886 0.123284 -3.841983 -0.1732839 -3.841983 0.123284 -3.841983 -0.1732839 -3.47608 -0.1732839 -3.47608 0.123284 -3.841983 0.123284 -3.47608 -0.1732839 -3.47608 0.123284 -3.47608 -0.1732839 -3.110177 -0.1732839 -3.110177 0.123284 -3.47608 0.123284 -3.110177 -0.1732839 -3.110177 0.123284 -3.110177 -0.1732839 -2.744274 -0.1732839 -2.744274 0.123284 -3.110177 0.123284 -2.744274 -0.1732839 -2.744274 0.123284 -2.744274 -0.1732839 -2.378371 -0.1732839 -2.378371 0.123284 -2.744274 0.123284 -2.378371 -0.1732839 -2.378371 0.123284 -2.378371 -0.1732839 -2.012467 -0.1732839 -2.012467 0.123284 -2.378371 0.123284 -2.012467 -0.1732839 -2.012467 0.123284 -2.012467 -0.1732839 -1.646564 -0.1732839 -1.646564 0.123284 -2.012467 0.123284 -1.646564 -0.1732839 -1.646564 0.123284 -1.646564 -0.1732839 -1.280661 -0.1732839 -1.280661 0.123284 -1.646564 0.123284 -1.280661 -0.1732839 -1.280661 0.123284 -1.280661 -0.1732839 -0.914758 -0.1732839 -0.914758 0.123284 -1.280661 0.123284 -0.914758 -0.1732839 -0.914758 0.123284 -0.914758 -0.1732839 -0.548855 -0.1732839 -0.548855 0.123284 -0.914758 0.123284 -0.548855 -0.1732839 -0.548855 0.123284 -0.548855 -0.1732839 -0.182952 -0.1732839 -0.182952 0.123284 -0.548855 0.123284 -0.182952 -0.1732839 -0.182952 0.123284 -0.182952 -0.1732839 0.182952 -0.1732839 0.182952 0.123284 -0.182952 0.123284 0.182952 -0.1732839 0.182952 0.123284 0.182952 -0.1732839 0.548855 -0.1732839 0.548855 0.123284 0.182952 0.123284 0.548855 -0.1732839 0.548855 0.123284 0.548855 -0.1732839 0.914758 -0.1732839 0.914758 0.123284 0.548855 0.123284 0.914758 -0.1732839 0.914758 0.123284 0.914758 -0.1732839 1.280661 -0.1732839 1.280661 0.123284 0.914758 0.123284 1.280661 -0.1732839 1.280661 0.123284 1.280661 -0.1732839 1.646564 -0.1732839 1.646564 0.123284 1.280661 0.123284 1.646564 -0.1732839 1.646564 0.123284 1.646564 -0.1732839 2.012467 -0.1732839 2.012467 0.123284 1.646564 0.123284 2.012467 -0.1732839 2.012467 0.123284 2.012467 -0.1732839 2.378371 -0.1732839 2.378371 0.123284 2.012467 0.123284 2.378371 -0.1732839 2.378371 0.123284 2.378371 -0.1732839 2.744274 -0.1732839 2.744274 0.123284 2.378371 0.123284 2.744274 -0.1732839 2.744274 0.123284 2.744274 -0.1732839 3.110177 -0.1732839 3.110177 0.123284 2.744274 0.123284 3.110177 -0.1732839 3.110177 0.123284 3.110177 -0.1732839 3.47608 -0.1732839 3.47608 0.123284 3.110177 0.123284 3.47608 -0.1732839 3.47608 0.123284 3.47608 -0.1732839 3.841983 -0.1732839 3.841983 0.123284 3.47608 0.123284 3.841983 -0.1732839 3.841983 0.123284 3.841983 -0.1732839 4.207886 -0.1732839 4.207886 0.123284 3.841983 0.123284 4.207886 -0.1732839 4.207886 0.123284 4.207886 -0.1732839 4.573789 -0.1732839 4.573789 0.123284 4.207886 0.123284 4.573789 -0.1732839 4.573789 0.123284 4.573789 -0.1732839 4.939692 -0.1732839 4.939692 0.123284 4.573789 0.123284 4.939692 -0.1732839 4.939692 0.123284 4.939692 -0.1732839 5.305595 -0.1732839 5.305595 0.123284 4.939692 0.123284 5.305595 -0.1732839 5.305595 0.123284 5.305595 -0.1732839 5.671499 -0.1732839 5.671499 0.123284 5.305595 0.123284 5.671499 -0.1732839 5.671499 0.123284 5.671499 -0.1732839 6.037402 -0.1732839 6.037402 0.123284 5.671499 0.123284 6.037402 -0.1732839 6.037402 0.123284 6.037402 -0.1732839 6.403305 -0.1732839 6.403305 0.123284 6.037402 0.123284 6.403305 -0.1732839 6.403305 0.123284 6.403305 -0.1732839 6.769208 -0.1732839 6.769208 0.123284 6.403305 0.123284 6.769208 -0.1732839 6.769208 0.123284 6.769208 -0.1732839 7.135111 -0.1732839 7.135111 0.123284 6.769208 0.123284 7.135111 -0.1732839 7.135111 0.123284 7.135111 -0.1732839 7.501014 -0.1732839 7.501014 0.123284 7.135111 0.123284 7.501014 -0.1732839 7.501014 0.123284 7.501014 -0.1732839 7.866917 -0.1732839 7.866917 0.123284 7.501014 0.123284 7.866917 -0.1732839 7.866917 0.123284 7.866917 -0.1732839 8.232822 -0.1732839 8.232822 0.123284 7.866917 0.123284 8.232822 -0.1732839 8.232822 0.123284 8.232822 -0.1732839 8.598725 -0.1732839 8.598725 0.123284 8.232822 0.123284 8.598725 -0.1732839 8.598725 0.123284 8.598725 -0.1732839 8.964628 -0.1732839 8.964628 0.123284 8.598725 0.123284 8.964628 0.03535497 -7.99339 -0.03535497 -8.340929 0.03535497 -8.340929 0.03535497 8.340929 -0.03535497 8.340929 -0.03535497 7.99339 0.03535497 8.340929 -0.03535497 7.99339 0.03535497 7.99339 0.03535497 7.99339 -0.03535497 7.99339 -0.03535497 7.645851 0.03535497 7.99339 -0.03535497 7.645851 0.03535497 7.645851 0.03535497 7.645851 -0.03535497 7.645851 -0.03535497 7.298312 0.03535497 7.645851 -0.03535497 7.298312 0.03535497 7.298312 0.03535497 7.298312 -0.03535497 7.298312 -0.03535497 6.950774 0.03535497 7.298312 -0.03535497 6.950774 0.03535497 6.950774 0.03535497 6.950774 -0.03535497 6.950774 -0.03535497 6.603235 0.03535497 6.950774 -0.03535497 6.603235 0.03535497 6.603235 0.03535497 6.603235 -0.03535497 6.603235 -0.03535497 6.255696 0.03535497 6.603235 -0.03535497 6.255696 0.03535497 6.255696 0.03535497 6.255696 -0.03535497 6.255696 -0.03535497 5.908158 0.03535497 6.255696 -0.03535497 5.908158 0.03535497 5.908158 0.03535497 5.908158 -0.03535497 5.908158 -0.03535497 5.560619 0.03535497 5.908158 -0.03535497 5.560619 0.03535497 5.560619 0.03535497 5.560619 -0.03535497 5.560619 -0.03535497 5.21308 0.03535497 5.560619 -0.03535497 5.21308 0.03535497 5.21308 0.03535497 5.21308 -0.03535497 5.21308 -0.03535497 4.865541 0.03535497 5.21308 -0.03535497 4.865541 0.03535497 4.865541 0.03535497 4.865541 -0.03535497 4.865541 -0.03535497 4.518003 0.03535497 4.865541 -0.03535497 4.518003 0.03535497 4.518003 0.03535497 4.518003 -0.03535497 4.518003 -0.03535497 4.170465 0.03535497 4.518003 -0.03535497 4.170465 0.03535497 4.170465 0.03535497 4.170465 -0.03535497 4.170465 -0.03535497 3.822925 0.03535497 4.170465 -0.03535497 3.822925 0.03535497 3.822925 0.03535497 3.822925 -0.03535497 3.822925 -0.03535497 3.475387 0.03535497 3.822925 -0.03535497 3.475387 0.03535497 3.475387 0.03535497 3.475387 -0.03535497 3.475387 -0.03535497 3.127848 0.03535497 3.475387 -0.03535497 3.127848 0.03535497 3.127848 0.03535497 3.127848 -0.03535497 3.127848 -0.03535497 2.780309 0.03535497 3.127848 -0.03535497 2.780309 0.03535497 2.780309 0.03535497 2.780309 -0.03535497 2.780309 -0.03535497 2.432771 0.03535497 2.780309 -0.03535497 2.432771 0.03535497 2.432771 0.03535497 2.432771 -0.03535497 2.432771 -0.03535497 2.085232 0.03535497 2.432771 -0.03535497 2.085232 0.03535497 2.085232 0.03535497 2.085232 -0.03535497 2.085232 -0.03535497 1.737693 0.03535497 2.085232 -0.03535497 1.737693 0.03535497 1.737693 0.03535497 1.737693 -0.03535497 1.737693 -0.03535497 1.390155 0.03535497 1.737693 -0.03535497 1.390155 0.03535497 1.390155 0.03535497 1.390155 -0.03535497 1.390155 -0.03535497 1.042616 0.03535497 1.390155 -0.03535497 1.042616 0.03535497 1.042616 0.03535497 1.042616 -0.03535497 1.042616 -0.03535497 0.695077 0.03535497 1.042616 -0.03535497 0.695077 0.03535497 0.695077 0.03535497 0.695077 -0.03535497 0.695077 -0.03535497 0.347539 0.03535497 0.695077 -0.03535497 0.347539 0.03535497 0.347539 0.03535497 0.347539 -0.03535497 0.347539 -0.03535497 0 0.03535497 0.347539 -0.03535497 0 0.03535497 0 0.03535497 0 -0.03535497 0 -0.03535497 -0.347539 0.03535497 0 -0.03535497 -0.347539 0.03535497 -0.347539 0.03535497 -0.347539 -0.03535497 -0.347539 -0.03535497 -0.695077 0.03535497 -0.347539 -0.03535497 -0.695077 0.03535497 -0.695077 0.03535497 -0.695077 -0.03535497 -0.695077 -0.03535497 -1.042616 0.03535497 -0.695077 -0.03535497 -1.042616 0.03535497 -1.042616 0.03535497 -1.042616 -0.03535497 -1.042616 -0.03535497 -1.390155 0.03535497 -1.042616 -0.03535497 -1.390155 0.03535497 -1.390155 0.03535497 -1.390155 -0.03535497 -1.390155 -0.03535497 -1.737693 0.03535497 -1.390155 -0.03535497 -1.737693 0.03535497 -1.737693 0.03535497 -1.737693 -0.03535497 -1.737693 -0.03535497 -2.085232 0.03535497 -1.737693 -0.03535497 -2.085232 0.03535497 -2.085232 0.03535497 -2.085232 -0.03535497 -2.085232 -0.03535497 -2.432771 0.03535497 -2.085232 -0.03535497 -2.432771 0.03535497 -2.432771 0.03535497 -2.432771 -0.03535497 -2.432771 -0.03535497 -2.780309 0.03535497 -2.432771 -0.03535497 -2.780309 0.03535497 -2.780309 0.03535497 -2.780309 -0.03535497 -2.780309 -0.03535497 -3.127848 0.03535497 -2.780309 -0.03535497 -3.127848 0.03535497 -3.127848 0.03535497 -3.127848 -0.03535497 -3.127848 -0.03535497 -3.475387 0.03535497 -3.127848 -0.03535497 -3.475387 0.03535497 -3.475387 0.03535497 -3.475387 -0.03535497 -3.475387 -0.03535497 -3.822925 0.03535497 -3.475387 -0.03535497 -3.822925 0.03535497 -3.822925 0.03535497 -3.822925 -0.03535497 -3.822925 -0.03535497 -4.170465 0.03535497 -3.822925 -0.03535497 -4.170465 0.03535497 -4.170465 0.03535497 -4.170465 -0.03535497 -4.170465 -0.03535497 -4.518003 0.03535497 -4.170465 -0.03535497 -4.518003 0.03535497 -4.518003 0.03535497 -4.518003 -0.03535497 -4.518003 -0.03535497 -4.865541 0.03535497 -4.518003 -0.03535497 -4.865541 0.03535497 -4.865541 0.03535497 -4.865541 -0.03535497 -4.865541 -0.03535497 -5.21308 0.03535497 -4.865541 -0.03535497 -5.21308 0.03535497 -5.21308 0.03535497 -5.21308 -0.03535497 -5.21308 -0.03535497 -5.560619 0.03535497 -5.21308 -0.03535497 -5.560619 0.03535497 -5.560619 0.03535497 -5.560619 -0.03535497 -5.560619 -0.03535497 -5.908158 0.03535497 -5.560619 -0.03535497 -5.908158 0.03535497 -5.908158 0.03535497 -5.908158 -0.03535497 -5.908158 -0.03535497 -6.255696 0.03535497 -5.908158 -0.03535497 -6.255696 0.03535497 -6.255696 0.03535497 -6.255696 -0.03535497 -6.255696 -0.03535497 -6.603235 0.03535497 -6.255696 -0.03535497 -6.603235 0.03535497 -6.603235 0.03535497 -6.603235 -0.03535497 -6.603235 -0.03535497 -6.950774 0.03535497 -6.603235 -0.03535497 -6.950774 0.03535497 -6.950774 0.03535497 -6.950774 -0.03535497 -6.950774 -0.03535497 -7.298312 0.03535497 -6.950774 -0.03535497 -7.298312 0.03535497 -7.298312 0.03535497 -7.298312 -0.03535497 -7.298312 -0.03535497 -7.645851 0.03535497 -7.298312 -0.03535497 -7.645851 0.03535497 -7.645851 0.03535497 -7.645851 -0.03535497 -7.645851 -0.03535497 -7.99339 0.03535497 -7.645851 -0.03535497 -7.99339 0.03535497 -7.99339 0.03535497 -7.99339 -0.03535497 -7.99339 -0.03535497 -8.340929 0.363036 5.503728 0 5.526569 0 5.31 0 5.31 0 5.526569 -0.363036 5.503728 0 5.31 -0.363036 5.503728 -0.34981 5.287073 -0.34981 5.287073 -0.363036 5.503728 -0.720347 5.435567 -0.34981 5.287073 -0.720347 5.435567 -0.693635 5.218681 -0.693635 5.218681 -0.720347 5.435567 -1.066298 5.323162 -0.693635 5.218681 -1.066298 5.323162 -1.025592 5.105997 -1.025592 5.105997 -1.066298 5.323162 -1.395433 5.168283 -1.025592 5.105997 -1.395433 5.168283 -1.34 4.950948 -1.34 4.950948 -1.395433 5.168283 -1.70256 4.973373 -1.34 4.950948 -1.70256 4.973373 -1.631481 4.756187 -1.631481 4.756187 -1.70256 4.973373 -1.982838 4.741508 -1.631481 4.756187 -1.982838 4.741508 -1.895046 4.525046 -1.895046 4.525046 -1.982838 4.741508 -2.231844 4.476343 -1.895046 4.525046 -2.231844 4.476343 -2.126187 4.261481 -2.126187 4.261481 -2.231844 4.476343 -2.445654 4.182059 -2.126187 4.261481 -2.445654 4.182059 -2.320948 3.97 -2.320948 3.97 -2.445654 4.182059 -2.620894 3.863299 -2.320948 3.97 -2.620894 3.863299 -2.475997 3.655592 -2.475997 3.655592 -2.620894 3.863299 -2.754801 3.525089 -2.475997 3.655592 -2.754801 3.525089 -2.588681 3.323635 -2.588681 3.323635 -2.754801 3.525089 -2.845262 3.172763 -2.588681 3.323635 -2.845262 3.172763 -2.657072 2.97981 -2.657072 2.97981 -2.845262 3.172763 -2.890853 2.811877 -2.657072 2.97981 -2.890853 2.811877 -2.68 2.63 -2.68 2.63 -2.890853 2.811877 -2.890853 2.448123 -2.68 2.63 -2.890853 2.448123 -2.657072 2.28019 -2.657072 2.28019 -2.890853 2.448123 -2.845262 2.087237 -2.657072 2.28019 -2.845262 2.087237 -2.588681 1.936365 -2.588681 1.936365 -2.845262 2.087237 -2.754801 1.734911 -2.588681 1.936365 -2.754801 1.734911 -2.475997 1.604409 -2.475997 1.604409 -2.754801 1.734911 -2.620894 1.396701 -2.475997 1.604409 -2.620894 1.396701 -2.320948 1.29 -2.320948 1.29 -2.620894 1.396701 -2.445654 1.077941 -2.320948 1.29 -2.445654 1.077941 -2.126187 0.998519 -2.126187 0.998519 -2.445654 1.077941 -2.231844 0.783658 -2.126187 0.998519 -2.231844 0.783658 -1.895046 0.734954 -1.895046 0.734954 -2.231844 0.783658 -1.982838 0.518492 -1.895046 0.734954 -1.982838 0.518492 -1.631481 0.503813 -1.631481 0.503813 -1.982838 0.518492 -1.70256 0.286627 -1.631481 0.503813 -1.70256 0.286627 -1.34 0.309052 -1.34 0.309052 -1.70256 0.286627 -1.395433 0.09171795 -1.34 0.309052 -1.395433 0.09171795 -1.025592 0.154003 -1.025592 0.154003 -1.395433 0.09171795 -1.066298 -0.06316095 -1.025592 0.154003 -1.066298 -0.06316095 -0.693635 0.04131895 -0.693635 0.04131895 -1.066298 -0.06316095 -0.720347 -0.175568 -0.693635 0.04131895 -0.720347 -0.175568 -0.34981 -0.02707195 -0.34981 -0.02707195 -0.720347 -0.175568 -0.363036 -0.243728 -0.34981 -0.02707195 -0.363036 -0.243728 0 -0.04999995 0 -0.04999995 -0.363036 -0.243728 0 -0.266569 0 -0.04999995 0 -0.266569 0.363036 -0.243728 0 -0.04999995 0.363036 -0.243728 0.34981 -0.02707195 0.34981 -0.02707195 0.363036 -0.243728 0.720347 -0.175568 0.34981 -0.02707195 0.720347 -0.175568 0.693635 0.04131895 0.693635 0.04131895 0.720347 -0.175568 1.066298 -0.06316095 0.693635 0.04131895 1.066298 -0.06316095 1.025592 0.154003 1.025592 0.154003 1.066298 -0.06316095 1.395433 0.09171795 1.025592 0.154003 1.395433 0.09171795 1.34 0.309052 1.34 0.309052 1.395433 0.09171795 1.70256 0.286627 1.34 0.309052 1.70256 0.286627 1.631481 0.503813 1.631481 0.503813 1.70256 0.286627 1.982838 0.518492 1.631481 0.503813 1.982838 0.518492 1.895046 0.734954 1.895046 0.734954 1.982838 0.518492 2.231844 0.783658 1.895046 0.734954 2.231844 0.783658 2.126187 0.998519 2.126187 0.998519 2.231844 0.783658 2.445654 1.077941 2.126187 0.998519 2.445654 1.077941 2.320948 1.29 2.320948 1.29 2.445654 1.077941 2.620894 1.396701 2.320948 1.29 2.620894 1.396701 2.475997 1.604409 2.475997 1.604409 2.620894 1.396701 2.754801 1.734911 2.475997 1.604409 2.754801 1.734911 2.588681 1.936365 2.588681 1.936365 2.754801 1.734911 2.845262 2.087237 2.588681 1.936365 2.845262 2.087237 2.657072 2.28019 2.657072 2.28019 2.845262 2.087237 2.890853 2.448123 2.657072 2.28019 2.890853 2.448123 2.68 2.63 2.68 2.63 2.890853 2.448123 2.890853 2.811877 2.68 2.63 2.890853 2.811877 2.657072 2.97981 2.657072 2.97981 2.890853 2.811877 2.845262 3.172763 2.657072 2.97981 2.845262 3.172763 2.588681 3.323635 2.588681 3.323635 2.845262 3.172763 2.754801 3.525089 2.588681 3.323635 2.754801 3.525089 2.475997 3.655592 2.475997 3.655592 2.754801 3.525089 2.620894 3.863299 2.475997 3.655592 2.620894 3.863299 2.320948 3.97 2.320948 3.97 2.620894 3.863299 2.445654 4.182059 2.320948 3.97 2.445654 4.182059 2.126187 4.261481 2.126187 4.261481 2.445654 4.182059 2.231844 4.476343 2.126187 4.261481 2.231844 4.476343 1.895046 4.525046 1.895046 4.525046 2.231844 4.476343 1.982838 4.741508 1.895046 4.525046 1.982838 4.741508 1.631481 4.756187 1.631481 4.756187 1.982838 4.741508 1.70256 4.973373 1.631481 4.756187 1.70256 4.973373 1.34 4.950948 1.34 4.950948 1.70256 4.973373 1.395433 5.168283 1.34 4.950948 1.395433 5.168283 1.025592 5.105997 1.025592 5.105997 1.395433 5.168283 1.066298 5.323162 1.025592 5.105997 1.066298 5.323162 0.693635 5.218681 0.693635 5.218681 1.066298 5.323162 0.720347 5.435567 0.693635 5.218681 0.720347 5.435567 0.34981 5.287073 0.34981 5.287073 0.720347 5.435567 0.363036 5.503728 0.34981 5.287073 0.363036 5.503728 0 5.31 -0.04499995 7.918123 -0.004999995 7.918123 -0.04499995 8.26239 -0.04499995 8.26239 -0.004999995 7.918123 -0.004999995 8.26239 -0.04499995 -8.26239 -0.004999995 -8.26239 -0.04499995 -7.918123 -0.04499995 -7.918123 -0.004999995 -8.26239 -0.004999995 -7.918123 -0.04499995 -7.918123 -0.004999995 -7.918123 -0.04499995 -7.573856 -0.04499995 -7.573856 -0.004999995 -7.918123 -0.004999995 -7.573856 -0.04499995 -7.573856 -0.004999995 -7.573856 -0.04499995 -7.22959 -0.04499995 -7.22959 -0.004999995 -7.573856 -0.004999995 -7.22959 -0.04499995 -7.22959 -0.004999995 -7.22959 -0.04499995 -6.885324 -0.04499995 -6.885324 -0.004999995 -7.22959 -0.004999995 -6.885324 -0.04499995 -6.885324 -0.004999995 -6.885324 -0.04499995 -6.541058 -0.04499995 -6.541058 -0.004999995 -6.885324 -0.004999995 -6.541058 -0.04499995 -6.541058 -0.004999995 -6.541058 -0.04499995 -6.196792 -0.04499995 -6.196792 -0.004999995 -6.541058 -0.004999995 -6.196792 -0.04499995 -6.196792 -0.004999995 -6.196792 -0.04499995 -5.852526 -0.04499995 -5.852526 -0.004999995 -6.196792 -0.004999995 -5.852526 -0.04499995 -5.852526 -0.004999995 -5.852526 -0.04499995 -5.508259 -0.04499995 -5.508259 -0.004999995 -5.852526 -0.004999995 -5.508259 -0.04499995 -5.508259 -0.004999995 -5.508259 -0.04499995 -5.163993 -0.04499995 -5.163993 -0.004999995 -5.508259 -0.004999995 -5.163993 -0.04499995 -5.163993 -0.004999995 -5.163993 -0.04499995 -4.819727 -0.04499995 -4.819727 -0.004999995 -5.163993 -0.004999995 -4.819727 -0.04499995 -4.819727 -0.004999995 -4.819727 -0.04499995 -4.475461 -0.04499995 -4.475461 -0.004999995 -4.819727 -0.004999995 -4.475461 -0.04499995 -4.475461 -0.004999995 -4.475461 -0.04499995 -4.131195 -0.04499995 -4.131195 -0.004999995 -4.475461 -0.004999995 -4.131195 -0.04499995 -4.131195 -0.004999995 -4.131195 -0.04499995 -3.786928 -0.04499995 -3.786928 -0.004999995 -4.131195 -0.004999995 -3.786928 -0.04499995 -3.786928 -0.004999995 -3.786928 -0.04499995 -3.442662 -0.04499995 -3.442662 -0.004999995 -3.786928 -0.004999995 -3.442662 -0.04499995 -3.442662 -0.004999995 -3.442662 -0.04499995 -3.098396 -0.04499995 -3.098396 -0.004999995 -3.442662 -0.004999995 -3.098396 -0.04499995 -3.098396 -0.004999995 -3.098396 -0.04499995 -2.75413 -0.04499995 -2.75413 -0.004999995 -3.098396 -0.004999995 -2.75413 -0.04499995 -2.75413 -0.004999995 -2.75413 -0.04499995 -2.409863 -0.04499995 -2.409863 -0.004999995 -2.75413 -0.004999995 -2.409863 -0.04499995 -2.409863 -0.004999995 -2.409863 -0.04499995 -2.065597 -0.04499995 -2.065597 -0.004999995 -2.409863 -0.004999995 -2.065597 -0.04499995 -2.065597 -0.004999995 -2.065597 -0.04499995 -1.721331 -0.04499995 -1.721331 -0.004999995 -2.065597 -0.004999995 -1.721331 -0.04499995 -1.721331 -0.004999995 -1.721331 -0.04499995 -1.377065 -0.04499995 -1.377065 -0.004999995 -1.721331 -0.004999995 -1.377065 -0.04499995 -1.377065 -0.004999995 -1.377065 -0.04499995 -1.032799 -0.04499995 -1.032799 -0.004999995 -1.377065 -0.004999995 -1.032799 -0.04499995 -1.032799 -0.004999995 -1.032799 -0.04499995 -0.688532 -0.04499995 -0.688532 -0.004999995 -1.032799 -0.004999995 -0.688532 -0.04499995 -0.688532 -0.004999995 -0.688532 -0.04499995 -0.344266 -0.04499995 -0.344266 -0.004999995 -0.688532 -0.004999995 -0.344266 -0.04499995 -0.344266 -0.004999995 -0.344266 -0.04499995 0 -0.04499995 0 -0.004999995 -0.344266 -0.004999995 0 -0.04499995 0 -0.004999995 0 -0.04499995 0.344266 -0.04499995 0.344266 -0.004999995 0 -0.004999995 0.344266 -0.04499995 0.344266 -0.004999995 0.344266 -0.04499995 0.688532 -0.04499995 0.688532 -0.004999995 0.344266 -0.004999995 0.688532 -0.04499995 0.688532 -0.004999995 0.688532 -0.04499995 1.032799 -0.04499995 1.032799 -0.004999995 0.688532 -0.004999995 1.032799 -0.04499995 1.032799 -0.004999995 1.032799 -0.04499995 1.377065 -0.04499995 1.377065 -0.004999995 1.032799 -0.004999995 1.377065 -0.04499995 1.377065 -0.004999995 1.377065 -0.04499995 1.721331 -0.04499995 1.721331 -0.004999995 1.377065 -0.004999995 1.721331 -0.04499995 1.721331 -0.004999995 1.721331 -0.04499995 2.065597 -0.04499995 2.065597 -0.004999995 1.721331 -0.004999995 2.065597 -0.04499995 2.065597 -0.004999995 2.065597 -0.04499995 2.409863 -0.04499995 2.409863 -0.004999995 2.065597 -0.004999995 2.409863 -0.04499995 2.409863 -0.004999995 2.409863 -0.04499995 2.75413 -0.04499995 2.75413 -0.004999995 2.409863 -0.004999995 2.75413 -0.04499995 2.75413 -0.004999995 2.75413 -0.04499995 3.098396 -0.04499995 3.098396 -0.004999995 2.75413 -0.004999995 3.098396 -0.04499995 3.098396 -0.004999995 3.098396 -0.04499995 3.442662 -0.04499995 3.442662 -0.004999995 3.098396 -0.004999995 3.442662 -0.04499995 3.442662 -0.004999995 3.442662 -0.04499995 3.786928 -0.04499995 3.786928 -0.004999995 3.442662 -0.004999995 3.786928 -0.04499995 3.786928 -0.004999995 3.786928 -0.04499995 4.131195 -0.04499995 4.131195 -0.004999995 3.786928 -0.004999995 4.131195 -0.04499995 4.131195 -0.004999995 4.131195 -0.04499995 4.475461 -0.04499995 4.475461 -0.004999995 4.131195 -0.004999995 4.475461 -0.04499995 4.475461 -0.004999995 4.475461 -0.04499995 4.819727 -0.04499995 4.819727 -0.004999995 4.475461 -0.004999995 4.819727 -0.04499995 4.819727 -0.004999995 4.819727 -0.04499995 5.163993 -0.04499995 5.163993 -0.004999995 4.819727 -0.004999995 5.163993 -0.04499995 5.163993 -0.004999995 5.163993 -0.04499995 5.508259 -0.04499995 5.508259 -0.004999995 5.163993 -0.004999995 5.508259 -0.04499995 5.508259 -0.004999995 5.508259 -0.04499995 5.852526 -0.04499995 5.852526 -0.004999995 5.508259 -0.004999995 5.852526 -0.04499995 5.852526 -0.004999995 5.852526 -0.04499995 6.196792 -0.04499995 6.196792 -0.004999995 5.852526 -0.004999995 6.196792 -0.04499995 6.196792 -0.004999995 6.196792 -0.04499995 6.541058 -0.04499995 6.541058 -0.004999995 6.196792 -0.004999995 6.541058 -0.04499995 6.541058 -0.004999995 6.541058 -0.04499995 6.885324 -0.04499995 6.885324 -0.004999995 6.541058 -0.004999995 6.885324 -0.04499995 6.885324 -0.004999995 6.885324 -0.04499995 7.22959 -0.04499995 7.22959 -0.004999995 6.885324 -0.004999995 7.22959 -0.04499995 7.22959 -0.004999995 7.22959 -0.04499995 7.573856 -0.04499995 7.573856 -0.004999995 7.22959 -0.004999995 7.573856 -0.04499995 7.573856 -0.004999995 7.573856 -0.04499995 7.918123 -0.04499995 7.918123 -0.004999995 7.573856 -0.004999995 7.918123 -0.03535497 0.273077 -0.03535497 0 0.03535497 0 0.03535497 0 -0.03535497 0 -0.03535497 -0.273077 0.03535497 0 -0.03535497 -0.273077 0.03535497 -0.280263 0.03535497 -0.280263 -0.03535497 -0.273077 -0.03535497 -0.546154 0.03535497 -0.280263 -0.03535497 -0.546154 0.03535497 -0.560526 0.03535497 -0.560526 -0.03535497 -0.546154 -0.03535497 -0.819231 0.03535497 -0.560526 -0.03535497 -0.819231 0.03535497 -0.840789 0.03535497 -0.840789 -0.03535497 -0.819231 -0.03535497 -1.092308 0.03535497 -0.840789 -0.03535497 -1.092308 0.03535497 -1.121053 0.03535497 -1.121053 -0.03535497 -1.092308 -0.03535497 -1.365385 0.03535497 -1.121053 -0.03535497 -1.365385 0.03535497 -1.401316 0.03535497 -1.401316 -0.03535497 -1.365385 -0.03535497 -1.638461 0.03535497 -1.401316 -0.03535497 -1.638461 0.03535497 -1.681579 0.03535497 -1.681579 -0.03535497 -1.638461 -0.03535497 -1.911538 0.03535497 -1.681579 -0.03535497 -1.911538 0.03535497 -1.961842 0.03535497 -1.961842 -0.03535497 -1.911538 -0.03535497 -2.184615 0.03535497 -1.961842 -0.03535497 -2.184615 0.03535497 -2.242105 0.03535497 -2.242105 -0.03535497 -2.184615 -0.03535497 -2.457692 0.03535497 -2.242105 -0.03535497 -2.457692 0.03535497 -2.522368 0.03535497 -2.522368 -0.03535497 -2.457692 -0.03535497 -2.730769 0.03535497 -2.522368 -0.03535497 -2.730769 0.03535497 -2.802631 0.03535497 -2.802631 -0.03535497 -2.730769 -0.03535497 -3.003846 0.03535497 -2.802631 -0.03535497 -3.003846 0.03535497 -3.082895 0.03535497 -3.082895 -0.03535497 -3.003846 -0.03535497 -3.276923 0.03535497 -3.082895 -0.03535497 -3.276923 0.03535497 -3.363158 0.03535497 -3.363158 -0.03535497 -3.276923 -0.03535497 -3.55 0.03535497 -3.363158 -0.03535497 -3.55 0.03535497 -3.643421 0.03535497 -3.643421 -0.03535497 -3.55 -0.03535497 -3.823077 0.03535497 -3.643421 -0.03535497 -3.823077 0.03535497 -3.923684 0.03535497 -3.923684 -0.03535497 -3.823077 -0.03535497 -4.096154 0.03535497 -3.923684 -0.03535497 -4.096154 0.03535497 -4.203947 0.03535497 -4.203947 -0.03535497 -4.096154 -0.03535497 -4.369231 0.03535497 -4.203947 -0.03535497 -4.369231 0.03535497 -4.48421 0.03535497 -4.48421 -0.03535497 -4.369231 -0.03535497 -4.642307 0.03535497 -4.48421 -0.03535497 -4.642307 0.03535497 -4.764473 0.03535497 -4.764473 -0.03535497 -4.642307 -0.03535497 -4.915384 0.03535497 -4.764473 -0.03535497 -4.915384 0.03535497 -5.044736 0.03535497 -5.044736 -0.03535497 -4.915384 -0.03535497 -5.188462 0.03535497 -5.044736 -0.03535497 -5.188462 0.03535497 -5.325 0.03535497 5.325 -0.03535497 5.461538 -0.03535497 5.188461 0.03535497 5.325 -0.03535497 5.188461 0.03535497 5.044736 0.03535497 5.044736 -0.03535497 5.188461 -0.03535497 4.915384 0.03535497 5.044736 -0.03535497 4.915384 0.03535497 4.764473 0.03535497 4.764473 -0.03535497 4.915384 -0.03535497 4.642307 0.03535497 4.764473 -0.03535497 4.642307 0.03535497 4.48421 0.03535497 4.48421 -0.03535497 4.642307 -0.03535497 4.369231 0.03535497 4.48421 -0.03535497 4.369231 0.03535497 4.203947 0.03535497 4.203947 -0.03535497 4.369231 -0.03535497 4.096154 0.03535497 4.203947 -0.03535497 4.096154 0.03535497 3.923684 0.03535497 3.923684 -0.03535497 4.096154 -0.03535497 3.823077 0.03535497 3.923684 -0.03535497 3.823077 0.03535497 3.643421 0.03535497 3.643421 -0.03535497 3.823077 -0.03535497 3.55 0.03535497 3.643421 -0.03535497 3.55 0.03535497 3.363158 0.03535497 3.363158 -0.03535497 3.55 -0.03535497 3.276923 0.03535497 3.363158 -0.03535497 3.276923 0.03535497 3.082895 0.03535497 3.082895 -0.03535497 3.276923 -0.03535497 3.003846 0.03535497 3.082895 -0.03535497 3.003846 0.03535497 2.802631 0.03535497 2.802631 -0.03535497 3.003846 -0.03535497 2.730769 0.03535497 2.802631 -0.03535497 2.730769 0.03535497 2.522368 0.03535497 2.522368 -0.03535497 2.730769 -0.03535497 2.457692 0.03535497 2.522368 -0.03535497 2.457692 0.03535497 2.242105 0.03535497 2.242105 -0.03535497 2.457692 -0.03535497 2.184615 0.03535497 2.242105 -0.03535497 2.184615 0.03535497 1.961842 0.03535497 1.961842 -0.03535497 2.184615 -0.03535497 1.911538 0.03535497 1.961842 -0.03535497 1.911538 0.03535497 1.681579 0.03535497 1.681579 -0.03535497 1.911538 -0.03535497 1.638461 0.03535497 1.681579 -0.03535497 1.638461 0.03535497 1.401316 0.03535497 1.401316 -0.03535497 1.638461 -0.03535497 1.365385 0.03535497 1.401316 -0.03535497 1.365385 0.03535497 1.121053 0.03535497 1.121053 -0.03535497 1.365385 -0.03535497 1.092308 0.03535497 1.121053 -0.03535497 1.092308 0.03535497 0.840789 0.03535497 0.840789 -0.03535497 1.092308 -0.03535497 0.819231 0.03535497 0.840789 -0.03535497 0.819231 0.03535497 0.560526 0.03535497 0.560526 -0.03535497 0.819231 -0.03535497 0.546154 0.03535497 0.560526 -0.03535497 0.546154 0.03535497 0.280263 0.03535497 0.280263 -0.03535497 0.546154 -0.03535497 0.273077 0.03535497 0.280263 -0.03535497 0.273077 0.03535497 0 0.04499995 -5.126435 0.004999995 -5.126435 0.04499995 -5.40354 0.04499995 -5.40354 0.004999995 -5.126435 0.004999995 -5.40354 0.04499995 5.40354 0.004999995 5.40354 0.04499995 5.126435 0.04499995 5.126435 0.004999995 5.40354 0.004999995 5.126435 0.04499995 5.126435 0.004999995 5.126435 0.04499995 4.84933 0.04499995 4.84933 0.004999995 5.126435 0.004999995 4.84933 0.04499995 4.84933 0.004999995 4.84933 0.04499995 4.572226 0.04499995 4.572226 0.004999995 4.84933 0.004999995 4.572226 0.04499995 4.572226 0.004999995 4.572226 0.04499995 4.295121 0.04499995 4.295121 0.004999995 4.572226 0.004999995 4.295121 0.04499995 4.295121 0.004999995 4.295121 0.04499995 4.018016 0.04499995 4.018016 0.004999995 4.295121 0.004999995 4.018016 0.04499995 4.018016 0.004999995 4.018016 0.04499995 3.740912 0.04499995 3.740912 0.004999995 4.018016 0.004999995 3.740912 0.04499995 3.740912 0.004999995 3.740912 0.04499995 3.463807 0.04499995 3.463807 0.004999995 3.740912 0.004999995 3.463807 0.04499995 3.463807 0.004999995 3.463807 0.04499995 3.186703 0.04499995 3.186703 0.004999995 3.463807 0.004999995 3.186703 0.04499995 3.186703 0.004999995 3.186703 0.04499995 2.909598 0.04499995 2.909598 0.004999995 3.186703 0.004999995 2.909598 0.04499995 2.909598 0.004999995 2.909598 0.04499995 2.632493 0.04499995 2.632493 0.004999995 2.909598 0.004999995 2.632493 0.04499995 2.632493 0.004999995 2.632493 0.04499995 2.355389 0.04499995 2.355389 0.004999995 2.632493 0.004999995 2.355389 0.04499995 2.355389 0.004999995 2.355389 0.04499995 2.078285 0.04499995 2.078285 0.004999995 2.355389 0.004999995 2.078285 0.04499995 2.078285 0.004999995 2.078285 0.04499995 1.80118 0.04499995 1.80118 0.004999995 2.078285 0.004999995 1.80118 0.04499995 1.80118 0.004999995 1.80118 0.04499995 1.524075 0.04499995 1.524075 0.004999995 1.80118 0.004999995 1.524075 0.04499995 1.524075 0.004999995 1.524075 0.04499995 1.246971 0.04499995 1.246971 0.004999995 1.524075 0.004999995 1.246971 0.04499995 1.246971 0.004999995 1.246971 0.04499995 0.969866 0.04499995 0.969866 0.004999995 1.246971 0.004999995 0.969866 0.04499995 0.969866 0.004999995 0.969866 0.04499995 0.692761 0.04499995 0.692761 0.004999995 0.969866 0.004999995 0.692761 0.04499995 0.692761 0.004999995 0.692761 0.04499995 0.415657 0.04499995 0.415657 0.004999995 0.692761 0.004999995 0.415657 0.04499995 0.415657 0.004999995 0.415657 0.04499995 0.138552 0.04499995 0.138552 0.004999995 0.415657 0.004999995 0.138552 0.04499995 0.138552 0.004999995 0.138552 0.04499995 -0.138552 0.04499995 -0.138552 0.004999995 0.138552 0.004999995 -0.138552 0.04499995 -0.138552 0.004999995 -0.138552 0.04499995 -0.415657 0.04499995 -0.415657 0.004999995 -0.138552 0.004999995 -0.415657 0.04499995 -0.415657 0.004999995 -0.415657 0.04499995 -0.692761 0.04499995 -0.692761 0.004999995 -0.415657 0.004999995 -0.692761 0.04499995 -0.692761 0.004999995 -0.692761 0.04499995 -0.969866 0.04499995 -0.969866 0.004999995 -0.692761 0.004999995 -0.969866 0.04499995 -0.969866 0.004999995 -0.969866 0.04499995 -1.246971 0.04499995 -1.246971 0.004999995 -0.969866 0.004999995 -1.246971 0.04499995 -1.246971 0.004999995 -1.246971 0.04499995 -1.524075 0.04499995 -1.524075 0.004999995 -1.246971 0.004999995 -1.524075 0.04499995 -1.524075 0.004999995 -1.524075 0.04499995 -1.80118 0.04499995 -1.80118 0.004999995 -1.524075 0.004999995 -1.80118 0.04499995 -1.80118 0.004999995 -1.80118 0.04499995 -2.078285 0.04499995 -2.078285 0.004999995 -1.80118 0.004999995 -2.078285 0.04499995 -2.078285 0.004999995 -2.078285 0.04499995 -2.355389 0.04499995 -2.355389 0.004999995 -2.078285 0.004999995 -2.355389 0.04499995 -2.355389 0.004999995 -2.355389 0.04499995 -2.632493 0.04499995 -2.632493 0.004999995 -2.355389 0.004999995 -2.632493 0.04499995 -2.632493 0.004999995 -2.632493 0.04499995 -2.909598 0.04499995 -2.909598 0.004999995 -2.632493 0.004999995 -2.909598 0.04499995 -2.909598 0.004999995 -2.909598 0.04499995 -3.186703 0.04499995 -3.186703 0.004999995 -2.909598 0.004999995 -3.186703 0.04499995 -3.186703 0.004999995 -3.186703 0.04499995 -3.463807 0.04499995 -3.463807 0.004999995 -3.186703 0.004999995 -3.463807 0.04499995 -3.463807 0.004999995 -3.463807 0.04499995 -3.740912 0.04499995 -3.740912 0.004999995 -3.463807 0.004999995 -3.740912 0.04499995 -3.740912 0.004999995 -3.740912 0.04499995 -4.018016 0.04499995 -4.018016 0.004999995 -3.740912 0.004999995 -4.018016 0.04499995 -4.018016 0.004999995 -4.018016 0.04499995 -4.295121 0.04499995 -4.295121 0.004999995 -4.018016 0.004999995 -4.295121 0.04499995 -4.295121 0.004999995 -4.295121 0.04499995 -4.572226 0.04499995 -4.572226 0.004999995 -4.295121 0.004999995 -4.572226 0.04499995 -4.572226 0.004999995 -4.572226 0.04499995 -4.84933 0.04499995 -4.84933 0.004999995 -4.572226 0.004999995 -4.84933 0.04499995 -4.84933 0.004999995 -4.84933 0.04499995 -5.126435 0.04499995 -5.126435 0.004999995 -4.84933 0.004999995 -5.126435 0.274873 -0.523792 0.113656 0.005763947 0 -0.546569 0 -0.546569 0.113656 0.005763947 -0.113656 0.005763947 0 -0.546569 -0.113656 0.005763947 -0.274873 -0.523792 -0.274873 -0.523792 -0.113656 0.005763947 -0.336314 0.051521 -0.274873 -0.523792 -0.336314 0.051521 -0.542248 -0.456083 -0.542248 -0.456083 -0.336314 0.051521 -0.545204 0.141163 -0.542248 -0.456083 -0.545204 0.141163 -0.794832 -0.34529 -0.794832 -0.34529 -0.545204 0.141163 -1.025735 -0.194433 -1.025735 -0.194433 -0.545204 0.141163 -0.731772 0.271019 -1.025735 -0.194433 -0.731772 0.271019 -1.228659 -0.007628977 -1.228659 -0.007628977 -0.731772 0.271019 -0.888382 0.435772 -1.228659 -0.007628977 -0.888382 0.435772 -1.398068 0.2100279 -1.398068 0.2100279 -0.888382 0.435772 -1.008622 0.628679 -1.398068 0.2100279 -1.008622 0.628679 -1.529341 0.4526 -1.529341 0.4526 -1.008622 0.628679 -1.087568 0.841841 -1.529341 0.4526 -1.087568 0.841841 -1.618898 0.713471 -1.618898 0.713471 -1.087568 0.841841 -1.664296 0.985524 -1.664296 0.985524 -1.087568 0.841841 -1.12199 1.066531 -1.664296 0.985524 -1.12199 1.066531 -1.664296 1.261339 -1.664296 1.261339 -1.12199 1.066531 -1.110476 1.29355 -1.664296 1.261339 -1.110476 1.29355 -1.618898 1.533392 -1.618898 1.533392 -1.110476 1.29355 -1.0535 1.513605 -1.618898 1.533392 -1.0535 1.513605 -1.529341 1.794263 -1.529341 1.794263 -1.0535 1.513605 -0.953394 1.717686 -1.529341 1.794263 -0.953394 1.717686 -1.398068 2.036835 -1.398068 2.036835 -0.953394 1.717686 -0.814255 1.897439 -1.398068 2.036835 -0.814255 1.897439 -1.228659 2.254492 -1.228659 2.254492 -0.814255 1.897439 -1.025735 2.441296 -1.025735 2.441296 -0.814255 1.897439 -0.641781 2.045503 -1.025735 2.441296 -0.641781 2.045503 -0.794832 2.592153 -0.794832 2.592153 -0.641781 2.045503 -0.443032 2.155818 -0.794832 2.592153 -0.443032 2.155818 -0.542248 2.702946 -0.542248 2.702946 -0.443032 2.155818 -0.226145 2.223866 -0.542248 2.702946 -0.226145 2.223866 -0.274873 2.770655 -0.274873 2.770655 -0.226145 2.223866 0 2.246863 -0.274873 2.770655 0 2.246863 0 2.793432 0 2.793432 0 2.246863 0.274873 2.770655 0.274873 2.770655 0 2.246863 0.226145 2.223866 0.274873 2.770655 0.226145 2.223866 0.542248 2.702946 0.542248 2.702946 0.226145 2.223866 0.443032 2.155818 0.542248 2.702946 0.443032 2.155818 0.794832 2.592153 0.794832 2.592153 0.443032 2.155818 0.641781 2.045503 0.794832 2.592153 0.641781 2.045503 1.025735 2.441296 1.025735 2.441296 0.641781 2.045503 0.814255 1.897439 1.025735 2.441296 0.814255 1.897439 1.228659 2.254492 1.228659 2.254492 0.814255 1.897439 1.398068 2.036835 1.398068 2.036835 0.814255 1.897439 0.953394 1.717686 1.398068 2.036835 0.953394 1.717686 1.529341 1.794263 1.529341 1.794263 0.953394 1.717686 1.0535 1.513605 1.529341 1.794263 1.0535 1.513605 1.618898 1.533392 1.618898 1.533392 1.0535 1.513605 1.110476 1.29355 1.618898 1.533392 1.110476 1.29355 1.664296 1.261339 1.664296 1.261339 1.110476 1.29355 1.12199 1.066531 1.664296 1.261339 1.12199 1.066531 1.664296 0.985524 1.664296 0.985524 1.12199 1.066531 1.087568 0.841841 1.664296 0.985524 1.087568 0.841841 1.618898 0.713471 1.618898 0.713471 1.087568 0.841841 1.529341 0.4526 1.529341 0.4526 1.087568 0.841841 1.008622 0.628679 1.529341 0.4526 1.008622 0.628679 1.398068 0.2100279 1.398068 0.2100279 1.008622 0.628679 0.888382 0.435772 1.398068 0.2100279 0.888382 0.435772 1.228659 -0.007628977 1.228659 -0.007628977 0.888382 0.435772 0.731772 0.271019 1.228659 -0.007628977 0.731772 0.271019 1.025735 -0.194433 1.025735 -0.194433 0.731772 0.271019 0.545204 0.141163 1.025735 -0.194433 0.545204 0.141163 0.794832 -0.34529 0.794832 -0.34529 0.545204 0.141163 0.542248 -0.456083 0.542248 -0.456083 0.545204 0.141163 0.336314 0.051521 0.542248 -0.456083 0.336314 0.051521 0.274873 -0.523792 0.274873 -0.523792 0.336314 0.051521 0.113656 0.005763947 -0.03535497 -0.214676 0.03535497 -0.214676 -0.03535497 0 -0.03535497 0 0.03535497 -0.214676 0.03535497 0 -0.03535497 0 0.03535497 0 -0.03535497 0.214676 -0.03535497 0.214676 0.03535497 0 0.03535497 0.214676 -0.03535497 0.214676 0.03535497 0.214676 -0.03535497 0.429351 -0.03535497 0.429351 0.03535497 0.214676 0.03535497 0.429351 -0.03535497 0.429351 0.03535497 0.429351 -0.03535497 0.644027 -0.03535497 0.644027 0.03535497 0.429351 0.03535497 0.644027 -0.03535497 0.644027 0.03535497 0.644027 -0.03535497 0.858702 -0.03535497 0.858702 0.03535497 0.644027 0.03535497 0.858702 -0.03535497 0.858702 0.03535497 0.858702 -0.03535497 1.073377 -0.03535497 1.073377 0.03535497 0.858702 0.03535497 1.073377 -0.03535497 1.073377 0.03535497 1.073377 -0.03535497 1.288053 -0.03535497 1.288053 0.03535497 1.073377 0.03535497 1.288053 -0.03535497 1.288053 0.03535497 1.288053 -0.03535497 1.502728 -0.03535497 1.502728 0.03535497 1.288053 0.03535497 1.502728 -0.03535497 1.502728 0.03535497 1.502728 -0.03535497 1.717404 -0.03535497 1.717404 0.03535497 1.502728 0.03535497 1.717404 -0.03535497 1.717404 0.03535497 1.717404 -0.03535497 1.932079 -0.03535497 1.932079 0.03535497 1.717404 0.03535497 1.932079 -0.03535497 1.932079 0.03535497 1.932079 -0.03535497 2.146755 -0.03535497 2.146755 0.03535497 1.932079 0.03535497 2.146755 -0.03535497 2.146755 0.03535497 2.146755 -0.03535497 2.36143 -0.03535497 2.36143 0.03535497 2.146755 0.03535497 2.36143 -0.03535497 2.36143 0.03535497 2.36143 -0.03535497 2.576106 -0.03535497 2.576106 0.03535497 2.36143 0.03535497 2.576106 -0.03535497 2.576106 0.03535497 2.576106 -0.03535497 2.790781 -0.03535497 2.790781 0.03535497 2.576106 0.03535497 2.790781 -0.03535497 2.790781 0.03535497 2.790781 -0.03535497 3.005457 -0.03535497 3.005457 0.03535497 2.790781 0.03535497 3.005457 -0.03535497 3.005457 0.03535497 3.005457 -0.03535497 3.220133 -0.03535497 3.220133 0.03535497 3.005457 0.03535497 3.220133 -0.03535497 -3.220133 0.03535497 -3.220133 -0.03535497 -3.005457 -0.03535497 -3.005457 0.03535497 -3.220133 0.03535497 -3.005457 -0.03535497 -3.005457 0.03535497 -3.005457 -0.03535497 -2.790781 -0.03535497 -2.790781 0.03535497 -3.005457 0.03535497 -2.790781 -0.03535497 -2.790781 0.03535497 -2.790781 -0.03535497 -2.576106 -0.03535497 -2.576106 0.03535497 -2.790781 0.03535497 -2.576106 -0.03535497 -2.576106 0.03535497 -2.576106 -0.03535497 -2.36143 -0.03535497 -2.36143 0.03535497 -2.576106 0.03535497 -2.36143 -0.03535497 -2.36143 0.03535497 -2.36143 -0.03535497 -2.146755 -0.03535497 -2.146755 0.03535497 -2.36143 0.03535497 -2.146755 -0.03535497 -2.146755 0.03535497 -2.146755 -0.03535497 -1.932079 -0.03535497 -1.932079 0.03535497 -2.146755 0.03535497 -1.932079 -0.03535497 -1.932079 0.03535497 -1.932079 -0.03535497 -1.717404 -0.03535497 -1.717404 0.03535497 -1.932079 0.03535497 -1.717404 -0.03535497 -1.717404 0.03535497 -1.717404 -0.03535497 -1.502728 -0.03535497 -1.502728 0.03535497 -1.717404 0.03535497 -1.502728 -0.03535497 -1.502728 0.03535497 -1.502728 -0.03535497 -1.288053 -0.03535497 -1.288053 0.03535497 -1.502728 0.03535497 -1.288053 -0.03535497 -1.288053 0.03535497 -1.288053 -0.03535497 -1.073377 -0.03535497 -1.073377 0.03535497 -1.288053 0.03535497 -1.073377 -0.03535497 -1.073377 0.03535497 -1.073377 -0.03535497 -0.858702 -0.03535497 -0.858702 0.03535497 -1.073377 0.03535497 -0.858702 -0.03535497 -0.858702 0.03535497 -0.858702 -0.03535497 -0.644027 -0.03535497 -0.644027 0.03535497 -0.858702 0.03535497 -0.644027 -0.03535497 -0.644027 0.03535497 -0.644027 -0.03535497 -0.429351 -0.03535497 -0.429351 0.03535497 -0.644027 0.03535497 -0.429351 -0.03535497 -0.429351 0.03535497 -0.429351 -0.03535497 -0.214676 -0.03535497 -0.214676 0.03535497 -0.429351 0.03535497 -0.214676 0.08328396 -3.078761 -0.03328394 -3.078761 0.08328396 -3.298672 0.08328396 -3.298672 -0.03328394 -3.078761 -0.03328394 -3.298672 0.08328396 3.298672 -0.03328394 3.298672 0.08328396 3.078761 0.08328396 3.078761 -0.03328394 3.298672 -0.03328394 3.078761 0.08328396 3.078761 -0.03328394 3.078761 0.08328396 2.858849 0.08328396 2.858849 -0.03328394 3.078761 -0.03328394 2.858849 0.08328396 2.858849 -0.03328394 2.858849 0.08328396 2.638938 0.08328396 2.638938 -0.03328394 2.858849 -0.03328394 2.638938 0.08328396 2.638938 -0.03328394 2.638938 0.08328396 2.419026 0.08328396 2.419026 -0.03328394 2.638938 -0.03328394 2.419026 0.08328396 2.419026 -0.03328394 2.419026 0.08328396 2.199115 0.08328396 2.199115 -0.03328394 2.419026 -0.03328394 2.199115 0.08328396 2.199115 -0.03328394 2.199115 0.08328396 1.979203 0.08328396 1.979203 -0.03328394 2.199115 -0.03328394 1.979203 0.08328396 1.979203 -0.03328394 1.979203 0.08328396 1.759292 0.08328396 1.759292 -0.03328394 1.979203 -0.03328394 1.759292 0.08328396 1.759292 -0.03328394 1.759292 0.08328396 1.53938 0.08328396 1.53938 -0.03328394 1.759292 -0.03328394 1.53938 0.08328396 1.53938 -0.03328394 1.53938 0.08328396 1.319469 0.08328396 1.319469 -0.03328394 1.53938 -0.03328394 1.319469 0.08328396 1.319469 -0.03328394 1.319469 0.08328396 1.099557 0.08328396 1.099557 -0.03328394 1.319469 -0.03328394 1.099557 0.08328396 1.099557 -0.03328394 1.099557 0.08328396 0.879646 0.08328396 0.879646 -0.03328394 1.099557 -0.03328394 0.879646 0.08328396 0.879646 -0.03328394 0.879646 0.08328396 0.659734 0.08328396 0.659734 -0.03328394 0.879646 -0.03328394 0.659734 0.08328396 0.659734 -0.03328394 0.659734 0.08328396 0.439823 0.08328396 0.439823 -0.03328394 0.659734 -0.03328394 0.439823 0.08328396 0.439823 -0.03328394 0.439823 0.08328396 0.219911 0.08328396 0.219911 -0.03328394 0.439823 -0.03328394 0.219911 0.08328396 0.219911 -0.03328394 0.219911 0.08328396 0 0.08328396 0 -0.03328394 0.219911 -0.03328394 0 0.08328396 0 -0.03328394 0 0.08328396 -0.219911 0.08328396 -0.219911 -0.03328394 0 -0.03328394 -0.219911 0.08328396 -0.219911 -0.03328394 -0.219911 0.08328396 -0.439823 0.08328396 -0.439823 -0.03328394 -0.219911 -0.03328394 -0.439823 0.08328396 -0.439823 -0.03328394 -0.439823 0.08328396 -0.659734 0.08328396 -0.659734 -0.03328394 -0.439823 -0.03328394 -0.659734 0.08328396 -0.659734 -0.03328394 -0.659734 0.08328396 -0.879646 0.08328396 -0.879646 -0.03328394 -0.659734 -0.03328394 -0.879646 0.08328396 -0.879646 -0.03328394 -0.879646 0.08328396 -1.099557 0.08328396 -1.099557 -0.03328394 -0.879646 -0.03328394 -1.099557 0.08328396 -1.099557 -0.03328394 -1.099557 0.08328396 -1.319469 0.08328396 -1.319469 -0.03328394 -1.099557 -0.03328394 -1.319469 0.08328396 -1.319469 -0.03328394 -1.319469 0.08328396 -1.53938 0.08328396 -1.53938 -0.03328394 -1.319469 -0.03328394 -1.53938 0.08328396 -1.53938 -0.03328394 -1.53938 0.08328396 -1.759292 0.08328396 -1.759292 -0.03328394 -1.53938 -0.03328394 -1.759292 0.08328396 -1.759292 -0.03328394 -1.759292 0.08328396 -1.979203 0.08328396 -1.979203 -0.03328394 -1.759292 -0.03328394 -1.979203 0.08328396 -1.979203 -0.03328394 -1.979203 0.08328396 -2.199115 0.08328396 -2.199115 -0.03328394 -1.979203 -0.03328394 -2.199115 0.08328396 -2.199115 -0.03328394 -2.199115 0.08328396 -2.419026 0.08328396 -2.419026 -0.03328394 -2.199115 -0.03328394 -2.419026 0.08328396 -2.419026 -0.03328394 -2.419026 0.08328396 -2.638938 0.08328396 -2.638938 -0.03328394 -2.419026 -0.03328394 -2.638938 0.08328396 -2.638938 -0.03328394 -2.638938 0.08328396 -2.858849 0.08328396 -2.858849 -0.03328394 -2.638938 -0.03328394 -2.858849 0.08328396 -2.858849 -0.03328394 -2.858849 0.08328396 -3.078761 0.08328396 -3.078761 -0.03328394 -2.858849 -0.03328394 -3.078761 -0.03535497 -0.384697 0.03535497 -0.192348 -0.03535497 0 -0.03535497 0 0.03535497 -0.192348 0.03535497 0.192348 -0.03535497 0 0.03535497 0.192348 -0.03535497 0.384697 -0.03535497 0.384697 0.03535497 0.192348 0.03535497 0.577045 -0.03535497 0.384697 0.03535497 0.577045 -0.03535497 0.769394 -0.03535497 0.769394 0.03535497 0.577045 0.03535497 0.961742 -0.03535497 0.769394 0.03535497 0.961742 -0.03535497 1.154091 -0.03535497 1.154091 0.03535497 0.961742 0.03535497 1.346439 -0.03535497 1.154091 0.03535497 1.346439 -0.03535497 1.538788 -0.03535497 1.538788 0.03535497 1.346439 0.03535497 1.731136 -0.03535497 1.538788 0.03535497 1.731136 -0.03535497 1.923485 -0.03535497 1.923485 0.03535497 1.731136 0.03535497 2.115833 -0.03535497 1.923485 0.03535497 2.115833 -0.03535497 2.308182 -0.03535497 2.308182 0.03535497 2.115833 0.03535497 2.50053 -0.03535497 2.308182 0.03535497 2.50053 -0.03535497 2.692878 -0.03535497 2.692878 0.03535497 2.50053 0.03535497 2.885227 -0.03535497 2.692878 0.03535497 2.885227 -0.03535497 3.077575 -0.03535497 3.077575 0.03535497 2.885227 0.03535497 3.269924 -0.03535497 3.077575 0.03535497 3.269924 -0.03535497 3.462272 -0.03535497 3.462272 0.03535497 3.269924 0.03535497 3.65462 -0.03535497 3.462272 0.03535497 3.65462 -0.03535497 3.846969 -0.03535497 3.846969 0.03535497 3.65462 0.03535497 4.039317 -0.03535497 3.846969 0.03535497 4.039317 -0.03535497 4.231666 -0.03535497 4.231666 0.03535497 4.039317 0.03535497 4.424014 -0.03535497 4.231666 0.03535497 4.424014 -0.03535497 4.616363 -0.03535497 4.616363 0.03535497 4.424014 0.03535497 4.808711 -0.03535497 4.616363 0.03535497 4.808711 -0.03535497 5.00106 -0.03535497 5.00106 0.03535497 4.808711 0.03535497 5.193408 -0.03535497 5.00106 0.03535497 5.193408 -0.03535497 5.385756 -0.03535497 5.385756 0.03535497 5.193408 0.03535497 5.578105 -0.03535497 5.385756 0.03535497 5.578105 -0.03535497 5.770453 -0.03535497 5.770453 0.03535497 5.578105 0.03535497 5.962802 -0.03535497 5.770453 0.03535497 5.962802 -0.03535497 6.15515 -0.03535497 6.15515 0.03535497 5.962802 0.03535497 6.347499 -0.03535497 6.15515 0.03535497 6.347499 -0.03535497 6.539847 -0.03535497 6.539847 0.03535497 6.347499 0.03535497 6.732196 -0.03535497 6.539847 0.03535497 6.732196 -0.03535497 6.924544 -0.03535497 6.924544 0.03535497 6.732196 0.03535497 7.116892 -0.03535497 6.924544 0.03535497 7.116892 -0.03535497 7.309241 -0.03535497 7.309241 0.03535497 7.116892 0.03535497 7.50159 -0.03535497 7.309241 0.03535497 7.50159 -0.03535497 7.693938 -0.03535497 7.693938 0.03535497 7.50159 0.03535497 7.886286 -0.03535497 7.693938 0.03535497 7.886286 -0.03535497 8.078635 -0.03535497 8.078635 0.03535497 7.886286 0.03535497 8.270984 -0.03535497 8.078635 0.03535497 8.270984 -0.03535497 8.463333 -0.03535497 8.463333 0.03535497 8.270984 0.03535497 8.65568 -0.03535497 8.463333 0.03535497 8.65568 -0.03535497 8.848029 -0.03535497 8.848029 0.03535497 8.65568 0.03535497 9.040377 -0.03535497 8.848029 0.03535497 9.040377 -0.03535497 9.232727 -0.03535497 9.232727 0.03535497 9.040377 0.03535497 9.425075 -0.03535497 9.232727 0.03535497 9.425075 -0.03535497 9.617423 -0.03535497 9.617423 0.03535497 9.425075 0.03535497 9.809771 -0.03535497 9.617423 0.03535497 9.809771 -0.03535497 10.00212 -0.03535497 10.00212 0.03535497 9.809771 0.03535497 10.19447 -0.03535497 10.00212 0.03535497 10.19447 -0.03535497 10.38682 -0.03535497 -10.00212 0.03535497 -10.19447 0.03535497 -9.809771 -0.03535497 -10.00212 0.03535497 -9.809771 -0.03535497 -9.617423 -0.03535497 -9.617423 0.03535497 -9.809771 0.03535497 -9.425075 -0.03535497 -9.617423 0.03535497 -9.425075 -0.03535497 -9.232727 -0.03535497 -9.232727 0.03535497 -9.425075 0.03535497 -9.040377 -0.03535497 -9.232727 0.03535497 -9.040377 -0.03535497 -8.848029 -0.03535497 -8.848029 0.03535497 -9.040377 0.03535497 -8.65568 -0.03535497 -8.848029 0.03535497 -8.65568 -0.03535497 -8.463333 -0.03535497 -8.463333 0.03535497 -8.65568 0.03535497 -8.270984 -0.03535497 -8.463333 0.03535497 -8.270984 -0.03535497 -8.078635 -0.03535497 -8.078635 0.03535497 -8.270984 0.03535497 -7.886286 -0.03535497 -8.078635 0.03535497 -7.886286 -0.03535497 -7.693938 -0.03535497 -7.693938 0.03535497 -7.886286 0.03535497 -7.50159 -0.03535497 -7.693938 0.03535497 -7.50159 -0.03535497 -7.309241 -0.03535497 -7.309241 0.03535497 -7.50159 0.03535497 -7.116892 -0.03535497 -7.309241 0.03535497 -7.116892 -0.03535497 -6.924544 -0.03535497 -6.924544 0.03535497 -7.116892 0.03535497 -6.732196 -0.03535497 -6.924544 0.03535497 -6.732196 -0.03535497 -6.539847 -0.03535497 -6.539847 0.03535497 -6.732196 0.03535497 -6.347499 -0.03535497 -6.539847 0.03535497 -6.347499 -0.03535497 -6.15515 -0.03535497 -6.15515 0.03535497 -6.347499 0.03535497 -5.962802 -0.03535497 -6.15515 0.03535497 -5.962802 -0.03535497 -5.770453 -0.03535497 -5.770453 0.03535497 -5.962802 0.03535497 -5.578105 -0.03535497 -5.770453 0.03535497 -5.578105 -0.03535497 -5.385756 -0.03535497 -5.385756 0.03535497 -5.578105 0.03535497 -5.193408 -0.03535497 -5.385756 0.03535497 -5.193408 -0.03535497 -5.00106 -0.03535497 -5.00106 0.03535497 -5.193408 0.03535497 -4.808711 -0.03535497 -5.00106 0.03535497 -4.808711 -0.03535497 -4.616363 -0.03535497 -4.616363 0.03535497 -4.808711 0.03535497 -4.424014 -0.03535497 -4.616363 0.03535497 -4.424014 -0.03535497 -4.231666 -0.03535497 -4.231666 0.03535497 -4.424014 0.03535497 -4.039317 -0.03535497 -4.231666 0.03535497 -4.039317 -0.03535497 -3.846969 -0.03535497 -3.846969 0.03535497 -4.039317 0.03535497 -3.65462 -0.03535497 -3.846969 0.03535497 -3.65462 -0.03535497 -3.462272 -0.03535497 -3.462272 0.03535497 -3.65462 0.03535497 -3.269924 -0.03535497 -3.462272 0.03535497 -3.269924 -0.03535497 -3.077575 -0.03535497 -3.077575 0.03535497 -3.269924 0.03535497 -2.885227 -0.03535497 -3.077575 0.03535497 -2.885227 -0.03535497 -2.692878 -0.03535497 -2.692878 0.03535497 -2.885227 0.03535497 -2.50053 -0.03535497 -2.692878 0.03535497 -2.50053 -0.03535497 -2.308182 -0.03535497 -2.308182 0.03535497 -2.50053 0.03535497 -2.115833 -0.03535497 -2.308182 0.03535497 -2.115833 -0.03535497 -1.923485 -0.03535497 -1.923485 0.03535497 -2.115833 0.03535497 -1.731136 -0.03535497 -1.923485 0.03535497 -1.731136 -0.03535497 -1.538788 -0.03535497 -1.538788 0.03535497 -1.731136 0.03535497 -1.346439 -0.03535497 -1.538788 0.03535497 -1.346439 -0.03535497 -1.154091 -0.03535497 -1.154091 0.03535497 -1.346439 0.03535497 -0.961742 -0.03535497 -1.154091 0.03535497 -0.961742 -0.03535497 -0.769394 -0.03535497 -0.769394 0.03535497 -0.961742 0.03535497 -0.577045 -0.03535497 -0.769394 0.03535497 -0.577045 -0.03535497 -0.384697 -0.03535497 -0.384697 0.03535497 -0.577045 0.03535497 -0.192348 0.183607 -9.885348 -0.133607 -9.885348 0.183607 -10.27301 0.183607 -10.27301 -0.133607 -9.885348 -0.133607 -10.27301 0.183607 10.27301 -0.133607 10.27301 0.183607 9.885348 0.183607 9.885348 -0.133607 10.27301 -0.133607 9.885348 0.183607 9.885348 -0.133607 9.885348 0.183607 9.497688 0.183607 9.497688 -0.133607 9.885348 -0.133607 9.497688 0.183607 9.497688 -0.133607 9.497688 0.183607 9.110026 0.183607 9.110026 -0.133607 9.497688 -0.133607 9.110026 0.183607 9.110026 -0.133607 9.110026 0.183607 8.722365 0.183607 8.722365 -0.133607 9.110026 -0.133607 8.722365 0.183607 8.722365 -0.133607 8.722365 0.183607 8.334705 0.183607 8.334705 -0.133607 8.722365 -0.133607 8.334705 0.183607 8.334705 -0.133607 8.334705 0.183607 7.947043 0.183607 7.947043 -0.133607 8.334705 -0.133607 7.947043 0.183607 7.947043 -0.133607 7.947043 0.183607 7.559383 0.183607 7.559383 -0.133607 7.947043 -0.133607 7.559383 0.183607 7.559383 -0.133607 7.559383 0.183607 7.171722 0.183607 7.171722 -0.133607 7.559383 -0.133607 7.171722 0.183607 7.171722 -0.133607 7.171722 0.183607 6.784062 0.183607 6.784062 -0.133607 7.171722 -0.133607 6.784062 0.183607 6.784062 -0.133607 6.784062 0.183607 6.396401 0.183607 6.396401 -0.133607 6.784062 -0.133607 6.396401 0.183607 6.396401 -0.133607 6.396401 0.183607 6.00874 0.183607 6.00874 -0.133607 6.396401 -0.133607 6.00874 0.183607 6.00874 -0.133607 6.00874 0.183607 5.621079 0.183607 5.621079 -0.133607 6.00874 -0.133607 5.621079 0.183607 5.621079 -0.133607 5.621079 0.183607 5.233419 0.183607 5.233419 -0.133607 5.621079 -0.133607 5.233419 0.183607 5.233419 -0.133607 5.233419 0.183607 4.845758 0.183607 4.845758 -0.133607 5.233419 -0.133607 4.845758 0.183607 4.845758 -0.133607 4.845758 0.183607 4.458097 0.183607 4.458097 -0.133607 4.845758 -0.133607 4.458097 0.183607 4.458097 -0.133607 4.458097 0.183607 4.070437 0.183607 4.070437 -0.133607 4.458097 -0.133607 4.070437 0.183607 4.070437 -0.133607 4.070437 0.183607 3.682776 0.183607 3.682776 -0.133607 4.070437 -0.133607 3.682776 0.183607 3.682776 -0.133607 3.682776 0.183607 3.295116 0.183607 3.295116 -0.133607 3.682776 -0.133607 3.295116 0.183607 3.295116 -0.133607 3.295116 0.183607 2.907455 0.183607 2.907455 -0.133607 3.295116 -0.133607 2.907455 0.183607 2.907455 -0.133607 2.907455 0.183607 2.519794 0.183607 2.519794 -0.133607 2.907455 -0.133607 2.519794 0.183607 2.519794 -0.133607 2.519794 0.183607 2.132134 0.183607 2.132134 -0.133607 2.519794 -0.133607 2.132134 0.183607 2.132134 -0.133607 2.132134 0.183607 1.744473 0.183607 1.744473 -0.133607 2.132134 -0.133607 1.744473 0.183607 1.744473 -0.133607 1.744473 0.183607 1.356812 0.183607 1.356812 -0.133607 1.744473 -0.133607 1.356812 0.183607 1.356812 -0.133607 1.356812 0.183607 0.969152 0.183607 0.969152 -0.133607 1.356812 -0.133607 0.969152 0.183607 0.969152 -0.133607 0.969152 0.183607 0.581491 0.183607 0.581491 -0.133607 0.969152 -0.133607 0.581491 0.183607 0.581491 -0.133607 0.581491 0.183607 0.19383 0.183607 0.19383 -0.133607 0.581491 -0.133607 0.19383 0.183607 0.19383 -0.133607 0.19383 0.183607 -0.19383 0.183607 -0.19383 -0.133607 0.19383 -0.133607 -0.19383 0.183607 -0.19383 -0.133607 -0.19383 0.183607 -0.581491 0.183607 -0.581491 -0.133607 -0.19383 -0.133607 -0.581491 0.183607 -0.581491 -0.133607 -0.581491 0.183607 -0.969152 0.183607 -0.969152 -0.133607 -0.581491 -0.133607 -0.969152 0.183607 -0.969152 -0.133607 -0.969152 0.183607 -1.356812 0.183607 -1.356812 -0.133607 -0.969152 -0.133607 -1.356812 0.183607 -1.356812 -0.133607 -1.356812 0.183607 -1.744473 0.183607 -1.744473 -0.133607 -1.356812 -0.133607 -1.744473 0.183607 -1.744473 -0.133607 -1.744473 0.183607 -2.132134 0.183607 -2.132134 -0.133607 -1.744473 -0.133607 -2.132134 0.183607 -2.132134 -0.133607 -2.132134 0.183607 -2.519794 0.183607 -2.519794 -0.133607 -2.132134 -0.133607 -2.519794 0.183607 -2.519794 -0.133607 -2.519794 0.183607 -2.907455 0.183607 -2.907455 -0.133607 -2.519794 -0.133607 -2.907455 0.183607 -2.907455 -0.133607 -2.907455 0.183607 -3.295116 0.183607 -3.295116 -0.133607 -2.907455 -0.133607 -3.295116 0.183607 -3.295116 -0.133607 -3.295116 0.183607 -3.682776 0.183607 -3.682776 -0.133607 -3.295116 -0.133607 -3.682776 0.183607 -3.682776 -0.133607 -3.682776 0.183607 -4.070437 0.183607 -4.070437 -0.133607 -3.682776 -0.133607 -4.070437 0.183607 -4.070437 -0.133607 -4.070437 0.183607 -4.458097 0.183607 -4.458097 -0.133607 -4.070437 -0.133607 -4.458097 0.183607 -4.458097 -0.133607 -4.458097 0.183607 -4.845758 0.183607 -4.845758 -0.133607 -4.458097 -0.133607 -4.845758 0.183607 -4.845758 -0.133607 -4.845758 0.183607 -5.233419 0.183607 -5.233419 -0.133607 -4.845758 -0.133607 -5.233419 0.183607 -5.233419 -0.133607 -5.233419 0.183607 -5.621079 0.183607 -5.621079 -0.133607 -5.233419 -0.133607 -5.621079 0.183607 -5.621079 -0.133607 -5.621079 0.183607 -6.00874 0.183607 -6.00874 -0.133607 -5.621079 -0.133607 -6.00874 0.183607 -6.00874 -0.133607 -6.00874 0.183607 -6.396401 0.183607 -6.396401 -0.133607 -6.00874 -0.133607 -6.396401 0.183607 -6.396401 -0.133607 -6.396401 0.183607 -6.784062 0.183607 -6.784062 -0.133607 -6.396401 -0.133607 -6.784062 0.183607 -6.784062 -0.133607 -6.784062 0.183607 -7.171722 0.183607 -7.171722 -0.133607 -6.784062 -0.133607 -7.171722 0.183607 -7.171722 -0.133607 -7.171722 0.183607 -7.559383 0.183607 -7.559383 -0.133607 -7.171722 -0.133607 -7.559383 0.183607 -7.559383 -0.133607 -7.559383 0.183607 -7.947043 0.183607 -7.947043 -0.133607 -7.559383 -0.133607 -7.947043 0.183607 -7.947043 -0.133607 -7.947043 0.183607 -8.334705 0.183607 -8.334705 -0.133607 -7.947043 -0.133607 -8.334705 0.183607 -8.334705 -0.133607 -8.334705 0.183607 -8.722365 0.183607 -8.722365 -0.133607 -8.334705 -0.133607 -8.722365 0.183607 -8.722365 -0.133607 -8.722365 0.183607 -9.110026 0.183607 -9.110026 -0.133607 -8.722365 -0.133607 -9.110026 0.183607 -9.110026 -0.133607 -9.110026 0.183607 -9.497688 0.183607 -9.497688 -0.133607 -9.110026 -0.133607 -9.497688 0.183607 -9.497688 -0.133607 -9.497688 0.183607 -9.885348 0.183607 -9.885348 -0.133607 -9.497688 -0.133607 -9.885348 -0.03535497 0.605879 0.03535497 0.612611 -0.03535497 0.706858 -0.03535497 0.706858 0.03535497 0.612611 0.03535497 0.706858 -0.03535497 -0.706858 0.03535497 -0.706858 0.03535497 -0.612611 0.03535497 0.612611 -0.03535497 0.605879 0.03535497 0.518363 0.03535497 0.518363 -0.03535497 0.605879 -0.03535497 0.504899 0.03535497 0.518363 -0.03535497 0.504899 0.03535497 0.424115 0.03535497 0.424115 -0.03535497 0.504899 -0.03535497 0.403919 0.03535497 0.424115 -0.03535497 0.403919 0.03535497 0.329867 0.03535497 0.329867 -0.03535497 0.403919 -0.03535497 0.302939 0.03535497 0.329867 -0.03535497 0.302939 0.03535497 0.235619 0.03535497 0.235619 -0.03535497 0.302939 -0.03535497 0.20196 0.03535497 0.235619 -0.03535497 0.20196 0.03535497 0.141372 0.03535497 0.141372 -0.03535497 0.20196 -0.03535497 0.10098 0.03535497 0.141372 -0.03535497 0.10098 0.03535497 0.04712396 0.03535497 0.04712396 -0.03535497 0.10098 -0.03535497 0 0.03535497 0.04712396 -0.03535497 0 0.03535497 -0.04712396 0.03535497 -0.04712396 -0.03535497 0 -0.03535497 -0.10098 0.03535497 -0.04712396 -0.03535497 -0.10098 0.03535497 -0.141372 0.03535497 -0.141372 -0.03535497 -0.10098 -0.03535497 -0.20196 0.03535497 -0.141372 -0.03535497 -0.20196 0.03535497 -0.235619 0.03535497 -0.235619 -0.03535497 -0.20196 -0.03535497 -0.302939 0.03535497 -0.235619 -0.03535497 -0.302939 0.03535497 -0.329867 0.03535497 -0.329867 -0.03535497 -0.302939 -0.03535497 -0.403919 0.03535497 -0.329867 -0.03535497 -0.403919 0.03535497 -0.424115 0.03535497 -0.424115 -0.03535497 -0.403919 -0.03535497 -0.504899 0.03535497 -0.424115 -0.03535497 -0.504899 0.03535497 -0.518363 0.03535497 -0.518363 -0.03535497 -0.504899 -0.03535497 -0.605879 0.03535497 -0.518363 -0.03535497 -0.605879 0.03535497 -0.612611 0.03535497 -0.612611 -0.03535497 -0.605879 -0.03535497 -0.706858 0 0.538559 0.25 0.538559 0 0.628319 0 0.628319 0.25 0.538559 0.25 0.628319 0 -0.628319 0.25 -0.628319 0 -0.538559 0 -0.538559 0.25 -0.628319 0.25 -0.538559 0 -0.538559 0.25 -0.538559 0.25 -0.448799 0 0.538559 0 0.448799 0.25 0.538559 0.25 0.538559 0 0.448799 0.25 0.448799 0.25 0.448799 0 0.448799 0 0.359039 0.25 0.448799 0 0.359039 0.25 0.359039 0.25 0.359039 0 0.359039 0 0.269279 0.25 0.359039 0 0.269279 0.25 0.269279 0.25 0.269279 0 0.269279 0 0.17952 0.25 0.269279 0 0.17952 0.25 0.17952 0.25 0.17952 0 0.17952 0 0.08976 0.25 0.17952 0 0.08976 0.25 0.08976 0.25 0.08976 0 0.08976 0 0 0.25 0.08976 0 0 0.25 0 0.25 0 0 0 0 -0.08976 0.25 0 0 -0.08976 0.25 -0.08976 0.25 -0.08976 0 -0.08976 0 -0.17952 0.25 -0.08976 0 -0.17952 0.25 -0.17952 0.25 -0.17952 0 -0.17952 0 -0.269279 0.25 -0.17952 0 -0.269279 0.25 -0.269279 0.25 -0.269279 0 -0.269279 0 -0.359039 0.25 -0.269279 0 -0.359039 0.25 -0.359039 0.25 -0.359039 0 -0.359039 0 -0.448799 0.25 -0.359039 0 -0.448799 0.25 -0.448799 0.25 -0.448799 0 -0.448799 0 -0.538559 -1.06 -2.48 -1.334337 -2.248245 -3.62 -0.56 -3.62 -0.56 -1.334337 -2.248245 -1.58003 -1.986317 -3.62 -0.56 -1.58003 -1.986317 -1.793782 -1.697732 -1.793782 -1.697732 -1.972724 -1.386362 -3.62 -0.56 -3.62 -0.56 -1.972724 -1.386362 -2.114455 -1.056387 -3.62 -0.56 -2.114455 -1.056387 -3.122746 -0.237764 -3.122746 -0.237764 -2.114455 -1.056387 -2.217072 -0.712234 -3.122746 -0.237764 -2.217072 -0.712234 -3.032717 -0.185786 -3.032717 -0.185786 -2.217072 -0.712234 -2.971614 -0.101684 -2.971614 -0.101684 -2.217072 -0.712234 -2.279198 -0.358523 -2.971614 -0.101684 -2.279198 -0.358523 -2.95 0 -2.95 0 -2.279198 -0.358523 -2.3 0 -2.95 0 -2.3 0 -2.279198 0.358523 -2.95 0 -2.279198 0.358523 -2.971614 0.101684 -2.971614 0.101684 -2.279198 0.358523 -2.217072 0.712234 -2.971614 0.101684 -2.217072 0.712234 -3.032717 0.185786 -3.032717 0.185786 -2.217072 0.712234 -3.122746 0.237764 -3.122746 0.237764 -2.217072 0.712234 -2.114455 1.056387 -3.122746 0.237764 -2.114455 1.056387 -3.62 0.56 -3.62 0.56 -2.114455 1.056387 -1.972724 1.386362 -3.62 0.56 -1.972724 1.386362 -1.793782 1.697732 -1.793782 1.697732 -1.58003 1.986317 -3.62 0.56 -3.62 0.56 -1.58003 1.986317 -1.334337 2.248245 -3.62 0.56 -1.334337 2.248245 -1.06 2.48 -3.737427 0.448523 -3.444537 0.05197799 -3.62 0.56 -3.62 0.56 -3.444537 0.05197799 -3.402254 0.146946 -3.62 0.56 -3.402254 0.146946 -3.325 0.216506 -3.737427 0.448523 -3.826099 0.31305 -3.444537 0.05197799 -3.444537 0.05197799 -3.826099 0.31305 -3.881274 0.160827 -3.444537 0.05197799 -3.881274 0.160827 -3.9 0 -3.444537 0.05197799 -3.9 0 -3.444537 -0.05197799 -3.444537 -0.05197799 -3.9 0 -3.881274 -0.160827 -3.444537 -0.05197799 -3.881274 -0.160827 -3.826099 -0.31305 -3.826099 -0.31305 -3.737427 -0.448523 -3.444537 -0.05197799 -3.444537 -0.05197799 -3.737427 -0.448523 -3.62 -0.56 -3.444537 -0.05197799 -3.62 -0.56 -3.402254 -0.146946 -3.402254 -0.146946 -3.62 -0.56 -3.325 -0.216506 -3.325 -0.216506 -3.62 -0.56 -3.226132 -0.24863 -3.226132 -0.24863 -3.62 -0.56 -3.122746 -0.237764 -3.325 0.216506 -3.226132 0.24863 -3.62 0.56 -3.62 0.56 -3.226132 0.24863 -3.122746 0.237764 0 0.04999995 3.2 0.04999995 0 0.3 0 0.3 3.2 0.04999995 3.2 0.3 0 0.04999995 3.2 0.04999995 0 0.3 0 0.3 3.2 0.04999995 3.2 0.3 -0.3 -1.298213 -0.04999995 -1.298213 -0.3 -1.135937 -0.3 -1.135937 -0.04999995 -1.298213 -0.04999995 -1.135937 -0.3 -1.135937 -0.04999995 -1.135937 -0.3 -0.97366 -0.3 -0.97366 -0.04999995 -1.135937 -0.04999995 -0.97366 -0.3 -0.97366 -0.04999995 -0.97366 -0.3 -0.811383 -0.3 -0.811383 -0.04999995 -0.97366 -0.04999995 -0.811383 -0.3 -0.811383 -0.04999995 -0.811383 -0.3 -0.649107 -0.3 -0.649107 -0.04999995 -0.811383 -0.04999995 -0.649107 -0.3 -0.649107 -0.04999995 -0.649107 -0.3 -0.48683 -0.3 -0.48683 -0.04999995 -0.649107 -0.04999995 -0.48683 -0.3 -0.48683 -0.04999995 -0.48683 -0.3 -0.324553 -0.3 -0.324553 -0.04999995 -0.48683 -0.04999995 -0.324553 -0.3 -0.324553 -0.04999995 -0.324553 -0.3 -0.162277 -0.3 -0.162277 -0.04999995 -0.324553 -0.04999995 -0.162277 -0.3 -0.162277 -0.04999995 -0.162277 -0.3 0 -0.3 0 -0.04999995 -0.162277 -0.04999995 0 -0.15 1.251459 0.1 1.251459 -0.15 1.499257 -0.15 1.499257 0.1 1.251459 0.1 1.499257 -0.15 1.499257 0.1 1.499257 0.1 1.747055 0.1 1.994853 -0.15 1.994853 0.1 1.747055 0.1 1.747055 -0.15 1.994853 -0.15 1.747055 0.1 1.747055 -0.15 1.747055 -0.15 1.499257 -0.15 -5.241166 0.1 -5.241166 -0.15 -4.993368 -0.15 -4.993368 0.1 -5.241166 0.1 -4.993368 -0.15 -4.993368 0.1 -4.993368 0.1 -4.745569 0.1 -4.497771 -0.15 -4.497771 0.1 -4.745569 0.1 -4.745569 -0.15 -4.497771 -0.15 -4.745569 0.1 -4.745569 -0.15 -4.745569 -0.15 -4.993368 0 0.04999995 3.2 0.04999995 0 0.3 0 0.3 3.2 0.04999995 3.2 0.3 -0.05192399 -3.193759 -0.05192399 -3.414018 0.05192399 -3.414018 0.05192399 3.414018 -0.05192399 3.414018 -0.05192399 3.193759 0.05192399 3.414018 -0.05192399 3.193759 0.05192399 3.186417 0.05192399 3.186417 -0.05192399 3.193759 -0.05192399 2.9735 0.05192399 3.186417 -0.05192399 2.9735 0.05192399 2.958816 0.05192399 2.958816 -0.05192399 2.9735 -0.05192399 2.75324 0.05192399 2.958816 -0.05192399 2.75324 0.05192399 2.731215 0.05192399 2.731215 -0.05192399 2.75324 -0.05192399 2.532981 0.05192399 2.731215 -0.05192399 2.532981 0.05192399 2.503613 0.05192399 2.503613 -0.05192399 2.532981 -0.05192399 2.312722 0.05192399 2.503613 -0.05192399 2.312722 0.05192399 2.276012 0.05192399 2.276012 -0.05192399 2.312722 -0.05192399 2.092463 0.05192399 2.276012 -0.05192399 2.092463 0.05192399 2.048411 0.05192399 2.048411 -0.05192399 2.092463 -0.05192399 1.872203 0.05192399 2.048411 -0.05192399 1.872203 0.05192399 1.82081 0.05192399 1.82081 -0.05192399 1.872203 -0.05192399 1.651944 0.05192399 1.82081 -0.05192399 1.651944 0.05192399 1.593208 0.05192399 1.593208 -0.05192399 1.651944 -0.05192399 1.431685 0.05192399 1.593208 -0.05192399 1.431685 0.05192399 1.365607 0.05192399 1.365607 -0.05192399 1.431685 -0.05192399 1.211426 0.05192399 1.365607 -0.05192399 1.211426 0.05192399 1.138006 0.05192399 1.138006 -0.05192399 1.211426 -0.05192399 0.991167 0.05192399 1.138006 -0.05192399 0.991167 0.05192399 0.910405 0.05192399 0.910405 -0.05192399 0.991167 -0.05192399 0.770907 0.05192399 0.910405 -0.05192399 0.770907 0.05192399 0.682804 0.05192399 0.682804 -0.05192399 0.770907 -0.05192399 0.550648 0.05192399 0.682804 -0.05192399 0.550648 0.05192399 0.455202 0.05192399 0.455202 -0.05192399 0.550648 -0.05192399 0.330389 0.05192399 0.455202 -0.05192399 0.330389 0.05192399 0.227601 0.05192399 0.227601 -0.05192399 0.330389 -0.05192399 0.11013 0.05192399 0.227601 -0.05192399 0.11013 0.05192399 0 0.05192399 0 -0.05192399 0.11013 -0.05192399 -0.11013 0.05192399 0 -0.05192399 -0.11013 0.05192399 -0.227601 0.05192399 -0.227601 -0.05192399 -0.11013 -0.05192399 -0.330389 0.05192399 -0.227601 -0.05192399 -0.330389 0.05192399 -0.455202 0.05192399 -0.455202 -0.05192399 -0.330389 -0.05192399 -0.550648 0.05192399 -0.455202 -0.05192399 -0.550648 0.05192399 -0.682804 0.05192399 -0.682804 -0.05192399 -0.550648 -0.05192399 -0.770907 0.05192399 -0.682804 -0.05192399 -0.770907 0.05192399 -0.910405 0.05192399 -0.910405 -0.05192399 -0.770907 -0.05192399 -0.991167 0.05192399 -0.910405 -0.05192399 -0.991167 0.05192399 -1.138006 0.05192399 -1.138006 -0.05192399 -0.991167 -0.05192399 -1.211426 0.05192399 -1.138006 -0.05192399 -1.211426 0.05192399 -1.365607 0.05192399 -1.365607 -0.05192399 -1.211426 -0.05192399 -1.431685 0.05192399 -1.365607 -0.05192399 -1.431685 0.05192399 -1.593208 0.05192399 -1.593208 -0.05192399 -1.431685 -0.05192399 -1.651944 0.05192399 -1.593208 -0.05192399 -1.651944 0.05192399 -1.82081 0.05192399 -1.82081 -0.05192399 -1.651944 -0.05192399 -1.872203 0.05192399 -1.82081 -0.05192399 -1.872203 0.05192399 -2.048411 0.05192399 -2.048411 -0.05192399 -1.872203 -0.05192399 -2.092463 0.05192399 -2.048411 -0.05192399 -2.092463 0.05192399 -2.276012 0.05192399 -2.276012 -0.05192399 -2.092463 -0.05192399 -2.312722 0.05192399 -2.276012 -0.05192399 -2.312722 0.05192399 -2.503613 0.05192399 -2.503613 -0.05192399 -2.312722 -0.05192399 -2.532981 0.05192399 -2.503613 -0.05192399 -2.532981 0.05192399 -2.731215 0.05192399 -2.731215 -0.05192399 -2.532981 -0.05192399 -2.75324 0.05192399 -2.731215 -0.05192399 -2.75324 0.05192399 -2.958816 0.05192399 -2.958816 -0.05192399 -2.75324 -0.05192399 -2.9735 0.05192399 -2.958816 -0.05192399 -2.9735 0.05192399 -3.186417 0.05192399 -3.186417 -0.05192399 -2.9735 -0.05192399 -3.193759 0.05192399 -3.186417 -0.05192399 -3.193759 0.05192399 -3.414018 0 0.42 -0.1363739 0.397243 0.1363739 0.397243 0.1363739 0.397243 -0.1363739 0.397243 0.257969 0.331439 0.257969 0.331439 -0.1363739 0.397243 -0.257969 0.331439 0.257969 0.331439 -0.257969 0.331439 0.35161 0.229718 0.35161 0.229718 -0.257969 0.331439 -0.35161 0.229718 0.35161 0.229718 -0.35161 0.229718 0.407148 0.103104 0.407148 0.103104 -0.35161 0.229718 -0.407148 0.103104 0.407148 0.103104 -0.407148 0.103104 0.418565 -0.03468298 0.418565 -0.03468298 -0.407148 0.103104 -0.418565 -0.03468298 0.418565 -0.03468298 -0.418565 -0.03468298 0.384625 -0.168712 0.384625 -0.168712 -0.418565 -0.03468298 -0.384625 -0.168712 0.384625 -0.168712 -0.384625 -0.168712 0.309004 -0.284458 0.309004 -0.284458 -0.384625 -0.168712 -0.309004 -0.284458 0.309004 -0.284458 -0.309004 -0.284458 0.199898 -0.369379 0.199898 -0.369379 -0.309004 -0.284458 -0.199898 -0.369379 0.199898 -0.369379 -0.199898 -0.369379 0.06913 -0.414272 0.06913 -0.414272 -0.199898 -0.369379 -0.06913 -0.414272 0.148193 9.08938 -0.148193 8.873221 0.148193 8.7202 0.148193 8.7202 -0.148193 8.873221 -0.148193 8.495637 0.148193 8.7202 -0.148193 8.495637 0.148193 8.465607 0.148193 8.465607 -0.148193 8.495637 0.148193 8.211015 0.148193 8.211015 -0.148193 8.495637 -0.148193 8.118054 0.148193 8.211015 -0.148193 8.118054 0.148193 7.956421 0.148193 7.956421 -0.148193 8.118054 -0.148193 7.740469 0.148193 7.956421 -0.148193 7.740469 0.148193 7.587242 0.148193 7.587242 -0.148193 7.740469 -0.148193 7.362885 0.148193 7.587242 -0.148193 7.362885 0.148193 7.218063 0.148193 7.218063 -0.148193 7.362885 -0.148193 6.985301 0.148193 7.218063 -0.148193 6.985301 0.148193 6.848883 0.148193 6.848883 -0.148193 6.985301 -0.148193 6.607718 0.148193 6.848883 -0.148193 6.607718 0.148193 6.479703 0.148193 6.479703 -0.148193 6.607718 -0.148193 6.230134 0.148193 6.479703 -0.148193 6.230134 0.148193 6.110524 0.148193 6.110524 -0.148193 6.230134 -0.148193 5.85255 0.148193 6.110524 -0.148193 5.85255 0.148193 5.741345 0.148193 5.741345 -0.148193 5.85255 -0.148193 5.474966 0.148193 5.741345 -0.148193 5.474966 0.148193 5.372166 0.148193 5.372166 -0.148193 5.474966 -0.148193 5.097382 0.148193 5.372166 -0.148193 5.097382 0.148193 5.002986 0.148193 5.002986 -0.148193 5.097382 -0.148193 4.719798 0.148193 5.002986 -0.148193 4.719798 0.148193 4.633807 0.148193 4.633807 -0.148193 4.719798 -0.148193 4.342215 0.148193 4.633807 -0.148193 4.342215 0.148193 4.264627 0.148193 4.264627 -0.148193 4.342215 -0.148193 3.964631 0.148193 4.264627 -0.148193 3.964631 0.148193 3.895448 0.148193 3.895448 -0.148193 3.964631 -0.148193 3.587047 0.148193 3.895448 -0.148193 3.587047 0.148193 3.526269 0.148193 3.526269 -0.148193 3.587047 -0.148193 3.209463 0.148193 3.526269 -0.148193 3.209463 0.148193 3.157089 0.148193 3.157089 -0.148193 3.209463 -0.148193 2.831879 0.148193 3.157089 -0.148193 2.831879 0.148193 2.78791 0.148193 2.78791 -0.148193 2.831879 -0.148193 2.454295 0.148193 2.78791 -0.148193 2.454295 0.148193 2.41873 0.148193 2.41873 -0.148193 2.454295 -0.148193 2.076711 0.148193 2.41873 -0.148193 2.076711 0.148193 2.049551 0.148193 2.049551 -0.148193 2.076711 0.148193 1.794958 0.148193 1.794958 -0.148193 2.076711 -0.148193 1.699127 0.148193 1.794958 -0.148193 1.699127 0.148193 1.540366 0.148193 1.540366 -0.148193 1.699127 -0.148193 1.321544 0.148193 1.540366 -0.148193 1.321544 0.148193 1.285773 0.148193 1.285773 -0.148193 1.321544 -0.148193 0.94396 0.148193 1.285773 -0.148193 0.94396 0.148193 0.916594 0.148193 0.916594 -0.148193 0.94396 -0.148193 0.566376 0.148193 0.916594 -0.148193 0.566376 0.148193 0.547414 0.148193 0.547414 -0.148193 0.566376 -0.148193 0.188792 0.148193 0.547414 -0.148193 0.188792 0.148193 0.1782349 0.148193 0.1782349 -0.148193 0.188792 -0.148193 -0.188792 0.148193 0.1782349 -0.148193 -0.188792 0.148193 -0.190944 0.148193 -0.190944 -0.148193 -0.188792 0.148193 -0.560124 0.148193 -0.560124 -0.148193 -0.188792 -0.148193 -0.566376 0.148193 -0.560124 -0.148193 -0.566376 0.148193 -0.929303 0.148193 -0.929303 -0.148193 -0.566376 -0.148193 -0.94396 0.148193 -0.929303 -0.148193 -0.94396 0.148193 -1.298483 0.148193 -1.298483 -0.148193 -0.94396 -0.148193 -1.321544 0.148193 -1.298483 -0.148193 -1.321544 0.148193 -1.667662 0.148193 -1.667662 -0.148193 -1.321544 -0.148193 -1.699127 0.148193 -1.667662 -0.148193 -1.699127 0.148193 -2.036842 0.148193 -2.036842 -0.148193 -1.699127 -0.148193 -2.076711 0.148193 -2.036842 -0.148193 -2.076711 0.148193 -2.406021 0.148193 -2.406021 -0.148193 -2.076711 -0.148193 -2.454295 0.148193 -2.406021 -0.148193 -2.454295 0.148193 -2.7752 0.148193 -2.7752 -0.148193 -2.454295 -0.148193 -2.831879 0.148193 -2.7752 -0.148193 -2.831879 0.148193 -3.14438 0.148193 -3.14438 -0.148193 -2.831879 -0.148193 -3.209463 0.148193 -3.14438 -0.148193 -3.209463 0.148193 -3.513559 0.148193 -3.513559 -0.148193 -3.209463 -0.148193 -3.587047 0.148193 -3.513559 -0.148193 -3.587047 0.148193 -3.882739 0.148193 -3.882739 -0.148193 -3.587047 -0.148193 -3.964631 0.148193 -3.882739 -0.148193 -3.964631 0.148193 -4.251918 0.148193 -4.251918 -0.148193 -3.964631 -0.148193 -4.342215 0.148193 -4.251918 -0.148193 -4.342215 0.148193 -4.621097 0.148193 -4.621097 -0.148193 -4.342215 -0.148193 -4.719798 0.148193 -4.621097 -0.148193 -4.719798 0.148193 -4.87569 0.148193 -4.87569 -0.148193 -4.719798 -0.148193 -5.097382 0.148193 -4.87569 -0.148193 -5.097382 0.148193 -5.130282 0.148193 -5.130282 -0.148193 -5.097382 0.148193 -5.384875 0.148193 -5.384875 -0.148193 -5.097382 -0.148193 -5.474966 0.148193 -5.384875 -0.148193 -5.474966 0.148193 -5.754055 0.148193 -5.754055 -0.148193 -5.474966 -0.148193 -5.85255 0.148193 -5.754055 -0.148193 -5.85255 0.148193 -6.123234 0.148193 -6.123234 -0.148193 -5.85255 -0.148193 -6.230134 0.148193 -6.123234 -0.148193 -6.230134 0.148193 -6.492413 0.148193 -6.492413 -0.148193 -6.230134 -0.148193 -6.607718 0.148193 -6.492413 -0.148193 -6.607718 0.148193 -6.861593 0.148193 -6.861593 -0.148193 -6.607718 -0.148193 -6.985301 0.148193 -6.861593 -0.148193 -6.985301 0.148193 -7.230772 0.148193 -7.230772 -0.148193 -6.985301 -0.148193 -7.362885 0.148193 -7.230772 -0.148193 -7.362885 0.148193 -7.599952 0.148193 -7.599952 -0.148193 -7.362885 -0.148193 -7.740469 0.148193 -7.599952 -0.148193 -7.740469 0.148193 -7.969131 0.148193 -7.969131 -0.148193 -7.740469 -0.148193 -8.118054 0.148193 -7.969131 -0.148193 -8.118054 0.148193 -8.338311 0.148193 -8.338311 -0.148193 -8.118054 -0.148193 -8.495637 0.148193 -8.338311 -0.148193 -8.495637 0.148193 -8.70749 0.148193 -8.70749 -0.148193 -8.495637 -0.148193 -8.873221 0.148193 -8.70749 -0.148193 -8.873221 0.148193 -9.07667 0.148193 -9.07667 -0.148193 -8.873221 -0.148193 -9.250805 0.148193 -9.07667 -0.148193 -9.250805 0.148193 -9.445849 0.148193 -9.445849 -0.148193 -9.250805 -0.148193 -9.628389 0.148193 -9.445849 -0.148193 -9.628389 0.148193 -9.815029 0.148193 -9.815029 -0.148193 -9.628389 -0.148193 -10.00597 0.148193 -9.815029 -0.148193 -10.00597 0.148193 -10.18421 0.148193 9.827738 -0.148193 10.00597 -0.148193 9.628389 0.148193 9.827738 -0.148193 9.628389 0.148193 9.458559 0.148193 9.458559 -0.148193 9.628389 -0.148193 9.250805 0.148193 9.458559 -0.148193 9.250805 0.148193 9.08938 0.148193 9.08938 -0.148193 9.250805 -0.148193 8.873221 -0.05192399 8.846577 0.05192399 8.853805 -0.05192399 9.215185 -0.05192399 9.215185 0.05192399 8.853805 0.05192399 9.215185 -0.05192399 -9.215185 0.05192399 -9.215185 0.05192399 -8.853805 0.05192399 8.853805 -0.05192399 8.846577 0.05192399 8.492425 0.05192399 8.492425 -0.05192399 8.846577 -0.05192399 8.47797 0.05192399 8.492425 -0.05192399 8.47797 0.05192399 8.131045 0.05192399 8.131045 -0.05192399 8.47797 -0.05192399 8.109362 0.05192399 8.131045 -0.05192399 8.109362 0.05192399 7.769665 0.05192399 7.769665 -0.05192399 8.109362 -0.05192399 7.740755 0.05192399 7.769665 -0.05192399 7.740755 0.05192399 7.408285 0.05192399 7.408285 -0.05192399 7.740755 -0.05192399 7.372148 0.05192399 7.408285 -0.05192399 7.372148 0.05192399 7.046906 0.05192399 7.046906 -0.05192399 7.372148 -0.05192399 7.00354 0.05192399 7.046906 -0.05192399 7.00354 0.05192399 6.685526 0.05192399 6.685526 -0.05192399 7.00354 -0.05192399 6.634933 0.05192399 6.685526 -0.05192399 6.634933 0.05192399 6.324146 0.05192399 6.324146 -0.05192399 6.634933 -0.05192399 6.266325 0.05192399 6.324146 -0.05192399 6.266325 0.05192399 5.962766 0.05192399 5.962766 -0.05192399 6.266325 -0.05192399 5.897718 0.05192399 5.962766 -0.05192399 5.897718 0.05192399 5.601387 0.05192399 5.601387 -0.05192399 5.897718 -0.05192399 5.529111 0.05192399 5.601387 -0.05192399 5.529111 0.05192399 5.240007 0.05192399 5.240007 -0.05192399 5.529111 -0.05192399 5.160503 0.05192399 5.240007 -0.05192399 5.160503 0.05192399 4.878627 0.05192399 4.878627 -0.05192399 5.160503 -0.05192399 4.791896 0.05192399 4.878627 -0.05192399 4.791896 0.05192399 4.517247 0.05192399 4.517247 -0.05192399 4.791896 -0.05192399 4.423288 0.05192399 4.517247 -0.05192399 4.423288 0.05192399 4.155868 0.05192399 4.155868 -0.05192399 4.423288 -0.05192399 4.054681 0.05192399 4.155868 -0.05192399 4.054681 0.05192399 3.794488 0.05192399 3.794488 -0.05192399 4.054681 -0.05192399 3.686074 0.05192399 3.794488 -0.05192399 3.686074 0.05192399 3.433108 0.05192399 3.433108 -0.05192399 3.686074 -0.05192399 3.317466 0.05192399 3.433108 -0.05192399 3.317466 0.05192399 3.071728 0.05192399 3.071728 -0.05192399 3.317466 -0.05192399 2.948859 0.05192399 3.071728 -0.05192399 2.948859 0.05192399 2.710348 0.05192399 2.710348 -0.05192399 2.948859 -0.05192399 2.580252 0.05192399 2.710348 -0.05192399 2.580252 0.05192399 2.348969 0.05192399 2.348969 -0.05192399 2.580252 -0.05192399 2.211644 0.05192399 2.348969 -0.05192399 2.211644 0.05192399 1.987589 0.05192399 1.987589 -0.05192399 2.211644 -0.05192399 1.843037 0.05192399 1.987589 -0.05192399 1.843037 0.05192399 1.626209 0.05192399 1.626209 -0.05192399 1.843037 -0.05192399 1.47443 0.05192399 1.626209 -0.05192399 1.47443 0.05192399 1.264829 0.05192399 1.264829 -0.05192399 1.47443 -0.05192399 1.105822 0.05192399 1.264829 -0.05192399 1.105822 0.05192399 0.903449 0.05192399 0.903449 -0.05192399 1.105822 -0.05192399 0.737215 0.05192399 0.903449 -0.05192399 0.737215 0.05192399 0.54207 0.05192399 0.54207 -0.05192399 0.737215 -0.05192399 0.368607 0.05192399 0.54207 -0.05192399 0.368607 0.05192399 0.18069 0.05192399 0.18069 -0.05192399 0.368607 -0.05192399 0 0.05192399 0.18069 -0.05192399 0 0.05192399 -0.18069 0.05192399 -0.18069 -0.05192399 0 -0.05192399 -0.368607 0.05192399 -0.18069 -0.05192399 -0.368607 0.05192399 -0.54207 0.05192399 -0.54207 -0.05192399 -0.368607 -0.05192399 -0.737215 0.05192399 -0.54207 -0.05192399 -0.737215 0.05192399 -0.903449 0.05192399 -0.903449 -0.05192399 -0.737215 -0.05192399 -1.105822 0.05192399 -0.903449 -0.05192399 -1.105822 0.05192399 -1.264829 0.05192399 -1.264829 -0.05192399 -1.105822 -0.05192399 -1.47443 0.05192399 -1.264829 -0.05192399 -1.47443 0.05192399 -1.626209 0.05192399 -1.626209 -0.05192399 -1.47443 -0.05192399 -1.843037 0.05192399 -1.626209 -0.05192399 -1.843037 0.05192399 -1.987589 0.05192399 -1.987589 -0.05192399 -1.843037 -0.05192399 -2.211644 0.05192399 -1.987589 -0.05192399 -2.211644 0.05192399 -2.348969 0.05192399 -2.348969 -0.05192399 -2.211644 -0.05192399 -2.580252 0.05192399 -2.348969 -0.05192399 -2.580252 0.05192399 -2.710348 0.05192399 -2.710348 -0.05192399 -2.580252 -0.05192399 -2.948859 0.05192399 -2.710348 -0.05192399 -2.948859 0.05192399 -3.071728 0.05192399 -3.071728 -0.05192399 -2.948859 -0.05192399 -3.317466 0.05192399 -3.071728 -0.05192399 -3.317466 0.05192399 -3.433108 0.05192399 -3.433108 -0.05192399 -3.317466 -0.05192399 -3.686074 0.05192399 -3.433108 -0.05192399 -3.686074 0.05192399 -3.794488 0.05192399 -3.794488 -0.05192399 -3.686074 -0.05192399 -4.054681 0.05192399 -3.794488 -0.05192399 -4.054681 0.05192399 -4.155868 0.05192399 -4.155868 -0.05192399 -4.054681 -0.05192399 -4.423288 0.05192399 -4.155868 -0.05192399 -4.423288 0.05192399 -4.517247 0.05192399 -4.517247 -0.05192399 -4.423288 -0.05192399 -4.791896 0.05192399 -4.517247 -0.05192399 -4.791896 0.05192399 -4.878627 0.05192399 -4.878627 -0.05192399 -4.791896 -0.05192399 -5.160503 0.05192399 -4.878627 -0.05192399 -5.160503 0.05192399 -5.240007 0.05192399 -5.240007 -0.05192399 -5.160503 -0.05192399 -5.529111 0.05192399 -5.240007 -0.05192399 -5.529111 0.05192399 -5.601387 0.05192399 -5.601387 -0.05192399 -5.529111 -0.05192399 -5.897718 0.05192399 -5.601387 -0.05192399 -5.897718 0.05192399 -5.962766 0.05192399 -5.962766 -0.05192399 -5.897718 -0.05192399 -6.266325 0.05192399 -5.962766 -0.05192399 -6.266325 0.05192399 -6.324146 0.05192399 -6.324146 -0.05192399 -6.266325 -0.05192399 -6.634933 0.05192399 -6.324146 -0.05192399 -6.634933 0.05192399 -6.685526 0.05192399 -6.685526 -0.05192399 -6.634933 -0.05192399 -7.00354 0.05192399 -6.685526 -0.05192399 -7.00354 0.05192399 -7.046906 0.05192399 -7.046906 -0.05192399 -7.00354 -0.05192399 -7.372148 0.05192399 -7.046906 -0.05192399 -7.372148 0.05192399 -7.408285 0.05192399 -7.408285 -0.05192399 -7.372148 -0.05192399 -7.740755 0.05192399 -7.408285 -0.05192399 -7.740755 0.05192399 -7.769665 0.05192399 -7.769665 -0.05192399 -7.740755 -0.05192399 -8.109362 0.05192399 -7.769665 -0.05192399 -8.109362 0.05192399 -8.131045 0.05192399 -8.131045 -0.05192399 -8.109362 -0.05192399 -8.47797 0.05192399 -8.131045 -0.05192399 -8.47797 0.05192399 -8.492425 0.05192399 -8.492425 -0.05192399 -8.47797 -0.05192399 -8.846577 0.05192399 -8.492425 -0.05192399 -8.846577 0.05192399 -8.853805 0.05192399 -8.853805 -0.05192399 -8.846577 -0.05192399 -9.215185 0.340673 4.327671 0 4.35 0 3.48 0 3.48 0 4.35 -0.340673 4.327671 0 3.48 -0.340673 4.327671 -0.279116 3.457467 -0.279116 3.457467 -0.340673 4.327671 -0.675518 4.261066 -0.279116 3.457467 -0.675518 4.261066 -0.551002 3.390453 -0.551002 3.390453 -0.675518 4.261066 -0.998804 4.151326 -0.551002 3.390453 -0.998804 4.151326 -0.808618 3.280694 -0.808618 3.280694 -0.998804 4.151326 -1.305 4.000326 -0.808618 3.280694 -1.305 4.000326 -1.045292 3.131031 -1.045292 3.131031 -1.305 4.000326 -1.588867 3.810652 -1.045292 3.131031 -1.588867 3.810652 -1.845549 3.585549 -1.045292 3.131031 -1.845549 3.585549 -1.254892 2.94534 -1.254892 2.94534 -1.845549 3.585549 -2.070652 3.328867 -1.254892 2.94534 -2.070652 3.328867 -1.431992 2.728433 -1.431992 2.728433 -2.070652 3.328867 -2.260326 3.045 -1.431992 2.728433 -2.260326 3.045 -1.572004 2.485925 -1.572004 2.485925 -2.260326 3.045 -2.411326 2.738804 -1.572004 2.485925 -2.411326 2.738804 -1.671301 2.224098 -1.671301 2.224098 -2.411326 2.738804 -2.521066 2.415518 -1.671301 2.224098 -2.521066 2.415518 -1.727313 1.949734 -1.727313 1.949734 -2.521066 2.415518 -2.587671 2.080673 -1.727313 1.949734 -2.587671 2.080673 -2.61 1.74 -1.727313 1.949734 -2.61 1.74 -1.738589 1.669937 -1.738589 1.669937 -2.61 1.74 -2.587671 1.399327 -1.738589 1.669937 -2.587671 1.399327 -1.704836 1.391955 -1.704836 1.391955 -2.587671 1.399327 -2.521066 1.064482 -1.704836 1.391955 -2.521066 1.064482 -1.626928 1.122988 -1.626928 1.122988 -2.521066 1.064482 -2.411326 0.741196 -1.626928 1.122988 -2.411326 0.741196 -1.506884 0.87 -1.506884 0.87 -2.411326 0.741196 -2.260326 0.435 -1.506884 0.87 -2.260326 0.435 -2.070652 0.151133 -1.506884 0.87 -2.070652 0.151133 -1.347813 0.639545 -1.347813 0.639545 -2.070652 0.151133 -1.845549 -0.105549 -1.347813 0.639545 -1.845549 -0.105549 -1.153833 0.437591 -1.153833 0.437591 -1.845549 -0.105549 -1.588867 -0.330652 -1.153833 0.437591 -1.588867 -0.330652 -0.929971 0.269369 -0.929971 0.269369 -1.588867 -0.330652 -1.305 -0.520326 -0.929971 0.269369 -1.305 -0.520326 -0.682022 0.139236 -0.682022 0.139236 -1.305 -0.520326 -0.998804 -0.671326 -0.682022 0.139236 -0.998804 -0.671326 -0.675518 -0.781066 -0.682022 0.139236 -0.675518 -0.781066 -0.416409 0.05056095 -0.416409 0.05056095 -0.675518 -0.781066 -0.340673 -0.847671 -0.416409 0.05056095 -0.340673 -0.847671 -0.140012 0.005641996 -0.140012 0.005641996 -0.340673 -0.847671 0 -0.87 -0.140012 0.005641996 0 -0.87 0.140012 0.005641996 0.140012 0.005641996 0 -0.87 0.340673 -0.847671 0.140012 0.005641996 0.340673 -0.847671 0.416409 0.05056095 0.416409 0.05056095 0.340673 -0.847671 0.675518 -0.781066 0.416409 0.05056095 0.675518 -0.781066 0.682022 0.139236 0.682022 0.139236 0.675518 -0.781066 0.998804 -0.671326 0.682022 0.139236 0.998804 -0.671326 1.305 -0.520326 0.682022 0.139236 1.305 -0.520326 0.929971 0.269369 0.929971 0.269369 1.305 -0.520326 1.588867 -0.330652 0.929971 0.269369 1.588867 -0.330652 1.153833 0.437591 1.153833 0.437591 1.588867 -0.330652 1.845549 -0.105549 1.153833 0.437591 1.845549 -0.105549 1.347813 0.639545 1.347813 0.639545 1.845549 -0.105549 2.070652 0.151133 1.347813 0.639545 2.070652 0.151133 1.506884 0.87 1.506884 0.87 2.070652 0.151133 2.260326 0.435 1.506884 0.87 2.260326 0.435 2.411326 0.741196 1.506884 0.87 2.411326 0.741196 1.626928 1.122988 1.626928 1.122988 2.411326 0.741196 2.521066 1.064482 1.626928 1.122988 2.521066 1.064482 1.704836 1.391955 1.704836 1.391955 2.521066 1.064482 2.587671 1.399327 1.704836 1.391955 2.587671 1.399327 1.738589 1.669937 1.738589 1.669937 2.587671 1.399327 2.61 1.74 1.738589 1.669937 2.61 1.74 1.727313 1.949734 1.727313 1.949734 2.61 1.74 2.587671 2.080673 1.727313 1.949734 2.587671 2.080673 2.521066 2.415518 1.727313 1.949734 2.521066 2.415518 1.671301 2.224098 1.671301 2.224098 2.521066 2.415518 2.411326 2.738804 1.671301 2.224098 2.411326 2.738804 1.572004 2.485925 1.572004 2.485925 2.411326 2.738804 2.260326 3.045 1.572004 2.485925 2.260326 3.045 1.431992 2.728433 1.431992 2.728433 2.260326 3.045 2.070652 3.328867 1.431992 2.728433 2.070652 3.328867 1.254892 2.94534 1.254892 2.94534 2.070652 3.328867 1.845549 3.585549 1.254892 2.94534 1.845549 3.585549 1.045292 3.131031 1.045292 3.131031 1.845549 3.585549 1.588867 3.810652 1.045292 3.131031 1.588867 3.810652 1.305 4.000326 1.045292 3.131031 1.305 4.000326 0.808618 3.280694 0.808618 3.280694 1.305 4.000326 0.998804 4.151326 0.808618 3.280694 0.998804 4.151326 0.551002 3.390453 0.551002 3.390453 0.998804 4.151326 0.675518 4.261066 0.551002 3.390453 0.675518 4.261066 0.279116 3.457467 0.279116 3.457467 0.675518 4.261066 0.340673 4.327671 0.279116 3.457467 0.340673 4.327671 0 3.48</float_array>
          <technique_common>
            <accessor source="#S7_BOTTOM_BEARING_CASING-mesh-map-0-array" count="9408" stride="2">
              <param name="S" type="float"/>
              <param name="T" type="float"/>
            </accessor>
          </technique_common>
        </source>
        <vertices id="S7_BOTTOM_BEARING_CASING-mesh-vertices">
          <input semantic="POSITION" source="#S7_BOTTOM_BEARING_CASING-mesh-positions"/>
        </vertices>
        <triangles material="_60_160_160-material" count="3136">
          <input semantic="VERTEX" source="#S7_BOTTOM_BEARING_CASING-mesh-vertices" offset="0"/>
          <input semantic="NORMAL" source="#S7_BOTTOM_BEARING_CASING-mesh-normals" offset="1"/>
          <input semantic="TEXCOORD" source="#S7_BOTTOM_BEARING_CASING-mesh-map-0" offset="2" set="0"/>
          <p>670 0 0 815 1 1 816 2 2 816 2 3 815 1 4 943 3 5 816 2 6 943 3 7 946 4 8 946 4 9 943 3 10 1025 5 11 946 4 12 1025 5 13 1028 6 14 1028 6 15 1025 5 16 1142 7 17 1028 6 18 1142 7 19 1145 8 20 1145 8 21 1142 7 22 1197 9 23 1145 8 24 1197 9 25 1200 10 26 1200 10 27 1197 9 28 1245 11 29 1200 10 30 1245 11 31 1249 12 32 1249 12 33 1245 11 34 1299 13 35 1249 12 36 1299 13 37 1302 14 38 1302 14 39 1299 13 40 1324 15 41 1302 14 42 1324 15 43 1327 16 44 1327 16 45 1324 15 46 1347 17 47 1327 16 48 1347 17 49 1350 18 50 1350 18 51 1347 17 52 1366 19 53 1350 18 54 1366 19 55 1371 20 56 1371 20 57 1366 19 58 1384 21 59 1371 20 60 1384 21 61 1389 22 62 1389 22 63 1384 21 64 1396 23 65 1389 22 66 1396 23 67 1403 24 68 1403 24 69 1396 23 70 1406 25 71 1403 24 72 1406 25 73 1411 26 74 1411 26 75 1406 25 76 1394 27 77 1411 26 78 1394 27 79 1401 28 80 1401 28 81 1394 27 82 1382 29 83 1401 28 84 1382 29 85 1387 30 86 1387 30 87 1382 29 88 1364 31 89 1387 30 90 1364 31 91 1369 32 92 1369 32 93 1364 31 94 1345 33 95 1369 32 96 1345 33 97 1348 34 98 1348 34 99 1345 33 100 1322 35 101 1348 34 102 1322 35 103 1325 36 104 1325 36 105 1322 35 106 1297 37 107 1325 36 108 1297 37 109 1300 38 110 1300 38 111 1297 37 112 1243 39 113 1300 38 114 1243 39 115 1247 40 116 1247 40 117 1243 39 118 1195 41 119 1247 40 120 1195 41 121 1198 42 122 1198 42 123 1195 41 124 1140 43 125 1198 42 126 1140 43 127 1143 44 128 1143 44 129 1140 43 130 1023 45 131 1143 44 132 1023 45 133 1026 46 134 1026 46 135 1023 45 136 941 47 137 1026 46 138 941 47 139 944 48 140 944 48 141 941 47 142 793 49 143 944 48 144 793 49 145 790 50 146 790 50 147 793 49 148 673 51 149 790 50 150 673 51 151 668 52 152 668 52 153 673 51 154 594 53 155 668 52 156 594 53 157 587 54 158 587 54 159 594 53 160 475 55 161 587 54 162 475 55 163 470 56 164 470 56 165 475 55 166 423 57 167 470 56 168 423 57 169 418 58 170 418 58 171 423 57 172 379 59 173 418 58 174 379 59 175 373 60 176 373 60 177 379 59 178 307 61 179 373 60 180 307 61 181 296 62 182 296 62 183 307 61 184 246 63 185 296 62 186 246 63 187 231 64 188 231 64 189 246 63 190 177 65 191 231 64 192 177 65 193 172 66 194 172 66 195 177 65 196 152 67 197 172 66 198 152 67 199 145 68 200 145 68 201 152 67 202 128 69 203 145 68 204 128 69 205 121 70 206 121 70 207 128 69 208 110 71 209 121 70 210 110 71 211 101 72 212 101 72 213 110 71 214 100 73 215 101 72 216 100 73 217 93 74 218 93 74 219 100 73 220 112 75 221 93 74 222 112 75 223 103 76 224 103 76 225 112 75 226 130 77 227 103 76 228 130 77 229 123 78 230 123 78 231 130 77 232 154 79 233 123 78 234 154 79 235 147 80 236 147 80 237 154 79 238 179 81 239 147 80 240 179 81 241 174 82 242 174 82 243 179 81 244 248 83 245 174 82 246 248 83 247 233 84 248 233 84 249 248 83 250 309 85 251 233 84 252 309 85 253 298 86 254 298 86 255 309 85 256 381 87 257 298 86 258 381 87 259 375 88 260 375 88 261 381 87 262 425 89 263 375 88 264 425 89 265 420 90 266 420 90 267 425 89 268 477 91 269 420 90 270 477 91 271 472 92 272 472 92 273 477 91 274 596 93 275 472 92 276 596 93 277 589 94 278 589 94 279 596 93 280 675 95 281 589 94 282 675 95 283 670 0 284 670 0 285 675 95 286 815 1 287 942 96 288 943 97 289 814 98 290 814 98 291 943 97 292 815 99 293 814 98 294 815 99 295 674 100 296 674 100 297 815 99 298 675 101 299 674 100 300 675 101 301 595 102 302 595 102 303 675 101 304 596 103 305 595 102 306 596 103 307 476 104 308 476 104 309 596 103 310 477 105 311 476 104 312 477 105 313 424 106 314 424 106 315 477 105 316 425 107 317 424 106 318 425 107 319 380 108 320 380 108 321 425 107 322 381 109 323 380 108 324 381 109 325 308 110 326 308 110 327 381 109 328 309 111 329 308 110 330 309 111 331 247 112 332 247 112 333 309 111 334 248 113 335 247 112 336 248 113 337 178 114 338 178 114 339 248 113 340 179 115 341 178 114 342 179 115 343 153 116 344 153 116 345 179 115 346 154 117 347 153 116 348 154 117 349 129 118 350 129 118 351 154 117 352 130 119 353 129 118 354 130 119 355 111 120 356 111 120 357 130 119 358 112 121 359 111 120 360 112 121 361 99 122 362 99 122 363 112 121 364 100 123 365 99 122 366 100 123 367 109 124 368 109 124 369 100 123 370 110 125 371 109 124 372 110 125 373 127 126 374 127 126 375 110 125 376 128 127 377 127 126 378 128 127 379 151 128 380 151 128 381 128 127 382 152 129 383 151 128 384 152 129 385 176 130 386 176 130 387 152 129 388 177 131 389 176 130 390 177 131 391 245 132 392 245 132 393 177 131 394 246 133 395 245 132 396 246 133 397 306 134 398 306 134 399 246 133 400 307 135 401 306 134 402 307 135 403 378 136 404 378 136 405 307 135 406 379 137 407 378 136 408 379 137 409 422 138 410 422 138 411 379 137 412 423 139 413 422 138 414 423 139 415 474 140 416 474 140 417 423 139 418 475 141 419 474 140 420 475 141 421 593 142 422 593 142 423 475 141 424 594 143 425 593 142 426 594 143 427 672 144 428 672 144 429 594 143 430 673 145 431 672 144 432 673 145 433 792 146 434 792 146 435 673 145 436 793 147 437 792 146 438 793 147 439 940 148 440 940 148 441 793 147 442 941 149 443 940 148 444 941 149 445 1022 150 446 1022 150 447 941 149 448 1023 151 449 1022 150 450 1023 151 451 1139 152 452 1139 152 453 1023 151 454 1140 153 455 1139 152 456 1140 153 457 1194 154 458 1194 154 459 1140 153 460 1195 155 461 1194 154 462 1195 155 463 1242 156 464 1242 156 465 1195 155 466 1243 157 467 1242 156 468 1243 157 469 1296 158 470 1296 158 471 1243 157 472 1297 159 473 1296 158 474 1297 159 475 1321 160 476 1321 160 477 1297 159 478 1322 161 479 1321 160 480 1322 161 481 1344 162 482 1344 162 483 1322 161 484 1345 163 485 1344 162 486 1345 163 487 1363 164 488 1363 164 489 1345 163 490 1364 165 491 1363 164 492 1364 165 493 1381 166 494 1381 166 495 1364 165 496 1382 167 497 1381 166 498 1382 167 499 1393 168 500 1393 168 501 1382 167 502 1394 169 503 1393 168 504 1394 169 505 1405 170 506 1405 170 507 1394 169 508 1406 171 509 1405 170 510 1406 171 511 1395 172 512 1395 172 513 1406 171 514 1396 173 515 1395 172 516 1396 173 517 1383 174 518 1383 174 519 1396 173 520 1384 175 521 1383 174 522 1384 175 523 1365 176 524 1365 176 525 1384 175 526 1366 177 527 1365 176 528 1366 177 529 1346 178 530 1346 178 531 1366 177 532 1347 179 533 1346 178 534 1347 179 535 1323 180 536 1323 180 537 1347 179 538 1324 181 539 1323 180 540 1324 181 541 1298 182 542 1298 182 543 1324 181 544 1299 183 545 1298 182 546 1299 183 547 1244 184 548 1244 184 549 1299 183 550 1245 185 551 1244 184 552 1245 185 553 1196 186 554 1196 186 555 1245 185 556 1197 187 557 1196 186 558 1197 187 559 1141 188 560 1141 188 561 1197 187 562 1142 189 563 1141 188 564 1142 189 565 1024 190 566 1024 190 567 1142 189 568 1025 191 569 1024 190 570 1025 191 571 942 96 572 942 96 573 1025 191 574 943 97 575 681 192 576 810 193 577 813 194 578 813 194 579 810 193 580 932 195 581 813 194 582 932 195 583 935 196 584 935 196 585 932 195 586 986 197 587 935 196 588 986 197 589 992 198 590 992 198 591 986 197 592 1069 199 593 992 198 594 1069 199 595 1074 200 596 1074 200 597 1069 199 598 1152 201 599 1074 200 600 1152 201 601 1161 202 602 1161 202 603 1152 201 604 1186 203 605 1161 202 606 1186 203 607 1191 204 608 1191 204 609 1186 203 610 1216 205 611 1191 204 612 1216 205 613 1222 206 614 1222 206 615 1216 205 616 1236 207 617 1222 206 618 1236 207 619 1241 208 620 1241 208 621 1236 207 622 1262 209 623 1241 208 624 1262 209 625 1273 210 626 1273 210 627 1262 209 628 1280 211 629 1273 210 630 1280 211 631 1287 212 632 1287 212 633 1280 211 634 1284 213 635 1287 212 636 1284 213 637 1289 214 638 1289 214 639 1284 213 640 1274 215 641 1289 214 642 1274 215 643 1279 216 644 1279 216 645 1274 215 646 1251 217 647 1279 216 648 1251 217 649 1256 218 650 1256 218 651 1251 217 652 1228 219 653 1256 218 654 1228 219 655 1233 220 656 1233 220 657 1228 219 658 1204 221 659 1233 220 660 1204 221 661 1209 222 662 1209 222 663 1204 221 664 1174 223 665 1209 222 666 1174 223 667 1177 224 668 1177 224 669 1174 223 670 1110 225 671 1177 224 672 1110 225 673 1115 226 674 1115 226 675 1110 225 676 1020 227 677 1115 226 678 1020 227 679 1031 228 680 1031 228 681 1020 227 682 968 229 683 1031 228 684 968 229 685 971 230 686 971 230 687 968 229 688 878 231 689 971 230 690 878 231 691 886 232 692 886 232 693 878 231 694 742 233 695 886 232 696 742 233 697 736 234 698 736 234 699 742 233 700 646 235 701 736 234 702 646 235 703 645 236 704 645 236 705 646 235 706 597 237 707 645 236 708 597 237 709 586 238 710 586 238 711 597 237 712 505 239 713 586 238 714 505 239 715 504 240 716 504 240 717 505 239 718 440 241 719 504 240 720 440 241 721 439 242 722 439 242 723 440 241 724 414 243 725 439 242 726 414 243 727 411 244 728 411 244 729 414 243 730 396 245 731 411 244 732 396 245 733 393 246 734 393 246 735 396 245 736 371 247 737 393 246 738 371 247 739 368 248 740 368 248 741 371 247 742 354 249 743 368 248 744 354 249 745 351 250 746 351 250 747 354 249 748 344 251 749 351 250 750 344 251 751 337 252 752 337 252 753 344 251 754 348 253 755 337 252 756 348 253 757 339 254 758 339 254 759 348 253 760 362 255 761 339 254 762 362 255 763 357 256 764 357 256 765 362 255 766 386 257 767 357 256 768 386 257 769 383 258 770 383 258 771 386 257 772 402 259 773 383 258 774 402 259 775 400 260 776 400 260 777 402 259 778 432 261 779 400 260 780 432 261 781 429 262 782 429 262 783 432 261 784 461 263 785 429 262 786 461 263 787 455 264 788 455 264 789 461 263 790 542 265 791 455 264 792 542 265 793 539 266 794 539 266 795 542 265 796 628 267 797 539 266 798 628 267 799 624 268 800 624 268 801 628 267 802 682 269 803 624 268 804 682 269 805 681 192 806 681 192 807 682 269 808 810 193 809 680 270 810 681 271 811 812 272 812 812 272 813 681 271 814 813 273 815 812 272 816 813 273 817 934 274 818 934 274 819 813 273 820 935 275 821 934 274 822 935 275 823 991 276 824 991 276 825 935 275 826 992 277 827 991 276 828 992 277 829 1073 278 830 1073 278 831 992 277 832 1074 279 833 1073 278 834 1074 279 835 1160 280 836 1160 280 837 1074 279 838 1161 281 839 1160 280 840 1161 281 841 1190 282 842 1190 282 843 1161 281 844 1191 283 845 1190 282 846 1191 283 847 1221 284 848 1221 284 849 1191 283 850 1222 285 851 1221 284 852 1222 285 853 1240 286 854 1240 286 855 1222 285 856 1241 287 857 1240 286 858 1241 287 859 1272 288 860 1272 288 861 1241 287 862 1273 289 863 1272 288 864 1273 289 865 1286 290 866 1286 290 867 1273 289 868 1287 291 869 1286 290 870 1287 291 871 1288 292 872 1288 292 873 1287 291 874 1289 293 875 1288 292 876 1289 293 877 1278 294 878 1278 294 879 1289 293 880 1279 295 881 1278 294 882 1279 295 883 1255 296 884 1255 296 885 1279 295 886 1256 297 887 1255 296 888 1256 297 889 1232 298 890 1232 298 891 1256 297 892 1233 299 893 1232 298 894 1233 299 895 1208 300 896 1208 300 897 1233 299 898 1209 301 899 1208 300 900 1209 301 901 1176 302 902 1176 302 903 1209 301 904 1177 303 905 1176 302 906 1177 303 907 1114 304 908 1114 304 909 1177 303 910 1115 305 911 1114 304 912 1115 305 913 1030 306 914 1030 306 915 1115 305 916 1031 307 917 1030 306 918 1031 307 919 970 308 920 970 308 921 1031 307 922 971 309 923 970 308 924 971 309 925 885 310 926 885 310 927 971 309 928 886 311 929 885 310 930 886 311 931 735 312 932 735 312 933 886 311 934 736 313 935 735 312 936 736 313 937 644 314 938 644 314 939 736 313 940 645 315 941 644 314 942 645 315 943 585 316 944 585 316 945 645 315 946 586 317 947 585 316 948 586 317 949 503 318 950 503 318 951 586 317 952 504 319 953 503 318 954 504 319 955 438 320 956 438 320 957 504 319 958 439 321 959 438 320 960 439 321 961 410 322 962 410 322 963 439 321 964 411 323 965 410 322 966 411 323 967 392 324 968 392 324 969 411 323 970 393 325 971 392 324 972 393 325 973 367 326 974 367 326 975 393 325 976 368 327 977 367 326 978 368 327 979 350 328 980 350 328 981 368 327 982 351 329 983 350 328 984 351 329 985 336 330 986 336 330 987 351 329 988 337 331 989 336 330 990 337 331 991 338 332 992 338 332 993 337 331 994 339 333 995 338 332 996 339 333 997 356 334 998 356 334 999 339 333 1000 357 335 1001 356 334 1002 357 335 1003 382 336 1004 382 336 1005 357 335 1006 383 337 1007 382 336 1008 383 337 1009 399 338 1010 399 338 1011 383 337 1012 400 339 1013 399 338 1014 400 339 1015 428 340 1016 428 340 1017 400 339 1018 429 341 1019 428 340 1020 429 341 1021 454 342 1022 454 342 1023 429 341 1024 455 343 1025 454 342 1026 455 343 1027 538 344 1028 538 344 1029 455 343 1030 539 345 1031 538 344 1032 539 345 1033 623 346 1034 623 346 1035 539 345 1036 624 347 1037 623 346 1038 624 347 1039 680 270 1040 680 270 1041 624 347 1042 681 271 1043 23 348 1044 78 349 1045 31 350 1046 31 350 1047 78 349 1048 92 351 1049 30 352 1050 21 353 1051 26 354 1052 26 354 1053 21 353 1054 17 355 1055 26 354 1056 17 355 1057 27 356 1058 27 356 1059 17 355 1060 19 357 1061 27 356 1062 19 357 1063 31 350 1064 31 350 1065 19 357 1066 23 348 1067 91 358 1068 76 359 1069 30 352 1070 30 352 1071 76 359 1072 21 353 1073 76 359 1074 91 358 1075 83 360 1076 83 360 1077 91 358 1078 105 361 1079 83 360 1080 105 361 1081 115 362 1082 115 362 1083 105 361 1084 131 363 1085 115 362 1086 131 363 1087 135 364 1088 135 364 1089 131 363 1090 156 365 1091 135 364 1092 156 365 1093 163 366 1094 163 366 1095 156 365 1096 184 367 1097 163 366 1098 184 367 1099 193 368 1100 193 368 1101 184 367 1102 235 369 1103 193 368 1104 235 369 1105 249 370 1106 249 370 1107 235 369 1108 277 371 1109 249 370 1110 277 371 1111 286 372 1112 286 372 1113 277 371 1114 334 373 1115 286 372 1116 334 373 1117 340 374 1118 1178 375 1119 1180 376 1120 334 373 1121 334 373 1122 1180 376 1123 340 374 1124 1294 377 1125 1304 378 1126 1257 379 1127 1257 379 1128 1304 378 1129 1264 380 1130 1257 379 1131 1264 380 1132 1218 381 1133 1218 381 1134 1264 380 1135 1223 382 1136 1218 381 1137 1223 382 1138 1178 375 1139 1178 375 1140 1223 382 1141 1180 376 1142 1532 383 1143 1304 378 1144 1530 384 1145 1530 384 1146 1304 378 1147 1294 377 1148 1532 383 1149 1530 384 1150 1538 385 1151 1538 385 1152 1530 384 1153 1536 386 1154 1538 385 1155 1536 386 1156 1544 387 1157 1544 387 1158 1536 386 1159 1542 388 1160 1544 387 1161 1542 388 1162 1550 389 1163 1550 389 1164 1542 388 1165 1548 390 1166 1550 389 1167 1548 390 1168 1554 391 1169 1554 391 1170 1548 390 1171 1549 392 1172 1554 391 1173 1549 392 1174 1552 393 1175 1552 393 1176 1549 392 1177 1543 394 1178 1552 393 1179 1543 394 1180 1546 395 1181 1546 395 1182 1543 394 1183 1537 396 1184 1546 395 1185 1537 396 1186 1540 397 1187 1540 397 1188 1537 396 1189 1531 398 1190 1540 397 1191 1531 398 1192 1534 399 1193 1295 400 1194 1306 401 1195 1531 398 1196 1531 398 1197 1306 401 1198 1534 399 1199 1179 402 1200 1182 403 1201 1219 404 1202 1219 404 1203 1182 403 1204 1225 405 1205 1219 404 1206 1225 405 1207 1258 406 1208 1258 406 1209 1225 405 1210 1266 407 1211 1258 406 1212 1266 407 1213 1295 400 1214 1295 400 1215 1266 407 1216 1306 401 1217 342 408 1218 1182 403 1219 335 409 1220 335 409 1221 1182 403 1222 1179 402 1223 342 408 1224 335 409 1225 288 410 1226 288 410 1227 335 409 1228 278 411 1229 288 410 1230 278 411 1231 251 412 1232 251 412 1233 278 411 1234 236 413 1235 251 412 1236 236 413 1237 195 414 1238 195 414 1239 236 413 1240 185 415 1241 195 414 1242 185 415 1243 165 416 1244 165 416 1245 185 415 1246 157 417 1247 165 416 1248 157 417 1249 137 418 1250 137 418 1251 157 417 1252 133 419 1253 137 418 1254 133 419 1255 117 420 1256 117 420 1257 133 419 1258 106 421 1259 117 420 1260 106 421 1261 87 422 1262 87 422 1263 106 421 1264 92 351 1265 87 422 1266 92 351 1267 78 349 1268 1533 423 1269 1532 424 1270 1539 425 1271 1539 425 1272 1532 424 1273 1538 426 1274 1539 425 1275 1538 426 1276 1545 427 1277 1545 427 1278 1538 426 1279 1544 428 1280 1545 427 1281 1544 428 1282 1551 429 1283 1551 429 1284 1544 428 1285 1550 430 1286 1551 429 1287 1550 430 1288 1555 431 1289 1555 431 1290 1550 430 1291 1554 432 1292 1555 431 1293 1554 432 1294 1553 433 1295 1553 433 1296 1554 432 1297 1552 434 1298 1553 433 1299 1552 434 1300 1547 435 1301 1547 435 1302 1552 434 1303 1546 436 1304 1547 435 1305 1546 436 1306 1541 437 1307 1541 437 1308 1546 436 1309 1540 438 1310 1541 437 1311 1540 438 1312 1535 439 1313 1535 439 1314 1540 438 1315 1534 440 1316 1534 440 1317 1306 441 1318 1535 439 1319 1535 439 1320 1306 441 1321 1307 442 1322 1307 442 1323 1306 441 1324 1267 443 1325 1267 443 1326 1306 441 1327 1266 443 1328 1267 443 1329 1266 443 1330 1225 444 1331 1182 445 1332 1183 446 1333 1225 444 1334 1225 444 1335 1183 446 1336 1226 447 1337 1225 444 1338 1226 447 1339 1267 443 1340 1182 445 1341 342 448 1342 1183 446 1343 1183 446 1344 342 448 1345 343 449 1346 343 449 1347 342 448 1348 289 450 1349 289 450 1350 342 448 1351 288 451 1352 289 450 1353 288 451 1354 252 452 1355 252 452 1356 288 451 1357 251 453 1358 252 452 1359 251 453 1360 196 454 1361 196 454 1362 251 453 1363 195 455 1364 196 454 1365 195 455 1366 166 456 1367 166 456 1368 195 455 1369 165 457 1370 166 456 1371 165 457 1372 138 458 1373 138 458 1374 165 457 1375 137 459 1376 138 458 1377 137 459 1378 118 460 1379 118 460 1380 137 459 1381 117 461 1382 118 460 1383 117 461 1384 88 462 1385 88 462 1386 117 461 1387 87 463 1388 88 462 1389 87 463 1390 79 464 1391 79 464 1392 87 463 1393 78 465 1394 78 465 1395 23 466 1396 79 464 1397 79 464 1398 23 466 1399 24 467 1400 92 468 1401 216 469 1402 31 470 1403 31 470 1404 216 469 1405 243 471 1406 31 470 1407 243 471 1408 262 472 1409 106 473 1410 199 474 1411 92 468 1412 92 468 1413 199 474 1414 203 468 1415 92 468 1416 203 468 1417 216 469 1418 199 474 1419 106 473 1420 212 475 1421 212 475 1422 106 473 1423 133 468 1424 212 475 1425 133 468 1426 157 468 1427 212 475 1428 157 468 1429 229 468 1430 229 468 1431 157 468 1432 185 476 1433 229 468 1434 185 476 1435 256 477 1436 256 477 1437 185 476 1438 236 478 1439 256 477 1440 236 478 1441 278 479 1442 256 477 1443 278 479 1444 275 480 1445 275 480 1446 278 479 1447 335 481 1448 275 480 1449 335 481 1450 302 468 1451 302 468 1452 335 481 1453 318 468 1454 318 468 1455 335 481 1456 322 482 1457 322 482 1458 335 481 1459 1179 483 1460 322 482 1461 1179 483 1462 312 484 1463 312 484 1464 1179 483 1465 766 485 1466 312 484 1467 766 485 1468 724 486 1469 1219 487 1470 912 488 1471 1179 483 1472 1179 483 1473 912 488 1474 875 489 1475 1179 483 1476 875 489 1477 835 490 1478 1219 487 1479 1258 491 1480 912 488 1481 912 488 1482 1258 491 1483 1295 492 1484 912 488 1485 1295 492 1486 926 493 1487 926 493 1488 1295 492 1489 1113 494 1490 926 493 1491 1113 494 1492 1081 495 1493 1531 496 1494 1506 497 1495 1295 492 1496 1295 492 1497 1506 497 1498 1500 498 1499 1295 492 1500 1500 498 1501 1494 499 1502 1537 468 1503 1516 500 1504 1531 496 1505 1531 496 1506 1516 500 1507 1512 501 1508 1531 496 1509 1512 501 1510 1506 497 1511 1516 500 1512 1537 468 1513 1522 468 1514 1522 468 1515 1537 468 1516 1543 468 1517 1522 468 1518 1543 468 1519 1549 468 1520 1522 468 1521 1549 468 1522 1524 502 1523 1524 502 1524 1549 468 1525 1548 503 1526 1524 502 1527 1548 503 1528 1520 504 1529 1520 504 1530 1548 503 1531 1542 468 1532 1520 504 1533 1542 468 1534 1536 505 1535 1520 504 1536 1536 505 1537 1514 506 1538 1514 506 1539 1536 505 1540 1530 507 1541 1514 506 1542 1530 507 1543 1510 508 1544 1510 508 1545 1530 507 1546 1504 509 1547 1504 509 1548 1530 507 1549 1294 510 1550 1504 509 1551 1294 510 1552 1498 511 1553 1498 511 1554 1294 510 1555 1492 512 1556 1492 512 1557 1294 510 1558 1133 513 1559 1492 512 1560 1133 513 1561 1154 514 1562 1257 515 1563 909 516 1564 1294 510 1565 1294 510 1566 909 516 1567 923 517 1568 1294 510 1569 923 517 1570 1112 518 1571 1112 518 1572 923 517 1573 1080 519 1574 1080 519 1575 923 517 1576 924 520 1577 1080 519 1578 924 520 1579 1044 521 1580 1044 521 1581 924 520 1582 910 522 1583 1044 521 1584 910 522 1585 1010 523 1586 1010 523 1587 910 522 1588 873 524 1589 1010 523 1590 873 524 1591 996 468 1592 996 468 1593 873 524 1594 833 468 1595 996 468 1596 833 468 1597 994 468 1598 994 468 1599 833 468 1600 834 525 1601 994 468 1602 834 525 1603 997 526 1604 997 526 1605 834 525 1606 874 527 1607 997 526 1608 874 527 1609 1011 528 1610 1011 528 1611 874 527 1612 911 529 1613 1011 528 1614 911 529 1615 1045 530 1616 1045 530 1617 911 529 1618 925 520 1619 1045 530 1620 925 520 1621 1081 495 1622 1081 495 1623 925 520 1624 926 493 1625 1257 515 1626 1218 531 1627 909 516 1628 909 516 1629 1218 531 1630 1178 532 1631 909 516 1632 1178 532 1633 872 533 1634 872 533 1635 1178 532 1636 832 534 1637 832 534 1638 1178 532 1639 763 485 1640 763 485 1641 1178 532 1642 310 535 1643 763 485 1644 310 535 1645 721 536 1646 721 536 1647 310 535 1648 279 537 1649 721 536 1650 279 537 1651 692 538 1652 692 538 1653 279 537 1654 260 539 1655 692 538 1656 260 539 1657 525 540 1658 525 540 1659 260 539 1660 488 468 1661 488 468 1662 260 539 1663 30 468 1664 488 468 1665 30 468 1666 467 468 1667 467 468 1668 30 468 1669 456 541 1670 456 541 1671 30 468 1672 26 468 1673 456 541 1674 26 468 1675 27 542 1676 310 535 1677 1178 532 1678 320 543 1679 320 543 1680 1178 532 1681 334 481 1682 320 543 1683 334 481 1684 316 468 1685 316 468 1686 334 481 1687 300 468 1688 300 468 1689 334 481 1690 273 544 1691 273 544 1692 334 481 1693 277 545 1694 273 544 1695 277 545 1696 254 546 1697 254 546 1698 277 545 1699 235 478 1700 254 546 1701 235 478 1702 184 476 1703 254 546 1704 184 476 1705 227 468 1706 227 468 1707 184 476 1708 156 468 1709 227 468 1710 156 468 1711 210 547 1712 210 547 1713 156 468 1714 131 468 1715 210 547 1716 131 468 1717 105 473 1718 210 547 1719 105 473 1720 197 474 1721 197 474 1722 105 473 1723 91 468 1724 197 474 1725 91 468 1726 201 468 1727 201 468 1728 91 468 1729 214 468 1730 214 468 1731 91 468 1732 30 468 1733 214 468 1734 30 468 1735 241 468 1736 241 468 1737 30 468 1738 260 539 1739 27 542 1740 31 470 1741 456 541 1742 456 541 1743 31 470 1744 468 548 1745 468 548 1746 31 470 1747 489 549 1748 489 549 1749 31 470 1750 262 472 1751 489 549 1752 262 472 1753 526 550 1754 526 550 1755 262 472 1756 695 551 1757 526 550 1758 695 551 1759 690 552 1760 692 538 1761 525 540 1762 689 553 1763 689 553 1764 525 540 1765 554 554 1766 689 553 1767 554 554 1768 693 555 1769 693 555 1770 554 554 1771 591 556 1772 693 555 1773 591 556 1774 722 557 1775 722 557 1776 591 556 1777 613 558 1778 722 557 1779 613 558 1780 764 559 1781 764 559 1782 613 558 1783 620 560 1784 764 559 1785 620 560 1786 833 468 1787 833 468 1788 620 560 1789 834 525 1790 620 560 1791 621 561 1792 834 525 1793 834 525 1794 621 561 1795 765 562 1796 765 562 1797 621 561 1798 614 563 1799 765 562 1800 614 563 1801 723 564 1802 723 564 1803 614 563 1804 592 565 1805 723 564 1806 592 565 1807 694 555 1808 694 555 1809 592 565 1810 555 554 1811 694 555 1812 555 554 1813 690 552 1814 690 552 1815 555 554 1816 526 550 1817 1112 518 1818 1133 513 1819 1294 510 1820 1492 512 1821 1154 514 1822 1490 468 1823 1490 468 1824 1154 514 1825 1155 468 1826 1490 468 1827 1155 468 1828 1494 499 1829 1494 499 1830 1155 468 1831 1134 566 1832 1494 499 1833 1134 566 1834 1295 492 1835 1295 492 1836 1134 566 1837 1113 494 1838 312 484 1839 724 486 1840 281 567 1841 281 567 1842 724 486 1843 695 551 1844 281 567 1845 695 551 1846 262 472 1847 835 490 1848 766 485 1849 1179 483 1850 263 568 1851 270 569 1852 282 570 1853 282 570 1854 270 569 1855 292 571 1856 282 570 1857 292 571 1858 327 572 1859 270 569 1860 263 568 1861 239 573 1862 239 573 1863 263 568 1864 244 574 1865 239 573 1866 244 574 1867 208 575 1868 208 575 1869 244 574 1870 217 576 1871 208 575 1872 217 576 1873 191 577 1874 191 577 1875 217 576 1876 204 578 1877 191 577 1878 204 578 1879 183 579 1880 183 579 1881 204 578 1882 200 580 1883 183 579 1884 200 580 1885 192 581 1886 192 581 1887 200 580 1888 213 582 1889 192 581 1890 213 582 1891 209 583 1892 209 583 1893 213 582 1894 230 584 1895 209 583 1896 230 584 1897 240 585 1898 240 585 1899 230 584 1900 257 586 1901 240 585 1902 257 586 1903 271 587 1904 271 587 1905 257 586 1906 276 588 1907 271 587 1908 276 588 1909 293 589 1910 293 589 1911 276 588 1912 303 590 1913 293 589 1914 303 590 1915 328 591 1916 328 591 1917 303 590 1918 319 592 1919 328 591 1920 319 592 1921 332 593 1922 332 593 1923 319 592 1924 323 594 1925 332 593 1926 323 594 1927 331 595 1928 331 595 1929 323 594 1930 313 596 1931 331 595 1932 313 596 1933 327 572 1934 327 572 1935 313 596 1936 282 570 1937 24 597 1938 34 598 1939 79 599 1940 79 599 1941 34 598 1942 48 600 1943 79 599 1944 48 600 1945 67 601 1946 67 601 1947 114 602 1948 79 599 1949 79 599 1950 114 602 1951 160 603 1952 79 599 1953 160 603 1954 208 604 1955 208 604 1956 160 603 1957 225 605 1958 208 604 1959 225 605 1960 239 606 1961 239 606 1962 225 605 1963 270 607 1964 270 607 1965 225 605 1966 305 608 1967 270 607 1968 305 608 1969 292 609 1970 292 609 1971 305 608 1972 389 610 1973 292 609 1974 389 610 1975 435 611 1976 292 609 1977 435 611 1978 327 612 1979 327 612 1980 435 611 1981 517 613 1982 327 612 1983 517 613 1984 331 614 1985 331 614 1986 517 613 1987 332 615 1988 332 615 1989 517 613 1990 631 616 1991 332 615 1992 631 616 1993 343 617 1994 343 617 1995 631 616 1996 718 618 1997 343 617 1998 718 618 1999 898 619 2000 898 619 2001 983 620 2002 343 617 2003 343 617 2004 983 620 2005 1089 621 2006 343 617 2007 1089 621 2008 1183 622 2009 289 606 2010 240 623 2011 343 617 2012 343 617 2013 240 623 2014 271 624 2015 343 617 2016 271 624 2017 293 625 2018 289 606 2019 252 626 2020 240 623 2021 240 623 2022 252 626 2023 196 627 2024 240 623 2025 196 627 2026 166 628 2027 240 623 2028 166 628 2029 209 629 2030 209 629 2031 166 628 2032 138 630 2033 209 629 2034 138 630 2035 118 631 2036 118 631 2037 88 606 2038 209 629 2039 209 629 2040 88 606 2041 79 599 2042 209 629 2043 79 599 2044 192 632 2045 192 632 2046 79 599 2047 183 606 2048 183 606 2049 79 599 2050 191 606 2051 191 606 2052 79 599 2053 208 604 2054 293 625 2055 328 633 2056 343 617 2057 343 617 2058 328 633 2059 332 615 2060 262 634 2061 263 635 2062 281 636 2063 281 636 2064 263 635 2065 282 637 2066 281 636 2067 282 637 2068 312 638 2069 312 638 2070 282 637 2071 313 638 2072 312 638 2073 313 638 2074 323 639 2075 262 634 2076 243 640 2077 263 635 2078 263 635 2079 243 640 2080 244 641 2081 244 641 2082 243 640 2083 216 642 2084 244 641 2085 216 642 2086 217 643 2087 217 643 2088 216 642 2089 203 644 2090 217 643 2091 203 644 2092 204 645 2093 204 645 2094 203 644 2095 199 646 2096 204 645 2097 199 646 2098 200 647 2099 200 647 2100 199 646 2101 212 648 2102 200 647 2103 212 648 2104 213 649 2105 213 649 2106 212 648 2107 229 650 2108 213 649 2109 229 650 2110 230 651 2111 230 651 2112 229 650 2113 256 652 2114 230 651 2115 256 652 2116 257 653 2117 257 653 2118 256 652 2119 275 654 2120 257 653 2121 275 654 2122 276 655 2123 276 655 2124 275 654 2125 302 656 2126 276 655 2127 302 656 2128 303 657 2129 303 657 2130 302 656 2131 318 658 2132 303 657 2133 318 658 2134 319 659 2135 319 659 2136 318 658 2137 322 660 2138 319 659 2139 322 660 2140 323 639 2141 323 639 2142 322 660 2143 312 638 2144 311 661 2145 326 662 2146 280 663 2147 280 663 2148 326 662 2149 291 664 2150 280 663 2151 291 664 2152 269 665 2153 326 662 2154 311 661 2155 330 666 2156 330 666 2157 311 661 2158 321 667 2159 330 666 2160 321 667 2161 329 668 2162 329 668 2163 321 667 2164 317 669 2165 329 668 2166 317 669 2167 325 670 2168 325 670 2169 317 669 2170 301 671 2171 325 670 2172 301 671 2173 290 672 2174 290 672 2175 301 671 2176 274 673 2177 290 672 2178 274 673 2179 268 674 2180 268 674 2181 274 673 2182 255 675 2183 268 674 2184 255 675 2185 237 676 2186 237 676 2187 255 675 2188 228 677 2189 237 676 2190 228 677 2191 206 678 2192 206 678 2193 228 677 2194 211 679 2195 206 678 2196 211 679 2197 189 680 2198 189 680 2199 211 679 2200 198 681 2201 189 680 2202 198 681 2203 182 682 2204 182 682 2205 198 681 2206 202 683 2207 182 682 2208 202 683 2209 190 684 2210 190 684 2211 202 683 2212 215 685 2213 190 684 2214 215 685 2215 207 686 2216 207 686 2217 215 685 2218 242 687 2219 207 686 2220 242 687 2221 238 688 2222 238 688 2223 242 687 2224 261 689 2225 238 688 2226 261 689 2227 269 665 2228 269 665 2229 261 689 2230 280 663 2231 310 690 2232 311 691 2233 279 692 2234 279 692 2235 311 691 2236 280 693 2237 279 692 2238 280 693 2239 260 694 2240 260 694 2241 280 693 2242 261 695 2243 260 694 2244 261 695 2245 242 696 2246 310 690 2247 320 697 2248 311 691 2249 311 691 2250 320 697 2251 321 698 2252 321 698 2253 320 697 2254 316 699 2255 321 698 2256 316 699 2257 317 700 2258 317 700 2259 316 699 2260 300 701 2261 317 700 2262 300 701 2263 301 702 2264 301 702 2265 300 701 2266 273 703 2267 301 702 2268 273 703 2269 274 704 2270 274 704 2271 273 703 2272 254 705 2273 274 704 2274 254 705 2275 255 706 2276 255 706 2277 254 705 2278 227 707 2279 255 706 2280 227 707 2281 228 708 2282 228 708 2283 227 707 2284 210 709 2285 228 708 2286 210 709 2287 211 710 2288 211 710 2289 210 709 2290 197 711 2291 211 710 2292 197 711 2293 198 712 2294 198 712 2295 197 711 2296 201 713 2297 198 712 2298 201 713 2299 202 714 2300 202 714 2301 201 713 2302 214 715 2303 202 714 2304 214 715 2305 215 716 2306 215 716 2307 214 715 2308 241 717 2309 215 716 2310 241 717 2311 242 696 2312 242 696 2313 241 717 2314 260 694 2315 1181 606 2316 1088 718 2317 341 719 2318 341 719 2319 1088 718 2320 982 720 2321 341 719 2322 982 720 2323 897 721 2324 897 721 2325 717 722 2326 341 719 2327 341 719 2328 717 722 2329 630 723 2330 341 719 2331 630 723 2332 516 724 2333 434 725 2334 330 726 2335 516 724 2336 516 724 2337 330 726 2338 329 727 2339 516 724 2340 329 727 2341 341 719 2342 341 719 2343 329 727 2344 325 728 2345 341 719 2346 325 728 2347 290 729 2348 330 726 2349 434 725 2350 326 730 2351 326 730 2352 434 725 2353 388 731 2354 326 730 2355 388 731 2356 291 732 2357 291 732 2358 388 731 2359 304 733 2360 291 732 2361 304 733 2362 269 734 2363 269 734 2364 304 733 2365 238 735 2366 238 735 2367 304 733 2368 224 736 2369 238 735 2370 224 736 2371 207 606 2372 207 606 2373 224 736 2374 77 737 2375 207 606 2376 77 737 2377 190 738 2378 190 738 2379 77 737 2380 182 739 2381 182 739 2382 77 737 2383 189 740 2384 189 740 2385 77 737 2386 84 741 2387 189 740 2388 84 741 2389 116 742 2390 224 736 2391 159 743 2392 77 737 2393 77 737 2394 159 743 2395 113 744 2396 77 737 2397 113 744 2398 66 745 2399 66 745 2400 47 746 2401 77 737 2402 77 737 2403 47 746 2404 33 747 2405 77 737 2406 33 747 2407 22 748 2408 189 740 2409 116 742 2410 206 749 2411 206 749 2412 116 742 2413 136 630 2414 206 749 2415 136 630 2416 164 750 2417 206 749 2418 164 750 2419 237 751 2420 237 751 2421 164 750 2422 194 627 2423 237 751 2424 194 627 2425 250 752 2426 237 751 2427 250 752 2428 268 753 2429 268 753 2430 250 752 2431 287 754 2432 268 753 2433 287 754 2434 341 719 2435 290 729 2436 268 753 2437 341 719 2438 605 755 2439 621 756 2440 611 757 2441 611 757 2442 621 756 2443 620 758 2444 611 757 2445 620 758 2446 603 759 2447 603 759 2448 620 758 2449 613 760 2450 603 759 2451 613 760 2452 581 761 2453 581 761 2454 613 760 2455 591 762 2456 581 761 2457 591 762 2458 550 763 2459 550 763 2460 591 762 2461 554 764 2462 550 763 2463 554 764 2464 525 765 2465 621 756 2466 605 755 2467 614 766 2468 614 766 2469 605 755 2470 583 767 2471 614 766 2472 583 767 2473 592 768 2474 592 768 2475 583 767 2476 552 769 2477 592 768 2478 552 769 2479 555 770 2480 555 770 2481 552 769 2482 526 771 2483 526 771 2484 552 769 2485 529 772 2486 526 771 2487 529 772 2488 489 773 2489 489 773 2490 529 772 2491 498 774 2492 489 773 2493 498 774 2494 468 775 2495 468 775 2496 498 774 2497 486 776 2498 468 775 2499 486 776 2500 456 777 2501 456 777 2502 486 776 2503 484 778 2504 456 777 2505 484 778 2506 467 779 2507 467 779 2508 484 778 2509 496 780 2510 467 779 2511 496 780 2512 488 781 2513 488 781 2514 496 780 2515 527 782 2516 488 781 2517 527 782 2518 525 765 2519 525 765 2520 527 782 2521 550 763 2522 606 783 2523 605 784 2524 612 785 2525 612 785 2526 605 784 2527 611 786 2528 612 785 2529 611 786 2530 604 787 2531 604 787 2532 611 786 2533 603 788 2534 604 787 2535 603 788 2536 582 789 2537 582 789 2538 603 788 2539 581 790 2540 582 789 2541 581 790 2542 551 791 2543 551 791 2544 581 790 2545 550 792 2546 551 791 2547 550 792 2548 528 793 2549 528 793 2550 550 792 2551 527 794 2552 528 793 2553 527 794 2554 497 795 2555 497 795 2556 527 794 2557 496 796 2558 497 795 2559 496 796 2560 485 797 2561 485 797 2562 496 796 2563 484 798 2564 485 797 2565 484 798 2566 487 799 2567 487 799 2568 484 798 2569 486 800 2570 487 799 2571 486 800 2572 499 801 2573 499 801 2574 486 800 2575 498 802 2576 499 801 2577 498 802 2578 530 803 2579 530 803 2580 498 802 2581 529 804 2582 530 803 2583 529 804 2584 553 805 2585 553 805 2586 529 804 2587 552 806 2588 553 805 2589 552 806 2590 584 807 2591 584 807 2592 552 806 2593 583 808 2594 584 807 2595 583 808 2596 606 783 2597 606 783 2598 583 808 2599 605 784 2600 575 809 2601 600 810 2602 579 811 2603 579 811 2604 600 810 2605 602 812 2606 579 811 2607 602 812 2608 599 813 2609 600 810 2610 575 809 2611 572 814 2612 572 814 2613 575 809 2614 560 815 2615 572 814 2616 560 815 2617 541 816 2618 541 816 2619 560 815 2620 535 817 2621 541 816 2622 535 817 2623 524 818 2624 524 818 2625 535 817 2626 520 819 2627 524 818 2628 520 819 2629 502 820 2630 502 820 2631 520 819 2632 508 821 2633 502 820 2634 508 821 2635 490 822 2636 490 822 2637 508 821 2638 501 823 2639 501 823 2640 508 821 2641 518 824 2642 501 823 2643 518 824 2644 523 825 2645 523 825 2646 518 824 2647 533 826 2648 523 825 2649 533 826 2650 540 827 2651 540 827 2652 533 826 2653 558 828 2654 540 827 2655 558 828 2656 571 829 2657 571 829 2658 558 828 2659 573 830 2660 571 829 2661 573 830 2662 599 813 2663 599 813 2664 573 830 2665 579 811 2666 606 831 2667 612 468 2668 602 832 2669 602 832 2670 612 468 2671 604 833 2672 602 832 2673 604 833 2674 599 834 2675 599 834 2676 604 833 2677 582 835 2678 599 834 2679 582 835 2680 571 836 2681 571 836 2682 582 835 2683 551 837 2684 571 836 2685 551 837 2686 540 838 2687 540 838 2688 551 837 2689 528 839 2690 540 838 2691 528 839 2692 523 468 2693 523 468 2694 528 839 2695 497 468 2696 523 468 2697 497 468 2698 501 468 2699 501 468 2700 497 468 2701 485 468 2702 501 468 2703 485 468 2704 490 468 2705 490 468 2706 485 468 2707 487 840 2708 490 468 2709 487 840 2710 502 841 2711 502 841 2712 487 840 2713 499 842 2714 502 841 2715 499 842 2716 524 843 2717 524 843 2718 499 842 2719 530 844 2720 524 843 2721 530 844 2722 541 845 2723 541 845 2724 530 844 2725 553 846 2726 541 845 2727 553 846 2728 572 847 2729 572 847 2730 553 846 2731 584 848 2732 572 847 2733 584 848 2734 600 849 2735 600 849 2736 584 848 2737 606 831 2738 600 849 2739 606 831 2740 602 832 2741 576 850 2742 575 851 2743 580 852 2744 580 852 2745 575 851 2746 579 853 2747 580 852 2748 579 853 2749 574 854 2750 574 854 2751 579 853 2752 573 855 2753 574 854 2754 573 855 2755 559 856 2756 559 856 2757 573 855 2758 558 857 2759 559 856 2760 558 857 2761 534 858 2762 534 858 2763 558 857 2764 533 859 2765 534 858 2766 533 859 2767 519 860 2768 519 860 2769 533 859 2770 518 861 2771 519 860 2772 518 861 2773 509 862 2774 509 862 2775 518 861 2776 508 863 2777 509 862 2778 508 863 2779 521 864 2780 521 864 2781 508 863 2782 520 865 2783 521 864 2784 520 865 2785 536 866 2786 536 866 2787 520 865 2788 535 867 2789 536 866 2790 535 867 2791 561 868 2792 561 868 2793 535 867 2794 560 869 2795 561 868 2796 560 869 2797 576 850 2798 576 850 2799 560 869 2800 575 851 2801 857 870 2802 884 871 2803 861 872 2804 861 872 2805 884 871 2806 888 873 2807 861 872 2808 888 873 2809 883 874 2810 884 871 2811 857 870 2812 850 875 2813 850 875 2814 857 870 2815 842 876 2816 850 875 2817 842 876 2818 804 877 2819 804 877 2820 842 876 2821 784 878 2822 804 877 2823 784 878 2824 762 879 2825 762 879 2826 784 878 2827 757 880 2828 762 879 2829 757 880 2830 740 881 2831 740 881 2832 757 880 2833 749 882 2834 740 881 2835 749 882 2836 726 883 2837 726 883 2838 749 882 2839 739 884 2840 739 884 2841 749 882 2842 755 885 2843 739 884 2844 755 885 2845 761 886 2846 761 886 2847 755 885 2848 782 887 2849 761 886 2850 782 887 2851 803 888 2852 803 888 2853 782 887 2854 840 889 2855 803 888 2856 840 889 2857 849 890 2858 849 890 2859 840 889 2860 855 891 2861 849 890 2862 855 891 2863 883 874 2864 883 874 2865 855 891 2866 861 872 2867 896 468 2868 908 468 2869 888 892 2870 888 892 2871 908 468 2872 894 893 2873 888 892 2874 894 893 2875 883 894 2876 883 894 2877 894 893 2878 868 895 2879 883 894 2880 868 895 2881 849 896 2882 849 896 2883 868 895 2884 829 897 2885 849 896 2886 829 897 2887 803 468 2888 803 468 2889 829 897 2890 775 898 2891 803 468 2892 775 898 2893 761 899 2894 761 899 2895 775 898 2896 732 900 2897 761 899 2898 732 900 2899 739 468 2900 739 468 2901 732 900 2902 713 468 2903 739 468 2904 713 468 2905 726 901 2906 726 901 2907 713 468 2908 715 902 2909 726 901 2910 715 902 2911 740 903 2912 740 903 2913 715 902 2914 734 904 2915 740 903 2916 734 904 2917 762 905 2918 762 905 2919 734 904 2920 777 906 2921 762 905 2922 777 906 2923 804 907 2924 804 907 2925 777 906 2926 831 908 2927 804 907 2928 831 908 2929 850 909 2930 850 909 2931 831 908 2932 870 910 2933 850 909 2934 870 910 2935 884 911 2936 884 911 2937 870 910 2938 896 468 2939 884 911 2940 896 468 2941 888 892 2942 858 912 2943 857 850 2944 862 913 2945 862 913 2946 857 850 2947 861 914 2948 862 913 2949 861 914 2950 856 915 2951 856 915 2952 861 914 2953 855 916 2954 856 915 2955 855 916 2956 841 917 2957 841 917 2958 855 916 2959 840 918 2960 841 917 2961 840 918 2962 783 919 2963 783 919 2964 840 918 2965 782 920 2966 783 919 2967 782 920 2968 756 921 2969 756 921 2970 782 920 2971 755 922 2972 756 921 2973 755 922 2974 750 923 2975 750 923 2976 755 922 2977 749 924 2978 750 923 2979 749 924 2980 758 925 2981 758 925 2982 749 924 2983 757 926 2984 758 925 2985 757 926 2986 785 927 2987 785 927 2988 757 926 2989 784 928 2990 785 927 2991 784 928 2992 843 929 2993 843 929 2994 784 928 2995 842 930 2996 843 929 2997 842 930 2998 858 912 2999 858 912 3000 842 930 3001 857 850 3002 895 931 3003 926 932 3004 907 933 3005 907 933 3006 926 932 3007 925 934 3008 907 933 3009 925 934 3010 893 935 3011 893 935 3012 925 934 3013 911 936 3014 893 935 3015 911 936 3016 867 937 3017 867 937 3018 911 936 3019 874 938 3020 867 937 3021 874 938 3022 828 939 3023 828 939 3024 874 938 3025 834 940 3026 828 939 3027 834 940 3028 765 941 3029 926 932 3030 895 931 3031 912 942 3032 912 942 3033 895 931 3034 869 943 3035 912 942 3036 869 943 3037 875 944 3038 875 944 3039 869 943 3040 830 945 3041 875 944 3042 830 945 3043 835 946 3044 835 946 3045 830 945 3046 766 947 3047 766 947 3048 830 945 3049 776 948 3050 766 947 3051 776 948 3052 724 949 3053 724 949 3054 776 948 3055 733 950 3056 724 949 3057 733 950 3058 695 951 3059 695 951 3060 733 950 3061 714 952 3062 695 951 3063 714 952 3064 690 953 3065 690 953 3066 714 952 3067 712 954 3068 690 953 3069 712 954 3070 694 955 3071 694 955 3072 712 954 3073 731 956 3074 694 955 3075 731 956 3076 723 957 3077 723 957 3078 731 956 3079 774 958 3080 723 957 3081 774 958 3082 765 941 3083 765 941 3084 774 958 3085 828 939 3086 896 959 3087 895 960 3088 908 961 3089 908 961 3090 895 960 3091 907 962 3092 908 961 3093 907 962 3094 894 963 3095 894 963 3096 907 962 3097 893 964 3098 894 963 3099 893 964 3100 868 965 3101 868 965 3102 893 964 3103 867 790 3104 868 965 3105 867 790 3106 829 966 3107 829 966 3108 867 790 3109 828 967 3110 829 966 3111 828 967 3112 775 968 3113 775 968 3114 828 967 3115 774 969 3116 775 968 3117 774 969 3118 732 970 3119 732 970 3120 774 969 3121 731 971 3122 732 970 3123 731 971 3124 713 972 3125 713 972 3126 731 971 3127 712 798 3128 713 972 3129 712 798 3130 715 973 3131 715 973 3132 712 798 3133 714 974 3134 715 973 3135 714 974 3136 734 975 3137 734 975 3138 714 974 3139 733 802 3140 734 975 3141 733 802 3142 777 976 3143 777 976 3144 733 802 3145 776 977 3146 777 976 3147 776 977 3148 831 978 3149 831 978 3150 776 977 3151 830 979 3152 831 978 3153 830 979 3154 870 980 3155 870 980 3156 830 979 3157 869 981 3158 870 980 3159 869 981 3160 896 959 3161 896 959 3162 869 981 3163 895 960 3164 1095 982 3165 1117 983 3166 1103 984 3167 1103 984 3168 1117 983 3169 1124 812 3170 1103 984 3171 1124 812 3172 1116 985 3173 1117 983 3174 1095 982 3175 1091 986 3176 1091 986 3177 1095 982 3178 1084 987 3179 1091 986 3180 1084 987 3181 1072 988 3182 1072 988 3183 1084 987 3184 1059 989 3185 1072 988 3186 1059 989 3187 1041 990 3188 1041 990 3189 1059 989 3190 1038 991 3191 1041 990 3192 1038 991 3193 1019 992 3194 1019 992 3195 1038 991 3196 1032 993 3197 1019 992 3198 1032 993 3199 1012 822 3200 1012 822 3201 1032 993 3202 1018 994 3203 1018 994 3204 1032 993 3205 1036 995 3206 1018 994 3207 1036 995 3208 1040 996 3209 1040 996 3210 1036 995 3211 1057 997 3212 1040 996 3213 1057 997 3214 1071 998 3215 1071 998 3216 1057 997 3217 1082 999 3218 1071 998 3219 1082 999 3220 1090 1000 3221 1090 1000 3222 1082 999 3223 1093 1001 3224 1090 1000 3225 1093 1001 3226 1116 985 3227 1116 985 3228 1093 1001 3229 1103 984 3230 1128 1002 3231 1132 468 3232 1124 1003 3233 1124 1003 3234 1132 468 3235 1126 1004 3236 1124 1003 3237 1126 1004 3238 1116 1005 3239 1116 1005 3240 1126 1004 3241 1106 1006 3242 1116 1005 3243 1106 1006 3244 1090 1007 3245 1090 1007 3246 1106 1006 3247 1077 1008 3248 1090 1007 3249 1077 1008 3250 1071 1009 3251 1071 1009 3252 1077 1008 3253 1049 1010 3254 1071 1009 3255 1049 1010 3256 1040 468 3257 1040 468 3258 1049 1010 3259 1015 468 3260 1040 468 3261 1015 468 3262 1018 468 3263 1018 468 3264 1015 468 3265 1003 468 3266 1018 468 3267 1003 468 3268 1012 468 3269 1012 468 3270 1003 468 3271 1005 1011 3272 1012 468 3273 1005 1011 3274 1019 1012 3275 1019 1012 3276 1005 1011 3277 1017 1013 3278 1019 1012 3279 1017 1013 3280 1041 1014 3281 1041 1014 3282 1017 1013 3283 1051 1015 3284 1041 1014 3285 1051 1015 3286 1072 1016 3287 1072 1016 3288 1051 1015 3289 1079 1017 3290 1072 1016 3291 1079 1017 3292 1091 1018 3293 1091 1018 3294 1079 1017 3295 1108 1019 3296 1091 1018 3297 1108 1019 3298 1117 1020 3299 1117 1020 3300 1108 1019 3301 1128 1002 3302 1117 1020 3303 1128 1002 3304 1124 1003 3305 1096 1021 3306 1095 1022 3307 1104 1023 3308 1104 1023 3309 1095 1022 3310 1103 1024 3311 1104 1023 3312 1103 1024 3313 1094 1025 3314 1094 1025 3315 1103 1024 3316 1093 854 3317 1094 1025 3318 1093 854 3319 1083 1026 3320 1083 1026 3321 1093 854 3322 1082 1027 3323 1083 1026 3324 1082 1027 3325 1058 1028 3326 1058 1028 3327 1082 1027 3328 1057 1029 3329 1058 1028 3330 1057 1029 3331 1037 1030 3332 1037 1030 3333 1057 1029 3334 1036 860 3335 1037 1030 3336 1036 860 3337 1033 1031 3338 1033 1031 3339 1036 860 3340 1032 1032 3341 1033 1031 3342 1032 1032 3343 1039 1033 3344 1039 1033 3345 1032 1032 3346 1038 1034 3347 1039 1033 3348 1038 1034 3349 1060 1035 3350 1060 1035 3351 1038 1034 3352 1059 1036 3353 1060 1035 3354 1059 1036 3355 1085 1037 3356 1085 1037 3357 1059 1036 3358 1084 1038 3359 1085 1037 3360 1084 1038 3361 1096 1021 3362 1096 1021 3363 1084 1038 3364 1095 1022 3365 1127 1039 3366 1155 1040 3367 1131 1041 3368 1131 1041 3369 1155 1040 3370 1154 1042 3371 1131 1041 3372 1154 1042 3373 1125 1043 3374 1125 1043 3375 1154 1042 3376 1133 1044 3377 1125 1043 3378 1133 1044 3379 1105 1045 3380 1105 1045 3381 1133 1044 3382 1112 1046 3383 1105 1045 3384 1112 1046 3385 1076 1047 3386 1076 1047 3387 1112 1046 3388 1080 1048 3389 1076 1047 3390 1080 1048 3391 1044 1049 3392 1155 1040 3393 1127 1039 3394 1134 1050 3395 1134 1050 3396 1127 1039 3397 1107 1051 3398 1134 1050 3399 1107 1051 3400 1113 1052 3401 1113 1052 3402 1107 1051 3403 1078 1053 3404 1113 1052 3405 1078 1053 3406 1081 1054 3407 1081 1054 3408 1078 1053 3409 1045 1055 3410 1045 1055 3411 1078 1053 3412 1050 1056 3413 1045 1055 3414 1050 1056 3415 1011 1057 3416 1011 1057 3417 1050 1056 3418 1016 1058 3419 1011 1057 3420 1016 1058 3421 997 1059 3422 997 1059 3423 1016 1058 3424 1004 1060 3425 997 1059 3426 1004 1060 3427 994 1061 3428 994 1061 3429 1004 1060 3430 1002 1062 3431 994 1061 3432 1002 1062 3433 996 1063 3434 996 1063 3435 1002 1062 3436 1014 1064 3437 996 1063 3438 1014 1064 3439 1010 1065 3440 1010 1065 3441 1014 1064 3442 1048 1066 3443 1010 1065 3444 1048 1066 3445 1044 1049 3446 1044 1049 3447 1048 1066 3448 1076 1047 3449 1128 1067 3450 1127 1068 3451 1132 1069 3452 1132 1069 3453 1127 1068 3454 1131 1070 3455 1132 1069 3456 1131 1070 3457 1126 1071 3458 1126 1071 3459 1131 1070 3460 1125 1072 3461 1126 1071 3462 1125 1072 3463 1106 1073 3464 1106 1073 3465 1125 1072 3466 1105 1074 3467 1106 1073 3468 1105 1074 3469 1077 1075 3470 1077 1075 3471 1105 1074 3472 1076 1076 3473 1077 1075 3474 1076 1076 3475 1049 1077 3476 1049 1077 3477 1076 1076 3478 1048 1078 3479 1049 1077 3480 1048 1078 3481 1015 1079 3482 1015 1079 3483 1048 1078 3484 1014 1080 3485 1015 1079 3486 1014 1080 3487 1003 1081 3488 1003 1081 3489 1014 1080 3490 1002 798 3491 1003 1081 3492 1002 798 3493 1005 799 3494 1005 799 3495 1002 798 3496 1004 1082 3497 1005 799 3498 1004 1082 3499 1017 1083 3500 1017 1083 3501 1004 1082 3502 1016 1084 3503 1017 1083 3504 1016 1084 3505 1051 1085 3506 1051 1085 3507 1016 1084 3508 1050 1086 3509 1051 1085 3510 1050 1086 3511 1079 1087 3512 1079 1087 3513 1050 1086 3514 1078 1088 3515 1079 1087 3516 1078 1088 3517 1108 1089 3518 1108 1089 3519 1078 1088 3520 1107 1090 3521 1108 1089 3522 1107 1090 3523 1128 1067 3524 1128 1067 3525 1107 1090 3526 1127 1068 3527 853 1091 3528 882 1092 3529 859 1093 3530 859 1093 3531 882 1092 3532 887 1094 3533 859 1093 3534 887 1094 3535 881 1095 3536 882 1092 3537 853 1091 3538 848 1096 3539 848 1096 3540 853 1091 3541 838 1097 3542 848 1096 3543 838 1097 3544 799 1098 3545 799 1098 3546 838 1097 3547 780 1099 3548 799 1098 3549 780 1099 3550 760 1100 3551 760 1100 3552 780 1099 3553 753 1101 3554 760 1100 3555 753 1101 3556 738 1102 3557 738 1102 3558 753 1101 3559 747 1103 3560 738 1102 3561 747 1103 3562 725 1104 3563 725 1104 3564 747 1103 3565 737 1105 3566 737 1105 3567 747 1103 3568 751 1106 3569 737 1105 3570 751 1106 3571 759 1107 3572 759 1107 3573 751 1106 3574 778 1108 3575 759 1107 3576 778 1108 3577 798 1109 3578 798 1109 3579 778 1108 3580 836 1110 3581 798 1109 3582 836 1110 3583 847 1111 3584 847 1111 3585 836 1110 3586 851 1112 3587 847 1111 3588 851 1112 3589 881 1095 3590 881 1095 3591 851 1112 3592 859 1093 3593 892 1113 3594 906 468 3595 887 1114 3596 887 1114 3597 906 468 3598 890 1115 3599 887 1114 3600 890 1115 3601 881 1116 3602 881 1116 3603 890 1115 3604 864 1117 3605 881 1116 3606 864 1117 3607 847 1118 3608 847 1118 3609 864 1117 3610 825 1119 3611 847 1118 3612 825 1119 3613 798 1120 3614 798 1120 3615 825 1119 3616 769 1121 3617 798 1120 3618 769 1121 3619 759 1122 3620 759 1122 3621 769 1121 3622 728 1123 3623 759 1122 3624 728 1123 3625 737 1124 3626 737 1124 3627 728 1123 3628 709 468 3629 737 1124 3630 709 468 3631 725 1125 3632 725 1125 3633 709 468 3634 711 1126 3635 725 1125 3636 711 1126 3637 738 1127 3638 738 1127 3639 711 1126 3640 730 1128 3641 738 1127 3642 730 1128 3643 760 1129 3644 760 1129 3645 730 1128 3646 771 898 3647 760 1129 3648 771 898 3649 799 468 3650 799 468 3651 771 898 3652 827 1130 3653 799 468 3654 827 1130 3655 848 1131 3656 848 1131 3657 827 1130 3658 866 1132 3659 848 1131 3660 866 1132 3661 882 1133 3662 882 1133 3663 866 1132 3664 892 1113 3665 882 1133 3666 892 1113 3667 887 1114 3668 854 1134 3669 853 1135 3670 860 1136 3671 860 1136 3672 853 1135 3673 859 1137 3674 860 1136 3675 859 1137 3676 852 1138 3677 852 1138 3678 859 1137 3679 851 854 3680 852 1138 3681 851 854 3682 837 917 3683 837 917 3684 851 854 3685 836 918 3686 837 917 3687 836 918 3688 779 919 3689 779 919 3690 836 918 3691 778 920 3692 779 919 3693 778 920 3694 752 860 3695 752 860 3696 778 920 3697 751 1139 3698 752 860 3699 751 1139 3700 748 1140 3701 748 1140 3702 751 1139 3703 747 1141 3704 748 1140 3705 747 1141 3706 754 1142 3707 754 1142 3708 747 1141 3709 753 1143 3710 754 1142 3711 753 1143 3712 781 927 3713 781 927 3714 753 1143 3715 780 928 3716 781 927 3717 780 928 3718 839 929 3719 839 929 3720 780 928 3721 838 930 3722 839 929 3723 838 930 3724 854 1134 3725 854 1134 3726 838 930 3727 853 1135 3728 891 1144 3729 924 1145 3730 905 933 3731 905 933 3732 924 1145 3733 923 1146 3734 905 933 3735 923 1146 3736 889 1147 3737 889 1147 3738 923 1146 3739 909 1148 3740 889 1147 3741 909 1148 3742 863 1149 3743 863 1149 3744 909 1148 3745 872 1150 3746 863 1149 3747 872 1150 3748 824 1151 3749 824 1151 3750 872 1150 3751 832 1152 3752 824 1151 3753 832 1152 3754 763 1153 3755 924 1145 3756 891 1144 3757 910 1154 3758 910 1154 3759 891 1144 3760 865 1155 3761 910 1154 3762 865 1155 3763 873 1156 3764 873 1156 3765 865 1155 3766 826 1157 3767 873 1156 3768 826 1157 3769 833 1158 3770 833 1158 3771 826 1157 3772 764 1159 3773 764 1159 3774 826 1157 3775 770 1160 3776 764 1159 3777 770 1160 3778 722 1161 3779 722 1161 3780 770 1160 3781 729 1162 3782 722 1161 3783 729 1162 3784 693 1163 3785 693 1163 3786 729 1162 3787 710 1164 3788 693 1163 3789 710 1164 3790 689 1165 3791 689 1165 3792 710 1164 3793 708 1166 3794 689 1165 3795 708 1166 3796 692 1167 3797 692 1167 3798 708 1166 3799 727 1168 3800 692 1167 3801 727 1168 3802 721 1169 3803 721 1169 3804 727 1168 3805 768 1170 3806 721 1169 3807 768 1170 3808 763 1153 3809 763 1153 3810 768 1170 3811 824 1151 3812 892 783 3813 891 1171 3814 906 961 3815 906 961 3816 891 1171 3817 905 962 3818 906 961 3819 905 962 3820 890 1172 3821 890 1172 3822 905 962 3823 889 1173 3824 890 1172 3825 889 1173 3826 864 1174 3827 864 1174 3828 889 1173 3829 863 1175 3830 864 1174 3831 863 1175 3832 825 1176 3833 825 1176 3834 863 1175 3835 824 1177 3836 825 1176 3837 824 1177 3838 769 1178 3839 769 1178 3840 824 1177 3841 768 1179 3842 769 1178 3843 768 1179 3844 728 1180 3845 728 1180 3846 768 1179 3847 727 1181 3848 728 1180 3849 727 1181 3850 709 972 3851 709 972 3852 727 1181 3853 708 798 3854 709 972 3855 708 798 3856 711 973 3857 711 973 3858 708 798 3859 710 974 3860 711 973 3861 710 974 3862 730 1182 3863 730 1182 3864 710 974 3865 729 1183 3866 730 1182 3867 729 1183 3868 771 1184 3869 771 1184 3870 729 1183 3871 770 1185 3872 771 1184 3873 770 1185 3874 827 1186 3875 827 1186 3876 770 1185 3877 826 1187 3878 827 1186 3879 826 1187 3880 866 1188 3881 866 1188 3882 826 1187 3883 865 1189 3884 866 1188 3885 865 1189 3886 892 783 3887 892 783 3888 865 1189 3889 891 1171 3890 880 1190 3891 845 1191 3892 800 1192 3893 800 1192 3894 845 1191 3895 773 1193 3896 800 1192 3897 773 1193 3898 741 1194 3899 741 1194 3900 773 1193 3901 704 1195 3902 741 1194 3903 704 1195 3904 686 1196 3905 686 1196 3906 704 1195 3907 679 1197 3908 686 1196 3909 679 1197 3910 659 1198 3911 659 1198 3912 679 1197 3913 656 1199 3914 659 1198 3915 656 1199 3916 637 1200 3917 637 1200 3918 656 1199 3919 643 1201 3920 637 1200 3921 643 1201 3922 634 1202 3923 634 1202 3924 643 1201 3925 635 1203 3926 635 1203 3927 643 1201 3928 649 1204 3929 635 1203 3930 649 1204 3931 650 1205 3932 650 1205 3933 649 1204 3934 665 1206 3935 650 1205 3936 665 1206 3937 677 1207 3938 677 1207 3939 665 1206 3940 688 1208 3941 677 1207 3942 688 1208 3943 702 1209 3944 702 1209 3945 688 1208 3946 745 1210 3947 702 1209 3948 745 1210 3949 767 1211 3950 767 1211 3951 745 1210 3952 802 1212 3953 767 1211 3954 802 1212 3955 846 1213 3956 846 1213 3957 802 1212 3958 877 1214 3959 846 1213 3960 877 1214 3961 915 1215 3962 915 1215 3963 877 1214 3964 928 1216 3965 915 1215 3966 928 1216 3967 938 1217 3968 938 1217 3969 928 1216 3970 951 1218 3971 938 1217 3972 951 1218 3973 965 1219 3974 965 1219 3975 951 1218 3976 967 1220 3977 965 1219 3978 967 1220 3979 980 1221 3980 980 1221 3981 967 1220 3982 973 1222 3983 980 1221 3984 973 1222 3985 981 1223 3986 981 1223 3987 973 1222 3988 978 1224 3989 978 1224 3990 973 1222 3991 960 1225 3992 978 1224 3993 960 1225 3994 956 1226 3995 956 1226 3996 960 1225 3997 937 1227 3998 956 1226 3999 937 1227 4000 929 1228 4001 929 1228 4002 937 1227 4003 914 1229 4004 929 1228 4005 914 1229 4006 880 1190 4007 880 1190 4008 914 1229 4009 845 1191 4010 916 606 4011 837 606 4012 797 606 4013 797 606 4014 837 606 4015 779 606 4016 797 606 4017 779 606 4018 700 606 4019 700 606 4020 779 606 4021 752 606 4022 700 606 4023 752 606 4024 748 606 4025 963 606 4026 860 606 4027 916 606 4028 916 606 4029 860 606 4030 852 606 4031 916 606 4032 852 606 4033 837 606 4034 1000 606 4035 929 606 4036 963 606 4037 963 606 4038 929 606 4039 854 606 4040 963 606 4041 854 606 4042 860 606 4043 1000 606 4044 1054 606 4045 929 606 4046 929 606 4047 1054 606 4048 956 606 4049 956 606 4050 1054 606 4051 1086 606 4052 956 606 4053 1086 606 4054 978 606 4055 978 606 4056 1086 606 4057 1058 606 4058 978 606 4059 1058 606 4060 1037 606 4061 1086 606 4062 1119 606 4063 1058 606 4064 1058 606 4065 1119 606 4066 1083 606 4067 1083 606 4068 1119 606 4069 1129 606 4070 1083 606 4071 1129 606 4072 1094 606 4073 1094 606 4074 1129 606 4075 1104 606 4076 1104 606 4077 1129 606 4078 1130 606 4079 1104 606 4080 1130 606 4081 1096 606 4082 1096 606 4083 1130 606 4084 1085 606 4085 1085 606 4086 1130 606 4087 1120 606 4088 1085 606 4089 1120 606 4090 1060 606 4091 1060 606 4092 1120 606 4093 1087 606 4094 1060 606 4095 1087 606 4096 965 606 4097 965 606 4098 1087 606 4099 1055 606 4100 965 606 4101 1055 606 4102 938 606 4103 938 606 4104 1055 606 4105 1001 606 4106 938 606 4107 1001 606 4108 915 606 4109 915 606 4110 1001 606 4111 964 606 4112 915 606 4113 964 606 4114 856 606 4115 856 606 4116 964 606 4117 862 606 4118 862 606 4119 964 606 4120 917 606 4121 862 606 4122 917 606 4123 858 606 4124 858 606 4125 917 606 4126 843 606 4127 843 606 4128 917 606 4129 805 606 4130 843 606 4131 805 606 4132 785 606 4133 785 606 4134 805 606 4135 701 606 4136 785 606 4137 701 606 4138 758 606 4139 758 606 4140 701 606 4141 750 606 4142 750 606 4143 701 606 4144 652 606 4145 750 606 4146 652 606 4147 756 606 4148 756 606 4149 652 606 4150 702 606 4151 756 606 4152 702 606 4153 767 606 4154 652 606 4155 616 606 4156 702 606 4157 702 606 4158 616 606 4159 677 606 4160 677 606 4161 616 606 4162 564 606 4163 677 606 4164 564 606 4165 650 606 4166 650 606 4167 564 606 4168 532 606 4169 650 606 4170 532 606 4171 561 606 4172 561 606 4173 532 606 4174 495 606 4175 561 606 4176 495 606 4177 536 606 4178 536 606 4179 495 606 4180 483 606 4181 536 606 4182 483 606 4183 521 606 4184 521 606 4185 483 606 4186 509 606 4187 509 606 4188 483 606 4189 482 606 4190 509 606 4191 482 606 4192 519 606 4193 519 606 4194 482 606 4195 534 606 4196 534 606 4197 482 606 4198 494 606 4199 534 606 4200 494 606 4201 559 606 4202 559 606 4203 494 606 4204 531 606 4205 559 606 4206 531 606 4207 637 606 4208 637 606 4209 531 606 4210 659 606 4211 659 606 4212 531 606 4213 563 606 4214 659 606 4215 563 606 4216 686 606 4217 686 606 4218 563 606 4219 615 606 4220 686 606 4221 615 606 4222 651 606 4223 700 606 4224 748 606 4225 651 606 4226 651 606 4227 748 606 4228 754 606 4229 651 606 4230 754 606 4231 686 606 4232 686 606 4233 754 606 4234 741 606 4235 741 606 4236 754 606 4237 781 606 4238 741 606 4239 781 606 4240 800 606 4241 800 606 4242 781 606 4243 839 606 4244 800 606 4245 839 606 4246 880 606 4247 880 606 4248 839 606 4249 854 606 4250 880 606 4251 854 606 4252 929 606 4253 574 606 4254 634 606 4255 580 606 4256 580 606 4257 634 606 4258 635 606 4259 580 606 4260 635 606 4261 576 606 4262 576 606 4263 635 606 4264 650 606 4265 576 606 4266 650 606 4267 561 606 4268 634 606 4269 574 606 4270 637 606 4271 637 606 4272 574 606 4273 559 606 4274 978 606 4275 1037 606 4276 981 606 4277 981 606 4278 1037 606 4279 1033 606 4280 981 606 4281 1033 606 4282 980 606 4283 980 606 4284 1033 606 4285 1039 606 4286 980 606 4287 1039 606 4288 965 606 4289 965 606 4290 1039 606 4291 1060 606 4292 915 606 4293 856 606 4294 846 606 4295 846 606 4296 856 606 4297 841 606 4298 846 606 4299 841 606 4300 783 606 4301 846 606 4302 783 606 4303 767 606 4304 767 606 4305 783 606 4306 756 606 4307 876 1230 4308 877 1231 4309 801 1232 4310 801 1232 4311 877 1231 4312 802 1233 4313 801 1232 4314 802 1233 4315 744 1234 4316 744 1234 4317 802 1233 4318 745 1235 4319 744 1234 4320 745 1235 4321 687 1236 4322 687 1236 4323 745 1235 4324 688 1237 4325 687 1236 4326 688 1237 4327 664 1238 4328 664 1238 4329 688 1237 4330 665 1239 4331 664 1238 4332 665 1239 4333 648 1240 4334 648 1240 4335 665 1239 4336 649 1241 4337 648 1240 4338 649 1241 4339 642 1242 4340 642 1242 4341 649 1241 4342 643 1243 4343 642 1242 4344 643 1243 4345 655 1244 4346 655 1244 4347 643 1243 4348 656 1245 4349 655 1244 4350 656 1245 4351 678 1246 4352 678 1246 4353 656 1245 4354 679 1247 4355 678 1246 4356 679 1247 4357 703 1248 4358 703 1248 4359 679 1247 4360 704 1249 4361 703 1248 4362 704 1249 4363 772 1250 4364 772 1250 4365 704 1249 4366 773 1251 4367 772 1250 4368 773 1251 4369 844 1252 4370 844 1252 4371 773 1251 4372 845 1253 4373 844 1252 4374 845 1253 4375 913 1254 4376 913 1254 4377 845 1253 4378 914 1255 4379 913 1254 4380 914 1255 4381 936 1256 4382 936 1256 4383 914 1255 4384 937 1257 4385 936 1256 4386 937 1257 4387 959 1258 4388 959 1258 4389 937 1257 4390 960 1259 4391 959 1258 4392 960 1259 4393 972 1260 4394 972 1260 4395 960 1259 4396 973 1261 4397 972 1260 4398 973 1261 4399 966 1262 4400 966 1262 4401 973 1261 4402 967 1263 4403 966 1262 4404 967 1263 4405 950 1264 4406 950 1264 4407 967 1263 4408 951 1265 4409 950 1264 4410 951 1265 4411 927 1266 4412 927 1266 4413 951 1265 4414 928 1267 4415 927 1266 4416 928 1267 4417 876 1230 4418 876 1230 4419 928 1267 4420 877 1231 4421 957 1268 4422 900 1269 4423 787 1270 4424 787 1270 4425 900 1269 4426 720 1271 4427 787 1270 4428 720 1271 4429 658 1272 4430 658 1272 4431 720 1271 4432 626 1273 4433 658 1272 4434 626 1273 4435 565 1274 4436 565 1274 4437 626 1273 4438 515 1275 4439 565 1274 4440 515 1275 4441 447 1276 4442 447 1276 4443 515 1275 4444 431 1277 4445 447 1276 4446 431 1277 4447 401 1278 4448 401 1278 4449 431 1277 4450 385 1279 4451 401 1278 4452 385 1279 4453 333 1280 4454 333 1280 4455 385 1279 4456 295 1281 4457 333 1280 4458 295 1281 4459 253 1282 4460 253 1282 4461 295 1281 4462 221 1283 4463 253 1282 4464 221 1283 4465 169 1284 4466 169 1284 4467 221 1283 4468 162 1285 4469 169 1284 4470 162 1285 4471 132 1286 4472 132 1286 4473 162 1285 4474 120 1287 4475 132 1286 4476 120 1287 4477 75 1288 4478 75 1288 4479 120 1287 4480 73 1289 4481 75 1288 4482 73 1289 4483 59 1290 4484 59 1290 4485 73 1289 4486 58 1291 4487 59 1290 4488 58 1291 4489 44 1292 4490 44 1292 4491 58 1291 4492 46 1293 4493 44 1292 4494 46 1293 4495 35 1294 4496 35 1294 4497 46 1293 4498 39 1295 4499 35 1294 4500 39 1295 4501 32 1296 4502 32 1296 4503 39 1295 4504 41 1297 4505 32 1296 4506 41 1297 4507 36 1298 4508 36 1298 4509 41 1297 4510 52 1299 4511 36 1298 4512 52 1299 4513 50 1300 4514 50 1300 4515 52 1299 4516 64 1301 4517 50 1300 4518 64 1301 4519 65 1302 4520 65 1302 4521 64 1301 4522 82 1303 4523 65 1302 4524 82 1303 4525 98 1304 4526 98 1304 4527 82 1303 4528 142 1305 4529 98 1304 4530 142 1305 4531 155 1306 4532 155 1306 4533 142 1305 4534 181 1307 4535 155 1306 4536 181 1307 4537 205 1308 4538 205 1308 4539 181 1307 4540 259 1309 4541 205 1308 4542 259 1309 4543 285 1310 4544 285 1310 4545 259 1309 4546 347 1311 4547 285 1310 4548 347 1311 4549 377 1312 4550 377 1312 4551 347 1311 4552 405 1313 4553 377 1312 4554 405 1313 4555 427 1314 4556 427 1314 4557 405 1313 4558 450 1315 4559 427 1314 4560 450 1315 4561 507 1316 4562 507 1316 4563 450 1315 4564 568 1317 4565 507 1316 4566 568 1317 4567 622 1318 4568 622 1318 4569 568 1317 4570 661 1319 4571 622 1318 4572 661 1319 4573 716 1320 4574 716 1320 4575 661 1319 4576 821 1321 4577 716 1320 4578 821 1321 4579 901 1322 4580 901 1322 4581 821 1321 4582 955 1323 4583 901 1322 4584 955 1323 4585 993 1324 4586 993 1324 4587 955 1323 4588 1047 1325 4589 993 1324 4590 1047 1325 4591 1109 1326 4592 1109 1326 4593 1047 1325 4594 1166 1327 4595 1109 1326 4596 1166 1327 4597 1192 1328 4598 1192 1328 4599 1166 1327 4600 1215 1329 4601 1192 1328 4602 1215 1329 4603 1246 1330 4604 1246 1330 4605 1215 1329 4606 1283 1331 4607 1246 1330 4608 1283 1331 4609 1310 1332 4610 1310 1332 4611 1283 1331 4612 1319 1333 4613 1310 1332 4614 1319 1333 4615 1338 1334 4616 1338 1334 4617 1319 1333 4618 1343 1335 4619 1338 1334 4620 1343 1335 4621 1362 1336 4622 1362 1336 4623 1343 1335 4624 1376 1337 4625 1362 1336 4626 1376 1337 4627 1407 1338 4628 1407 1338 4629 1376 1337 4630 1418 1339 4631 1407 1338 4632 1418 1339 4633 1430 1340 4634 1430 1340 4635 1418 1339 4636 1432 1341 4637 1430 1340 4638 1432 1341 4639 1445 1342 4640 1445 1342 4641 1432 1341 4642 1444 1343 4643 1445 1342 4644 1444 1343 4645 1459 1344 4646 1459 1344 4647 1444 1343 4648 1455 1345 4649 1459 1344 4650 1455 1345 4651 1463 1346 4652 1463 1346 4653 1455 1345 4654 1457 1347 4655 1463 1346 4656 1457 1347 4657 1460 1348 4658 1460 1348 4659 1457 1347 4660 1450 1349 4661 1460 1348 4662 1450 1349 4663 1451 1350 4664 1451 1350 4665 1450 1349 4666 1438 1351 4667 1451 1350 4668 1438 1351 4669 1436 1352 4670 1436 1352 4671 1438 1351 4672 1423 1353 4673 1436 1352 4674 1423 1353 4675 1420 1354 4676 1420 1354 4677 1423 1353 4678 1392 1355 4679 1420 1354 4680 1392 1355 4681 1380 1356 4682 1380 1356 4683 1392 1355 4684 1358 1357 4685 1380 1356 4686 1358 1357 4687 1354 1358 4688 1354 1358 4689 1358 1357 4690 1333 1359 4691 1354 1358 4692 1333 1359 4693 1320 1360 4694 1320 1360 4695 1333 1359 4696 1309 1361 4697 1320 1360 4698 1309 1361 4699 1290 1362 4700 1290 1362 4701 1309 1361 4702 1239 1363 4703 1290 1362 4704 1239 1363 4705 1220 1364 4706 1220 1364 4707 1239 1363 4708 1189 1365 4709 1220 1364 4710 1189 1365 4711 1168 1366 4712 1168 1366 4713 1189 1365 4714 1098 1367 4715 1168 1366 4716 1098 1367 4717 1053 1368 4718 1053 1368 4719 1098 1367 4720 990 1369 4721 1053 1368 4722 990 1369 4723 957 1268 4724 957 1268 4725 990 1369 4726 900 1269 4727 657 606 4728 786 1370 4729 787 1371 4730 787 1371 4731 786 1370 4732 958 1372 4733 787 1371 4734 958 1372 4735 957 606 4736 957 606 4737 958 1372 4738 1056 606 4739 957 606 4740 1056 606 4741 1053 1373 4742 1053 1373 4743 1056 606 4744 1170 1374 4745 1053 1373 4746 1170 1374 4747 1168 1375 4748 1168 1375 4749 1170 1374 4750 1227 606 4751 1168 1375 4752 1227 606 4753 1220 606 4754 1220 606 4755 1227 606 4756 1291 606 4757 1220 606 4758 1291 606 4759 1290 1376 4760 1290 1376 4761 1291 606 4762 1329 1377 4763 1290 1376 4764 1329 1377 4765 1320 1378 4766 1320 1378 4767 1329 1377 4768 1359 1379 4769 1320 1378 4770 1359 1379 4771 1354 1380 4772 1354 1380 4773 1359 1379 4774 1408 1381 4775 1354 1380 4776 1408 1381 4777 1380 1382 4778 1380 1382 4779 1408 1381 4780 1433 606 4781 1380 1382 4782 1433 606 4783 1420 1383 4784 1420 1383 4785 1433 606 4786 1458 1384 4787 1420 1383 4788 1458 1384 4789 1436 1385 4790 1436 1385 4791 1458 1384 4792 1472 1386 4793 1436 1385 4794 1472 1386 4795 1451 1387 4796 1451 1387 4797 1472 1386 4798 1476 1388 4799 1451 1387 4800 1476 1388 4801 1460 1389 4802 1460 1389 4803 1476 1388 4804 1480 1390 4805 1460 1389 4806 1480 1390 4807 1463 1391 4808 1463 1391 4809 1480 1390 4810 1479 1392 4811 1463 1391 4812 1479 1392 4813 1459 1393 4814 1459 1393 4815 1479 1392 4816 1473 1394 4817 1459 1393 4818 1473 1394 4819 1445 1395 4820 1445 1395 4821 1473 1394 4822 1466 1396 4823 1445 1395 4824 1466 1396 4825 1430 1397 4826 1430 1397 4827 1466 1396 4828 1446 1398 4829 1430 1397 4830 1446 1398 4831 1407 1399 4832 1407 1399 4833 1446 1398 4834 1421 1400 4835 1407 1399 4836 1421 1400 4837 1362 1401 4838 1362 1401 4839 1421 1400 4840 1379 1402 4841 1362 1401 4842 1379 1402 4843 1338 1403 4844 1338 1403 4845 1379 1402 4846 1341 606 4847 1338 1403 4848 1341 606 4849 1310 606 4850 1310 606 4851 1341 606 4852 1313 606 4853 1310 606 4854 1313 606 4855 1246 1404 4856 1246 1404 4857 1313 606 4858 1261 1405 4859 1246 1404 4860 1261 1405 4861 1192 1406 4862 1192 1406 4863 1261 1405 4864 1193 1407 4865 1192 1406 4866 1193 1407 4867 1109 1408 4868 1109 1408 4869 1193 1407 4870 1118 606 4871 1109 1408 4872 1118 606 4873 993 606 4874 993 606 4875 1118 606 4876 995 1409 4877 993 606 4878 995 1409 4879 901 1410 4880 901 1410 4881 995 1409 4882 902 1411 4883 901 1410 4884 902 1411 4885 707 1412 4886 901 1410 4887 707 1412 4888 716 1413 4889 716 1413 4890 707 1412 4891 619 1414 4892 716 1413 4893 619 1414 4894 622 606 4895 622 606 4896 619 1414 4897 500 606 4898 622 606 4899 500 606 4900 507 1415 4901 507 1415 4902 500 606 4903 426 1416 4904 507 1415 4905 426 1416 4906 427 1417 4907 427 1417 4908 426 1416 4909 364 1418 4910 427 1417 4911 364 1418 4912 377 1419 4913 377 1419 4914 364 1418 4915 272 606 4916 377 1419 4917 272 606 4918 285 606 4919 285 606 4920 272 606 4921 186 606 4922 285 606 4923 186 606 4924 205 1420 4925 205 1420 4926 186 606 4927 134 1421 4928 205 1420 4929 134 1421 4930 155 1422 4931 155 1422 4932 134 1421 4933 74 1423 4934 155 1422 4935 74 1423 4936 98 1424 4937 98 1424 4938 74 1423 4939 49 1425 4940 98 1424 4941 49 1425 4942 65 1426 4943 65 1426 4944 49 1425 4945 25 1427 4946 65 1426 4947 25 1427 4948 50 1428 4949 50 1428 4950 25 1427 4951 13 1429 4952 50 1428 4953 13 1429 4954 36 1430 4955 36 1430 4956 13 1429 4957 7 1431 4958 36 1430 4959 7 1431 4960 32 1432 4961 32 1432 4962 7 1431 4963 6 1433 4964 32 1432 4965 6 1433 4966 35 1434 4967 35 1434 4968 6 1433 4969 10 1435 4970 35 1434 4971 10 1435 4972 44 1436 4973 44 1436 4974 10 1435 4975 14 1437 4976 44 1436 4977 14 1437 4978 59 1438 4979 59 1438 4980 14 1437 4981 37 1439 4982 59 1438 4983 37 1439 4984 75 1440 4985 75 1440 4986 37 1439 4987 62 606 4988 75 1440 4989 62 606 4990 132 1441 4991 132 1441 4992 62 606 4993 97 1442 4994 132 1441 4995 97 1442 4996 169 1443 4997 169 1443 4998 97 1442 4999 158 1444 5000 169 1443 5001 158 1444 5002 253 1445 5003 253 1445 5004 158 1444 5005 226 1446 5006 253 1445 5007 226 1446 5008 333 1447 5009 333 1447 5010 226 1446 5011 324 1448 5012 333 1447 5013 324 1448 5014 401 1449 5015 401 1449 5016 324 1448 5017 398 606 5018 401 1449 5019 398 606 5020 447 1450 5021 447 1450 5022 398 606 5023 445 1451 5024 447 1450 5025 445 1451 5026 565 1452 5027 565 1452 5028 445 1451 5029 562 606 5030 565 1452 5031 562 606 5032 658 606 5033 658 606 5034 562 606 5035 657 606 5036 658 606 5037 657 606 5038 787 1371 5039 954 1453 5040 955 1454 5041 820 1455 5042 820 1455 5043 955 1454 5044 821 1456 5045 820 1455 5046 821 1456 5047 660 1457 5048 660 1457 5049 821 1456 5050 661 1458 5051 660 1457 5052 661 1458 5053 567 1459 5054 567 1459 5055 661 1458 5056 568 1460 5057 567 1459 5058 568 1460 5059 449 1461 5060 449 1461 5061 568 1460 5062 450 1462 5063 449 1461 5064 450 1462 5065 404 1463 5066 404 1463 5067 450 1462 5068 405 1464 5069 404 1463 5070 405 1464 5071 346 1465 5072 346 1465 5073 405 1464 5074 347 1466 5075 346 1465 5076 347 1466 5077 258 1467 5078 258 1467 5079 347 1466 5080 259 1468 5081 258 1467 5082 259 1468 5083 180 1469 5084 180 1469 5085 259 1468 5086 181 1470 5087 180 1469 5088 181 1470 5089 141 1471 5090 141 1471 5091 181 1470 5092 142 1472 5093 141 1471 5094 142 1472 5095 81 1473 5096 81 1473 5097 142 1472 5098 82 1474 5099 81 1473 5100 82 1474 5101 63 1475 5102 63 1475 5103 82 1474 5104 64 1476 5105 63 1475 5106 64 1476 5107 51 1477 5108 51 1477 5109 64 1476 5110 52 1478 5111 51 1477 5112 52 1478 5113 40 1479 5114 40 1479 5115 52 1478 5116 41 1480 5117 40 1479 5118 41 1480 5119 38 1481 5120 38 1481 5121 41 1480 5122 39 1482 5123 38 1481 5124 39 1482 5125 45 1483 5126 45 1483 5127 39 1482 5128 46 1484 5129 45 1483 5130 46 1484 5131 57 1485 5132 57 1485 5133 46 1484 5134 58 1486 5135 57 1485 5136 58 1486 5137 72 1487 5138 72 1487 5139 58 1486 5140 73 1488 5141 72 1487 5142 73 1488 5143 119 1489 5144 119 1489 5145 73 1488 5146 120 1490 5147 119 1489 5148 120 1490 5149 161 1491 5150 161 1491 5151 120 1490 5152 162 1492 5153 161 1491 5154 162 1492 5155 220 1493 5156 220 1493 5157 162 1492 5158 221 1494 5159 220 1493 5160 221 1494 5161 294 1495 5162 294 1495 5163 221 1494 5164 295 1496 5165 294 1495 5166 295 1496 5167 384 1497 5168 384 1497 5169 295 1496 5170 385 1498 5171 384 1497 5172 385 1498 5173 430 1499 5174 430 1499 5175 385 1498 5176 431 1500 5177 430 1499 5178 431 1500 5179 514 1501 5180 514 1501 5181 431 1500 5182 515 1502 5183 514 1501 5184 515 1502 5185 625 1503 5186 625 1503 5187 515 1502 5188 626 1504 5189 625 1503 5190 626 1504 5191 719 1505 5192 719 1505 5193 626 1504 5194 720 1506 5195 719 1505 5196 720 1506 5197 899 1507 5198 899 1507 5199 720 1506 5200 900 1508 5201 899 1507 5202 900 1508 5203 989 1509 5204 989 1509 5205 900 1508 5206 990 1510 5207 989 1509 5208 990 1510 5209 1097 1511 5210 1097 1511 5211 990 1510 5212 1098 1512 5213 1097 1511 5214 1098 1512 5215 1188 1513 5216 1188 1513 5217 1098 1512 5218 1189 1514 5219 1188 1513 5220 1189 1514 5221 1238 1515 5222 1238 1515 5223 1189 1514 5224 1239 1516 5225 1238 1515 5226 1239 1516 5227 1308 1517 5228 1308 1517 5229 1239 1516 5230 1309 1518 5231 1308 1517 5232 1309 1518 5233 1332 1519 5234 1332 1519 5235 1309 1518 5236 1333 1520 5237 1332 1519 5238 1333 1520 5239 1357 1521 5240 1357 1521 5241 1333 1520 5242 1358 1522 5243 1357 1521 5244 1358 1522 5245 1391 1523 5246 1391 1523 5247 1358 1522 5248 1392 1524 5249 1391 1523 5250 1392 1524 5251 1422 1525 5252 1422 1525 5253 1392 1524 5254 1423 1526 5255 1422 1525 5256 1423 1526 5257 1437 1527 5258 1437 1527 5259 1423 1526 5260 1438 1528 5261 1437 1527 5262 1438 1528 5263 1449 1529 5264 1449 1529 5265 1438 1528 5266 1450 1530 5267 1449 1529 5268 1450 1530 5269 1456 1531 5270 1456 1531 5271 1450 1530 5272 1457 1532 5273 1456 1531 5274 1457 1532 5275 1454 1533 5276 1454 1533 5277 1457 1532 5278 1455 1534 5279 1454 1533 5280 1455 1534 5281 1443 1535 5282 1443 1535 5283 1455 1534 5284 1444 1536 5285 1443 1535 5286 1444 1536 5287 1431 1537 5288 1431 1537 5289 1444 1536 5290 1432 1538 5291 1431 1537 5292 1432 1538 5293 1417 1539 5294 1417 1539 5295 1432 1538 5296 1418 1540 5297 1417 1539 5298 1418 1540 5299 1375 1541 5300 1375 1541 5301 1418 1540 5302 1376 1542 5303 1375 1541 5304 1376 1542 5305 1342 1543 5306 1342 1543 5307 1376 1542 5308 1343 1544 5309 1342 1543 5310 1343 1544 5311 1318 1545 5312 1318 1545 5313 1343 1544 5314 1319 1546 5315 1318 1545 5316 1319 1546 5317 1282 1547 5318 1282 1547 5319 1319 1546 5320 1283 1548 5321 1282 1547 5322 1283 1548 5323 1214 1549 5324 1214 1549 5325 1283 1548 5326 1215 1550 5327 1214 1549 5328 1215 1550 5329 1165 1551 5330 1165 1551 5331 1215 1550 5332 1166 1552 5333 1165 1551 5334 1166 1552 5335 1046 1553 5336 1046 1553 5337 1166 1552 5338 1047 1554 5339 1046 1553 5340 1047 1554 5341 954 1453 5342 954 1453 5343 1047 1554 5344 955 1454 5345 948 1555 5346 791 1556 5347 789 1557 5348 789 1557 5349 791 1556 5350 669 1558 5351 789 1557 5352 669 1558 5353 666 1559 5354 666 1559 5355 669 1558 5356 588 1560 5357 666 1559 5358 588 1560 5359 577 1561 5360 577 1561 5361 588 1560 5362 471 1562 5363 577 1561 5364 471 1562 5365 465 1563 5366 465 1563 5367 471 1562 5368 419 1564 5369 465 1563 5370 419 1564 5371 412 1565 5372 412 1565 5373 419 1564 5374 374 1566 5375 412 1565 5376 374 1566 5377 365 1567 5378 365 1567 5379 374 1566 5380 297 1568 5381 365 1567 5382 297 1568 5383 283 1569 5384 283 1569 5385 297 1568 5386 232 1570 5387 283 1569 5388 232 1570 5389 222 1571 5390 222 1571 5391 232 1570 5392 173 1572 5393 222 1571 5394 173 1572 5395 167 1573 5396 167 1573 5397 173 1572 5398 146 1574 5399 167 1573 5400 146 1574 5401 139 1575 5402 139 1575 5403 146 1574 5404 122 1576 5405 139 1575 5406 122 1576 5407 107 1577 5408 107 1577 5409 122 1576 5410 102 1578 5411 107 1577 5412 102 1578 5413 85 1579 5414 85 1579 5415 102 1578 5416 94 1580 5417 85 1579 5418 94 1580 5419 80 1581 5420 80 1581 5421 94 1580 5422 104 1582 5423 80 1581 5424 104 1582 5425 86 1583 5426 86 1583 5427 104 1582 5428 124 1584 5429 86 1583 5430 124 1584 5431 108 1585 5432 108 1585 5433 124 1584 5434 148 1586 5435 108 1585 5436 148 1586 5437 140 1587 5438 140 1587 5439 148 1586 5440 175 1588 5441 140 1587 5442 175 1588 5443 168 1589 5444 168 1589 5445 175 1588 5446 234 1590 5447 168 1589 5448 234 1590 5449 223 1591 5450 223 1591 5451 234 1590 5452 299 1592 5453 223 1591 5454 299 1592 5455 284 1593 5456 284 1593 5457 299 1592 5458 376 1594 5459 284 1593 5460 376 1594 5461 366 1595 5462 366 1595 5463 376 1594 5464 421 1596 5465 366 1595 5466 421 1596 5467 413 1597 5468 413 1597 5469 421 1596 5470 473 1598 5471 413 1597 5472 473 1598 5473 466 1599 5474 466 1599 5475 473 1598 5476 590 1600 5477 466 1599 5478 590 1600 5479 578 1601 5480 578 1601 5481 590 1600 5482 671 1602 5483 578 1601 5484 671 1602 5485 667 1603 5486 667 1603 5487 671 1602 5488 817 1604 5489 667 1603 5490 817 1604 5491 818 1605 5492 818 1605 5493 817 1604 5494 947 1606 5495 818 1605 5496 947 1606 5497 949 1607 5498 949 1607 5499 947 1606 5500 1029 1608 5501 949 1607 5502 1029 1608 5503 1035 1609 5504 1035 1609 5505 1029 1608 5506 1146 1610 5507 1035 1609 5508 1146 1610 5509 1149 1611 5510 1149 1611 5511 1146 1610 5512 1201 1612 5513 1149 1611 5514 1201 1612 5515 1207 1613 5516 1207 1613 5517 1201 1612 5518 1250 1614 5519 1207 1613 5520 1250 1614 5521 1260 1615 5522 1260 1615 5523 1250 1614 5524 1303 1616 5525 1260 1615 5526 1303 1616 5527 1312 1617 5528 1312 1617 5529 1303 1616 5530 1328 1618 5531 1312 1617 5532 1328 1618 5533 1331 1619 5534 1331 1619 5535 1328 1618 5536 1351 1620 5537 1331 1619 5538 1351 1620 5539 1356 1621 5540 1356 1621 5541 1351 1620 5542 1372 1622 5543 1356 1621 5544 1372 1622 5545 1378 1623 5546 1378 1623 5547 1372 1622 5548 1390 1624 5549 1378 1623 5550 1390 1624 5551 1398 1625 5552 1398 1625 5553 1390 1624 5554 1404 1626 5555 1398 1625 5556 1404 1626 5557 1416 1627 5558 1416 1627 5559 1404 1626 5560 1412 1628 5561 1416 1627 5562 1412 1628 5563 1419 1629 5564 1419 1629 5565 1412 1628 5566 1402 1630 5567 1419 1629 5568 1402 1630 5569 1415 1631 5570 1415 1631 5571 1402 1630 5572 1388 1632 5573 1415 1631 5574 1388 1632 5575 1397 1633 5576 1397 1633 5577 1388 1632 5578 1370 1634 5579 1397 1633 5580 1370 1634 5581 1377 1635 5582 1377 1635 5583 1370 1634 5584 1349 1636 5585 1377 1635 5586 1349 1636 5587 1355 1637 5588 1355 1637 5589 1349 1636 5590 1326 1638 5591 1355 1637 5592 1326 1638 5593 1330 1639 5594 1330 1639 5595 1326 1638 5596 1301 1640 5597 1330 1639 5598 1301 1640 5599 1311 1641 5600 1311 1641 5601 1301 1640 5602 1248 1642 5603 1311 1641 5604 1248 1642 5605 1259 1643 5606 1259 1643 5607 1248 1642 5608 1199 1644 5609 1259 1643 5610 1199 1644 5611 1206 1645 5612 1206 1645 5613 1199 1644 5614 1144 1646 5615 1206 1645 5616 1144 1646 5617 1148 1647 5618 1148 1647 5619 1144 1646 5620 1027 1648 5621 1148 1647 5622 1027 1648 5623 1034 1649 5624 1034 1649 5625 1027 1648 5626 945 1650 5627 1034 1649 5628 945 1650 5629 948 1555 5630 948 1555 5631 945 1650 5632 791 1556 5633 953 1651 5634 819 1652 5635 818 1653 5636 818 1653 5637 819 1652 5638 663 1654 5639 818 1653 5640 663 1654 5641 667 1655 5642 667 1655 5643 663 1654 5644 570 1656 5645 667 1655 5646 570 1656 5647 578 606 5648 578 606 5649 570 1656 5650 452 1657 5651 578 606 5652 452 1657 5653 466 1658 5654 466 1658 5655 452 1657 5656 409 1659 5657 466 1658 5658 409 1659 5659 413 1660 5660 413 1660 5661 409 1659 5662 353 1661 5663 413 1660 5664 353 1661 5665 366 1662 5666 366 1662 5667 353 1661 5668 267 1663 5669 366 1662 5670 267 1663 5671 284 1664 5672 284 1664 5673 267 1663 5674 188 606 5675 284 1664 5676 188 606 5677 223 606 5678 223 606 5679 188 606 5680 144 606 5681 223 606 5682 144 606 5683 168 1665 5684 168 1665 5685 144 606 5686 96 1666 5687 168 1665 5688 96 1666 5689 140 1667 5690 140 1667 5691 96 1666 5692 71 606 5693 140 1667 5694 71 606 5695 108 1668 5696 108 1668 5697 71 606 5698 61 1669 5699 108 1668 5700 61 1669 5701 86 1670 5702 86 1670 5703 61 1669 5704 54 1671 5705 86 1670 5706 54 1671 5707 80 1672 5708 80 1672 5709 54 1671 5710 53 1673 5711 80 1672 5712 53 1673 5713 85 1674 5714 85 1674 5715 53 1673 5716 60 1675 5717 85 1674 5718 60 1675 5719 107 1676 5720 107 1676 5721 60 1675 5722 70 1677 5723 107 1676 5724 70 1677 5725 139 1678 5726 139 1678 5727 70 1677 5728 95 1666 5729 139 1678 5730 95 1666 5731 167 1679 5732 167 1679 5733 95 1666 5734 143 1680 5735 167 1679 5736 143 1680 5737 222 1681 5738 222 1681 5739 143 1680 5740 187 606 5741 222 1681 5742 187 606 5743 283 1682 5744 283 1682 5745 187 606 5746 266 1683 5747 283 1682 5748 266 1683 5749 365 1684 5750 365 1684 5751 266 1683 5752 352 1685 5753 365 1684 5754 352 1685 5755 412 1686 5756 412 1686 5757 352 1685 5758 408 1659 5759 412 1686 5760 408 1659 5761 465 1687 5762 465 1687 5763 408 1659 5764 451 1688 5765 465 1687 5766 451 1688 5767 577 1689 5768 577 1689 5769 451 1688 5770 569 1656 5771 577 1689 5772 569 1656 5773 666 1655 5774 666 1655 5775 569 1656 5776 662 1654 5777 666 1655 5778 662 1654 5779 789 606 5780 789 606 5781 662 1654 5782 788 606 5783 789 606 5784 788 606 5785 952 1690 5786 789 606 5787 952 1690 5788 948 1691 5789 948 1691 5790 952 1690 5791 1042 1692 5792 948 1691 5793 1042 1692 5794 1034 606 5795 1034 606 5796 1042 1692 5797 1163 1693 5798 1034 606 5799 1163 1693 5800 1148 1694 5801 1148 1694 5802 1163 1693 5803 1210 1695 5804 1148 1694 5805 1210 1695 5806 1206 1696 5807 1206 1696 5808 1210 1695 5809 1276 1697 5810 1206 1696 5811 1276 1697 5812 1259 1698 5813 1259 1698 5814 1276 1697 5815 1314 1699 5816 1259 1698 5817 1314 1699 5818 1311 1700 5819 1311 1700 5820 1314 1699 5821 1339 606 5822 1311 1700 5823 1339 606 5824 1330 606 5825 1330 606 5826 1339 606 5827 1373 606 5828 1330 606 5829 1373 606 5830 1355 1701 5831 1355 1701 5832 1373 606 5833 1409 1702 5834 1355 1701 5835 1409 1702 5836 1377 1703 5837 1377 1703 5838 1409 1702 5839 1424 606 5840 1377 1703 5841 1424 606 5842 1397 1704 5843 1397 1704 5844 1424 606 5845 1434 1705 5846 1397 1704 5847 1434 1705 5848 1415 1706 5849 1415 1706 5850 1434 1705 5851 1441 1707 5852 1415 1706 5853 1441 1707 5854 1419 1708 5855 1419 1708 5856 1441 1707 5857 1442 1709 5858 1419 1708 5859 1442 1709 5860 1416 1710 5861 1416 1710 5862 1442 1709 5863 1435 1711 5864 1416 1710 5865 1435 1711 5866 1398 1712 5867 1398 1712 5868 1435 1711 5869 1425 1713 5870 1398 1712 5871 1425 1713 5872 1378 1714 5873 1378 1714 5874 1425 1713 5875 1410 1702 5876 1378 1714 5877 1410 1702 5878 1356 1715 5879 1356 1715 5880 1410 1702 5881 1374 1716 5882 1356 1715 5883 1374 1716 5884 1331 1717 5885 1331 1717 5886 1374 1716 5887 1340 606 5888 1331 1717 5889 1340 606 5890 1312 1718 5891 1312 1718 5892 1340 606 5893 1315 1719 5894 1312 1718 5895 1315 1719 5896 1260 1720 5897 1260 1720 5898 1315 1719 5899 1277 1721 5900 1260 1720 5901 1277 1721 5902 1207 1722 5903 1207 1722 5904 1277 1721 5905 1211 1695 5906 1207 1722 5907 1211 1695 5908 1149 1723 5909 1149 1723 5910 1211 1695 5911 1164 1724 5912 1149 1723 5913 1164 1724 5914 1035 1725 5915 1035 1725 5916 1164 1724 5917 1043 1692 5918 1035 1725 5919 1043 1692 5920 949 1691 5921 949 1691 5922 1043 1692 5923 953 1651 5924 949 1691 5925 953 1651 5926 818 1653 5927 946 1726 5928 947 1727 5929 816 1728 5930 816 1728 5931 947 1727 5932 817 1729 5933 816 1728 5934 817 1729 5935 670 1730 5936 670 1730 5937 817 1729 5938 671 1731 5939 670 1730 5940 671 1731 5941 589 1732 5942 589 1732 5943 671 1731 5944 590 1733 5945 589 1732 5946 590 1733 5947 472 1734 5948 472 1734 5949 590 1733 5950 473 1735 5951 472 1734 5952 473 1735 5953 420 1736 5954 420 1736 5955 473 1735 5956 421 1737 5957 420 1736 5958 421 1737 5959 375 1738 5960 375 1738 5961 421 1737 5962 376 1739 5963 375 1738 5964 376 1739 5965 298 1740 5966 298 1740 5967 376 1739 5968 299 1741 5969 298 1740 5970 299 1741 5971 233 1742 5972 233 1742 5973 299 1741 5974 234 1743 5975 233 1742 5976 234 1743 5977 174 1744 5978 174 1744 5979 234 1743 5980 175 1745 5981 174 1744 5982 175 1745 5983 147 1746 5984 147 1746 5985 175 1745 5986 148 1747 5987 147 1746 5988 148 1747 5989 123 1748 5990 123 1748 5991 148 1747 5992 124 1749 5993 123 1748 5994 124 1749 5995 103 1750 5996 103 1750 5997 124 1749 5998 104 1751 5999 103 1750 6000 104 1751 6001 93 1752 6002 93 1752 6003 104 1751 6004 94 1753 6005 93 1752 6006 94 1753 6007 101 1754 6008 101 1754 6009 94 1753 6010 102 1755 6011 101 1754 6012 102 1755 6013 121 1756 6014 121 1756 6015 102 1755 6016 122 1757 6017 121 1756 6018 122 1757 6019 145 1758 6020 145 1758 6021 122 1757 6022 146 1759 6023 145 1758 6024 146 1759 6025 172 1760 6026 172 1760 6027 146 1759 6028 173 1761 6029 172 1760 6030 173 1761 6031 231 1762 6032 231 1762 6033 173 1761 6034 232 1763 6035 231 1762 6036 232 1763 6037 296 1764 6038 296 1764 6039 232 1763 6040 297 1765 6041 296 1764 6042 297 1765 6043 373 1766 6044 373 1766 6045 297 1765 6046 374 1767 6047 373 1766 6048 374 1767 6049 418 1768 6050 418 1768 6051 374 1767 6052 419 1769 6053 418 1768 6054 419 1769 6055 470 1770 6056 470 1770 6057 419 1769 6058 471 1771 6059 470 1770 6060 471 1771 6061 587 1772 6062 587 1772 6063 471 1771 6064 588 1773 6065 587 1772 6066 588 1773 6067 668 1774 6068 668 1774 6069 588 1773 6070 669 1775 6071 668 1774 6072 669 1775 6073 790 1776 6074 790 1776 6075 669 1775 6076 791 1777 6077 790 1776 6078 791 1777 6079 944 1778 6080 944 1778 6081 791 1777 6082 945 1779 6083 944 1778 6084 945 1779 6085 1026 1780 6086 1026 1780 6087 945 1779 6088 1027 1781 6089 1026 1780 6090 1027 1781 6091 1143 1782 6092 1143 1782 6093 1027 1781 6094 1144 1783 6095 1143 1782 6096 1144 1783 6097 1198 1784 6098 1198 1784 6099 1144 1783 6100 1199 1785 6101 1198 1784 6102 1199 1785 6103 1247 1786 6104 1247 1786 6105 1199 1785 6106 1248 1787 6107 1247 1786 6108 1248 1787 6109 1300 1788 6110 1300 1788 6111 1248 1787 6112 1301 1789 6113 1300 1788 6114 1301 1789 6115 1325 1790 6116 1325 1790 6117 1301 1789 6118 1326 1791 6119 1325 1790 6120 1326 1791 6121 1348 1792 6122 1348 1792 6123 1326 1791 6124 1349 1793 6125 1348 1792 6126 1349 1793 6127 1369 1794 6128 1369 1794 6129 1349 1793 6130 1370 1795 6131 1369 1794 6132 1370 1795 6133 1387 1796 6134 1387 1796 6135 1370 1795 6136 1388 1797 6137 1387 1796 6138 1388 1797 6139 1401 1798 6140 1401 1798 6141 1388 1797 6142 1402 1799 6143 1401 1798 6144 1402 1799 6145 1411 1800 6146 1411 1800 6147 1402 1799 6148 1412 1801 6149 1411 1800 6150 1412 1801 6151 1403 1802 6152 1403 1802 6153 1412 1801 6154 1404 1803 6155 1403 1802 6156 1404 1803 6157 1389 1804 6158 1389 1804 6159 1404 1803 6160 1390 1805 6161 1389 1804 6162 1390 1805 6163 1371 1806 6164 1371 1806 6165 1390 1805 6166 1372 1807 6167 1371 1806 6168 1372 1807 6169 1350 1808 6170 1350 1808 6171 1372 1807 6172 1351 1809 6173 1350 1808 6174 1351 1809 6175 1327 1810 6176 1327 1810 6177 1351 1809 6178 1328 1811 6179 1327 1810 6180 1328 1811 6181 1302 1812 6182 1302 1812 6183 1328 1811 6184 1303 1813 6185 1302 1812 6186 1303 1813 6187 1249 1814 6188 1249 1814 6189 1303 1813 6190 1250 1815 6191 1249 1814 6192 1250 1815 6193 1200 1816 6194 1200 1816 6195 1250 1815 6196 1201 1817 6197 1200 1816 6198 1201 1817 6199 1145 1818 6200 1145 1818 6201 1201 1817 6202 1146 1819 6203 1145 1818 6204 1146 1819 6205 1028 1820 6206 1028 1820 6207 1146 1819 6208 1029 1821 6209 1028 1820 6210 1029 1821 6211 946 1726 6212 946 1726 6213 1029 1821 6214 947 1727 6215 933 1822 6216 811 1823 6217 809 1824 6218 809 1824 6219 811 1823 6220 683 1825 6221 809 1824 6222 683 1825 6223 685 1826 6224 685 1826 6225 683 1825 6226 629 1827 6227 685 1826 6228 629 1827 6229 633 1828 6230 633 1828 6231 629 1827 6232 543 1829 6233 633 1828 6234 543 1829 6235 545 1830 6236 545 1830 6237 543 1829 6238 462 1831 6239 545 1830 6240 462 1831 6241 464 1832 6242 464 1832 6243 462 1831 6244 433 1833 6245 464 1832 6246 433 1833 6247 437 1834 6248 437 1834 6249 433 1833 6250 403 1835 6251 437 1834 6252 403 1835 6253 407 1836 6254 407 1836 6255 403 1835 6256 387 1837 6257 407 1836 6258 387 1837 6259 391 1838 6260 391 1838 6261 387 1837 6262 363 1839 6263 391 1838 6264 363 1839 6265 370 1840 6266 370 1840 6267 363 1839 6268 349 1841 6269 370 1840 6270 349 1841 6271 359 1842 6272 359 1842 6273 349 1841 6274 345 1843 6275 359 1842 6276 345 1843 6277 358 1844 6278 358 1844 6279 345 1843 6280 355 1845 6281 358 1844 6282 355 1845 6283 369 1846 6284 369 1846 6285 355 1845 6286 372 1847 6287 369 1846 6288 372 1847 6289 390 1848 6290 390 1848 6291 372 1847 6292 397 1849 6293 390 1848 6294 397 1849 6295 406 1850 6296 406 1850 6297 397 1849 6298 415 1851 6299 406 1850 6300 415 1851 6301 436 1852 6302 436 1852 6303 415 1851 6304 441 1853 6305 436 1852 6306 441 1853 6307 463 1854 6308 463 1854 6309 441 1853 6310 506 1855 6311 463 1854 6312 506 1855 6313 544 1856 6314 544 1856 6315 506 1855 6316 598 1857 6317 544 1856 6318 598 1857 6319 632 1858 6320 632 1858 6321 598 1857 6322 647 1859 6323 632 1858 6324 647 1859 6325 684 1860 6326 684 1860 6327 647 1859 6328 743 1861 6329 684 1860 6330 743 1861 6331 794 1862 6332 794 1862 6333 743 1861 6334 879 1863 6335 794 1862 6336 879 1863 6337 930 1864 6338 930 1864 6339 879 1863 6340 969 1865 6341 930 1864 6342 969 1865 6343 984 1866 6344 984 1866 6345 969 1865 6346 1021 1867 6347 984 1866 6348 1021 1867 6349 1067 1868 6350 1067 1868 6351 1021 1867 6352 1111 1869 6353 1067 1868 6354 1111 1869 6355 1150 1870 6356 1150 1870 6357 1111 1869 6358 1175 1871 6359 1150 1870 6360 1175 1871 6361 1184 1872 6362 1184 1872 6363 1175 1871 6364 1205 1873 6365 1184 1872 6366 1205 1873 6367 1212 1874 6368 1212 1874 6369 1205 1873 6370 1229 1875 6371 1212 1874 6372 1229 1875 6373 1234 1876 6374 1234 1876 6375 1229 1875 6376 1252 1877 6377 1234 1876 6378 1252 1877 6379 1253 1878 6380 1253 1878 6381 1252 1877 6382 1275 1879 6383 1253 1878 6384 1275 1879 6385 1270 1880 6386 1270 1880 6387 1275 1879 6388 1285 1881 6389 1270 1880 6390 1285 1881 6391 1271 1882 6392 1271 1882 6393 1285 1881 6394 1281 1883 6395 1271 1882 6396 1281 1883 6397 1254 1884 6398 1254 1884 6399 1281 1883 6400 1263 1885 6401 1254 1884 6402 1263 1885 6403 1235 1886 6404 1235 1886 6405 1263 1885 6406 1237 1887 6407 1235 1886 6408 1237 1887 6409 1213 1888 6410 1213 1888 6411 1237 1887 6412 1217 1889 6413 1213 1888 6414 1217 1889 6415 1185 1890 6416 1185 1890 6417 1217 1889 6418 1187 1891 6419 1185 1890 6420 1187 1891 6421 1151 1892 6422 1151 1892 6423 1187 1891 6424 1153 1893 6425 1151 1892 6426 1153 1893 6427 1068 1894 6428 1068 1894 6429 1153 1893 6430 1070 1895 6431 1068 1894 6432 1070 1895 6433 985 1896 6434 985 1896 6435 1070 1895 6436 987 1897 6437 985 1896 6438 987 1897 6439 931 1898 6440 931 1898 6441 987 1897 6442 933 1822 6443 931 1898 6444 933 1822 6445 809 1824 6446 682 1899 6447 683 1900 6448 810 1901 6449 810 1901 6450 683 1900 6451 811 1902 6452 810 1901 6453 811 1902 6454 932 1903 6455 932 1903 6456 811 1902 6457 933 1904 6458 932 1903 6459 933 1904 6460 986 1905 6461 986 1905 6462 933 1904 6463 987 1906 6464 986 1905 6465 987 1906 6466 1069 1907 6467 1069 1907 6468 987 1906 6469 1070 1908 6470 1069 1907 6471 1070 1908 6472 1152 1909 6473 1152 1909 6474 1070 1908 6475 1153 1910 6476 1152 1909 6477 1153 1910 6478 1186 1911 6479 1186 1911 6480 1153 1910 6481 1187 1912 6482 1186 1911 6483 1187 1912 6484 1216 1913 6485 1216 1913 6486 1187 1912 6487 1217 1914 6488 1216 1913 6489 1217 1914 6490 1236 1915 6491 1236 1915 6492 1217 1914 6493 1237 1916 6494 1236 1915 6495 1237 1916 6496 1262 1917 6497 1262 1917 6498 1237 1916 6499 1263 1918 6500 1262 1917 6501 1263 1918 6502 1280 1919 6503 1280 1919 6504 1263 1918 6505 1281 1920 6506 1280 1919 6507 1281 1920 6508 1284 1921 6509 1284 1921 6510 1281 1920 6511 1285 1922 6512 1284 1921 6513 1285 1922 6514 1274 1923 6515 1274 1923 6516 1285 1922 6517 1275 1924 6518 1274 1923 6519 1275 1924 6520 1251 1925 6521 1251 1925 6522 1275 1924 6523 1252 1926 6524 1251 1925 6525 1252 1926 6526 1228 1927 6527 1228 1927 6528 1252 1926 6529 1229 1928 6530 1228 1927 6531 1229 1928 6532 1204 1929 6533 1204 1929 6534 1229 1928 6535 1205 1930 6536 1204 1929 6537 1205 1930 6538 1174 1931 6539 1174 1931 6540 1205 1930 6541 1175 1932 6542 1174 1931 6543 1175 1932 6544 1110 1933 6545 1110 1933 6546 1175 1932 6547 1111 1934 6548 1110 1933 6549 1111 1934 6550 1020 1935 6551 1020 1935 6552 1111 1934 6553 1021 1936 6554 1020 1935 6555 1021 1936 6556 968 1937 6557 968 1937 6558 1021 1936 6559 969 1938 6560 968 1937 6561 969 1938 6562 878 1939 6563 878 1939 6564 969 1938 6565 879 1940 6566 878 1939 6567 879 1940 6568 742 1941 6569 742 1941 6570 879 1940 6571 743 1942 6572 742 1941 6573 743 1942 6574 646 1943 6575 646 1943 6576 743 1942 6577 647 1944 6578 646 1943 6579 647 1944 6580 597 1945 6581 597 1945 6582 647 1944 6583 598 1946 6584 597 1945 6585 598 1946 6586 505 1947 6587 505 1947 6588 598 1946 6589 506 1948 6590 505 1947 6591 506 1948 6592 440 1949 6593 440 1949 6594 506 1948 6595 441 1950 6596 440 1949 6597 441 1950 6598 414 1951 6599 414 1951 6600 441 1950 6601 415 1952 6602 414 1951 6603 415 1952 6604 396 1953 6605 396 1953 6606 415 1952 6607 397 1954 6608 396 1953 6609 397 1954 6610 371 1955 6611 371 1955 6612 397 1954 6613 372 1956 6614 371 1955 6615 372 1956 6616 354 1957 6617 354 1957 6618 372 1956 6619 355 1958 6620 354 1957 6621 355 1958 6622 344 1959 6623 344 1959 6624 355 1958 6625 345 1960 6626 344 1959 6627 345 1960 6628 348 1961 6629 348 1961 6630 345 1960 6631 349 1962 6632 348 1961 6633 349 1962 6634 362 1963 6635 362 1963 6636 349 1962 6637 363 1964 6638 362 1963 6639 363 1964 6640 386 1965 6641 386 1965 6642 363 1964 6643 387 1966 6644 386 1965 6645 387 1966 6646 402 1967 6647 402 1967 6648 387 1966 6649 403 1968 6650 402 1967 6651 403 1968 6652 432 1969 6653 432 1969 6654 403 1968 6655 433 1970 6656 432 1969 6657 433 1970 6658 461 1971 6659 461 1971 6660 433 1970 6661 462 1972 6662 461 1971 6663 462 1972 6664 542 1973 6665 542 1973 6666 462 1972 6667 543 1974 6668 542 1973 6669 543 1974 6670 628 1975 6671 628 1975 6672 543 1974 6673 629 1976 6674 628 1975 6675 629 1976 6676 682 1899 6677 682 1899 6678 629 1976 6679 683 1900 6680 930 1977 6681 871 1978 6682 794 606 6683 794 606 6684 871 1978 6685 746 1979 6686 794 606 6687 746 1979 6688 684 1980 6689 684 1980 6690 746 1979 6691 676 1981 6692 684 1980 6693 676 1981 6694 632 1982 6695 632 1982 6696 676 1981 6697 627 1983 6698 632 1982 6699 627 1983 6700 544 606 6701 544 606 6702 627 1983 6703 463 1984 6704 463 1984 6705 627 1983 6706 566 1985 6707 463 1984 6708 566 1985 6709 436 1986 6710 436 1986 6711 566 1985 6712 522 1987 6713 436 1986 6714 522 1987 6715 406 1988 6716 406 1988 6717 522 1987 6718 469 1989 6719 406 1988 6720 469 1989 6721 390 1990 6722 390 1990 6723 469 1989 6724 448 1991 6725 390 1990 6726 448 1991 6727 369 1992 6728 369 1992 6729 448 1991 6730 358 1993 6731 358 1993 6732 448 1991 6733 444 1994 6734 358 1993 6735 444 1994 6736 359 1995 6737 359 1995 6738 444 1994 6739 446 1996 6740 359 1995 6741 446 1996 6742 370 1997 6743 370 1997 6744 446 1996 6745 453 1998 6746 370 1997 6747 453 1998 6748 391 1999 6749 391 1999 6750 453 1998 6751 493 2000 6752 391 1999 6753 493 2000 6754 407 606 6755 407 606 6756 493 2000 6757 537 2001 6758 407 606 6759 537 2001 6760 437 606 6761 437 606 6762 537 2001 6763 464 2002 6764 464 2002 6765 537 2001 6766 601 2003 6767 464 2002 6768 601 2003 6769 545 2004 6770 545 2004 6771 601 2003 6772 636 2005 6773 545 2004 6774 636 2005 6775 633 2006 6776 633 2006 6777 636 2005 6778 691 2007 6779 633 2006 6780 691 2007 6781 685 2008 6782 685 2008 6783 691 2007 6784 808 606 6785 685 2008 6786 808 606 6787 809 606 6788 809 606 6789 808 606 6790 931 2009 6791 931 2009 6792 808 606 6793 922 2010 6794 931 2009 6795 922 2010 6796 985 2011 6797 985 2011 6798 922 2010 6799 979 2012 6800 985 2011 6801 979 2012 6802 1068 2013 6803 1068 2013 6804 979 2012 6805 1013 2014 6806 1068 2013 6807 1013 2014 6808 1151 2015 6809 1151 2015 6810 1013 2014 6811 1075 2016 6812 1151 2015 6813 1075 2016 6814 1185 2017 6815 1185 2017 6816 1075 2016 6817 1213 2018 6818 1213 2018 6819 1075 2016 6820 1121 2019 6821 1213 2018 6822 1121 2019 6823 1235 2020 6824 1235 2020 6825 1121 2019 6826 1162 2021 6827 1235 2020 6828 1162 2021 6829 1254 2022 6830 1254 2022 6831 1162 2021 6832 1169 2023 6833 1254 2022 6834 1169 2023 6835 1271 2024 6836 1271 2024 6837 1169 2023 6838 1171 2025 6839 1271 2024 6840 1171 2025 6841 1270 2026 6842 1270 2026 6843 1171 2025 6844 1167 2027 6845 1270 2026 6846 1167 2027 6847 1253 2028 6848 1253 2028 6849 1167 2027 6850 1234 606 6851 1234 606 6852 1167 2027 6853 1147 606 6854 1234 606 6855 1147 606 6856 1212 606 6857 1212 606 6858 1147 606 6859 1092 2029 6860 1212 606 6861 1092 2029 6862 1184 2030 6863 1184 2030 6864 1092 2029 6865 1052 2031 6866 1184 2030 6867 1052 2031 6868 1150 2032 6869 1150 2032 6870 1052 2031 6871 988 2033 6872 1150 2032 6873 988 2033 6874 1067 606 6875 1067 606 6876 988 2033 6877 984 2034 6878 984 2034 6879 988 2033 6880 939 2035 6881 984 2034 6882 939 2035 6883 930 1977 6884 930 1977 6885 939 2035 6886 871 1978 6887 699 2036 6888 701 2037 6889 807 2038 6890 807 2038 6891 701 2037 6892 805 2039 6893 807 2038 6894 805 2039 6895 921 2040 6896 921 2040 6897 805 2039 6898 917 2041 6899 921 2040 6900 917 2041 6901 977 2042 6902 977 2042 6903 917 2041 6904 964 2043 6905 977 2042 6906 964 2043 6907 1009 2044 6908 1009 2044 6909 964 2043 6910 1001 2045 6911 1009 2044 6912 1001 2045 6913 1066 2046 6914 1066 2046 6915 1001 2045 6916 1055 2047 6917 1066 2046 6918 1055 2047 6919 1102 2048 6920 1102 2048 6921 1055 2047 6922 1087 2049 6923 1102 2048 6924 1087 2049 6925 1138 2050 6926 1138 2050 6927 1087 2049 6928 1120 2051 6929 1138 2050 6930 1120 2051 6931 1159 2052 6932 1159 2052 6933 1120 2051 6934 1130 2053 6935 1159 2052 6936 1130 2053 6937 1157 2054 6938 1157 2054 6939 1130 2053 6940 1129 2055 6941 1157 2054 6942 1129 2055 6943 1136 2056 6944 1136 2056 6945 1129 2055 6946 1119 2057 6947 1136 2056 6948 1119 2057 6949 1100 2058 6950 1100 2058 6951 1119 2057 6952 1086 2059 6953 1100 2058 6954 1086 2059 6955 1064 2060 6956 1064 2060 6957 1086 2059 6958 1054 2061 6959 1064 2060 6960 1054 2061 6961 1007 2062 6962 1007 2062 6963 1054 2061 6964 1000 2063 6965 1007 2062 6966 1000 2063 6967 975 2064 6968 975 2064 6969 1000 2063 6970 963 2065 6971 975 2064 6972 963 2065 6973 919 2066 6974 919 2066 6975 963 2065 6976 916 2067 6977 919 2066 6978 916 2067 6979 796 2068 6980 796 2068 6981 916 2067 6982 797 2069 6983 796 2068 6984 797 2069 6985 697 2070 6986 697 2070 6987 797 2069 6988 700 2071 6989 697 2070 6990 700 2071 6991 639 2072 6992 639 2072 6993 700 2071 6994 651 2073 6995 639 2072 6996 651 2073 6997 608 2074 6998 608 2074 6999 651 2073 7000 615 2075 7001 608 2074 7002 615 2075 7003 547 2076 7004 547 2076 7005 615 2075 7006 563 2077 7007 547 2076 7008 563 2077 7009 511 2078 7010 511 2078 7011 563 2077 7012 531 2079 7013 511 2078 7014 531 2079 7015 479 2080 7016 479 2080 7017 531 2079 7018 494 2081 7019 479 2080 7020 494 2081 7021 458 2082 7022 458 2082 7023 494 2081 7024 482 2083 7025 458 2082 7026 482 2083 7027 460 2084 7028 460 2084 7029 482 2083 7030 483 2085 7031 460 2084 7032 483 2085 7033 481 2086 7034 481 2086 7035 483 2085 7036 495 2087 7037 481 2086 7038 495 2087 7039 513 2088 7040 513 2088 7041 495 2087 7042 532 2089 7043 513 2088 7044 532 2089 7045 549 2090 7046 549 2090 7047 532 2089 7048 564 2091 7049 549 2090 7050 564 2091 7051 610 2092 7052 610 2092 7053 564 2091 7054 616 2093 7055 610 2092 7056 616 2093 7057 641 2094 7058 641 2094 7059 616 2093 7060 652 2095 7061 641 2094 7062 652 2095 7063 699 2036 7064 699 2036 7065 652 2095 7066 701 2037 7067 698 2096 7068 699 2097 7069 806 2098 7070 806 2098 7071 699 2097 7072 807 2099 7073 806 2098 7074 807 2099 7075 920 2100 7076 920 2100 7077 807 2099 7078 921 2101 7079 920 2100 7080 921 2101 7081 976 2102 7082 976 2102 7083 921 2101 7084 977 2103 7085 976 2102 7086 977 2103 7087 1008 2104 7088 1008 2104 7089 977 2103 7090 1009 2105 7091 1008 2104 7092 1009 2105 7093 1065 2106 7094 1065 2106 7095 1009 2105 7096 1066 2107 7097 1065 2106 7098 1066 2107 7099 1101 2108 7100 1101 2108 7101 1066 2107 7102 1102 2109 7103 1101 2108 7104 1102 2109 7105 1137 2110 7106 1137 2110 7107 1102 2109 7108 1138 2111 7109 1137 2110 7110 1138 2111 7111 1158 2112 7112 1158 2112 7113 1138 2111 7114 1159 2113 7115 1158 2112 7116 1159 2113 7117 1156 2114 7118 1156 2114 7119 1159 2113 7120 1157 2115 7121 1156 2114 7122 1157 2115 7123 1135 2116 7124 1135 2116 7125 1157 2115 7126 1136 2117 7127 1135 2116 7128 1136 2117 7129 1099 2118 7130 1099 2118 7131 1136 2117 7132 1100 2119 7133 1099 2118 7134 1100 2119 7135 1063 2120 7136 1063 2120 7137 1100 2119 7138 1064 2121 7139 1063 2120 7140 1064 2121 7141 1006 2122 7142 1006 2122 7143 1064 2121 7144 1007 2123 7145 1006 2122 7146 1007 2123 7147 974 2124 7148 974 2124 7149 1007 2123 7150 975 2125 7151 974 2124 7152 975 2125 7153 918 2126 7154 918 2126 7155 975 2125 7156 919 2127 7157 918 2126 7158 919 2127 7159 795 2128 7160 795 2128 7161 919 2127 7162 796 2129 7163 795 2128 7164 796 2129 7165 696 2130 7166 696 2130 7167 796 2129 7168 697 2131 7169 696 2130 7170 697 2131 7171 638 2132 7172 638 2132 7173 697 2131 7174 639 2133 7175 638 2132 7176 639 2133 7177 607 2134 7178 607 2134 7179 639 2133 7180 608 2135 7181 607 2134 7182 608 2135 7183 546 2136 7184 546 2136 7185 608 2135 7186 547 2137 7187 546 2136 7188 547 2137 7189 510 2138 7190 510 2138 7191 547 2137 7192 511 2139 7193 510 2138 7194 511 2139 7195 478 2140 7196 478 2140 7197 511 2139 7198 479 2141 7199 478 2140 7200 479 2141 7201 457 2142 7202 457 2142 7203 479 2141 7204 458 2143 7205 457 2142 7206 458 2143 7207 459 2144 7208 459 2144 7209 458 2143 7210 460 2145 7211 459 2144 7212 460 2145 7213 480 2146 7214 480 2146 7215 460 2145 7216 481 2147 7217 480 2146 7218 481 2147 7219 512 2148 7220 512 2148 7221 481 2147 7222 513 2149 7223 512 2148 7224 513 2149 7225 548 2150 7226 548 2150 7227 513 2149 7228 549 2151 7229 548 2150 7230 549 2151 7231 609 2152 7232 609 2152 7233 549 2151 7234 610 2153 7235 609 2152 7236 610 2153 7237 640 2154 7238 640 2154 7239 610 2153 7240 641 2155 7241 640 2154 7242 641 2155 7243 698 2096 7244 698 2096 7245 641 2155 7246 699 2097 7247 654 2156 7248 707 2157 7249 823 2158 7250 823 2158 7251 707 2157 7252 902 2159 7253 823 2158 7254 902 2159 7255 962 2160 7256 962 2160 7257 902 2159 7258 995 2161 7259 962 2160 7260 995 2161 7261 1062 2162 7262 1062 2162 7263 995 2161 7264 1118 2163 7265 1062 2162 7266 1118 2163 7267 1173 2164 7268 1173 2164 7269 1118 2163 7270 1193 2165 7271 1173 2164 7272 1193 2165 7273 1231 2166 7274 1231 2166 7275 1193 2165 7276 1261 2167 7277 1231 2166 7278 1261 2167 7279 1293 2168 7280 1293 2168 7281 1261 2167 7282 1313 2169 7283 1293 2168 7284 1313 2169 7285 1337 2170 7286 1337 2170 7287 1313 2169 7288 1341 2171 7289 1337 2170 7290 1341 2171 7291 1368 2172 7292 1368 2172 7293 1341 2171 7294 1379 2173 7295 1368 2172 7296 1379 2173 7297 1414 2174 7298 1414 2174 7299 1379 2173 7300 1421 2175 7301 1414 2174 7302 1421 2175 7303 1440 2176 7304 1440 2176 7305 1421 2175 7306 1446 2177 7307 1440 2176 7308 1446 2177 7309 1465 2178 7310 1465 2178 7311 1446 2177 7312 1466 2179 7313 1465 2178 7314 1466 2179 7315 1475 2180 7316 1475 2180 7317 1466 2179 7318 1473 2181 7319 1475 2180 7320 1473 2181 7321 1482 2182 7322 1482 2182 7323 1473 2181 7324 1479 2183 7325 1482 2182 7326 1479 2183 7327 1486 2184 7328 1486 2184 7329 1479 2183 7330 1480 2185 7331 1486 2184 7332 1480 2185 7333 1484 2186 7334 1484 2186 7335 1480 2185 7336 1476 2187 7337 1484 2186 7338 1476 2187 7339 1478 2188 7340 1478 2188 7341 1476 2187 7342 1472 2189 7343 1478 2188 7344 1472 2189 7345 1470 2190 7346 1470 2190 7347 1472 2189 7348 1458 2191 7349 1470 2190 7350 1458 2191 7351 1453 2192 7352 1453 2192 7353 1458 2191 7354 1433 2193 7355 1453 2192 7356 1433 2193 7357 1427 2194 7358 1427 2194 7359 1433 2193 7360 1408 2195 7361 1427 2194 7362 1408 2195 7363 1386 2196 7364 1386 2196 7365 1408 2195 7366 1359 2197 7367 1386 2196 7368 1359 2197 7369 1353 2198 7370 1353 2198 7371 1359 2197 7372 1329 2199 7373 1353 2198 7374 1329 2199 7375 1317 2200 7376 1317 2200 7377 1329 2199 7378 1291 2201 7379 1317 2200 7380 1291 2201 7381 1269 2202 7382 1269 2202 7383 1291 2201 7384 1227 2203 7385 1269 2202 7386 1227 2203 7387 1203 2204 7388 1203 2204 7389 1227 2203 7390 1170 2205 7391 1203 2204 7392 1170 2205 7393 1123 2206 7394 1123 2206 7395 1170 2205 7396 1056 2207 7397 1123 2206 7398 1056 2207 7399 999 2208 7400 999 2208 7401 1056 2207 7402 958 2209 7403 999 2208 7404 958 2209 7405 904 2210 7406 904 2210 7407 958 2209 7408 786 2211 7409 904 2210 7410 786 2211 7411 706 2212 7412 706 2212 7413 786 2211 7414 657 2213 7415 706 2212 7416 657 2213 7417 618 2214 7418 618 2214 7419 657 2213 7420 562 2215 7421 618 2214 7422 562 2215 7423 492 2216 7424 492 2216 7425 562 2215 7426 445 2217 7427 492 2216 7428 445 2217 7429 417 2218 7430 417 2218 7431 445 2217 7432 398 2219 7433 417 2218 7434 398 2219 7435 361 2220 7436 361 2220 7437 398 2219 7438 324 2221 7439 361 2220 7440 324 2221 7441 265 2222 7442 265 2222 7443 324 2221 7444 226 2223 7445 265 2222 7446 226 2223 7447 171 2224 7448 171 2224 7449 226 2223 7450 158 2225 7451 171 2224 7452 158 2225 7453 126 2226 7454 126 2226 7455 158 2225 7456 97 2227 7457 126 2226 7458 97 2227 7459 69 2228 7460 69 2228 7461 97 2227 7462 62 2229 7463 69 2228 7464 62 2229 7465 43 2230 7466 43 2230 7467 62 2229 7468 37 2231 7469 43 2230 7470 37 2231 7471 16 2232 7472 16 2232 7473 37 2231 7474 14 2233 7475 16 2232 7476 14 2233 7477 9 2234 7478 9 2234 7479 14 2233 7480 10 2235 7481 9 2234 7482 10 2235 7483 3 2236 7484 3 2236 7485 10 2235 7486 6 2237 7487 3 2236 7488 6 2237 7489 1 2238 7490 1 2238 7491 6 2237 7492 7 2239 7493 1 2238 7494 7 2239 7495 5 2240 7496 5 2240 7497 7 2239 7498 13 2241 7499 5 2240 7500 13 2241 7501 12 2242 7502 12 2242 7503 13 2241 7504 25 2243 7505 12 2242 7506 25 2243 7507 29 2244 7508 29 2244 7509 25 2243 7510 49 2245 7511 29 2244 7512 49 2245 7513 56 2246 7514 56 2246 7515 49 2245 7516 74 2247 7517 56 2246 7518 74 2247 7519 90 2248 7520 90 2248 7521 74 2247 7522 134 2249 7523 90 2248 7524 134 2249 7525 150 2250 7526 150 2250 7527 134 2249 7528 186 2251 7529 150 2250 7530 186 2251 7531 219 2252 7532 219 2252 7533 186 2251 7534 272 2253 7535 219 2252 7536 272 2253 7537 315 2254 7538 315 2254 7539 272 2253 7540 364 2255 7541 315 2254 7542 364 2255 7543 395 2256 7544 395 2256 7545 364 2255 7546 426 2257 7547 395 2256 7548 426 2257 7549 443 2258 7550 443 2258 7551 426 2257 7552 500 2259 7553 443 2258 7554 500 2259 7555 557 2260 7556 557 2260 7557 500 2259 7558 619 2261 7559 557 2260 7560 619 2261 7561 654 2156 7562 654 2156 7563 619 2261 7564 707 2157 7565 653 2262 7566 654 2263 7567 822 2264 7568 822 2264 7569 654 2263 7570 823 2265 7571 822 2264 7572 823 2265 7573 961 2266 7574 961 2266 7575 823 2265 7576 962 2267 7577 961 2266 7578 962 2267 7579 1061 2268 7580 1061 2268 7581 962 2267 7582 1062 2269 7583 1061 2268 7584 1062 2269 7585 1172 2270 7586 1172 2270 7587 1062 2269 7588 1173 2271 7589 1172 2270 7590 1173 2271 7591 1230 2272 7592 1230 2272 7593 1173 2271 7594 1231 2273 7595 1230 2272 7596 1231 2273 7597 1292 2274 7598 1292 2274 7599 1231 2273 7600 1293 2275 7601 1292 2274 7602 1293 2275 7603 1336 2276 7604 1336 2276 7605 1293 2275 7606 1337 2277 7607 1336 2276 7608 1337 2277 7609 1367 2278 7610 1367 2278 7611 1337 2277 7612 1368 2279 7613 1367 2278 7614 1368 2279 7615 1413 2280 7616 1413 2280 7617 1368 2279 7618 1414 2281 7619 1413 2280 7620 1414 2281 7621 1439 2282 7622 1439 2282 7623 1414 2281 7624 1440 2283 7625 1439 2282 7626 1440 2283 7627 1464 2284 7628 1464 2284 7629 1440 2283 7630 1465 2285 7631 1464 2284 7632 1465 2285 7633 1474 2286 7634 1474 2286 7635 1465 2285 7636 1475 2287 7637 1474 2286 7638 1475 2287 7639 1481 2288 7640 1481 2288 7641 1475 2287 7642 1482 2289 7643 1481 2288 7644 1482 2289 7645 1485 2290 7646 1485 2290 7647 1482 2289 7648 1486 2291 7649 1485 2290 7650 1486 2291 7651 1483 2292 7652 1483 2292 7653 1486 2291 7654 1484 2293 7655 1483 2292 7656 1484 2293 7657 1477 2294 7658 1477 2294 7659 1484 2293 7660 1478 2295 7661 1477 2294 7662 1478 2295 7663 1469 2296 7664 1469 2296 7665 1478 2295 7666 1470 2297 7667 1469 2296 7668 1470 2297 7669 1452 2298 7670 1452 2298 7671 1470 2297 7672 1453 2299 7673 1452 2298 7674 1453 2299 7675 1426 2300 7676 1426 2300 7677 1453 2299 7678 1427 2301 7679 1426 2300 7680 1427 2301 7681 1385 2302 7682 1385 2302 7683 1427 2301 7684 1386 2303 7685 1385 2302 7686 1386 2303 7687 1352 2304 7688 1352 2304 7689 1386 2303 7690 1353 2305 7691 1352 2304 7692 1353 2305 7693 1316 2306 7694 1316 2306 7695 1353 2305 7696 1317 2307 7697 1316 2306 7698 1317 2307 7699 1268 2308 7700 1268 2308 7701 1317 2307 7702 1269 2309 7703 1268 2308 7704 1269 2309 7705 1202 2310 7706 1202 2310 7707 1269 2309 7708 1203 2311 7709 1202 2310 7710 1203 2311 7711 1122 2312 7712 1122 2312 7713 1203 2311 7714 1123 2313 7715 1122 2312 7716 1123 2313 7717 998 2314 7718 998 2314 7719 1123 2313 7720 999 2315 7721 998 2314 7722 999 2315 7723 903 2316 7724 903 2316 7725 999 2315 7726 904 2317 7727 903 2316 7728 904 2317 7729 705 2318 7730 705 2318 7731 904 2317 7732 706 2319 7733 705 2318 7734 706 2319 7735 617 2320 7736 617 2320 7737 706 2319 7738 618 2321 7739 617 2320 7740 618 2321 7741 491 2322 7742 491 2322 7743 618 2321 7744 492 2323 7745 491 2322 7746 492 2323 7747 416 2324 7748 416 2324 7749 492 2323 7750 417 2325 7751 416 2324 7752 417 2325 7753 360 2326 7754 360 2326 7755 417 2325 7756 361 2327 7757 360 2326 7758 361 2327 7759 264 2328 7760 264 2328 7761 361 2327 7762 265 2329 7763 264 2328 7764 265 2329 7765 170 2330 7766 170 2330 7767 265 2329 7768 171 2331 7769 170 2330 7770 171 2331 7771 125 2332 7772 125 2332 7773 171 2331 7774 126 2333 7775 125 2332 7776 126 2333 7777 68 2334 7778 68 2334 7779 126 2333 7780 69 2335 7781 68 2334 7782 69 2335 7783 42 2336 7784 42 2336 7785 69 2335 7786 43 2337 7787 42 2336 7788 43 2337 7789 15 2338 7790 15 2338 7791 43 2337 7792 16 2339 7793 15 2338 7794 16 2339 7795 8 2340 7796 8 2340 7797 16 2339 7798 9 2341 7799 8 2340 7800 9 2341 7801 2 2342 7802 2 2342 7803 9 2341 7804 3 2343 7805 2 2342 7806 3 2343 7807 0 2344 7808 0 2344 7809 3 2343 7810 1 2345 7811 0 2344 7812 1 2345 7813 4 2346 7814 4 2346 7815 1 2345 7816 5 2347 7817 4 2346 7818 5 2347 7819 11 2348 7820 11 2348 7821 5 2347 7822 12 2349 7823 11 2348 7824 12 2349 7825 28 2350 7826 28 2350 7827 12 2349 7828 29 2351 7829 28 2350 7830 29 2351 7831 55 2352 7832 55 2352 7833 29 2351 7834 56 2353 7835 55 2352 7836 56 2353 7837 89 2354 7838 89 2354 7839 56 2353 7840 90 2355 7841 89 2354 7842 90 2355 7843 149 2356 7844 149 2356 7845 90 2355 7846 150 2357 7847 149 2356 7848 150 2357 7849 218 2358 7850 218 2358 7851 150 2357 7852 219 2359 7853 218 2358 7854 219 2359 7855 314 2360 7856 314 2360 7857 219 2359 7858 315 2361 7859 314 2360 7860 315 2361 7861 394 2362 7862 394 2362 7863 315 2361 7864 395 2363 7865 394 2362 7866 395 2363 7867 442 2364 7868 442 2364 7869 395 2363 7870 443 2365 7871 442 2364 7872 443 2365 7873 556 2366 7874 556 2366 7875 443 2365 7876 557 2367 7877 556 2366 7878 557 2367 7879 653 2262 7880 653 2262 7881 557 2367 7882 654 2263 7883 1495 2368 7884 1489 2369 7885 1491 2370 7886 1491 2370 7887 1489 2369 7888 1487 2371 7889 1491 2370 7890 1487 2371 7891 1488 2372 7892 1489 2369 7893 1495 2368 7894 1497 2373 7895 1497 2373 7896 1495 2368 7897 1501 2374 7898 1497 2373 7899 1501 2374 7900 1503 2375 7901 1503 2375 7902 1501 2374 7903 1507 2376 7904 1503 2375 7905 1507 2376 7906 1509 2377 7907 1509 2377 7908 1507 2376 7909 1513 2378 7910 1509 2377 7911 1513 2378 7912 1519 2379 7913 1519 2379 7914 1513 2378 7915 1517 2380 7916 1519 2379 7917 1517 2380 7918 1527 2381 7919 1527 2381 7920 1517 2380 7921 1523 2382 7922 1527 2381 7923 1523 2382 7924 1529 2383 7925 1529 2383 7926 1523 2382 7927 1525 2384 7928 1529 2383 7929 1525 2384 7930 1528 2385 7931 1528 2385 7932 1525 2384 7933 1521 2386 7934 1528 2385 7935 1521 2386 7936 1526 2387 7937 1526 2387 7938 1521 2386 7939 1515 2388 7940 1526 2387 7941 1515 2388 7942 1518 2389 7943 1518 2389 7944 1515 2388 7945 1511 2390 7946 1518 2389 7947 1511 2390 7948 1508 2391 7949 1508 2391 7950 1511 2390 7951 1505 2392 7952 1508 2391 7953 1505 2392 7954 1502 2393 7955 1502 2393 7956 1505 2392 7957 1499 2394 7958 1502 2393 7959 1499 2394 7960 1496 2395 7961 1496 2395 7962 1499 2394 7963 1493 2396 7964 1496 2395 7965 1493 2396 7966 1488 2372 7967 1488 2372 7968 1493 2396 7969 1491 2370 7970 1494 2397 7971 1495 2398 7972 1490 2399 7973 1490 2399 7974 1495 2398 7975 1491 2400 7976 1490 2399 7977 1491 2400 7978 1492 2401 7979 1492 2401 7980 1491 2400 7981 1493 2402 7982 1492 2401 7983 1493 2402 7984 1499 2403 7985 1494 2397 7986 1500 2404 7987 1495 2398 7988 1495 2398 7989 1500 2404 7990 1501 2405 7991 1501 2405 7992 1500 2404 7993 1506 2406 7994 1501 2405 7995 1506 2406 7996 1507 2407 7997 1507 2407 7998 1506 2406 7999 1512 2408 8000 1507 2407 8001 1512 2408 8002 1513 2409 8003 1513 2409 8004 1512 2408 8005 1516 2410 8006 1513 2409 8007 1516 2410 8008 1517 2411 8009 1517 2411 8010 1516 2410 8011 1522 2412 8012 1517 2411 8013 1522 2412 8014 1523 2413 8015 1523 2413 8016 1522 2412 8017 1524 2414 8018 1523 2413 8019 1524 2414 8020 1525 2415 8021 1525 2415 8022 1524 2414 8023 1520 2416 8024 1525 2415 8025 1520 2416 8026 1521 2417 8027 1521 2417 8028 1520 2416 8029 1514 2418 8030 1521 2417 8031 1514 2418 8032 1515 2419 8033 1515 2419 8034 1514 2418 8035 1510 2420 8036 1515 2419 8037 1510 2420 8038 1511 2421 8039 1511 2421 8040 1510 2420 8041 1504 2422 8042 1511 2421 8043 1504 2422 8044 1505 2423 8045 1505 2423 8046 1504 2422 8047 1498 2424 8048 1505 2423 8049 1498 2424 8050 1499 2403 8051 1499 2403 8052 1498 2424 8053 1492 2401 8054 1307 606 8055 1335 2425 8056 1535 2426 8057 1535 2426 8058 1335 2425 8059 1361 2427 8060 1535 2426 8061 1361 2427 8062 1400 2428 8063 1400 2428 8064 1429 2429 8065 1535 2426 8066 1535 2426 8067 1429 2429 8068 1448 2430 8069 1535 2426 8070 1448 2430 8071 1503 2431 8072 1503 2431 8073 1448 2430 8074 1462 2432 8075 1503 2431 8076 1462 2432 8077 1497 606 8078 1497 606 8079 1462 2432 8080 1489 2433 8081 1489 2433 8082 1462 2432 8083 1468 2434 8084 1489 2433 8085 1468 2434 8086 1487 606 8087 1487 606 8088 1468 2434 8089 1471 606 8090 1487 606 8091 1471 606 8092 1467 2435 8093 1487 606 8094 1467 2435 8095 1488 2436 8096 1488 2436 8097 1467 2435 8098 1461 2437 8099 1488 2436 8100 1461 2437 8101 1496 2438 8102 1496 2438 8103 1461 2437 8104 1502 2439 8105 1502 2439 8106 1461 2437 8107 1447 2430 8108 1502 2439 8109 1447 2430 8110 1533 2440 8111 1533 2440 8112 1447 2430 8113 1428 2441 8114 1533 2440 8115 1428 2441 8116 1399 2442 8117 1399 2442 8118 1360 2443 8119 1533 2440 8120 1533 2440 8121 1360 2443 8122 1334 2444 8123 1533 2440 8124 1334 2444 8125 1305 2445 8126 1539 2446 8127 1528 2447 8128 1533 2440 8129 1533 2440 8130 1528 2447 8131 1526 2448 8132 1533 2440 8133 1526 2448 8134 1518 2449 8135 1539 2446 8136 1545 2450 8137 1528 2447 8138 1528 2447 8139 1545 2450 8140 1551 2451 8141 1528 2447 8142 1551 2451 8143 1555 606 8144 1528 2447 8145 1555 606 8146 1529 606 8147 1529 606 8148 1555 606 8149 1553 606 8150 1529 606 8151 1553 606 8152 1547 606 8153 1547 606 8154 1541 606 8155 1529 606 8156 1529 606 8157 1541 606 8158 1535 2426 8159 1529 606 8160 1535 2426 8161 1527 2452 8162 1527 2452 8163 1535 2426 8164 1519 2453 8165 1519 2453 8166 1535 2426 8167 1509 606 8168 1509 606 8169 1535 2426 8170 1503 2431 8171 1518 2449 8172 1508 2454 8173 1533 2440 8174 1533 2440 8175 1508 2454 8176 1502 2439 8177 21 2455 8178 76 2456 8179 22 2457 8180 22 2457 8181 76 2456 8182 77 2458 8183 340 2459 8184 1180 2460 8185 341 2461 8186 341 2461 8187 1180 2460 8188 1181 2462 8189 77 2458 8190 76 2456 8191 84 2463 8192 84 2463 8193 76 2456 8194 83 2464 8195 84 2463 8196 83 2464 8197 116 2465 8198 116 2465 8199 83 2464 8200 115 2466 8201 116 2465 8202 115 2466 8203 136 2467 8204 136 2467 8205 115 2466 8206 135 2468 8207 136 2467 8208 135 2468 8209 164 2469 8210 164 2469 8211 135 2468 8212 163 2470 8213 164 2469 8214 163 2470 8215 194 2471 8216 194 2471 8217 163 2470 8218 193 2472 8219 194 2471 8220 193 2472 8221 250 2473 8222 250 2473 8223 193 2472 8224 249 2474 8225 250 2473 8226 249 2474 8227 287 2475 8228 287 2475 8229 249 2474 8230 286 2476 8231 287 2475 8232 286 2476 8233 341 2461 8234 341 2461 8235 286 2476 8236 340 2459 8237 1181 2462 8238 1180 2460 8239 1224 2477 8240 1224 2477 8241 1180 2460 8242 1223 2478 8243 1224 2477 8244 1223 2478 8245 1264 2479 8246 1304 2480 8247 1305 2481 8248 1264 2479 8249 1264 2479 8250 1305 2481 8251 1265 2479 8252 1264 2479 8253 1265 2479 8254 1224 2477 8255 24 467 8256 23 466 8257 20 2482 8258 20 2482 8259 23 466 8260 19 2483 8261 20 2482 8262 19 2483 8263 17 2484 8264 21 2455 8265 22 2457 8266 17 2484 8267 17 2484 8268 22 2457 8269 18 2485 8270 17 2484 8271 18 2485 8272 20 2482 8273 1304 2480 8274 1532 424 8275 1305 2481 8276 1305 2481 8277 1532 424 8278 1533 423 8279 922 2486 8280 808 2487 8281 806 2488 8282 806 2488 8283 808 2487 8284 691 2489 8285 806 2488 8286 691 2489 8287 698 2490 8288 698 2490 8289 691 2489 8290 636 2491 8291 698 2490 8292 636 2491 8293 640 2492 8294 640 2492 8295 636 2491 8296 601 2493 8297 640 2492 8298 601 2493 8299 609 2494 8300 609 2494 8301 601 2493 8302 537 2495 8303 609 2494 8304 537 2495 8305 548 2496 8306 548 2496 8307 537 2495 8308 493 2497 8309 548 2496 8310 493 2497 8311 512 2498 8312 512 2498 8313 493 2497 8314 453 2499 8315 512 2498 8316 453 2499 8317 480 2500 8318 480 2500 8319 453 2499 8320 446 2501 8321 480 2500 8322 446 2501 8323 459 2502 8324 459 2502 8325 446 2501 8326 444 2503 8327 459 2502 8328 444 2503 8329 457 2504 8330 457 2504 8331 444 2503 8332 448 2505 8333 457 2504 8334 448 2505 8335 478 2506 8336 478 2506 8337 448 2505 8338 469 2507 8339 478 2506 8340 469 2507 8341 510 2508 8342 510 2508 8343 469 2507 8344 522 2509 8345 510 2508 8346 522 2509 8347 546 2510 8348 546 2510 8349 522 2509 8350 566 2511 8351 546 2510 8352 566 2511 8353 607 2512 8354 607 2512 8355 566 2511 8356 627 2513 8357 607 2512 8358 627 2513 8359 638 2514 8360 638 2514 8361 627 2513 8362 676 2515 8363 638 2514 8364 676 2515 8365 696 2516 8366 696 2516 8367 676 2515 8368 746 2517 8369 696 2516 8370 746 2517 8371 795 2518 8372 795 2518 8373 746 2517 8374 871 2519 8375 795 2518 8376 871 2519 8377 918 2520 8378 918 2520 8379 871 2519 8380 939 2521 8381 918 2520 8382 939 2521 8383 974 2522 8384 974 2522 8385 939 2521 8386 988 2523 8387 974 2522 8388 988 2523 8389 1006 2524 8390 1006 2524 8391 988 2523 8392 1052 2525 8393 1006 2524 8394 1052 2525 8395 1063 2526 8396 1063 2526 8397 1052 2525 8398 1092 2527 8399 1063 2526 8400 1092 2527 8401 1099 2528 8402 1099 2528 8403 1092 2527 8404 1147 2529 8405 1099 2528 8406 1147 2529 8407 1135 2530 8408 1135 2530 8409 1147 2529 8410 1167 2531 8411 1135 2530 8412 1167 2531 8413 1156 2532 8414 1156 2532 8415 1167 2531 8416 1171 2533 8417 1156 2532 8418 1171 2533 8419 1158 2534 8420 1158 2534 8421 1171 2533 8422 1169 2535 8423 1158 2534 8424 1169 2535 8425 1137 2536 8426 1137 2536 8427 1169 2535 8428 1162 2537 8429 1137 2536 8430 1162 2537 8431 1101 2538 8432 1101 2538 8433 1162 2537 8434 1121 2539 8435 1101 2538 8436 1121 2539 8437 1065 2540 8438 1065 2540 8439 1121 2539 8440 1075 2541 8441 1065 2540 8442 1075 2541 8443 1008 2542 8444 1008 2542 8445 1075 2541 8446 1013 2543 8447 1008 2542 8448 1013 2543 8449 976 2544 8450 976 2544 8451 1013 2543 8452 979 2545 8453 976 2544 8454 979 2545 8455 920 2546 8456 920 2546 8457 979 2545 8458 922 2486 8459 920 2546 8460 922 2486 8461 806 2488 8462 801 606 8463 744 606 8464 876 606 8465 876 606 8466 744 606 8467 927 606 8468 927 606 8469 744 606 8470 687 606 8471 927 606 8472 687 606 8473 950 606 8474 950 606 8475 687 606 8476 664 606 8477 950 606 8478 664 606 8479 966 606 8480 966 606 8481 664 606 8482 648 606 8483 966 606 8484 648 606 8485 972 606 8486 972 606 8487 648 606 8488 642 606 8489 972 606 8490 642 606 8491 959 606 8492 959 606 8493 642 606 8494 655 606 8495 959 606 8496 655 606 8497 936 606 8498 936 606 8499 655 606 8500 678 606 8501 936 606 8502 678 606 8503 913 606 8504 913 606 8505 678 606 8506 703 606 8507 913 606 8508 703 606 8509 844 606 8510 844 606 8511 703 606 8512 772 606 8513 1089 2547 8514 1172 2548 8515 1183 2549 8516 1183 2549 8517 1172 2548 8518 1230 2550 8519 1183 2549 8520 1230 2550 8521 1226 2551 8522 1226 2551 8523 1230 2550 8524 1267 2552 8525 1267 2552 8526 1230 2550 8527 1292 2553 8528 1267 2552 8529 1292 2553 8530 1307 2554 8531 1307 2554 8532 1292 2553 8533 1336 2555 8534 1307 2554 8535 1336 2555 8536 1335 2556 8537 1335 2556 8538 1336 2555 8539 1367 2557 8540 1335 2556 8541 1367 2557 8542 1361 2558 8543 1361 2558 8544 1367 2557 8545 1413 2559 8546 1361 2558 8547 1413 2559 8548 1400 2560 8549 1400 2560 8550 1413 2559 8551 1439 2561 8552 1400 2560 8553 1439 2561 8554 1429 2562 8555 1429 2562 8556 1439 2561 8557 1464 2563 8558 1429 2562 8559 1464 2563 8560 1448 2564 8561 1448 2564 8562 1464 2563 8563 1474 2565 8564 1448 2564 8565 1474 2565 8566 1462 2566 8567 1462 2566 8568 1474 2565 8569 1481 2567 8570 1462 2566 8571 1481 2567 8572 1468 2568 8573 1468 2568 8574 1481 2567 8575 1485 2569 8576 1468 2568 8577 1485 2569 8578 1471 2570 8579 1471 2570 8580 1485 2569 8581 1483 2571 8582 1471 2570 8583 1483 2571 8584 1467 2572 8585 1467 2572 8586 1483 2571 8587 1477 2573 8588 1467 2572 8589 1477 2573 8590 1461 2574 8591 1461 2574 8592 1477 2573 8593 1469 2575 8594 1461 2574 8595 1469 2575 8596 1447 2576 8597 1447 2576 8598 1469 2575 8599 1452 2577 8600 1447 2576 8601 1452 2577 8602 1428 2578 8603 1428 2578 8604 1452 2577 8605 1426 2579 8606 1428 2578 8607 1426 2579 8608 1399 2580 8609 1399 2580 8610 1426 2579 8611 1385 2581 8612 1399 2580 8613 1385 2581 8614 1360 2582 8615 1360 2582 8616 1385 2581 8617 1352 2583 8618 1360 2582 8619 1352 2583 8620 1334 2584 8621 1334 2584 8622 1352 2583 8623 1316 2585 8624 1334 2584 8625 1316 2585 8626 1305 2586 8627 1305 2586 8628 1316 2585 8629 1265 2587 8630 1265 2587 8631 1316 2585 8632 1268 2588 8633 1265 2587 8634 1268 2588 8635 1224 2589 8636 1224 2589 8637 1268 2588 8638 1202 2590 8639 1224 2589 8640 1202 2590 8641 1181 2591 8642 1181 2591 8643 1202 2590 8644 1122 2592 8645 1181 2591 8646 1122 2592 8647 1088 2593 8648 1088 2593 8649 1122 2592 8650 998 2594 8651 1088 2593 8652 998 2594 8653 982 2595 8654 982 2595 8655 998 2594 8656 903 2596 8657 982 2595 8658 903 2596 8659 897 2597 8660 897 2597 8661 903 2596 8662 705 2598 8663 897 2597 8664 705 2598 8665 717 2599 8666 717 2599 8667 705 2598 8668 630 2600 8669 630 2600 8670 705 2598 8671 617 2601 8672 630 2600 8673 617 2601 8674 516 2602 8675 516 2602 8676 617 2601 8677 491 2603 8678 516 2602 8679 491 2603 8680 434 2604 8681 434 2604 8682 491 2603 8683 416 2605 8684 434 2604 8685 416 2605 8686 388 2606 8687 388 2606 8688 416 2605 8689 360 2607 8690 388 2606 8691 360 2607 8692 304 2608 8693 304 2608 8694 360 2607 8695 264 2609 8696 304 2608 8697 264 2609 8698 224 2610 8699 224 2610 8700 264 2609 8701 170 2611 8702 224 2610 8703 170 2611 8704 159 2612 8705 159 2612 8706 170 2611 8707 125 2613 8708 159 2612 8709 125 2613 8710 113 2614 8711 113 2614 8712 125 2613 8713 68 2615 8714 113 2614 8715 68 2615 8716 66 2616 8717 66 2616 8718 68 2615 8719 42 2617 8720 66 2616 8721 42 2617 8722 47 2618 8723 47 2618 8724 42 2617 8725 15 2619 8726 47 2618 8727 15 2619 8728 33 2620 8729 33 2620 8730 15 2619 8731 8 2621 8732 33 2620 8733 8 2621 8734 22 2622 8735 22 2622 8736 8 2621 8737 2 2623 8738 22 2622 8739 2 2623 8740 18 2624 8741 18 2624 8742 2 2623 8743 0 2625 8744 18 2624 8745 0 2625 8746 20 2626 8747 20 2626 8748 0 2625 8749 24 2627 8750 24 2627 8751 0 2625 8752 4 2628 8753 24 2627 8754 4 2628 8755 34 2629 8756 34 2629 8757 4 2628 8758 11 2630 8759 34 2629 8760 11 2630 8761 48 2631 8762 48 2631 8763 11 2630 8764 28 2632 8765 48 2631 8766 28 2632 8767 67 2633 8768 67 2633 8769 28 2632 8770 55 2634 8771 67 2633 8772 55 2634 8773 114 2635 8774 114 2635 8775 55 2634 8776 89 2636 8777 114 2635 8778 89 2636 8779 160 2637 8780 160 2637 8781 89 2636 8782 149 2638 8783 160 2637 8784 149 2638 8785 225 2639 8786 225 2639 8787 149 2638 8788 218 2640 8789 225 2639 8790 218 2640 8791 305 2641 8792 305 2641 8793 218 2640 8794 314 2642 8795 305 2641 8796 314 2642 8797 389 2643 8798 389 2643 8799 314 2642 8800 394 2644 8801 389 2643 8802 394 2644 8803 435 2645 8804 435 2645 8805 394 2644 8806 442 2646 8807 435 2645 8808 442 2646 8809 517 2647 8810 517 2647 8811 442 2646 8812 556 2648 8813 517 2647 8814 556 2648 8815 631 2649 8816 631 2649 8817 556 2648 8818 653 2650 8819 631 2649 8820 653 2650 8821 718 2651 8822 718 2651 8823 653 2650 8824 822 2652 8825 718 2651 8826 822 2652 8827 898 2653 8828 898 2653 8829 822 2652 8830 961 2654 8831 898 2653 8832 961 2654 8833 983 2655 8834 983 2655 8835 961 2654 8836 1061 2656 8837 983 2655 8838 1061 2656 8839 1089 2547 8840 1089 2547 8841 1061 2656 8842 1172 2548 8843 953 2657 8844 954 2658 8845 819 2659 8846 819 2659 8847 954 2658 8848 820 2660 8849 819 2659 8850 820 2660 8851 660 2661 8852 954 2658 8853 953 2657 8854 1046 2662 8855 1046 2662 8856 953 2657 8857 1043 2663 8858 1046 2662 8859 1043 2663 8860 1165 2664 8861 1165 2664 8862 1043 2663 8863 1164 2665 8864 1165 2664 8865 1164 2665 8866 1214 2666 8867 1214 2666 8868 1164 2665 8869 1211 2667 8870 1214 2666 8871 1211 2667 8872 1282 2668 8873 1282 2668 8874 1211 2667 8875 1277 2669 8876 1282 2668 8877 1277 2669 8878 1318 2670 8879 1318 2670 8880 1277 2669 8881 1315 2671 8882 1318 2670 8883 1315 2671 8884 1342 2672 8885 1342 2672 8886 1315 2671 8887 1340 2673 8888 1342 2672 8889 1340 2673 8890 1375 2674 8891 1375 2674 8892 1340 2673 8893 1374 2675 8894 1375 2674 8895 1374 2675 8896 1417 2676 8897 1417 2676 8898 1374 2675 8899 1410 2677 8900 1417 2676 8901 1410 2677 8902 1431 2678 8903 1431 2678 8904 1410 2677 8905 1425 2679 8906 1431 2678 8907 1425 2679 8908 1443 2680 8909 1443 2680 8910 1425 2679 8911 1435 2681 8912 1443 2680 8913 1435 2681 8914 1454 2682 8915 1454 2682 8916 1435 2681 8917 1442 2683 8918 1454 2682 8919 1442 2683 8920 1456 2684 8921 1456 2684 8922 1442 2683 8923 1441 2685 8924 1456 2684 8925 1441 2685 8926 1449 2686 8927 1449 2686 8928 1441 2685 8929 1434 2687 8930 1449 2686 8931 1434 2687 8932 1437 2688 8933 1437 2688 8934 1434 2687 8935 1424 2689 8936 1437 2688 8937 1424 2689 8938 1422 2690 8939 1422 2690 8940 1424 2689 8941 1409 2691 8942 1422 2690 8943 1409 2691 8944 1391 2692 8945 1391 2692 8946 1409 2691 8947 1373 2693 8948 1391 2692 8949 1373 2693 8950 1357 2694 8951 1357 2694 8952 1373 2693 8953 1339 2695 8954 1357 2694 8955 1339 2695 8956 1332 2696 8957 1332 2696 8958 1339 2695 8959 1314 2697 8960 1332 2696 8961 1314 2697 8962 1308 2698 8963 1308 2698 8964 1314 2697 8965 1276 2699 8966 1308 2698 8967 1276 2699 8968 1238 2700 8969 1238 2700 8970 1276 2699 8971 1210 2701 8972 1238 2700 8973 1210 2701 8974 1188 2702 8975 1188 2702 8976 1210 2701 8977 1163 2703 8978 1188 2702 8979 1163 2703 8980 1097 2704 8981 1097 2704 8982 1163 2703 8983 1042 2705 8984 1097 2704 8985 1042 2705 8986 989 2706 8987 989 2706 8988 1042 2705 8989 952 2707 8990 989 2706 8991 952 2707 8992 899 2708 8993 899 2708 8994 952 2707 8995 788 2709 8996 899 2708 8997 788 2709 8998 719 2710 8999 719 2710 9000 788 2709 9001 662 2711 9002 719 2710 9003 662 2711 9004 625 2712 9005 625 2712 9006 662 2711 9007 569 2713 9008 625 2712 9009 569 2713 9010 514 2714 9011 514 2714 9012 569 2713 9013 451 2715 9014 514 2714 9015 451 2715 9016 430 2716 9017 430 2716 9018 451 2715 9019 408 2717 9020 430 2716 9021 408 2717 9022 384 2718 9023 384 2718 9024 408 2717 9025 352 2719 9026 384 2718 9027 352 2719 9028 294 2720 9029 294 2720 9030 352 2719 9031 266 2721 9032 294 2720 9033 266 2721 9034 220 2722 9035 220 2722 9036 266 2721 9037 187 2723 9038 220 2722 9039 187 2723 9040 161 2724 9041 161 2724 9042 187 2723 9043 143 2725 9044 161 2724 9045 143 2725 9046 119 2726 9047 119 2726 9048 143 2725 9049 95 2727 9050 119 2726 9051 95 2727 9052 72 2728 9053 72 2728 9054 95 2727 9055 70 2729 9056 72 2728 9057 70 2729 9058 57 2730 9059 57 2730 9060 70 2729 9061 60 2731 9062 57 2730 9063 60 2731 9064 45 2732 9065 45 2732 9066 60 2731 9067 53 2733 9068 45 2732 9069 53 2733 9070 38 2734 9071 38 2734 9072 53 2733 9073 54 2735 9074 38 2734 9075 54 2735 9076 40 2736 9077 40 2736 9078 54 2735 9079 61 2737 9080 40 2736 9081 61 2737 9082 51 2738 9083 51 2738 9084 61 2737 9085 71 2739 9086 51 2738 9087 71 2739 9088 63 2740 9089 63 2740 9090 71 2739 9091 96 2741 9092 63 2740 9093 96 2741 9094 81 2742 9095 81 2742 9096 96 2741 9097 144 2743 9098 81 2742 9099 144 2743 9100 141 2744 9101 141 2744 9102 144 2743 9103 188 2745 9104 141 2744 9105 188 2745 9106 180 2746 9107 180 2746 9108 188 2745 9109 267 2747 9110 180 2746 9111 267 2747 9112 258 2748 9113 258 2748 9114 267 2747 9115 353 2749 9116 258 2748 9117 353 2749 9118 346 2750 9119 346 2750 9120 353 2749 9121 409 2751 9122 346 2750 9123 409 2751 9124 404 2752 9125 404 2752 9126 409 2751 9127 452 2753 9128 404 2752 9129 452 2753 9130 449 2754 9131 449 2754 9132 452 2753 9133 570 2755 9134 449 2754 9135 570 2755 9136 567 2756 9137 567 2756 9138 570 2755 9139 663 2757 9140 567 2756 9141 663 2757 9142 660 2661 9143 660 2661 9144 663 2757 9145 819 2659 9146 942 2758 9147 814 2759 9148 812 2760 9149 812 2760 9150 814 2759 9151 674 2761 9152 812 2760 9153 674 2761 9154 680 2762 9155 680 2762 9156 674 2761 9157 595 2763 9158 680 2762 9159 595 2763 9160 623 2764 9161 623 2764 9162 595 2763 9163 476 2765 9164 623 2764 9165 476 2765 9166 538 2766 9167 538 2766 9168 476 2765 9169 424 2767 9170 538 2766 9171 424 2767 9172 454 2768 9173 454 2768 9174 424 2767 9175 380 2769 9176 454 2768 9177 380 2769 9178 308 2770 9179 454 2768 9180 308 2770 9181 428 2771 9182 428 2771 9183 308 2770 9184 247 2772 9185 428 2771 9186 247 2772 9187 399 2773 9188 399 2773 9189 247 2772 9190 178 2774 9191 399 2773 9192 178 2774 9193 382 2775 9194 382 2775 9195 178 2774 9196 153 2776 9197 382 2775 9198 153 2776 9199 356 2777 9200 356 2777 9201 153 2776 9202 129 2778 9203 356 2777 9204 129 2778 9205 338 2779 9206 338 2779 9207 129 2778 9208 111 2780 9209 338 2779 9210 111 2780 9211 99 2781 9212 338 2779 9213 99 2781 9214 336 2782 9215 336 2782 9216 99 2781 9217 109 2783 9218 336 2782 9219 109 2783 9220 350 2784 9221 350 2784 9222 109 2783 9223 127 2785 9224 350 2784 9225 127 2785 9226 367 2786 9227 367 2786 9228 127 2785 9229 151 2787 9230 367 2786 9231 151 2787 9232 392 2788 9233 392 2788 9234 151 2787 9235 176 2789 9236 392 2788 9237 176 2789 9238 245 2790 9239 392 2788 9240 245 2790 9241 410 2791 9242 410 2791 9243 245 2790 9244 306 2792 9245 410 2791 9246 306 2792 9247 438 2793 9248 438 2793 9249 306 2792 9250 378 2794 9251 438 2793 9252 378 2794 9253 503 2795 9254 503 2795 9255 378 2794 9256 422 2796 9257 503 2795 9258 422 2796 9259 585 2797 9260 585 2797 9261 422 2796 9262 474 2798 9263 585 2797 9264 474 2798 9265 593 2799 9266 585 2797 9267 593 2799 9268 644 2800 9269 644 2800 9270 593 2799 9271 672 2801 9272 644 2800 9273 672 2801 9274 735 2802 9275 735 2802 9276 672 2801 9277 792 606 9278 735 2802 9279 792 606 9280 885 2803 9281 885 2803 9282 792 606 9283 940 2804 9284 885 2803 9285 940 2804 9286 970 2805 9287 970 2805 9288 940 2804 9289 1022 2806 9290 970 2805 9291 1022 2806 9292 1030 2807 9293 1030 2807 9294 1022 2806 9295 1139 2808 9296 1030 2807 9297 1139 2808 9298 1194 2809 9299 1030 2807 9300 1194 2809 9301 1114 2810 9302 1114 2810 9303 1194 2809 9304 1242 2811 9305 1114 2810 9306 1242 2811 9307 1176 2812 9308 1176 2812 9309 1242 2811 9310 1296 2813 9311 1176 2812 9312 1296 2813 9313 1208 2814 9314 1208 2814 9315 1296 2813 9316 1321 2815 9317 1208 2814 9318 1321 2815 9319 1232 2816 9320 1232 2816 9321 1321 2815 9322 1344 2817 9323 1232 2816 9324 1344 2817 9325 1363 2818 9326 1232 2816 9327 1363 2818 9328 1255 2819 9329 1255 2819 9330 1363 2818 9331 1381 2820 9332 1255 2819 9333 1381 2820 9334 1278 2821 9335 1278 2821 9336 1381 2820 9337 1393 2822 9338 1278 2821 9339 1393 2822 9340 1288 2823 9341 1288 2823 9342 1393 2822 9343 1405 2824 9344 1288 2823 9345 1405 2824 9346 1286 2825 9347 1286 2825 9348 1405 2824 9349 1395 2826 9350 1286 2825 9351 1395 2826 9352 1383 2827 9353 1286 2825 9354 1383 2827 9355 1272 2828 9356 1272 2828 9357 1383 2827 9358 1365 2829 9359 1272 2828 9360 1365 2829 9361 1240 2830 9362 1240 2830 9363 1365 2829 9364 1346 2831 9365 1240 2830 9366 1346 2831 9367 1221 2832 9368 1221 2832 9369 1346 2831 9370 1323 2833 9371 1221 2832 9372 1323 2833 9373 1190 606 9374 1190 606 9375 1323 2833 9376 1298 2834 9377 1190 606 9378 1298 2834 9379 1160 2835 9380 1160 2835 9381 1298 2834 9382 1244 2836 9383 1160 2835 9384 1244 2836 9385 1196 2837 9386 1160 2835 9387 1196 2837 9388 1073 2838 9389 1073 2838 9390 1196 2837 9391 1141 2839 9392 1073 2838 9393 1141 2839 9394 991 2840 9395 991 2840 9396 1141 2839 9397 1024 2841 9398 991 2840 9399 1024 2841 9400 934 2842 9401 934 2842 9402 1024 2841 9403 942 2758 9404 934 2842 9405 942 2758 9406 812 2760 9407</p>
        </triangles>
      </mesh>
    </geometry>
  </library_geometries>
  <library_visual_scenes>
    <visual_scene id="Scene" name="Scene">
      <node id="S7_BOTTOM_BEARING_CASING" name="S7_BOTTOM_BEARING_CASING" type="NODE">
        <matrix sid="transform">9.99987e-4 0 0 0 0 9.99987e-4 0 0 0 0 9.99987e-4 0 0 0 0 1</matrix>
        <instance_geometry url="#S7_BOTTOM_BEARING_CASING-mesh" name="S7_BOTTOM_BEARING_CASING">
          <bind_material>
            <technique_common>
              <instance_material symbol="_60_160_160-material" target="#_60_160_160-material">
                <bind_vertex_input semantic="UVMap" input_semantic="TEXCOORD" input_set="0"/>
              </instance_material>
            </technique_common>
          </bind_material>
        </instance_geometry>
      </node>
      <node id="Camera" name="Camera" type="NODE">
        <matrix sid="transform">0.6859207 -0.3240135 0.6515582 7.358891 0.7276763 0.3054208 -0.6141704 -6.925791 0 0.8953956 0.4452714 4.958309 0 0 0 1</matrix>
        <instance_camera url="#Camera-camera"/>
      </node>
      <node id="Light" name="Light" type="NODE">
        <matrix sid="transform">-0.2908646 -0.7711008 0.5663932 4.076245 0.9551712 -0.1998834 0.2183912 1.005454 -0.05518906 0.6045247 0.7946723 5.903862 0 0 0 1</matrix>
        <instance_light url="#Light-light"/>
      </node>
    </visual_scene>
  </library_visual_scenes>
  <scene>
    <instance_visual_scene url="#Scene"/>
  </scene>
</COLLADA>