<?xml version="1.0" encoding="utf-8"?>
<COLLADA xmlns="http://www.collada.org/2005/11/COLLADASchema" version="1.4.1" xmlns:xsi="http://www.w3.org/2001/XMLSchema-instance">
  <asset>
    <contributor>
      <author>Blender User</author>
      <authoring_tool>Blender 4.4.3 commit date:2025-04-29, commit time:14:09, hash:802179c51ccc</authoring_tool>
    </contributor>
    <created>2026-06-28T22:28:24</created>
    <modified>2026-06-28T22:28:24</modified>
    <unit name="meter" meter="1"/>
    <up_axis>Z_UP</up_axis>
  </asset>
  <library_cameras>
    <camera id="Camera_001-camera" name="Camera.001">
      <optics>
        <technique_common>
          <perspective>
            <xfov sid="xfov">39.59775</xfov>
            <aspect_ratio>1.777778</aspect_ratio>
            <znear sid="znear">0.1</znear>
            <zfar sid="zfar">100</zfar>
          </perspective>
        </technique_common>
      </optics>
      <extra>
        <technique profile="blender">
          <shiftx sid="shiftx" type="float">0</shiftx>
          <shifty sid="shifty" type="float">0</shifty>
          <dof_distance sid="dof_distance" type="float">10</dof_distance>
        </technique>
      </extra>
    </camera>
    <camera id="Camera-camera" name="Camera">
      <optics>
        <technique_common>
          <perspective>
            <xfov sid="xfov">39.59775</xfov>
            <aspect_ratio>1.777778</aspect_ratio>
            <znear sid="znear">0.1</znear>
            <zfar sid="zfar">100</zfar>
          </perspective>
        </technique_common>
      </optics>
      <extra>
        <technique profile="blender">
          <shiftx sid="shiftx" type="float">0</shiftx>
          <shifty sid="shifty" type="float">0</shifty>
          <dof_distance sid="dof_distance" type="float">10</dof_distance>
        </technique>
      </extra>
    </camera>
  </library_cameras>
  <library_lights>
    <light id="Light_001-light" name="Light.001">
      <technique_common>
        <point>
          <color sid="color">1000 1000 1000</color>
          <constant_attenuation>1</constant_attenuation>
          <linear_attenuation>0</linear_attenuation>
          <quadratic_attenuation>0</quadratic_attenuation>
        </point>
      </technique_common>
      <extra>
        <technique profile="blender">
          <type sid="type" type="int">0</type>
          <flag sid="flag" type="int">0</flag>
          <mode sid="mode" type="int">2097153</mode>
          <red sid="red" type="float">1</red>
          <green sid="green" type="float">1</green>
          <blue sid="blue" type="float">1</blue>
          <energy sid="blender_energy" type="float">1000</energy>
          <spotsize sid="spotsize" type="float">75</spotsize>
          <spotblend sid="spotblend" type="float">0.15</spotblend>
          <clipsta sid="clipsta" type="float">0.04999995</clipsta>
          <clipend sid="clipend" type="float">40</clipend>
          <radius sid="radius" type="float">0.1</radius>
          <area_shape sid="area_shape" type="int">1</area_shape>
          <area_size sid="area_size" type="float">0.1</area_size>
          <area_sizey sid="area_sizey" type="float">0.1</area_sizey>
          <area_sizez sid="area_sizez" type="float">1</area_sizez>
        </technique>
      </extra>
    </light>
    <light id="Light-light" name="Light">
      <technique_common>
        <point>
          <color sid="color">1000 1000 1000</color>
          <constant_attenuation>1</constant_attenuation>
          <linear_attenuation>0</linear_attenuation>
          <quadratic_attenuation>0</quadratic_attenuation>
        </point>
      </technique_common>
      <extra>
        <technique profile="blender">
          <type sid="type" type="int">0</type>
          <flag sid="flag" type="int">0</flag>
          <mode sid="mode" type="int">2097153</mode>
          <red sid="red" type="float">1</red>
          <green sid="green" type="float">1</green>
          <blue sid="blue" type="float">1</blue>
          <energy sid="blender_energy" type="float">1000</energy>
          <spotsize sid="spotsize" type="float">75</spotsize>
          <spotblend sid="spotblend" type="float">0.15</spotblend>
          <clipsta sid="clipsta" type="float">0.04999995</clipsta>
          <clipend sid="clipend" type="float">40</clipend>
          <radius sid="radius" type="float">0.1</radius>
          <area_shape sid="area_shape" type="int">1</area_shape>
          <area_size sid="area_size" type="float">0.1</area_size>
          <area_sizey sid="area_sizey" type="float">0.1</area_sizey>
          <area_sizez sid="area_sizez" type="float">1</area_sizez>
        </technique>
      </extra>
    </light>
  </library_lights>
  <library_effects>
    <effect id="_60_160_160_1-effect">
      <profile_COMMON>
        <technique sid="common">
          <lambert>
            <emission>
              <color sid="emission">0 0 0 1</color>
            </emission>
            <diffuse>
              <color sid="diffuse">0.627451 0.627451 0.627451 1</color>
            </diffuse>
            <index_of_refraction>
              <float sid="ior">1.5</float>
            </index_of_refraction>
          </lambert>
        </technique>
      </profile_COMMON>
    </effect>
    <effect id="_60_160_160-effect">
      <profile_COMMON>
        <technique sid="common">
          <lambert>
            <emission>
              <color sid="emission">0 0 0 1</color>
            </emission>
            <diffuse>
              <color sid="diffuse">0.627451 0.627451 0.627451 1</color>
            </diffuse>
            <index_of_refraction>
              <float sid="ior">1.5</float>
            </index_of_refraction>
          </lambert>
        </technique>
      </profile_COMMON>
    </effect>
  </library_effects>
  <library_images/>
  <library_materials>
    <material id="_60_160_160_1-material" name="160,160,160_1">
      <instance_effect url="#_60_160_160_1-effect"/>
    </material>
    <material id="_60_160_160-material" name="160,160,160">
      <instance_effect url="#_60_160_160-effect"/>
    </material>
  </library_materials>
  <library_geometries>
    <geometry id="S3_FREE_LINK_BUENA-mesh" name="S3_FREE_LINK_BUENA">
      <mesh>
        <source id="S3_FREE_LINK_BUENA-mesh-positions">
          <float_array id="S3_FREE_LINK_BUENA-mesh-positions-array" count="1812">-12.15835 -4.76837e-7 13.37967 -12.10607 -4.76837e-7 14.20003 -12.08777 -4.76837e-7 12.56067 -11.93211 -4.76837e-7 15.00344 -11.89592 -4.76837e-7 11.76134 -11.64034 -4.76837e-7 15.77196 -11.58708 -4.76837e-7 10.99953 -11.2373 -4.76837e-7 16.4884 -10.73198 -4.76837e-7 17.13677 -10.15869 -4.76837e-7 13.44105 -10.13567 -4.76837e-7 17.70258 -10.09544 -4.76837e-7 12.77867 -10.09544 -4.76837e-7 14.10343 -9.907978 -4.76837e-7 12.14023 -9.907978 -4.76837e-7 14.74187 -9.603079 -4.76837e-7 11.54881 -9.603079 -4.76837e-7 15.33329 -9.46168 -4.76837e-7 18.1732 -9.191757 -4.76837e-7 11.02578 -9.191757 -4.76837e-7 15.85633 -8.725082 -4.76837e-7 18.53811 -8.688892 -4.76837e-7 10.59003 -8.688892 -4.76837e-7 16.29207 -8.112644 -4.76837e-7 10.25734 -8.112644 -4.76837e-7 16.62476 -7.942324 -4.76837e-7 18.78916 -7.483847 -4.76837e-7 10.03971 -7.483847 -4.76837e-7 16.84239 -7.130896 -4.76837e-7 18.92074 -6.825228 -4.76837e-7 9.945015 -6.825228 -4.76837e-7 16.93709 -6.308912 -4.76837e-7 18.92992 -6.160589 -4.76837e-7 9.976677 -6.160589 -4.76837e-7 16.90543 -5.513948 -4.76837e-7 10.13355 -5.513948 -4.76837e-7 16.74855 -5.494749 -4.76837e-7 18.81648 -4.928385 -4.76837e-7 -2.44152 -4.908689 -4.76837e-7 10.40996 -4.908689 -4.76837e-7 16.47214 -4.706583 -4.76837e-7 18.58297 -4.509451 -4.76837e-7 -3.148787 -4.366674 -4.76837e-7 10.79593 -4.366674 -4.76837e-7 16.08617 -3.989778 -4.76837e-7 -3.785717 -3.962023 -4.76837e-7 18.23459 -3.907507 -4.76837e-7 11.2775 -3.907507 -4.76837e-7 15.60461 -3.547765 -4.76837e-7 11.83726 -3.547765 -4.76837e-7 15.04485 -3.500002 -4.76837e-7 1.43051e-6 -3.43675 -4.76837e-7 -0.6623788 -3.43675 -4.76837e-7 0.6623798 -3.380987 -4.76837e-7 -4.338079 -3.300462 -4.76837e-7 12.45499 -3.300462 -4.76837e-7 14.42712 -3.277704 -4.76837e-7 17.77913 -3.249288 -4.76837e-7 -1.300818 -3.249288 -4.76837e-7 1.300819 -3.174539 -4.76837e-7 13.10835 -3.174539 -4.76837e-7 13.77375 -2.944387 -4.76837e-7 -1.892243 -2.944387 -4.76837e-7 1.892244 -2.696668 -4.76837e-7 -4.793536 -2.668913 -4.76837e-7 17.22677 -2.533067 -4.76837e-7 -2.415276 -2.533067 -4.76837e-7 2.415277 -2.14924 -4.76837e-7 16.58984 -2.030195 -4.76837e-7 -2.851016 -2.030195 -4.76837e-7 2.851016 -1.952104 -4.76837e-7 -5.141913 -1.730306 -4.76837e-7 15.88257 -1.453954 -4.76837e-7 -3.183712 -1.453954 -4.76837e-7 3.183712 -1.163942 -4.76837e-7 -5.375429 -0.8251588 -4.76837e-7 -3.401341 -0.8251588 -4.76837e-7 3.40134 -0.3497751 -4.76837e-7 -5.488867 -0.166536 -4.76837e-7 -3.496036 -0.166536 -4.76837e-7 3.496036 0.4722045 -4.76837e-7 -5.479691 0.4981024 -4.76837e-7 -3.464375 0.4981024 -4.76837e-7 3.464376 1.144736 -4.76837e-7 -3.307503 1.144736 -4.76837e-7 3.307502 1.283636 -4.76837e-7 -5.348109 1.750002 -4.76837e-7 -3.031088 1.750002 -4.76837e-7 3.031089 2.066393 -4.76837e-7 -5.097059 2.292013 -4.76837e-7 -2.645123 2.292013 -4.76837e-7 2.645124 2.751188 -4.76837e-7 -2.163556 2.751188 -4.76837e-7 2.163557 2.802992 -4.76837e-7 -4.732149 3.110922 -4.76837e-7 -1.603793 3.110922 -4.76837e-7 1.603794 3.358225 -4.76837e-7 -0.9860635 3.358225 -4.76837e-7 0.9860644 3.476977 -4.76837e-7 -4.261531 3.484152 -4.76837e-7 -0.3326955 3.484152 -4.76837e-7 0.3326964 4.07329 -4.76837e-7 -3.695717 4.578611 -4.76837e-7 -3.047346 4.928385 -4.76837e-7 2.441518 4.981653 -4.76837e-7 -2.330904 5.23723 -4.76837e-7 1.679712 5.273416 -4.76837e-7 -1.562392 5.429079 -4.76837e-7 0.880384 5.447382 -4.76837e-7 -0.7589803 5.499659 -4.76837e-7 0.06138747 -10.15869 -0.2999997 13.44105 -10.09544 -0.2999997 12.77867 -10.09544 -0.2999997 14.10343 -9.907978 -0.2999997 12.14023 -9.907978 -0.2999997 14.74187 -9.603079 -0.2999997 11.54881 -9.603079 -0.2999997 15.33329 -9.191757 -0.2999997 11.02578 -9.191757 -0.2999997 15.85633 -8.688892 -0.2999997 10.59003 -8.688892 -0.2999997 16.29207 -8.112644 -0.2999997 10.25734 -8.112644 -0.2999997 16.62476 -7.483847 -0.2999997 10.03971 -7.483847 -0.2999997 16.84239 -6.825228 -0.2999997 9.945015 -6.825228 -0.2999997 16.93709 -6.160589 -0.2999997 9.976677 -6.160589 -0.2999997 16.90543 -5.513948 -0.2999997 10.13355 -5.513948 -0.2999997 16.74855 -4.908689 -0.2999997 10.40996 -4.908689 -0.2999997 16.47214 -4.366674 -0.2999997 10.79593 -4.366674 -0.2999997 16.08617 -3.907507 -0.2999997 11.2775 -3.907507 -0.2999997 15.60461 -3.547765 -0.2999997 11.83726 -3.547765 -0.2999997 15.04485 -3.500002 -0.2999997 1.43051e-6 -3.43675 -0.2999997 -0.6623788 -3.43675 -0.2999997 0.6623798 -3.300462 -0.2999997 12.45499 -3.300462 -0.2999997 14.42712 -3.249288 -0.2999997 -1.300818 -3.249288 -0.2999997 1.300819 -3.174539 -0.2999997 13.10835 -3.174539 -0.2999997 13.77375 -2.944387 -0.2999997 -1.892243 -2.944387 -0.2999997 1.892244 -2.533067 -0.2999997 -2.415276 -2.533067 -0.2999997 2.415277 -2.030195 -0.2999997 -2.851016 -2.030195 -0.2999997 2.851016 -1.453954 -0.2999997 -3.183712 -1.453954 -0.2999997 3.183712 -0.8251588 -0.2999997 -3.401341 -0.8251588 -0.2999997 3.40134 -0.166536 -0.2999997 -3.496036 -0.166536 -0.2999997 3.496036 0.4981024 -0.2999997 -3.464375 0.4981024 -0.2999997 3.464376 1.144736 -0.2999997 -3.307503 1.144736 -0.2999997 3.307502 1.750002 -0.2999997 -3.031088 1.750002 -0.2999997 3.031089 2.292013 -0.2999997 -2.645123 2.292013 -0.2999997 2.645124 2.751188 -0.2999997 -2.163556 2.751188 -0.2999997 2.163557 3.110922 -0.2999997 -1.603793 3.110922 -0.2999997 1.603794 3.358225 -0.2999997 -0.9860635 3.358225 -0.2999997 0.9860644 3.484152 -0.2999997 -0.3326955 3.484152 -0.2999997 0.3326964 -12.6557 -0.4999995 13.25171 -12.6216 -0.4999995 14.10711 -12.56772 -0.4999995 12.40018 -12.46612 -0.4999995 14.94894 -12.35944 -0.4999995 11.56983 -12.19242 -0.4999995 15.76007 -12.03511 -0.4999995 10.77757 -11.80606 -0.4999995 16.524 -11.31492 -0.4999995 17.22517 -10.72899 -0.4999995 17.8493 -10.0602 -0.4999995 18.38369 -9.32217 -0.4999995 18.81747 -8.529913 -0.4999995 19.1418 -7.699564 -0.4999995 19.35008 -6.848024 -0.4999995 19.43807 -5.99264 -0.4999995 19.40397 -5.376421 -0.4999995 -2.663475 -5.150804 -0.4999995 19.24849 -4.94264 -0.4999995 -3.40151 -4.408251 -0.4999995 -4.070299 -4.339666 -0.4999995 18.97478 -3.784113 -0.4999995 -4.656228 -3.575742 -0.4999995 18.58842 -3.082948 -0.4999995 -5.14737 -2.874574 -0.4999995 18.09728 -2.319021 -0.4999995 -5.533727 -2.25044 -0.4999995 17.51135 -1.716047 -0.4999995 16.84256 -1.507883 -0.4999995 -5.807432 -1.282266 -0.4999995 16.10453 -0.6660516 -0.4999995 -5.962916 0.189337 -0.4999995 -5.997012 1.040873 -0.4999995 -5.909025 1.871222 -0.4999995 -5.700748 2.663477 -0.4999995 -5.37642 3.40151 -0.4999995 -4.942644 4.070299 -0.4999995 -4.408248 4.656229 -0.4999995 -3.784116 5.147371 -0.4999995 -3.082948 5.376421 -0.4999995 2.663476 5.533731 -0.4999995 -2.319022 5.700747 -0.4999995 1.871223 5.807428 -0.4999995 -1.507885 5.909029 -0.4999995 1.040874 5.962915 -0.4999995 -0.6660543 5.997011 -0.4999995 0.1893362 -10.75869 -0.8000007 13.44105 -10.6964 -0.8000007 12.72909 -10.6964 -0.8000007 14.15301 -10.65869 -0.8000007 13.44105 -10.59792 -0.8000007 12.74646 -10.59792 -0.8000007 14.13564 -10.51143 -0.8000007 12.03877 -10.51143 -0.8000007 14.84333 -10.41746 -0.8000007 12.07297 -10.41746 -0.8000007 14.80913 -10.20939 -0.8000007 11.39105 -10.20939 -0.8000007 15.49105 -10.12279 -0.8000007 11.44105 -10.12279 -0.8000007 15.44105 -9.799471 -0.8000007 10.80562 -9.799471 -0.8000007 16.07648 -9.722868 -0.8000007 10.8699 -9.722868 -0.8000007 16.0122 -9.294119 -0.8000007 10.30027 -9.294119 -0.8000007 16.58183 -9.229843 -0.8000007 10.37687 -9.229843 -0.8000007 16.50523 -8.708689 -0.8000007 9.89035 -8.708689 -0.8000007 16.99176 -8.65869 -0.8000007 9.976952 -8.65869 -0.8000007 16.90516 -8.060974 -0.8000007 9.588314 -8.060974 -0.8000007 17.29379 -8.026775 -0.8000007 9.682285 -8.026775 -0.8000007 17.19982 -7.370649 -0.8000007 9.40334 -7.370649 -0.8000007 17.47876 -7.353285 -0.8000007 9.501822 -7.353285 -0.8000007 17.38028 -6.658689 -0.8000007 9.341053 -6.658689 -0.8000007 9.441055 -6.658689 -0.8000007 17.44105 -6.658689 -0.8000007 17.54105 -5.964098 -0.8000007 9.501822 -5.964098 -0.8000007 17.38028 -5.946733 -0.8000007 9.40334 -5.946733 -0.8000007 17.47876 -5.290609 -0.8000007 9.682285 -5.290609 -0.8000007 17.19982 -5.256407 -0.8000007 9.588314 -5.256407 -0.8000007 17.29379 -4.658689 -0.8000007 9.976952 -4.658689 -0.8000007 16.90516 -4.60869 -0.8000007 9.89035 -4.60869 -0.8000007 16.99176 -4.1 -0.8000007 1.43051e-6 -4.087542 -0.8000007 10.37687 -4.087542 -0.8000007 16.50523 -4.03771 -0.8000007 -0.7119584 -4.03771 -0.8000007 0.7119575 -4.023264 -0.8000007 10.30027 -4.023264 -0.8000007 16.58183 -4.000002 -0.8000007 1.43051e-6 -3.93923 -0.8000007 -0.694592 -3.93923 -0.8000007 0.694593 -3.852739 -0.8000007 -1.402281 -3.852739 -0.8000007 1.402282 -3.758772 -0.8000007 -1.368081 -3.758772 -0.8000007 1.368082 -3.594515 -0.8000007 10.8699 -3.594515 -0.8000007 16.0122 -3.550703 -0.8000007 -2.05 -3.550703 -0.8000007 2.050001 -3.517904 -0.8000007 10.80562 -3.517904 -0.8000007 16.07648 -3.464105 -0.8000007 -2 -3.464105 -0.8000007 2 -3.194586 -0.8000007 11.44105 -3.194586 -0.8000007 15.44105 -3.140783 -0.8000007 -2.635429 -3.140783 -0.8000007 2.635431 -3.107988 -0.8000007 11.39105 -3.107988 -0.8000007 15.49105 -3.064176 -0.8000007 -2.57115 -3.064176 -0.8000007 2.571149 -2.899919 -0.8000007 12.07297 -2.899919 -0.8000007 14.80913 -2.805948 -0.8000007 12.03877 -2.805948 -0.8000007 14.84333 -2.719461 -0.8000007 12.74646 -2.719461 -0.8000007 14.13564 -2.658685 -0.8000007 13.44105 -2.635427 -0.8000007 -3.140781 -2.635427 -0.8000007 3.140783 -2.620977 -0.8000007 12.72909 -2.620977 -0.8000007 14.15301 -2.57115 -0.8000007 -3.064177 -2.57115 -0.8000007 3.064178 -2.558691 -0.8000007 13.44105 -2.050001 -0.8000007 -3.550704 -2.050001 -0.8000007 3.550704 -1.999998 -0.8000007 -3.464101 -1.999998 -0.8000007 3.464101 -1.402284 -0.8000007 -3.85274 -1.402284 -0.8000007 3.852741 -1.368078 -0.8000007 -3.75877 -1.368078 -0.8000007 3.758769 -0.7119577 -0.8000007 -4.037712 -0.7119577 -0.8000007 4.037712 -0.6945894 -0.8000007 -3.93923 -0.6945894 -0.8000007 3.939231 -1.66893e-6 -0.8000007 -4.1 -1.66893e-6 -0.8000007 -4 -1.66893e-6 -0.8000007 4 -1.66893e-6 -0.8000007 4.1 0.6945937 -0.8000007 -3.93923 0.6945937 -0.8000007 3.939231 0.711962 -0.8000007 -4.037712 0.711962 -0.8000007 4.037712 1.368082 -0.8000007 -3.75877 1.368082 -0.8000007 3.758769 1.402281 -0.8000007 -3.85274 1.402281 -0.8000007 3.852741 2.000002 -0.8000007 -3.464101 2.000002 -0.8000007 3.464101 2.049998 -0.8000007 -3.550704 2.049998 -0.8000007 3.550704 2.571154 -0.8000007 -3.064177 2.571154 -0.8000007 3.064178 2.635432 -0.8000007 -3.140781 2.635432 -0.8000007 3.140783 3.064181 -0.8000007 -2.57115 3.064181 -0.8000007 2.571149 3.140784 -0.8000007 -2.635429 3.140784 -0.8000007 2.635431 3.464102 -0.8000007 -2 3.464102 -0.8000007 2 3.550703 -0.8000007 -2.05 3.550703 -0.8000007 2.050001 3.758772 -0.8000007 -1.368081 3.758772 -0.8000007 1.368082 3.85274 -0.8000007 -1.402281 3.85274 -0.8000007 1.402282 3.93923 -0.8000007 -0.694592 3.93923 -0.8000007 0.694593 3.999998 -0.8000007 1.43051e-6 4.037714 -0.8000007 -0.7119584 4.037714 -0.8000007 0.7119575 4.1 -0.8000007 1.43051e-6 -12.6557 -4.500001 13.25171 -12.6216 -4.500001 14.10711 -12.56772 -4.500001 12.40018 -12.46612 -4.500001 14.94894 -12.35944 -4.500001 11.56983 -12.19242 -4.500001 15.76007 -12.03511 -4.500001 10.77757 -11.80606 -4.500001 16.524 -11.31492 -4.500001 17.22517 -10.75869 -4.500001 13.44105 -10.72899 -4.500001 17.8493 -10.6964 -4.500001 12.72909 -10.6964 -4.500001 14.15301 -10.51143 -4.500001 12.03877 -10.51143 -4.500001 14.84333 -10.20939 -4.500001 11.39105 -10.20939 -4.500001 15.49105 -10.0602 -4.500001 18.38369 -9.799471 -4.500001 10.80562 -9.799471 -4.500001 16.07648 -9.32217 -4.500001 18.81747 -9.294119 -4.500001 10.30027 -9.294119 -4.500001 16.58183 -8.708689 -4.500001 9.89035 -8.708689 -4.500001 16.99176 -8.529913 -4.500001 19.1418 -8.060974 -4.500001 9.588314 -8.060974 -4.500001 17.29379 -7.699564 -4.500001 19.35008 -7.370649 -4.500001 9.40334 -7.370649 -4.500001 17.47876 -6.848024 -4.500001 19.43807 -6.658689 -4.500001 9.341053 -6.658689 -4.500001 17.54105 -5.99264 -4.500001 19.40397 -5.946733 -4.500001 9.40334 -5.946733 -4.500001 17.47876 -5.376421 -4.500001 -2.663475 -5.256407 -4.500001 9.588314 -5.256407 -4.500001 17.29379 -5.150804 -4.500001 19.24849 -4.94264 -4.500001 -3.40151 -4.60869 -4.500001 9.89035 -4.60869 -4.500001 16.99176 -4.408251 -4.500001 -4.070299 -4.339666 -4.500001 18.97478 -4.1 -4.500001 1.43051e-6 -4.03771 -4.500001 -0.7119584 -4.03771 -4.500001 0.7119575 -4.023264 -4.500001 10.30027 -4.023264 -4.500001 16.58183 -3.852739 -4.500001 -1.402281 -3.852739 -4.500001 1.402282 -3.784113 -4.500001 -4.656228 -3.575742 -4.500001 18.58842 -3.550703 -4.500001 -2.05 -3.550703 -4.500001 2.050001 -3.517904 -4.500001 10.80562 -3.517904 -4.500001 16.07648 -3.140783 -4.500001 -2.635429 -3.140783 -4.500001 2.635431 -3.107988 -4.500001 11.39105 -3.107988 -4.500001 15.49105 -3.082948 -4.500001 -5.14737 -2.874574 -4.500001 18.09728 -2.805948 -4.500001 12.03877 -2.805948 -4.500001 14.84333 -2.635427 -4.500001 -3.140781 -2.635427 -4.500001 3.140783 -2.620977 -4.500001 12.72909 -2.620977 -4.500001 14.15301 -2.558691 -4.500001 13.44105 -2.319021 -4.500001 -5.533727 -2.25044 -4.500001 17.51135 -2.050001 -4.500001 -3.550704 -2.050001 -4.500001 3.550704 -1.716047 -4.500001 16.84256 -1.507883 -4.500001 -5.807432 -1.402284 -4.500001 -3.85274 -1.402284 -4.500001 3.852741 -1.282266 -4.500001 16.10453 -0.7119577 -4.500001 -4.037712 -0.7119577 -4.500001 4.037712 -0.6660516 -4.500001 -5.962916 -1.66893e-6 -4.500001 -4.1 -1.66893e-6 -4.500001 4.1 0.189337 -4.500001 -5.997012 0.711962 -4.500001 -4.037712 0.711962 -4.500001 4.037712 1.040873 -4.500001 -5.909025 1.402281 -4.500001 -3.85274 1.402281 -4.500001 3.852741 1.871222 -4.500001 -5.700748 2.049998 -4.500001 -3.550704 2.049998 -4.500001 3.550704 2.635432 -4.500001 -3.140781 2.635432 -4.500001 3.140783 2.663477 -4.500001 -5.37642 3.140784 -4.500001 -2.635429 3.140784 -4.500001 2.635431 3.40151 -4.500001 -4.942644 3.550703 -4.500001 -2.05 3.550703 -4.500001 2.050001 3.85274 -4.500001 -1.402281 3.85274 -4.500001 1.402282 4.037714 -4.500001 -0.7119584 4.037714 -4.500001 0.7119575 4.070299 -4.500001 -4.408248 4.1 -4.500001 1.43051e-6 4.656229 -4.500001 -3.784116 5.147371 -4.500001 -3.082948 5.376421 -4.500001 2.663476 5.533731 -4.500001 -2.319022 5.700747 -4.500001 1.871223 5.807428 -4.500001 -1.507885 5.909029 -4.500001 1.040874 5.962915 -4.500001 -0.6660543 5.997011 -4.500001 0.1893362 -12.15835 -5.000001 13.37967 -12.10607 -5.000001 14.20003 -12.08777 -5.000001 12.56067 -11.93211 -5.000001 15.00344 -11.89592 -5.000001 11.76134 -11.64034 -5.000001 15.77196 -11.58708 -5.000001 10.99953 -11.25869 -5.000001 13.44105 -11.2373 -5.000001 16.4884 -11.19595 -5.000001 12.68392 -11.19595 -5.000001 14.19819 -11.00945 -5.000001 11.94744 -11.00945 -5.000001 14.93467 -10.73198 -5.000001 17.13677 -10.70427 -5.000001 11.25169 -10.70427 -5.000001 15.63041 -10.28874 -5.000001 10.61567 -10.28874 -5.000001 16.26643 -10.13567 -5.000001 17.70258 -9.774185 -5.000001 10.05672 -9.774185 -5.000001 16.82538 -9.46168 -5.000001 18.1732 -9.174654 -5.000001 9.590086 -9.174654 -5.000001 17.29202 -8.725082 -5.000001 18.53811 -8.506491 -5.000001 9.228497 -8.506491 -5.000001 17.65361 -7.942324 -5.000001 18.78916 -7.787924 -5.000001 8.981812 -7.787924 -5.000001 17.90029 -7.130896 -5.000001 18.92074 -7.038557 -5.000001 8.856762 -7.038557 -5.000001 18.02534 -6.308912 -5.000001 18.92992 -6.278826 -5.000001 8.856762 -6.278826 -5.000001 18.02534 -5.529459 -5.000001 8.981812 -5.529459 -5.000001 17.90029 -5.494749 -5.000001 18.81648 -4.928385 -5.000001 -2.44152 -4.810892 -5.000001 9.228497 -4.810892 -5.000001 17.65361 -4.706583 -5.000001 18.58297 -4.6 -5.000001 1.43051e-6 -4.537264 -5.000001 -0.757134 -4.537264 -5.000001 0.7571368 -4.509451 -5.000001 -3.148787 -4.350759 -5.000001 -1.493618 -4.350759 -5.000001 1.493618 -4.142729 -5.000001 9.590086 -4.142729 -5.000001 17.29202 -4.04558 -5.000001 -2.189358 -4.04558 -5.000001 2.189357 -3.989778 -5.000001 -3.785717 -3.962023 -5.000001 18.23459 -3.630048 -5.000001 -2.825379 -3.630048 -5.000001 2.825378 -3.543195 -5.000001 10.05672 -3.543195 -5.000001 16.82538 -3.380987 -5.000001 -4.338079 -3.277704 -5.000001 17.77913 -3.115492 -5.000001 -3.384329 -3.115492 -5.000001 3.38433 -3.028642 -5.000001 10.61567 -3.028642 -5.000001 16.26643 -2.696668 -5.000001 -4.793536 -2.668913 -5.000001 17.22677 -2.613111 -5.000001 11.25169 -2.613111 -5.000001 15.63041 -2.515962 -5.000001 -3.850966 -2.515962 -5.000001 3.850967 -2.307932 -5.000001 11.94744 -2.307932 -5.000001 14.93467 -2.14924 -5.000001 16.58984 -2.121423 -5.000001 12.68392 -2.121423 -5.000001 14.19819 -2.058687 -5.000001 13.44105 -1.952104 -5.000001 -5.141913 -1.847795 -5.000001 -4.212557 -1.847795 -5.000001 4.212556 -1.730306 -5.000001 15.88257 -1.163942 -5.000001 -5.375429 -1.129232 -5.000001 -4.45924 -1.129232 -5.000001 4.459241 -0.3798654 -5.000001 -4.584288 -0.3798654 -5.000001 4.584289 -0.3497751 -5.000001 -5.488867 0.3798659 -5.000001 -4.584288 0.3798659 -5.000001 4.584289 0.4722045 -5.000001 -5.479691 1.129236 -5.000001 -4.45924 1.129236 -5.000001 4.459241 1.283636 -5.000001 -5.348109 1.8478 -5.000001 -4.212557 1.8478 -5.000001 4.212556 2.066393 -5.000001 -5.097059 2.515963 -5.000001 -3.850966 2.515963 -5.000001 3.850967 2.802992 -5.000001 -4.732149 3.115496 -5.000001 -3.384329 3.115496 -5.000001 3.38433 3.476977 -5.000001 -4.261531 3.630045 -5.000001 -2.825379 3.630045 -5.000001 2.825378 4.04558 -5.000001 -2.189358 4.04558 -5.000001 2.189357 4.07329 -5.000001 -3.695717 4.350763 -5.000001 -1.493618 4.350763 -5.000001 1.493618 4.53726 -5.000001 -0.757134 4.53726 -5.000001 0.7571368 4.578611 -5.000001 -3.047346 4.6 -5.000001 1.43051e-6 4.928385 -5.000001 2.441518 4.981653 -5.000001 -2.330904 5.23723 -5.000001 1.679712 5.273416 -5.000001 -1.562392 5.429079 -5.000001 0.880384 5.447382 -5.000001 -0.7589803 5.499659 -5.000001 0.06138747</float_array>
          <technique_common>
            <accessor source="#S3_FREE_LINK_BUENA-mesh-positions-array" count="604" stride="3">
              <param name="X" type="float"/>
              <param name="Y" type="float"/>
              <param name="Z" type="float"/>
            </accessor>
          </technique_common>
        </source>
        <source id="S3_FREE_LINK_BUENA-mesh-normals">
          <float_array id="S3_FREE_LINK_BUENA-mesh-normals-array" count="3063">0.6963218 -0.7071512 -0.1227731 0.6974077 -0.7071465 -0.1164751 0.7071149 -0.7070987 0 0.7071066 -0.707107 4.39192e-7 0.69743 -0.7071308 0.1164363 0.6688011 -0.7071011 -0.2295937 0.6644485 -0.7071235 -0.2418357 0.6219474 -0.7070507 -0.3365424 0.6123522 -0.7071297 -0.3535429 0.5580315 -0.7070883 -0.4343123 0.5416823 -0.7071018 -0.4545188 0.4789041 -0.7071092 -0.5202379 0.4545032 -0.7071251 -0.541665 0.3867498 -0.7071075 -0.5919659 0.3535402 -0.7071276 -0.612356 0.2840501 -0.7070949 -0.6475589 0.241845 -0.7070954 -0.6644751 0.1735907 -0.7070833 -0.6854922 0.1227899 -0.7071071 -0.6963636 0.05839616 -0.7070628 -0.7047355 -7.04604e-7 -0.7071089 -0.7071047 -0.05839264 -0.7070952 -0.7047033 -0.1227912 -0.7071054 -0.6963651 -0.1735901 -0.707082 -0.6854936 -0.2418325 -0.7071264 -0.6644467 -0.2840707 -0.7070608 -0.6475871 -0.3535408 -0.7071248 -0.612359 -0.3867495 -0.7071053 -0.5919688 -0.4545043 -0.7071239 -0.5416656 -0.4789361 -0.7070783 -0.5202505 -0.5416558 -0.7071328 -0.4545022 -0.5579997 -0.707117 -0.4343062 -0.612385 -0.7070941 -0.3535571 -0.621878 -0.7071092 -0.3365477 -0.6644513 -0.7071208 -0.241836 -0.6688016 -0.7071012 -0.2295916 -0.6963824 -0.7070873 -0.1227976 -0.6974524 -0.7071142 -0.1164036 -0.707079 -0.7071346 2.08405e-7 -0.7071035 -0.7071101 4.41658e-7 -0.6974282 -0.7071322 0.1164388 -0.696352 -0.7071191 0.1227865 -0.668838 -0.7070729 0.229573 -0.6644531 -0.7071188 0.2418373 -0.6218783 -0.7071083 0.3365492 -0.6123549 -0.7071264 0.3535445 -0.5580003 -0.7071158 0.4343074 -0.5416567 -0.7071315 0.4545031 -0.4789046 -0.7071098 0.5202368 -0.4545037 -0.7071257 0.5416638 -0.3867468 -0.7071086 0.5919665 -0.3535398 -0.7071268 0.6123573 -0.2840518 -0.7070924 0.6475608 -0.2418481 -0.7070919 0.6644777 -0.173604 -0.7070475 0.6855258 -0.122789 -0.7071055 0.6963655 -0.05839109 -0.7070961 0.7047026 2.16154e-7 -0.7071098 0.7071037 0.05839192 -0.7070961 0.7047025 0.1227905 -0.7071059 0.6963647 0.1735779 -0.7071141 0.6854637 0.2418324 -0.707126 0.6644472 0.2840489 -0.7070931 0.6475613 0.3535407 -0.7071284 0.6123549 0.3867474 -0.7071096 0.591965 0.4545029 -0.7071255 0.5416648 0.4789043 -0.7071095 0.5202373 0.5416834 -0.7071003 0.4545196 0.5579974 -0.7071189 0.4343063 0.612353 -0.7071289 0.3535429 0.6218764 -0.7071092 0.3365509 0.6644511 -0.7071213 0.2418353 0.6688381 -0.7070725 0.2295737 0.6963223 -0.7071505 0.122774 2.1572e-6 -1 0 6.5202e-7 -1 0 -5.3284e-7 -1 0 9.11411e-7 -1 0 0 -1 0 0 -1 0 -7.15685e-7 -1 0 -1.57813e-6 -1 0 -4.63277e-7 -1 0 9.10231e-7 -1 0 -4.44097e-7 -1 0 0 -1 0 0 -1 0 -2.45745e-7 -1 0 2.30062e-7 -1 0 0 -1 0 -2.15722e-6 -1 0 1.55482e-6 -1 0 -1.06568e-6 -1 0 1.09369e-6 -1 0 1.58162e-7 -1 0 -8.13393e-7 -1 0 -3.23718e-7 -1 0 -6.98192e-7 -1 0 0 -1 0 6.88727e-7 -1 0 -1.31146e-6 -1 0 6.865e-7 -1 0 -1.26512e-6 -1 0 1.06749e-6 -1 0 -1.27628e-6 -1 0 7.0455e-7 -1 0 3.49314e-7 -1 0 -6.5047e-7 -1 0 3.45083e-7 -1 0 3.42981e-7 -1 0 -6.85415e-7 -1 0 6.55641e-7 -1 0 3.27415e-7 -1 0 -1.37476e-6 -1 0 6.53185e-7 -1 0 -6.89911e-7 -1 0 -7.91823e-7 -1 0 3.43688e-7 -1 0 -6.54829e-7 -1 0 3.27361e-7 -1 0 -6.90165e-7 -1 0 3.25237e-7 -1 0 0 -1 0 3.21505e-7 -1 0 6.38144e-7 -1 0 -1.42333e-6 -1 0 9.48851e-7 -1 0 -6.55342e-7 -1 0 -6.55276e-7 -1 0 -6.53968e-7 -1 0 3.49098e-7 -1 0 -6.47432e-7 -1 0 1.73377e-7 -1 0 4.747e-6 -1 0 0.984808 0 -0.1736469 0.9848073 0 -0.1736512 1 0 2.17118e-6 1 0 -2.17118e-6 0.9848073 0 0.1736512 0.984808 0 0.1736469 0.9396917 0 0.342023 0.9396927 0 0.34202 0.866025 0 0.5000008 0.8660259 0 0.4999992 0.7660441 0 0.642788 0.7660453 0 0.6427866 0.6427852 0 0.7660465 0.642787 0 0.7660449 0.4999986 0 0.8660264 0.5000017 0 0.8660244 0.3420208 0 0.9396925 0.3420236 0 0.9396914 0.1736477 0 0.9848079 0.1736496 0 0.9848076 -1.09987e-6 0 1 6.57067e-7 0 1 -0.1736494 0 0.9848076 -0.1736475 0 0.984808 -0.3420227 0 0.9396917 -0.3420203 0 0.9396926 -0.5000023 0 0.8660242 -0.5 0 0.8660255 -0.6427854 0 0.7660465 -0.6427835 0 0.7660479 -0.766044 0 0.6427882 -0.766043 0 0.6427896 -0.8660265 0 0.4999981 -0.8660258 0 0.4999993 -0.9396922 0 0.3420217 -0.9396918 0 0.3420225 -0.9848081 0 0.1736463 -0.984808 0 0.1736471 -1 0 -5.95169e-7 -1 0 5.95169e-7 -0.984808 0 -0.1736472 -0.9848081 0 -0.1736463 -0.9396918 0 -0.3420225 -0.9396922 0 -0.3420217 -0.8660258 0 -0.4999993 -0.8660265 0 -0.4999981 -0.766043 0 -0.6427896 -0.766044 0 -0.6427882 -0.6427882 0 -0.766044 -0.64279 0 -0.7660425 -0.500001 0 -0.8660249 -0.5000032 0 -0.8660236 -0.342014 0 -0.939695 -0.3420163 0 -0.939694 -0.1736476 0 -0.9848079 -0.1736495 0 -0.9848076 6.61828e-7 0 -1 -1.09035e-6 0 -1 0.1736497 0 -0.9848075 0.1736477 0 -0.9848079 0.3420172 0 -0.9396937 0.3420144 0 -0.9396948 0.5000027 0 -0.8660238 0.4999996 0 -0.8660258 0.6427918 0 -0.7660411 0.6427897 0 -0.7660427 0.7660453 0 -0.6427866 0.7660441 0 -0.642788 0.8660259 0 -0.4999992 0.866025 0 -0.5000008 0.9396927 0 -0.3420201 0.9396917 0 -0.3420229 0.6943051 -0.7071321 -0.1338087 0.6963816 -0.7070957 -0.1227536 0.7070714 -0.7071422 -4.22413e-7 0.7071079 -0.7071057 0 0.6963812 -0.7070961 0.1227529 0.6644665 -0.7071064 -0.2418368 0.6564583 -0.7071017 -0.2628114 0.6123728 -0.7071076 -0.3535514 0.5948536 -0.7071108 -0.3822873 0.5417197 -0.7070638 -0.4545335 0.5117617 -0.7071011 -0.4879632 0.4545317 -0.7070876 -0.54169 0.4101467 -0.7071302 -0.5759745 0.3535467 -0.7071169 -0.6123647 0.2937413 -0.7071 -0.643215 0.2418376 -0.7071251 -0.6644461 0.1667051 -0.7071342 -0.6871467 0.1227886 -0.7070942 -0.6963769 0.0336495 -0.7071077 -0.7063048 -1.72936e-5 -0.7070733 -0.7071403 -0.1006307 -0.7070989 -0.6999177 -0.1228268 -0.7070755 -0.6963892 -0.2312662 -0.7071329 -0.6681909 -0.2417895 -0.707127 -0.6644616 -0.3535172 -0.7071784 -0.6123106 -0.3535507 -0.7071108 -0.6123694 -0.4545035 -0.7070949 -0.5417041 -0.463034 -0.7071318 -0.5343821 -0.5416823 -0.7070749 -0.4545606 -0.5558028 -0.7071335 -0.4370876 -0.612371 -0.7071071 -0.3535552 -0.6284975 -0.7071087 -0.324019 -0.6644755 -0.7070925 -0.2418527 -0.6784114 -0.7071636 -0.1991922 -0.6963819 -0.7070876 -0.122798 -0.7038826 -0.7071298 -0.06720763 -0.7070968 -0.7071169 8.07719e-7 -0.7039152 -0.7070967 0.06721299 -0.6964122 -0.7070561 0.1228082 -0.6784411 -0.7071322 0.1992033 -0.6644467 -0.7071273 0.2418296 -0.6284943 -0.7071119 0.3240181 -0.6123698 -0.7071098 0.3535518 -0.5558247 -0.7071053 0.4371052 -0.5416822 -0.7070773 0.4545571 -0.463033 -0.7071335 0.5343807 -0.4544799 -0.7070789 0.541745 -0.3535512 -0.7071081 0.6123723 -0.3535536 -0.7071031 0.6123767 -0.2418822 -0.7070935 0.6644635 -0.2312664 -0.7071315 0.6681922 -0.1228242 -0.7070789 0.6963861 -0.1006312 -0.7071015 0.6999149 3.51036e-7 -0.7071066 0.707107 0.03365093 -0.7071092 0.7063032 0.1227922 -0.7071263 0.6963437 0.1667129 -0.7071 0.6871801 0.2418379 -0.7071204 0.664451 0.2937323 -0.707127 0.6431896 0.3535499 -0.7071116 0.612369 0.4101497 -0.7071282 0.5759748 0.4545291 -0.7070906 0.5416883 0.5117614 -0.7071039 0.4879596 0.5416844 -0.7070991 0.4545206 0.5948253 -0.707144 0.3822698 0.6124076 -0.707077 0.3535524 0.6564584 -0.7071018 0.2628106 0.6645012 -0.7070786 0.2418224 0.6943357 -0.7070993 0.1338225 0.9819292 0 -0.1892489 0.9819285 0 -0.1892529 1 0 2.01077e-6 1 0 -2.02983e-6 0.9819285 0 0.1892529 0.9819292 0 0.1892489 0.9283667 0 0.3716655 0.9283685 0 0.3716613 0.8412499 0 0.5406467 0.8412526 0 0.5406423 0.7237358 0 0.6900771 0.7237391 0 0.6900737 0.5800588 0 0.8145746 0.5800623 0 0.8145722 0.4154099 0 0.9096344 0.4154135 0 0.9096327 0.2357575 0 0.971812 0.2357613 0 0.971811 0.04757887 0 0.9988675 0.04758292 0 0.9988673 -0.1423174 0 0.9898211 -0.1423133 0 0.9898217 -0.3270678 0 0.9450009 -0.3270639 0 0.9450023 -0.5000019 0 0.8660244 -0.4999985 0 0.8660264 -0.6548676 0 0.7557438 -0.6548644 0 0.7557464 -0.7860549 0 0.6181569 -0.7860522 0 0.6181602 -0.8888342 0 0.458229 -0.8888324 0 0.4582327 -0.9594939 0 0.2817298 -0.9594926 0 0.2817338 -0.9954723 0 0.09505259 -0.995472 0 0.09505671 -0.995472 0 -0.09505534 -0.9954724 0 -0.09505122 -0.959493 0 -0.2817326 -0.9594942 0 -0.2817285 -0.8888325 0 -0.4582323 -0.8888344 0 -0.4582287 -0.7860494 0 -0.6181637 -0.7860519 0 -0.6181604 -0.6548602 0 -0.7557501 -0.6548634 0 -0.7557474 -0.4999985 0 -0.8660263 -0.500002 0 -0.8660243 -0.3270691 0 -0.9450005 -0.327073 0 -0.9449991 -0.1423168 0 -0.9898212 -0.1423208 0 -0.9898207 0.04758793 0 -0.998867 0.04758387 0 -0.9988673 0.2357654 0 -0.9718101 0.2357615 0 -0.9718109 0.4154136 0 -0.9096328 0.41541 0 -0.9096343 0.5800574 0 -0.8145757 0.5800539 0 -0.8145782 0.7237387 0 -0.6900742 0.7237355 0 -0.6900776 0.8412553 0 -0.5406383 0.8412525 0 -0.5406426 0.9283685 0 -0.3716613 0.9283667 0 -0.3716655 1.67438e-6 -1 0 -8.58127e-7 -1 0 8.58139e-7 -1 0 -8.37207e-7 -1 0 8.58151e-7 -1 0 -8.37229e-7 -1 0 8.37207e-7 -1 0 -4.18603e-7 -1 0 4.18592e-7 -1 0 -8.37218e-7 -1 0 4.29084e-7 -1 0 -6.43562e-7 -1 0 8.37162e-7 -1 0 -5.36343e-7 -1 0 4.82693e-7 -1 0 -6.97195e-7 -1 0 -1.71619e-6 -1 0 -1.67432e-6 -1 0 8.58116e-7 -1 0 -8.58139e-7 -1 0 -4.18609e-7 -1 0 4.1862e-7 -1 0 0 -1 0 -2.14525e-7 -1 0 5.3633e-7 -1 0 -4.82697e-7 -1 0 6.97219e-7 -1 0 0.6942742 -0.7071651 -0.1337947 0.6963821 -0.7070949 -0.1227554 0.7071041 -0.7071095 0 0.7071076 -0.707106 0 0.696428 -0.7070626 0.1226808 0.6644307 -0.7071349 -0.2418513 0.6564564 -0.7071043 -0.2628093 0.6123698 -0.7071097 -0.3535522 0.5948528 -0.7071116 -0.3822871 0.5417192 -0.7070639 -0.4545339 0.5117632 -0.707101 -0.4879617 0.4545569 -0.7070569 -0.5417089 0.4101471 -0.7071294 -0.5759752 0.3535487 -0.7071137 -0.6123673 0.2937429 -0.7070947 -0.6432202 0.2418446 -0.7070878 -0.6644833 0.1667047 -0.7071327 -0.6871484 0.1227928 -0.7071269 -0.696343 0.03365039 -0.7071104 -0.7063021 8.87129e-7 -0.7071074 -0.7071062 -0.1006304 -0.7071022 -0.6999143 -0.1228258 -0.7070786 -0.6963862 -0.2312657 -0.7071332 -0.6681907 -0.241882 -0.7070971 -0.6644598 -0.3535336 -0.7071427 -0.6123425 -0.3535529 -0.7071056 -0.612374 -0.4544824 -0.7070772 -0.541745 -0.4630339 -0.7071334 -0.5343801 -0.5416774 -0.707104 -0.4545214 -0.5558285 -0.707103 -0.4371043 -0.6123698 -0.7071091 -0.3535533 -0.628494 -0.707112 -0.3240185 -0.6644728 -0.7070963 -0.2418487 -0.6784391 -0.7071344 -0.1992016 -0.69635 -0.7071215 -0.1227835 -0.7039174 -0.7070949 -0.06721037 -0.7071009 -0.7071127 2.28669e-7 -0.7038847 -0.7071277 0.06720781 -0.6963503 -0.7071215 0.1227826 -0.6784391 -0.7071344 0.1992019 -0.6644992 -0.7070643 0.2418697 -0.6284935 -0.7071122 0.324019 -0.6123709 -0.7071091 0.3535516 -0.5558274 -0.7071035 0.4371048 -0.5416767 -0.7071047 0.454521 -0.4630068 -0.7071664 0.5343599 -0.4545018 -0.7070946 0.5417062 -0.3535329 -0.7071431 0.6123424 -0.3535531 -0.7071066 0.6123729 -0.2418814 -0.707096 0.6644613 -0.2312656 -0.7071332 0.6681907 -0.1227641 -0.7071334 0.6963414 -0.1006299 -0.7071024 0.6999142 1.83916e-5 -0.7071382 0.7070754 0.03365075 -0.7071101 0.7063024 0.1227924 -0.7071259 0.696344 0.1667125 -0.7070991 0.6871811 0.2418383 -0.7071206 0.6644507 0.2937445 -0.7070949 0.6432193 0.3535484 -0.7071136 0.6123675 0.4101479 -0.7071291 0.575975 0.4545305 -0.7070894 0.5416887 0.5117384 -0.7071343 0.4879395 0.5416864 -0.7070963 0.4545224 0.5948525 -0.7071121 0.3822865 0.6124053 -0.7070794 0.3535514 0.6564567 -0.7071044 0.262808 0.6645002 -0.7070795 0.2418226 0.6943354 -0.7071 0.1338207 0.9819288 0 -0.1892509 0.9819281 0 -0.1892548 1 0 1.72965e-6 1 0 -2.00124e-6 0.9819281 0 0.1892547 0.9819288 0 0.1892508 0.9283674 0 0.3716638 0.9283689 0 0.3716599 0.8412518 0 0.5406437 0.8412539 0 0.5406404 0.7237313 0 0.690082 0.723734 0 0.6900791 0.5800564 0 0.8145763 0.5800597 0 0.8145741 0.4154155 0 0.9096319 0.4154192 0 0.9096301 0.2357571 0 0.971812 0.2357611 0 0.9718111 0.0475791 0 0.9988675 0.04758316 0 0.9988673 -0.1423174 0 0.9898211 -0.1423134 0 0.9898217 -0.3270698 0 0.9450002 -0.327066 0 0.9450016 -0.5000018 0 0.8660245 -0.4999983 0 0.8660265 -0.6548616 0 0.7557488 -0.6548587 0 0.7557514 -0.7860553 0 0.6181564 -0.7860527 0 0.6181595 -0.888837 0 0.4582235 -0.8888352 0 0.4582271 -0.9594933 0 0.2817319 -0.959492 0 0.2817358 -0.9954721 0 0.09505462 -0.9954717 0 0.09505885 -0.9954717 0 -0.09505885 -0.9954721 0 -0.09505462 -0.959492 0 -0.2817358 -0.9594933 0 -0.2817319 -0.8888352 0 -0.458227 -0.888837 0 -0.4582235 -0.7860527 0 -0.6181595 -0.7860553 0 -0.6181564 -0.6548588 0 -0.7557513 -0.6548618 0 -0.7557488 -0.4999971 0 -0.8660271 -0.5000006 0 -0.8660251 -0.3270659 0 -0.9450016 -0.3270696 0 -0.9450002 -0.1423141 0 -0.9898216 -0.1423181 0 -0.9898211 0.04758459 0 -0.9988673 0.04758054 0 -0.9988674 0.2357611 0 -0.9718111 0.2357571 0 -0.9718121 0.4154185 0 -0.9096304 0.4154149 0 -0.9096322 0.5800592 0 -0.8145744 0.580056 0 -0.8145767 0.7237336 0 -0.6900795 0.723731 0 -0.6900823 0.8412538 0 -0.5406404 0.8412517 0 -0.5406437 0.9283689 0 -0.3716601 0.9283674 0 -0.3716639 8.5815e-7 -1 0 0 -1 0 0 -1 0 0 -1 0 -2.14533e-7 -1 0 0 -1 0 -2.14534e-7 -1 0 -9.11775e-7 -1 0 -3.75415e-7 -1 0 1.67434e-6 -1 0 -1.67442e-6 -1 0 -4.29067e-7 -1 0 0 -1 0 2.14527e-7 -1 0 0 -1 0 -2.14523e-7 -1 0 0 -1 0 -1.60903e-7 -1 0 1.67443e-6 -1 0 -6.70416e-7 -1 0 -1.67441e-6 -1 0 0.6963499 -0.707121 -0.1227878 0.6974738 -0.7070996 -0.1163638 0.7071134 -0.7071002 0 0.7071067 -0.7071068 0 0.697543 -0.7070499 0.1162516 0.668801 -0.7071015 -0.2295927 0.6644503 -0.7071214 -0.2418371 0.6219503 -0.7070494 -0.3365399 0.6123561 -0.7071259 -0.3535436 0.5580345 -0.7070845 -0.4343144 0.5416564 -0.7071306 -0.4545049 0.4789381 -0.7070755 -0.5202524 0.4545062 -0.7071232 -0.5416648 0.3867496 -0.7071071 -0.5919666 0.3535618 -0.7070927 -0.612384 0.2840508 -0.7070903 -0.6475635 0.2418339 -0.7071235 -0.6644493 0.1735805 -0.7071125 -0.6854647 0.1227914 -0.7071046 -0.6963658 0.05839651 -0.7070618 -0.7047365 0 -0.7071082 -0.7071055 -0.05839133 -0.7070949 -0.7047038 -0.1227905 -0.7071049 -0.6963657 -0.1736031 -0.7070472 -0.6855263 -0.2418343 -0.707125 -0.6644475 -0.2840711 -0.7070595 -0.6475882 -0.3535403 -0.7071271 -0.6123566 -0.3868013 -0.7070433 -0.5920091 -0.4545052 -0.7071234 -0.5416657 -0.4789093 -0.7071067 -0.5202366 -0.5416851 -0.707096 -0.4545245 -0.5580029 -0.7071145 -0.4343062 -0.6123257 -0.7071578 -0.3535326 -0.6219136 -0.7070802 -0.336543 -0.6644488 -0.7071228 -0.2418372 -0.6688009 -0.7071009 -0.2295947 -0.696322 -0.7071505 -0.1227765 -0.697409 -0.7071456 -0.116472 -0.7070833 -0.7071304 0 -0.7071068 -0.7071068 0 -0.6974779 -0.7070963 0.1163595 -0.6963534 -0.7071175 0.1227878 -0.6687668 -0.7071273 0.2296124 -0.6644172 -0.7071558 0.2418275 -0.621913 -0.7070806 0.3365434 -0.6123548 -0.7071259 0.3535459 -0.5580018 -0.7071159 0.4343053 -0.5416837 -0.7070972 0.4545243 -0.4789081 -0.7071075 0.5202366 -0.4545038 -0.7071237 0.5416662 -0.386748 -0.7071076 0.591967 -0.3535397 -0.7071272 0.6123568 -0.2840499 -0.707093 0.647561 -0.241834 -0.7071256 0.6644471 -0.1735919 -0.7070805 0.6854948 -0.1227908 -0.7071045 0.6963661 -0.05839639 -0.7070614 0.7047369 0 -0.7071074 0.7071062 0.05839174 -0.7070943 0.7047044 0.1227914 -0.7071043 0.6963663 0.1735778 -0.7071127 0.6854652 0.2418333 -0.7071244 0.6644486 0.2840691 -0.7070585 0.6475902 0.353522 -0.7071588 0.6123306 0.3867496 -0.707107 0.5919666 0.4545053 -0.7071237 0.5416651 0.4789059 -0.7071079 0.5202381 0.5416555 -0.7071318 0.4545041 0.5579988 -0.7071166 0.4343083 0.6123552 -0.7071266 0.3535436 0.6218777 -0.7071088 0.3365492 0.6644819 -0.7070886 0.241846 0.6688354 -0.7070743 0.2295761 0.6963502 -0.7071207 0.1227875 0.9848079 0 -0.1736477 0.9848075 0 -0.17365 1 0 9.85601e-7 1 0 -1.44745e-6 0.9848075 0 0.1736502 0.9848079 0 0.1736478 0.9396926 0 0.3420205 0.9396932 0 0.3420187 0.8660258 0 0.4999995 0.8660265 0 0.4999984 0.7660433 0 0.642789 0.7660444 0 0.6427877 0.6427869 0 0.7660452 0.6427882 0 0.766044 0.500001 0 0.8660249 0.5000027 0 0.8660238 0.3420194 0 0.9396929 0.3420213 0 0.9396923 0.173647 0 0.984808 0.1736488 0 0.9848077 -4.33283e-7 0 1 1.38079e-6 0 1 -0.1736496 0 0.9848076 -0.1736478 0 0.9848079 -0.3420224 0 0.9396919 -0.3420207 0 0.9396925 -0.4999999 0 0.8660255 -0.4999983 0 0.8660265 -0.6427873 0 0.7660447 -0.6427859 0 0.7660458 -0.7660461 0 0.6427857 -0.766045 0 0.6427869 -0.8660265 0 0.4999983 -0.8660258 0 0.4999995 -0.9396923 0 0.3420214 -0.9396916 0 0.3420231 -0.9848079 0 0.1736477 -0.9848076 0 0.1736491 -1 0 -8.23714e-7 -1 0 3.5234e-7 -0.9848076 0 -0.173649 -0.984808 0 -0.1736475 -0.9396917 0 -0.3420228 -0.9396923 0 -0.3420211 -0.8660259 0 -0.4999991 -0.8660267 0 -0.4999978 -0.7660453 0 -0.6427866 -0.7660464 0 -0.6427853 -0.642785 0 -0.7660468 -0.6427865 0 -0.7660455 -0.4999978 0 -0.8660267 -0.4999995 0 -0.8660257 -0.3420206 0 -0.9396924 -0.3420223 0 -0.9396919 -0.1736471 0 -0.984808 -0.1736488 0 -0.9848077 1.38079e-6 0 -1 -4.33283e-7 0 -1 0.173648 0 -0.9848078 0.1736462 0 -0.9848082 0.3420212 0 -0.9396923 0.3420194 0 -0.9396929 0.5000023 0 -0.8660241 0.5000007 0 -0.866025 0.6427873 0 -0.7660448 0.6427859 0 -0.7660459 0.7660446 0 -0.6427874 0.7660437 0 -0.6427886 0.8660266 0 -0.499998 0.8660259 0 -0.4999991 0.9396933 0 -0.3420185 0.9396927 0 -0.3420202 0.6336127 -0.7071117 0.3138917 0.6336169 -0.7071074 0.3138931 -0.6336171 -0.7071081 -0.3138908 -0.6336306 -0.7071039 -0.3138733 -0.6718403 -0.7070608 -0.2206712 -0.6732549 -0.7071764 -0.2159383 -0.6964212 -0.7070602 -0.1227335 -0.6979484 -0.7071487 -0.1131759 -0.7067542 -0.7071072 -0.02231436 -0.7070055 -0.7071642 -0.00787729 -0.7027412 -0.7071021 0.07849603 -0.7002842 -0.7071627 0.09758609 -0.6844239 -0.7070959 0.1777057 -0.6779624 -0.7071203 0.2008683 -0.6521536 -0.7071089 0.2732998 -0.6404531 -0.707121 0.2996661 -0.6066499 -0.7070817 0.3633337 -0.5886146 -0.7071449 0.391764 -0.5487452 -0.7071058 0.44596 -0.5236476 -0.7071469 0.4751175 -0.4797279 -0.7070607 0.5195444 -0.4470222 -0.7071035 0.547883 -0.4008918 -0.7070727 0.582524 -0.3603539 -0.7071319 0.6083664 -0.3138889 -0.7071036 0.6336231 -0.2656588 -0.7071338 0.6552764 -0.2205288 -0.7071104 0.6718347 -0.1650267 -0.7071412 0.6875445 -0.122668 -0.7070642 0.6964287 -0.06071233 -0.7071504 0.7044519 -0.02230912 -0.7071099 0.7067517 0.04496788 -0.7071129 0.7056694 0.07849371 -0.7071175 0.7027259 0.1496344 -0.7071216 0.691078 0.1777083 -0.7071116 0.6844071 0.25096 -0.70712 0.6610601 0.2733385 -0.7070659 0.6521839 0.3467066 -0.7070951 0.6162882 0.36337 -0.7070758 0.6066351 0.4346597 -0.7071347 0.5577021 0.4460003 -0.707081 0.5487442 0.5128861 -0.7071815 0.4866644 0.5194728 -0.7071346 0.4796965 0.5797362 -0.7071394 0.404796 0.5825751 -0.7070762 0.4008111 0.6336046 -0.7071087 0.3139149 0.6336116 -0.707109 0.3139002 -0.6336164 -0.7071075 -0.3138937 -0.6336191 -0.7071046 -0.3138948 0.6336199 -0.7071061 0.3138899 0.633629 -0.7071051 0.3138739 0.6718376 -0.7070915 0.2205811 0.673188 -0.7072446 0.2159236 0.6964411 -0.707034 0.1227716 0.697948 -0.7071491 0.1131759 0.7068099 -0.7070498 0.02236902 0.7070041 -0.7071657 0.007876098 0.7027395 -0.7071037 -0.0784958 0.7003182 -0.7071296 -0.09758192 0.6844589 -0.7070651 -0.1776934 0.6779621 -0.7071204 -0.2008684 0.6521528 -0.7071088 -0.2733017 0.6404516 -0.7071221 -0.2996667 0.6066491 -0.7070829 -0.3633327 0.5886148 -0.7071453 -0.391763 0.548745 -0.7071048 -0.4459617 0.5236765 -0.7071107 -0.4751396 0.4797 -0.7070938 -0.5195252 0.4470231 -0.7071031 -0.5478828 0.4009148 -0.7070392 -0.5825487 0.3603724 -0.7070974 -0.6083956 0.3138905 -0.7071036 -0.6336224 0.2656612 -0.7071326 -0.6552767 0.2205293 -0.7071098 -0.6718353 0.1650313 -0.7071046 -0.6875811 0.1226673 -0.707062 -0.6964309 0.06071019 -0.7071126 -0.7044901 0.02229797 -0.7070728 -0.7067891 -0.04496854 -0.7071103 -0.705672 -0.07853043 -0.7070493 -0.7027904 -0.149621 -0.707153 -0.6910488 -0.177685 -0.7071416 -0.684382 -0.2509612 -0.7071216 -0.661058 -0.2733044 -0.7071 -0.6521612 -0.3467057 -0.7070978 -0.6162855 -0.3633686 -0.707076 -0.6066357 -0.4346339 -0.7071672 -0.557681 -0.4460013 -0.7070784 -0.5487468 -0.5128883 -0.7071819 -0.4866617 -0.5195946 -0.7070592 -0.4796758 -0.57971 -0.7071733 -0.4047744 -0.5826148 -0.7070593 -0.4007833 -0.6336035 -0.7071105 -0.3139132 -0.6336174 -0.707104 -0.3138997 -0.8960996 -3.42088e-6 -0.4438531 -0.8960783 1.78181e-5 -0.4438961 -0.9501184 1.67715e-6 -0.3118899 -0.9501314 -3.23448e-6 -0.31185 -0.8960793 3.04602e-5 -0.4438942 -0.9501242 0 -0.311872 -0.9848382 0 -0.1734754 -0.9848378 0 -0.1734783 -0.9995022 0 -0.03154975 -0.9995021 0 -0.03155177 -0.9938192 0 0.1110113 -0.9938195 0 0.1110084 -0.9679061 0 0.2513124 -0.9679071 0 0.2513087 -0.9222876 0 0.3865045 -0.922289 0 0.386501 -0.8578947 0 0.5138257 -0.8578961 0 0.5138232 -0.7760378 0 0.6306865 -0.7760391 0 0.6306849 -0.6783794 0 0.7347118 -0.6783813 0 0.73471 -0.5669175 0 0.8237746 -0.5669188 0 0.8237737 -0.4439151 0 0.8960689 -0.4439164 0 0.8960683 -0.3118712 0 0.9501244 -0.3118734 0 0.9501237 -0.1734814 0 0.9848372 -0.1734834 0 0.9848369 -0.03155434 0 0.9995021 -0.03155636 0 0.999502 0.111011 0 0.9938192 0.111009 0 0.9938194 0.2513148 0 0.9679054 0.2513127 0 0.9679059 0.3865091 0 0.9222856 0.3865069 0 0.9222865 0.5138272 0 0.8578937 0.5138252 0 0.8578949 0.6306861 0 0.7760382 0.6306843 0 0.7760397 0.7347095 0 0.6783819 0.7347079 0 0.6783837 0.8237728 0 0.5669201 0.8237616 3.30433e-6 0.5669364 0.896058 -1.96628e-5 0.4439371 0.8960582 -3.10224e-5 0.4439366 0.8237811 -1.77918e-6 0.5669081 0.8960795 3.42547e-6 0.4438937 0.8960703 0 0.4439125 0.6336125 0.7071122 0.3138913 0.6336161 0.7071081 0.3138929 -0.633618 0.7071076 -0.3138902 -0.6718399 0.7070613 -0.2206708 -0.6336284 0.7071064 -0.313872 -0.6732538 0.7071771 -0.2159396 -0.6964002 0.707087 -0.122697 -0.6979474 0.7071494 -0.1131781 -0.7067818 0.7070788 -0.02234095 -0.7070386 0.7071311 -0.007884442 -0.7027741 0.7070713 0.07847899 -0.7003182 0.7071292 0.09758448 -0.6844233 0.7070963 0.1777063 -0.6779617 0.707121 0.2008678 -0.652153 0.7071097 0.273299 -0.6404526 0.7071218 0.2996653 -0.6066135 0.7071156 0.3633286 -0.5886465 0.7071114 0.3917766 -0.5487443 0.7071066 0.4459598 -0.5236762 0.707113 0.4751364 -0.4796959 0.7070955 0.5195266 -0.446996 0.707139 0.5478586 -0.400867 0.7071084 0.5824977 -0.3603549 0.7071326 0.6083649 -0.3138911 0.7071042 0.6336215 -0.2656608 0.7071343 0.6552751 -0.2205356 0.7070767 0.671868 -0.1650254 0.707142 0.6875441 -0.1226703 0.7070989 0.696393 -0.0607118 0.7071163 0.704486 -0.02231031 0.7071102 0.7067513 0.04496806 0.7071133 0.7056689 0.07851076 0.7070847 0.702757 0.149634 0.7071222 0.6910774 0.1777082 0.7071124 0.6844062 0.25096 0.7071208 0.6610593 0.2733062 0.7070978 0.652163 0.3466575 0.707164 0.6162367 0.36337 0.7070767 0.6066341 0.434661 0.7071353 0.5577003 0.4460005 0.7070821 0.5487427 0.5129415 0.7071127 0.4867059 0.5195952 0.7070572 0.479678 0.5797863 0.7070713 0.4048436 0.5826867 0.7070319 0.4007272 0.6336053 0.707108 0.3139152 0.6336101 0.7071108 0.3138991 -0.6336161 0.707108 -0.3138934 -0.6336187 0.7071051 -0.3138944 0.6336204 0.7071056 0.31389 0.6718414 0.7070299 0.2207666 0.6336267 0.7071076 0.3138728 0.6732558 0.7071766 0.2159351 0.696401 0.7070862 0.1226977 0.6979474 0.7071498 0.1131756 0.7068094 0.7070505 0.02236855 0.7070375 0.7071322 0.007883548 0.7027719 0.7070737 -0.07847654 0.7002826 0.7071643 -0.09758567 0.6844227 0.7070972 -0.1777051 0.6779616 0.7071211 -0.2008678 0.6521521 0.7071097 -0.2733014 0.6404509 0.7071229 -0.2996664 0.606613 0.7071168 -0.3633272 0.5886469 0.7071118 -0.3917753 0.5487447 0.7071055 -0.4459609 0.5236762 0.7071114 -0.4751386 0.479727 0.7070603 -0.5195457 0.4470221 0.7071039 -0.5478827 0.4008672 0.707109 -0.5824968 0.3603548 0.7071327 -0.6083648 0.313891 0.7071043 -0.6336213 0.2656612 0.7071334 -0.6552759 0.2205342 0.7070761 -0.6718691 0.1650301 0.7071053 -0.6875807 0.1226684 0.7070968 -0.6963955 0.06071025 0.7071133 -0.7044892 0.02230846 0.7071071 -0.7067545 -0.04496932 0.7071112 -0.7056709 -0.07852971 0.7070499 -0.7027899 -0.1496353 0.7071192 -0.6910801 -0.1777092 0.7071098 -0.6844087 -0.2509598 0.7071223 -0.6610578 -0.2733031 0.7071004 -0.6521614 -0.3466818 0.7071326 -0.6162592 -0.3633688 0.7070764 -0.6066351 -0.4346614 0.7071334 -0.5577023 -0.4460399 0.7070497 -0.5487523 -0.5129148 0.7071479 -0.4866829 -0.5195527 0.7070853 -0.4796827 -0.5797618 0.7071047 -0.40482 -0.5826892 0.7070292 -0.4007281 -0.6336084 0.7071049 -0.313916 -0.6335936 0.7071066 -0.3139418 0.8961009 -3.42088e-6 0.4438504 0.8960797 4.5849e-6 0.4438934 0.9501193 1.77918e-6 0.311887 0.9501305 -3.3183e-6 0.3118528 0.8960792 -1.77918e-6 0.4438943 0.9501237 0 0.3118733 0.9848378 0 0.1734777 0.9848375 0 0.1734802 0.9995021 0 0.03155243 0.9995021 0 0.03155392 0.993819 0 -0.1110125 0.9938192 0 -0.111011 0.967906 0 -0.2513124 0.9679065 0 -0.2513105 0.9222887 0 -0.3865017 0.9222895 0 -0.3864998 0.857894 0 -0.5138269 0.8578947 0 -0.5138258 0.7760375 0 -0.6306869 0.7760382 0 -0.6306859 0.6783827 0 -0.7347088 0.678384 0 -0.7347076 0.5669185 0 -0.8237739 0.5669196 0 -0.8237731 0.4439118 0 -0.8960705 0.4439135 0 -0.8960697 0.311869 0 -0.9501252 0.311871 0 -0.9501245 0.1734781 0 -0.9848378 0.1734801 0 -0.9848375 0.03155499 0 -0.9995021 0.03155696 0 -0.999502 -0.1110108 0 -0.9938193 -0.1110088 0 -0.9938194 -0.2513148 0 -0.9679055 -0.2513129 0 -0.967906 -0.3865041 0 -0.9222877 -0.3865023 0 -0.9222885 -0.5138266 0 -0.8578941 -0.5138248 0 -0.8578953 -0.6306859 0 -0.7760382 -0.6306841 0 -0.7760397 -0.734709 0 -0.6783825 -0.7347081 0 -0.6783834 -0.8237744 0 -0.5669178 -0.8237639 3.25963e-6 -0.5669329 -0.8960593 1.71116e-6 -0.4439344 -0.8960598 -4.61098e-6 -0.4439336 -0.823783 -1.71116e-6 -0.5669052 -0.8960598 3.42317e-6 -0.4439335 0 1 0 0 1 0 0 1 0 0 1 0 0 1 0 0 1 0 0 1 0 0 1 0 0 1 0 0 1 0 0 1 0 0 1 0 0 1 0 0 1 0 0 1 0 0 1 0 0 1 0 0 1 0 0 1 0 0 1 0 0 1 0 0 1 0 0 1 0 0 1 0 0 1 0 0 1 0 0 1 0 0 1 0 0 1 0 0 1 0 0 1 0 0 1 0 0 1 0 0 1 0 0 1 0 0 1 0 0 1 0 0 1 0 0 1 0 0 1 0 0 1 0 0 1 0 0 1 0 0 1 0 0 1 0 0 1 0 0 1 0 0 1 0 0 1 0 0 1 0 0 1 0 0 1 0 0 1 0 0 1 0 0 1 0 0 1 0 0 1 0 0 1 0 0 1 0 0 1 0 -0.8960701 0 -0.4439127 -0.8960701 0 -0.4439129</float_array>
          <technique_common>
            <accessor source="#S3_FREE_LINK_BUENA-mesh-normals-array" count="1021" stride="3">
              <param name="X" type="float"/>
              <param name="Y" type="float"/>
              <param name="Z" type="float"/>
            </accessor>
          </technique_common>
        </source>
        <source id="S3_FREE_LINK_BUENA-mesh-map-0">
          <float_array id="S3_FREE_LINK_BUENA-mesh-map-0-array" count="7272">-0.03535497 1.290671 0.03535497 1.294667 -0.03535497 1.366593 -0.03535497 1.366593 0.03535497 1.294667 0.03535497 1.366593 -0.03535497 -1.366593 0.03535497 -1.366593 0.03535497 -1.294667 0.03535497 1.294667 -0.03535497 1.290671 0.03535497 1.222741 0.03535497 1.222741 -0.03535497 1.290671 -0.03535497 1.214749 0.03535497 1.222741 -0.03535497 1.214749 0.03535497 1.150815 0.03535497 1.150815 -0.03535497 1.214749 -0.03535497 1.138827 0.03535497 1.150815 -0.03535497 1.138827 0.03535497 1.078889 0.03535497 1.078889 -0.03535497 1.138827 -0.03535497 1.062906 0.03535497 1.078889 -0.03535497 1.062906 0.03535497 1.006963 0.03535497 1.006963 -0.03535497 1.062906 -0.03535497 0.986984 0.03535497 1.006963 -0.03535497 0.986984 0.03535497 0.935037 0.03535497 0.935037 -0.03535497 0.986984 -0.03535497 0.911062 0.03535497 0.935037 -0.03535497 0.911062 0.03535497 0.863111 0.03535497 0.863111 -0.03535497 0.911062 -0.03535497 0.83514 0.03535497 0.863111 -0.03535497 0.83514 0.03535497 0.791185 0.03535497 0.791185 -0.03535497 0.83514 -0.03535497 0.759218 0.03535497 0.791185 -0.03535497 0.759218 0.03535497 0.719259 0.03535497 0.719259 -0.03535497 0.759218 -0.03535497 0.683296 0.03535497 0.719259 -0.03535497 0.683296 0.03535497 0.647333 0.03535497 0.647333 -0.03535497 0.683296 -0.03535497 0.607375 0.03535497 0.647333 -0.03535497 0.607375 0.03535497 0.575408 0.03535497 0.575408 -0.03535497 0.607375 -0.03535497 0.531453 0.03535497 0.575408 -0.03535497 0.531453 0.03535497 0.503482 0.03535497 0.503482 -0.03535497 0.531453 -0.03535497 0.455531 0.03535497 0.503482 -0.03535497 0.455531 0.03535497 0.431556 0.03535497 0.431556 -0.03535497 0.455531 -0.03535497 0.379609 0.03535497 0.431556 -0.03535497 0.379609 0.03535497 0.35963 0.03535497 0.35963 -0.03535497 0.379609 -0.03535497 0.303687 0.03535497 0.35963 -0.03535497 0.303687 0.03535497 0.287704 0.03535497 0.287704 -0.03535497 0.303687 -0.03535497 0.227765 0.03535497 0.287704 -0.03535497 0.227765 0.03535497 0.2157779 0.03535497 0.2157779 -0.03535497 0.227765 -0.03535497 0.151844 0.03535497 0.2157779 -0.03535497 0.151844 0.03535497 0.1438519 0.03535497 0.1438519 -0.03535497 0.151844 -0.03535497 0.07592195 0.03535497 0.1438519 -0.03535497 0.07592195 0.03535497 0.07192599 0.03535497 0.07192599 -0.03535497 0.07592195 -0.03535497 0 0.03535497 0.07192599 -0.03535497 0 0.03535497 0 0.03535497 0 -0.03535497 0 0.03535497 -0.07192599 0.03535497 -0.07192599 -0.03535497 0 -0.03535497 -0.07592195 0.03535497 -0.07192599 -0.03535497 -0.07592195 0.03535497 -0.1438519 0.03535497 -0.1438519 -0.03535497 -0.07592195 -0.03535497 -0.151844 0.03535497 -0.1438519 -0.03535497 -0.151844 0.03535497 -0.2157779 0.03535497 -0.2157779 -0.03535497 -0.151844 -0.03535497 -0.227765 0.03535497 -0.2157779 -0.03535497 -0.227765 0.03535497 -0.287704 0.03535497 -0.287704 -0.03535497 -0.227765 -0.03535497 -0.303687 0.03535497 -0.287704 -0.03535497 -0.303687 0.03535497 -0.35963 0.03535497 -0.35963 -0.03535497 -0.303687 -0.03535497 -0.379609 0.03535497 -0.35963 -0.03535497 -0.379609 0.03535497 -0.431556 0.03535497 -0.431556 -0.03535497 -0.379609 -0.03535497 -0.455531 0.03535497 -0.431556 -0.03535497 -0.455531 0.03535497 -0.503482 0.03535497 -0.503482 -0.03535497 -0.455531 -0.03535497 -0.531453 0.03535497 -0.503482 -0.03535497 -0.531453 0.03535497 -0.575408 0.03535497 -0.575408 -0.03535497 -0.531453 -0.03535497 -0.607375 0.03535497 -0.575408 -0.03535497 -0.607375 0.03535497 -0.647333 0.03535497 -0.647333 -0.03535497 -0.607375 -0.03535497 -0.683296 0.03535497 -0.647333 -0.03535497 -0.683296 0.03535497 -0.719259 0.03535497 -0.719259 -0.03535497 -0.683296 -0.03535497 -0.759218 0.03535497 -0.719259 -0.03535497 -0.759218 0.03535497 -0.791185 0.03535497 -0.791185 -0.03535497 -0.759218 -0.03535497 -0.83514 0.03535497 -0.791185 -0.03535497 -0.83514 0.03535497 -0.863111 0.03535497 -0.863111 -0.03535497 -0.83514 -0.03535497 -0.911062 0.03535497 -0.863111 -0.03535497 -0.911062 0.03535497 -0.935037 0.03535497 -0.935037 -0.03535497 -0.911062 -0.03535497 -0.986984 0.03535497 -0.935037 -0.03535497 -0.986984 0.03535497 -1.006963 0.03535497 -1.006963 -0.03535497 -0.986984 -0.03535497 -1.062906 0.03535497 -1.006963 -0.03535497 -1.062906 0.03535497 -1.078889 0.03535497 -1.078889 -0.03535497 -1.062906 -0.03535497 -1.138827 0.03535497 -1.078889 -0.03535497 -1.138827 0.03535497 -1.150815 0.03535497 -1.150815 -0.03535497 -1.138827 -0.03535497 -1.214749 0.03535497 -1.150815 -0.03535497 -1.214749 0.03535497 -1.222741 0.03535497 -1.222741 -0.03535497 -1.214749 -0.03535497 -1.290671 0.03535497 -1.222741 -0.03535497 -1.290671 0.03535497 -1.294667 0.03535497 -1.294667 -0.03535497 -1.290671 -0.03535497 -1.366593 -0.120792 -0.596339 -0.517714 0.250797 -0.127065 -0.672053 -0.127065 -0.672053 -0.517714 0.250797 -0.584531 0.286956 -0.127065 -0.672053 -0.584531 0.286956 -0.159904 -0.916205 -0.159904 -0.916205 -0.584531 0.286956 -0.644484 0.33362 -0.159904 -0.916205 -0.644484 0.33362 -0.825773 0.427901 -0.825773 0.427901 -0.644484 0.33362 -0.695939 0.389515 -0.825773 0.427901 -0.695939 0.389515 -0.737492 0.453117 -0.517714 0.250797 -0.120792 -0.596339 -0.445858 0.226128 -0.445858 0.226128 -0.120792 -0.596339 -0.102141 -0.522691 -0.445858 0.226128 -0.102141 -0.522691 -0.370921 0.213624 -0.370921 0.213624 -0.102141 -0.522691 -0.07162296 -0.453117 -0.370921 0.213624 -0.07162296 -0.453117 -0.294948 0.213624 -0.294948 0.213624 -0.07162296 -0.453117 -0.03006988 -0.389515 -0.294948 0.213624 -0.03006988 -0.389515 -0.2200109 0.226128 -0.2200109 0.226128 -0.03006988 -0.389515 0.02138495 -0.33362 -0.2200109 0.226128 0.02138495 -0.33362 -0.148155 0.250797 -0.148155 0.250797 0.02138495 -0.33362 0.08133798 -0.286956 -0.148155 0.250797 0.08133798 -0.286956 -0.08133798 0.286956 -0.08133798 0.286956 0.08133798 -0.286956 0.148155 -0.250797 -0.08133798 0.286956 0.148155 -0.250797 -0.02138495 0.33362 -0.02138495 0.33362 0.148155 -0.250797 0.2200109 -0.226128 -0.02138495 0.33362 0.2200109 -0.226128 0.03006988 0.389515 0.03006988 0.389515 0.2200109 -0.226128 0.294948 -0.213624 0.03006988 0.389515 0.294948 -0.213624 0.07162296 0.453117 0.07162296 0.453117 0.294948 -0.213624 0.370921 -0.213624 0.07162296 0.453117 0.370921 -0.213624 0.102141 0.522691 0.102141 0.522691 0.370921 -0.213624 0.445858 -0.226128 0.102141 0.522691 0.445858 -0.226128 0.120792 0.596339 0.120792 0.596339 0.445858 -0.226128 0.517714 -0.250797 0.120792 0.596339 0.517714 -0.250797 0.127065 0.672053 0.127065 0.672053 0.517714 -0.250797 0.584531 -0.286956 0.127065 0.672053 0.584531 -0.286956 0.159904 0.916205 0.159904 0.916205 0.584531 -0.286956 0.644484 -0.33362 0.159904 0.916205 0.644484 -0.33362 0.825773 -0.427901 0.825773 -0.427901 0.644484 -0.33362 0.695939 -0.389515 0.825773 -0.427901 0.695939 -0.389515 0.737492 -0.453117 0.737492 -0.453117 0.76801 -0.522691 0.825773 -0.427901 0.825773 -0.427901 0.76801 -0.522691 0.856657 -0.504081 0.856657 -0.504081 0.76801 -0.522691 0.786661 -0.596339 0.856657 -0.504081 0.786661 -0.596339 0.875843 -0.584014 0.875843 -0.584014 0.786661 -0.596339 0.792934 -0.672053 0.875843 -0.584014 0.792934 -0.672053 0.8829 -0.665914 0.8829 -0.665914 0.792934 -0.672053 0.877672 -0.747951 0.877672 -0.747951 0.792934 -0.672053 0.786661 -0.747766 0.877672 -0.747951 0.786661 -0.747766 0.860276 -0.828292 0.860276 -0.828292 0.786661 -0.747766 0.76801 -0.821414 0.860276 -0.828292 0.76801 -0.821414 0.8311 -0.905143 0.8311 -0.905143 0.76801 -0.821414 0.737492 -0.890988 0.8311 -0.905143 0.737492 -0.890988 0.790796 -0.976787 0.790796 -0.976787 0.737492 -0.890988 0.695939 -0.95459 0.790796 -0.976787 0.695939 -0.95459 0.740263 -1.041624 0.740263 -1.041624 0.695939 -0.95459 0.644484 -1.010486 0.740263 -1.041624 0.644484 -1.010486 0.680632 -1.098206 0.680632 -1.098206 0.644484 -1.010486 0.584531 -1.057149 0.680632 -1.098206 0.584531 -1.057149 0.613234 -1.145267 0.613234 -1.145267 0.584531 -1.057149 0.539574 -1.181759 0.539574 -1.181759 0.584531 -1.057149 0.517714 -1.093308 0.539574 -1.181759 0.517714 -1.093308 0.461298 -1.206864 0.461298 -1.206864 0.517714 -1.093308 0.445858 -1.117977 0.461298 -1.206864 0.445858 -1.117977 0.380155 -1.220022 0.380155 -1.220022 0.445858 -1.117977 0.370921 -1.130481 0.380155 -1.220022 0.370921 -1.130481 0.297957 -1.220939 0.297957 -1.220939 0.370921 -1.130481 0.294948 -1.130481 0.297957 -1.220939 0.294948 -1.130481 0.21654 -1.209595 0.21654 -1.209595 0.294948 -1.130481 0.2200109 -1.117977 0.21654 -1.209595 0.2200109 -1.117977 0.137724 -1.186244 0.137724 -1.186244 0.2200109 -1.117977 0.148155 -1.093308 0.137724 -1.186244 0.148155 -1.093308 0.063268 -1.151406 0.063268 -1.151406 0.148155 -1.093308 0.08133798 -1.057149 0.063268 -1.151406 0.08133798 -1.057149 -0.005163908 -1.10586 -0.005163908 -1.10586 0.08133798 -1.057149 0.02138495 -1.010486 -0.005163908 -1.10586 0.02138495 -1.010486 -0.06604397 -1.050624 -0.06604397 -1.050624 0.02138495 -1.010486 -0.03006988 -0.95459 -0.06604397 -1.050624 -0.03006988 -0.95459 -0.11801 -0.986931 -0.11801 -0.986931 -0.03006988 -0.95459 -0.07162296 -0.890988 -0.11801 -0.986931 -0.07162296 -0.890988 -0.159904 -0.916205 -0.159904 -0.916205 -0.07162296 -0.890988 -0.102141 -0.821414 -0.159904 -0.916205 -0.102141 -0.821414 -0.120792 -0.747766 -0.120792 -0.747766 -0.127065 -0.672053 -0.159904 -0.916205 0.11801 0.986931 0.07162296 0.890988 0.159904 0.916205 0.159904 0.916205 0.07162296 0.890988 0.102141 0.821414 0.159904 0.916205 0.102141 0.821414 0.120792 0.747766 0.07162296 0.890988 0.11801 0.986931 0.03006988 0.95459 0.03006988 0.95459 0.11801 0.986931 0.06604397 1.050624 0.03006988 0.95459 0.06604397 1.050624 -0.02138495 1.010486 -0.02138495 1.010486 0.06604397 1.050624 0.005163908 1.10586 -0.02138495 1.010486 0.005163908 1.10586 -0.08133798 1.057149 -0.08133798 1.057149 0.005163908 1.10586 -0.063268 1.151406 -0.08133798 1.057149 -0.063268 1.151406 -0.148155 1.093308 -0.148155 1.093308 -0.063268 1.151406 -0.137724 1.186244 -0.148155 1.093308 -0.137724 1.186244 -0.2200109 1.117977 -0.2200109 1.117977 -0.137724 1.186244 -0.21654 1.209595 -0.2200109 1.117977 -0.21654 1.209595 -0.294948 1.130481 -0.294948 1.130481 -0.21654 1.209595 -0.297957 1.220939 -0.294948 1.130481 -0.297957 1.220939 -0.370921 1.130481 -0.370921 1.130481 -0.297957 1.220939 -0.380155 1.220022 -0.370921 1.130481 -0.380155 1.220022 -0.445858 1.117977 -0.445858 1.117977 -0.380155 1.220022 -0.461298 1.206864 -0.445858 1.117977 -0.461298 1.206864 -0.517714 1.093308 -0.517714 1.093308 -0.461298 1.206864 -0.539574 1.181759 -0.517714 1.093308 -0.539574 1.181759 -0.584531 1.057149 -0.584531 1.057149 -0.539574 1.181759 -0.613234 1.145267 -0.584531 1.057149 -0.613234 1.145267 -0.680632 1.098206 -0.584531 1.057149 -0.680632 1.098206 -0.644484 1.010486 -0.644484 1.010486 -0.680632 1.098206 -0.740263 1.041624 -0.644484 1.010486 -0.740263 1.041624 -0.695939 0.95459 -0.695939 0.95459 -0.740263 1.041624 -0.790796 0.976787 -0.695939 0.95459 -0.790796 0.976787 -0.737492 0.890988 -0.737492 0.890988 -0.790796 0.976787 -0.8311 0.905143 -0.737492 0.890988 -0.8311 0.905143 -0.76801 0.821414 -0.76801 0.821414 -0.8311 0.905143 -0.860276 0.828292 -0.76801 0.821414 -0.860276 0.828292 -0.786661 0.747766 -0.786661 0.747766 -0.860276 0.828292 -0.877672 0.747951 -0.786661 0.747766 -0.877672 0.747951 -0.792934 0.672053 -0.792934 0.672053 -0.877672 0.747951 -0.8829 0.665914 -0.792934 0.672053 -0.8829 0.665914 -0.875843 0.584014 -0.792934 0.672053 -0.875843 0.584014 -0.786661 0.596339 -0.786661 0.596339 -0.875843 0.584014 -0.856657 0.504081 -0.786661 0.596339 -0.856657 0.504081 -0.76801 0.522691 -0.76801 0.522691 -0.856657 0.504081 -0.825773 0.427901 -0.76801 0.522691 -0.825773 0.427901 -0.737492 0.453117 0.120792 0.747766 0.127065 0.672053 0.159904 0.916205 0.07999998 1.216494 0.45 1.216494 0.07999998 1.288053 0.07999998 1.288053 0.45 1.216494 0.45 1.288053 0.07999998 -1.288053 0.45 -1.288053 0.07999998 -1.216494 0.07999998 -1.216494 0.45 -1.288053 0.45 -1.216494 0.07999998 -1.216494 0.45 -1.216494 0.07999998 -1.144936 0.07999998 -1.144936 0.45 -1.216494 0.45 -1.144936 0.07999998 -1.144936 0.45 -1.144936 0.07999998 -1.073377 0.07999998 -1.073377 0.45 -1.144936 0.45 -1.073377 0.07999998 -1.073377 0.45 -1.073377 0.07999998 -1.001819 0.07999998 -1.001819 0.45 -1.073377 0.45 -1.001819 0.07999998 -1.001819 0.45 -1.001819 0.07999998 -0.93026 0.07999998 -0.93026 0.45 -1.001819 0.45 -0.93026 0.07999998 -0.93026 0.45 -0.93026 0.07999998 -0.858702 0.07999998 -0.858702 0.45 -0.93026 0.45 -0.858702 0.07999998 -0.858702 0.45 -0.858702 0.07999998 -0.787143 0.07999998 -0.787143 0.45 -0.858702 0.45 -0.787143 0.07999998 -0.787143 0.45 -0.787143 0.07999998 -0.715585 0.07999998 -0.715585 0.45 -0.787143 0.45 -0.715585 0.07999998 -0.715585 0.45 -0.715585 0.07999998 -0.644027 0.07999998 -0.644027 0.45 -0.715585 0.45 -0.644027 0.07999998 -0.644027 0.45 -0.644027 0.07999998 -0.572468 0.07999998 -0.572468 0.45 -0.644027 0.45 -0.572468 0.07999998 -0.572468 0.45 -0.572468 0.07999998 -0.50091 0.07999998 -0.50091 0.45 -0.572468 0.45 -0.50091 0.07999998 -0.50091 0.45 -0.50091 0.07999998 -0.429351 0.07999998 -0.429351 0.45 -0.50091 0.45 -0.429351 0.07999998 -0.429351 0.45 -0.429351 0.07999998 -0.357792 0.07999998 -0.357792 0.45 -0.429351 0.45 -0.357792 0.07999998 -0.357792 0.45 -0.357792 0.07999998 -0.286234 0.07999998 -0.286234 0.45 -0.357792 0.45 -0.286234 0.07999998 -0.286234 0.45 -0.286234 0.07999998 -0.214676 0.07999998 -0.214676 0.45 -0.286234 0.45 -0.214676 0.07999998 -0.214676 0.45 -0.214676 0.07999998 -0.143117 0.07999998 -0.143117 0.45 -0.214676 0.45 -0.143117 0.07999998 -0.143117 0.45 -0.143117 0.07999998 -0.07155799 0.07999998 -0.07155799 0.45 -0.143117 0.45 -0.07155799 0.07999998 -0.07155799 0.45 -0.07155799 0.07999998 0 0.07999998 0 0.45 -0.07155799 0.45 0 0.07999998 0 0.45 0 0.07999998 0.07155799 0.07999998 0.07155799 0.45 0 0.45 0.07155799 0.07999998 0.07155799 0.45 0.07155799 0.07999998 0.143117 0.07999998 0.143117 0.45 0.07155799 0.45 0.143117 0.07999998 0.143117 0.45 0.143117 0.07999998 0.214676 0.07999998 0.214676 0.45 0.143117 0.45 0.214676 0.07999998 0.214676 0.45 0.214676 0.07999998 0.286234 0.07999998 0.286234 0.45 0.214676 0.45 0.286234 0.07999998 0.286234 0.45 0.286234 0.07999998 0.357792 0.07999998 0.357792 0.45 0.286234 0.45 0.357792 0.07999998 0.357792 0.45 0.357792 0.07999998 0.429351 0.07999998 0.429351 0.45 0.357792 0.45 0.429351 0.07999998 0.429351 0.45 0.429351 0.07999998 0.50091 0.07999998 0.50091 0.45 0.429351 0.45 0.50091 0.07999998 0.50091 0.45 0.50091 0.07999998 0.572468 0.07999998 0.572468 0.45 0.50091 0.45 0.572468 0.07999998 0.572468 0.45 0.572468 0.07999998 0.644027 0.07999998 0.644027 0.45 0.572468 0.45 0.644027 0.07999998 0.644027 0.45 0.644027 0.07999998 0.715585 0.07999998 0.715585 0.45 0.644027 0.45 0.715585 0.07999998 0.715585 0.45 0.715585 0.07999998 0.787143 0.07999998 0.787143 0.45 0.715585 0.45 0.787143 0.07999998 0.787143 0.45 0.787143 0.07999998 0.858702 0.07999998 0.858702 0.45 0.787143 0.45 0.858702 0.07999998 0.858702 0.45 0.858702 0.07999998 0.93026 0.07999998 0.93026 0.45 0.858702 0.45 0.93026 0.07999998 0.93026 0.45 0.93026 0.07999998 1.001819 0.07999998 1.001819 0.45 0.93026 0.45 1.001819 0.07999998 1.001819 0.45 1.001819 0.07999998 1.073377 0.07999998 1.073377 0.45 1.001819 0.45 1.073377 0.07999998 1.073377 0.45 1.073377 0.07999998 1.144936 0.07999998 1.144936 0.45 1.073377 0.45 1.144936 0.07999998 1.144936 0.45 1.144936 0.07999998 1.216494 0.07999998 1.216494 0.45 1.144936 0.45 1.216494 -0.03535497 1.106697 0.03535497 1.112647 -0.03535497 1.178097 -0.03535497 1.178097 0.03535497 1.112647 0.03535497 1.178097 -0.03535497 -1.178097 0.03535497 -1.178097 0.03535497 -1.112647 0.03535497 1.112647 -0.03535497 1.106697 0.03535497 1.047198 0.03535497 1.047198 -0.03535497 1.106697 -0.03535497 1.035298 0.03535497 1.047198 -0.03535497 1.035298 0.03535497 0.981748 0.03535497 0.981748 -0.03535497 1.035298 -0.03535497 0.963898 0.03535497 0.981748 -0.03535497 0.963898 0.03535497 0.916298 0.03535497 0.916298 -0.03535497 0.963898 -0.03535497 0.892498 0.03535497 0.916298 -0.03535497 0.892498 0.03535497 0.850848 0.03535497 0.850848 -0.03535497 0.892498 -0.03535497 0.821098 0.03535497 0.850848 -0.03535497 0.821098 0.03535497 0.785398 0.03535497 0.785398 -0.03535497 0.821098 -0.03535497 0.749698 0.03535497 0.785398 -0.03535497 0.749698 0.03535497 0.719948 0.03535497 0.719948 -0.03535497 0.749698 -0.03535497 0.678298 0.03535497 0.719948 -0.03535497 0.678298 0.03535497 0.654498 0.03535497 0.654498 -0.03535497 0.678298 -0.03535497 0.606899 0.03535497 0.654498 -0.03535497 0.606899 0.03535497 0.589049 0.03535497 0.589049 -0.03535497 0.606899 -0.03535497 0.535499 0.03535497 0.589049 -0.03535497 0.535499 0.03535497 0.523599 0.03535497 0.523599 -0.03535497 0.535499 -0.03535497 0.464099 0.03535497 0.523599 -0.03535497 0.464099 0.03535497 0.458149 0.03535497 0.458149 -0.03535497 0.464099 -0.03535497 0.392699 0.03535497 0.458149 -0.03535497 0.392699 0.03535497 0.392699 0.03535497 0.392699 -0.03535497 0.392699 0.03535497 0.327249 0.03535497 0.327249 -0.03535497 0.392699 -0.03535497 0.321299 0.03535497 0.327249 -0.03535497 0.321299 0.03535497 0.261799 0.03535497 0.261799 -0.03535497 0.321299 -0.03535497 0.249899 0.03535497 0.261799 -0.03535497 0.249899 0.03535497 0.19635 0.03535497 0.19635 -0.03535497 0.249899 -0.03535497 0.1784999 0.03535497 0.19635 -0.03535497 0.1784999 0.03535497 0.1309 0.03535497 0.1309 -0.03535497 0.1784999 -0.03535497 0.1071 0.03535497 0.1309 -0.03535497 0.1071 0.03535497 0.06544995 0.03535497 0.06544995 -0.03535497 0.1071 -0.03535497 0.03569996 0.03535497 0.06544995 -0.03535497 0.03569996 0.03535497 0 0.03535497 0 -0.03535497 0.03569996 -0.03535497 -0.03569996 0.03535497 0 -0.03535497 -0.03569996 0.03535497 -0.06544995 0.03535497 -0.06544995 -0.03535497 -0.03569996 -0.03535497 -0.1071 0.03535497 -0.06544995 -0.03535497 -0.1071 0.03535497 -0.1309 0.03535497 -0.1309 -0.03535497 -0.1071 -0.03535497 -0.1784999 0.03535497 -0.1309 -0.03535497 -0.1784999 0.03535497 -0.19635 0.03535497 -0.19635 -0.03535497 -0.1784999 -0.03535497 -0.249899 0.03535497 -0.19635 -0.03535497 -0.249899 0.03535497 -0.261799 0.03535497 -0.261799 -0.03535497 -0.249899 -0.03535497 -0.321299 0.03535497 -0.261799 -0.03535497 -0.321299 0.03535497 -0.327249 0.03535497 -0.327249 -0.03535497 -0.321299 -0.03535497 -0.392699 0.03535497 -0.327249 -0.03535497 -0.392699 0.03535497 -0.392699 0.03535497 -0.392699 -0.03535497 -0.392699 0.03535497 -0.458149 0.03535497 -0.458149 -0.03535497 -0.392699 -0.03535497 -0.464099 0.03535497 -0.458149 -0.03535497 -0.464099 0.03535497 -0.523599 0.03535497 -0.523599 -0.03535497 -0.464099 -0.03535497 -0.535499 0.03535497 -0.523599 -0.03535497 -0.535499 0.03535497 -0.589049 0.03535497 -0.589049 -0.03535497 -0.535499 -0.03535497 -0.606899 0.03535497 -0.589049 -0.03535497 -0.606899 0.03535497 -0.654498 0.03535497 -0.654498 -0.03535497 -0.606899 -0.03535497 -0.678298 0.03535497 -0.654498 -0.03535497 -0.678298 0.03535497 -0.719948 0.03535497 -0.719948 -0.03535497 -0.678298 -0.03535497 -0.749698 0.03535497 -0.719948 -0.03535497 -0.749698 0.03535497 -0.785398 0.03535497 -0.785398 -0.03535497 -0.749698 -0.03535497 -0.821098 0.03535497 -0.785398 -0.03535497 -0.821098 0.03535497 -0.850848 0.03535497 -0.850848 -0.03535497 -0.821098 -0.03535497 -0.892498 0.03535497 -0.850848 -0.03535497 -0.892498 0.03535497 -0.916298 0.03535497 -0.916298 -0.03535497 -0.892498 -0.03535497 -0.963898 0.03535497 -0.916298 -0.03535497 -0.963898 0.03535497 -0.981748 0.03535497 -0.981748 -0.03535497 -0.963898 -0.03535497 -1.035298 0.03535497 -0.981748 -0.03535497 -1.035298 0.03535497 -1.047198 0.03535497 -1.047198 -0.03535497 -1.035298 -0.03535497 -1.106697 0.03535497 -1.047198 -0.03535497 -1.106697 0.03535497 -1.112647 0.03535497 -1.112647 -0.03535497 -1.106697 -0.03535497 -1.178097 0 1.032918 0.02999997 1.032918 0 1.099557 0 1.099557 0.02999997 1.032918 0.02999997 1.099557 0 -1.099557 0.02999997 -1.099557 0 -1.032918 0 -1.032918 0.02999997 -1.099557 0.02999997 -1.032918 0 -1.032918 0.02999997 -1.032918 0 -0.966278 0 -0.966278 0.02999997 -1.032918 0.02999997 -0.966278 0 -0.966278 0.02999997 -0.966278 0 -0.899638 0 -0.899638 0.02999997 -0.966278 0.02999997 -0.899638 0 -0.899638 0.02999997 -0.899638 0 -0.832998 0 -0.832998 0.02999997 -0.899638 0.02999997 -0.832998 0 -0.832998 0.02999997 -0.832998 0 -0.766358 0 -0.766358 0.02999997 -0.832998 0.02999997 -0.766358 0 -0.766358 0.02999997 -0.766358 0 -0.699718 0 -0.699718 0.02999997 -0.766358 0.02999997 -0.699718 0 -0.699718 0.02999997 -0.699718 0 -0.633079 0 -0.633079 0.02999997 -0.699718 0.02999997 -0.633079 0 -0.633079 0.02999997 -0.633079 0 -0.566439 0 -0.566439 0.02999997 -0.633079 0.02999997 -0.566439 0 -0.566439 0.02999997 -0.566439 0 -0.499799 0 -0.499799 0.02999997 -0.566439 0.02999997 -0.499799 0 -0.499799 0.02999997 -0.499799 0 -0.433159 0 -0.433159 0.02999997 -0.499799 0.02999997 -0.433159 0 -0.433159 0.02999997 -0.433159 0 -0.366519 0 -0.366519 0.02999997 -0.433159 0.02999997 -0.366519 0 -0.366519 0.02999997 -0.366519 0 -0.299879 0 -0.299879 0.02999997 -0.366519 0.02999997 -0.299879 0 -0.299879 0.02999997 -0.299879 0 -0.2332389 0 -0.2332389 0.02999997 -0.299879 0.02999997 -0.2332389 0 -0.2332389 0.02999997 -0.2332389 0 -0.1665999 0 -0.1665999 0.02999997 -0.2332389 0.02999997 -0.1665999 0 -0.1665999 0.02999997 -0.1665999 0 -0.09995996 0 -0.09995996 0.02999997 -0.1665999 0.02999997 -0.09995996 0 -0.09995996 0.02999997 -0.09995996 0 -0.03331995 0 -0.03331995 0.02999997 -0.09995996 0.02999997 -0.03331995 0 -0.03331995 0.02999997 -0.03331995 0 0.03331995 0 0.03331995 0.02999997 -0.03331995 0.02999997 0.03331995 0 0.03331995 0.02999997 0.03331995 0 0.09995996 0 0.09995996 0.02999997 0.03331995 0.02999997 0.09995996 0 0.09995996 0.02999997 0.09995996 0 0.1665999 0 0.1665999 0.02999997 0.09995996 0.02999997 0.1665999 0 0.1665999 0.02999997 0.1665999 0 0.2332389 0 0.2332389 0.02999997 0.1665999 0.02999997 0.2332389 0 0.2332389 0.02999997 0.2332389 0 0.299879 0 0.299879 0.02999997 0.2332389 0.02999997 0.299879 0 0.299879 0.02999997 0.299879 0 0.366519 0 0.366519 0.02999997 0.299879 0.02999997 0.366519 0 0.366519 0.02999997 0.366519 0 0.433159 0 0.433159 0.02999997 0.366519 0.02999997 0.433159 0 0.433159 0.02999997 0.433159 0 0.499799 0 0.499799 0.02999997 0.433159 0.02999997 0.499799 0 0.499799 0.02999997 0.499799 0 0.566439 0 0.566439 0.02999997 0.499799 0.02999997 0.566439 0 0.566439 0.02999997 0.566439 0 0.633079 0 0.633079 0.02999997 0.566439 0.02999997 0.633079 0 0.633079 0.02999997 0.633079 0 0.699718 0 0.699718 0.02999997 0.633079 0.02999997 0.699718 0 0.699718 0.02999997 0.699718 0 0.766358 0 0.766358 0.02999997 0.699718 0.02999997 0.766358 0 0.766358 0.02999997 0.766358 0 0.832998 0 0.832998 0.02999997 0.766358 0.02999997 0.832998 0 0.832998 0.02999997 0.832998 0 0.899638 0 0.899638 0.02999997 0.832998 0.02999997 0.899638 0 0.899638 0.02999997 0.899638 0 0.966278 0 0.966278 0.02999997 0.899638 0.02999997 0.966278 0 0.966278 0.02999997 0.966278 0 1.032918 0 1.032918 0.02999997 0.966278 0.02999997 1.032918 -0.403771 -0.07119596 -0.393923 -0.06945896 -0.41 0 -0.41 0 -0.393923 -0.06945896 -0.4 0 -0.41 0 -0.4 0 -0.393923 0.06945896 -0.393923 -0.06945896 -0.403771 -0.07119596 -0.375877 -0.136808 -0.375877 -0.136808 -0.403771 -0.07119596 -0.385274 -0.140228 -0.375877 -0.136808 -0.385274 -0.140228 -0.34641 -0.2 -0.34641 -0.2 -0.385274 -0.140228 -0.35507 -0.205 -0.34641 -0.2 -0.35507 -0.205 -0.306418 -0.257115 -0.306418 -0.257115 -0.35507 -0.205 -0.314078 -0.263543 -0.306418 -0.257115 -0.314078 -0.263543 -0.257115 -0.306418 -0.257115 -0.306418 -0.314078 -0.263543 -0.263543 -0.314078 -0.257115 -0.306418 -0.263543 -0.314078 -0.2 -0.34641 -0.2 -0.34641 -0.263543 -0.314078 -0.205 -0.35507 -0.2 -0.34641 -0.205 -0.35507 -0.136808 -0.375877 -0.136808 -0.375877 -0.205 -0.35507 -0.140228 -0.385274 -0.136808 -0.375877 -0.140228 -0.385274 -0.06945896 -0.393923 -0.06945896 -0.393923 -0.140228 -0.385274 -0.07119596 -0.403771 -0.06945896 -0.393923 -0.07119596 -0.403771 0 -0.4 0 -0.4 -0.07119596 -0.403771 0 -0.41 0 -0.4 0 -0.41 0.07119596 -0.403771 0 -0.4 0.07119596 -0.403771 0.06945896 -0.393923 0.06945896 -0.393923 0.07119596 -0.403771 0.140228 -0.385274 0.06945896 -0.393923 0.140228 -0.385274 0.136808 -0.375877 0.136808 -0.375877 0.140228 -0.385274 0.205 -0.35507 0.136808 -0.375877 0.205 -0.35507 0.2 -0.34641 0.2 -0.34641 0.205 -0.35507 0.263543 -0.314078 0.2 -0.34641 0.263543 -0.314078 0.257115 -0.306418 0.257115 -0.306418 0.263543 -0.314078 0.314078 -0.263543 0.257115 -0.306418 0.314078 -0.263543 0.306418 -0.257115 0.306418 -0.257115 0.314078 -0.263543 0.35507 -0.205 0.306418 -0.257115 0.35507 -0.205 0.34641 -0.2 0.34641 -0.2 0.35507 -0.205 0.385274 -0.140228 0.34641 -0.2 0.385274 -0.140228 0.375877 -0.136808 0.375877 -0.136808 0.385274 -0.140228 0.403771 -0.07119596 0.375877 -0.136808 0.403771 -0.07119596 0.393923 -0.06945896 0.393923 -0.06945896 0.403771 -0.07119596 0.4 0 0.4 0 0.403771 -0.07119596 0.41 0 0.4 0 0.41 0 0.393923 0.06945896 0.393923 0.06945896 0.41 0 0.403771 0.07119596 0.393923 0.06945896 0.403771 0.07119596 0.375877 0.136808 0.375877 0.136808 0.403771 0.07119596 0.385274 0.140228 0.375877 0.136808 0.385274 0.140228 0.34641 0.2 0.34641 0.2 0.385274 0.140228 0.35507 0.205 0.34641 0.2 0.35507 0.205 0.306418 0.257115 0.306418 0.257115 0.35507 0.205 0.314078 0.263543 0.306418 0.257115 0.314078 0.263543 0.257115 0.306418 0.257115 0.306418 0.314078 0.263543 0.263543 0.314078 0.257115 0.306418 0.263543 0.314078 0.2 0.34641 0.2 0.34641 0.263543 0.314078 0.205 0.35507 0.2 0.34641 0.205 0.35507 0.136808 0.375877 0.136808 0.375877 0.205 0.35507 0.140228 0.385274 0.136808 0.375877 0.140228 0.385274 0.06945896 0.393923 0.06945896 0.393923 0.140228 0.385274 0.07119596 0.403771 0.06945896 0.393923 0.07119596 0.403771 0 0.4 0 0.4 0.07119596 0.403771 0 0.41 0 0.4 0 0.41 -0.07119596 0.403771 0 0.4 -0.07119596 0.403771 -0.06945896 0.393923 -0.06945896 0.393923 -0.07119596 0.403771 -0.140228 0.385274 -0.06945896 0.393923 -0.140228 0.385274 -0.136808 0.375877 -0.136808 0.375877 -0.140228 0.385274 -0.205 0.35507 -0.136808 0.375877 -0.205 0.35507 -0.2 0.34641 -0.2 0.34641 -0.205 0.35507 -0.263543 0.314078 -0.2 0.34641 -0.263543 0.314078 -0.257115 0.306418 -0.257115 0.306418 -0.263543 0.314078 -0.314078 0.263543 -0.257115 0.306418 -0.314078 0.263543 -0.306418 0.257115 -0.306418 0.257115 -0.314078 0.263543 -0.35507 0.205 -0.306418 0.257115 -0.35507 0.205 -0.34641 0.2 -0.34641 0.2 -0.35507 0.205 -0.385274 0.140228 -0.34641 0.2 -0.385274 0.140228 -0.375877 0.136808 -0.375877 0.136808 -0.385274 0.140228 -0.403771 0.07119596 -0.375877 0.136808 -0.403771 0.07119596 -0.393923 0.06945896 -0.393923 0.06945896 -0.403771 0.07119596 -0.41 0 -0.03535497 1.106697 0.03535497 1.112647 -0.03535497 1.178097 -0.03535497 1.178097 0.03535497 1.112647 0.03535497 1.178097 -0.03535497 -1.178097 0.03535497 -1.178097 0.03535497 -1.112647 0.03535497 1.112647 -0.03535497 1.106697 0.03535497 1.047198 0.03535497 1.047198 -0.03535497 1.106697 -0.03535497 1.035298 0.03535497 1.047198 -0.03535497 1.035298 0.03535497 0.981748 0.03535497 0.981748 -0.03535497 1.035298 -0.03535497 0.963898 0.03535497 0.981748 -0.03535497 0.963898 0.03535497 0.916298 0.03535497 0.916298 -0.03535497 0.963898 -0.03535497 0.892498 0.03535497 0.916298 -0.03535497 0.892498 0.03535497 0.850848 0.03535497 0.850848 -0.03535497 0.892498 -0.03535497 0.821098 0.03535497 0.850848 -0.03535497 0.821098 0.03535497 0.785398 0.03535497 0.785398 -0.03535497 0.821098 -0.03535497 0.749698 0.03535497 0.785398 -0.03535497 0.749698 0.03535497 0.719948 0.03535497 0.719948 -0.03535497 0.749698 -0.03535497 0.678298 0.03535497 0.719948 -0.03535497 0.678298 0.03535497 0.654498 0.03535497 0.654498 -0.03535497 0.678298 -0.03535497 0.606899 0.03535497 0.654498 -0.03535497 0.606899 0.03535497 0.589049 0.03535497 0.589049 -0.03535497 0.606899 -0.03535497 0.535499 0.03535497 0.589049 -0.03535497 0.535499 0.03535497 0.523599 0.03535497 0.523599 -0.03535497 0.535499 -0.03535497 0.464099 0.03535497 0.523599 -0.03535497 0.464099 0.03535497 0.458149 0.03535497 0.458149 -0.03535497 0.464099 -0.03535497 0.392699 0.03535497 0.458149 -0.03535497 0.392699 0.03535497 0.392699 0.03535497 0.392699 -0.03535497 0.392699 0.03535497 0.327249 0.03535497 0.327249 -0.03535497 0.392699 -0.03535497 0.321299 0.03535497 0.327249 -0.03535497 0.321299 0.03535497 0.261799 0.03535497 0.261799 -0.03535497 0.321299 -0.03535497 0.249899 0.03535497 0.261799 -0.03535497 0.249899 0.03535497 0.19635 0.03535497 0.19635 -0.03535497 0.249899 -0.03535497 0.1784999 0.03535497 0.19635 -0.03535497 0.1784999 0.03535497 0.1309 0.03535497 0.1309 -0.03535497 0.1784999 -0.03535497 0.1071 0.03535497 0.1309 -0.03535497 0.1071 0.03535497 0.06544995 0.03535497 0.06544995 -0.03535497 0.1071 -0.03535497 0.03569996 0.03535497 0.06544995 -0.03535497 0.03569996 0.03535497 0 0.03535497 0 -0.03535497 0.03569996 -0.03535497 -0.03569996 0.03535497 0 -0.03535497 -0.03569996 0.03535497 -0.06544995 0.03535497 -0.06544995 -0.03535497 -0.03569996 -0.03535497 -0.1071 0.03535497 -0.06544995 -0.03535497 -0.1071 0.03535497 -0.1309 0.03535497 -0.1309 -0.03535497 -0.1071 -0.03535497 -0.1784999 0.03535497 -0.1309 -0.03535497 -0.1784999 0.03535497 -0.19635 0.03535497 -0.19635 -0.03535497 -0.1784999 -0.03535497 -0.249899 0.03535497 -0.19635 -0.03535497 -0.249899 0.03535497 -0.261799 0.03535497 -0.261799 -0.03535497 -0.249899 -0.03535497 -0.321299 0.03535497 -0.261799 -0.03535497 -0.321299 0.03535497 -0.327249 0.03535497 -0.327249 -0.03535497 -0.321299 -0.03535497 -0.392699 0.03535497 -0.327249 -0.03535497 -0.392699 0.03535497 -0.392699 0.03535497 -0.392699 -0.03535497 -0.392699 0.03535497 -0.458149 0.03535497 -0.458149 -0.03535497 -0.392699 -0.03535497 -0.464099 0.03535497 -0.458149 -0.03535497 -0.464099 0.03535497 -0.523599 0.03535497 -0.523599 -0.03535497 -0.464099 -0.03535497 -0.535499 0.03535497 -0.523599 -0.03535497 -0.535499 0.03535497 -0.589049 0.03535497 -0.589049 -0.03535497 -0.535499 -0.03535497 -0.606899 0.03535497 -0.589049 -0.03535497 -0.606899 0.03535497 -0.654498 0.03535497 -0.654498 -0.03535497 -0.606899 -0.03535497 -0.678298 0.03535497 -0.654498 -0.03535497 -0.678298 0.03535497 -0.719948 0.03535497 -0.719948 -0.03535497 -0.678298 -0.03535497 -0.749698 0.03535497 -0.719948 -0.03535497 -0.749698 0.03535497 -0.785398 0.03535497 -0.785398 -0.03535497 -0.749698 -0.03535497 -0.821098 0.03535497 -0.785398 -0.03535497 -0.821098 0.03535497 -0.850848 0.03535497 -0.850848 -0.03535497 -0.821098 -0.03535497 -0.892498 0.03535497 -0.850848 -0.03535497 -0.892498 0.03535497 -0.916298 0.03535497 -0.916298 -0.03535497 -0.892498 -0.03535497 -0.963898 0.03535497 -0.916298 -0.03535497 -0.963898 0.03535497 -0.981748 0.03535497 -0.981748 -0.03535497 -0.963898 -0.03535497 -1.035298 0.03535497 -0.981748 -0.03535497 -1.035298 0.03535497 -1.047198 0.03535497 -1.047198 -0.03535497 -1.035298 -0.03535497 -1.106697 0.03535497 -1.047198 -0.03535497 -1.106697 0.03535497 -1.112647 0.03535497 -1.112647 -0.03535497 -1.106697 -0.03535497 -1.178097 0 1.032918 0.02999997 1.032918 0 1.099557 0 1.099557 0.02999997 1.032918 0.02999997 1.099557 0 -1.099557 0.02999997 -1.099557 0 -1.032918 0 -1.032918 0.02999997 -1.099557 0.02999997 -1.032918 0 -1.032918 0.02999997 -1.032918 0 -0.966278 0 -0.966278 0.02999997 -1.032918 0.02999997 -0.966278 0 -0.966278 0.02999997 -0.966278 0 -0.899638 0 -0.899638 0.02999997 -0.966278 0.02999997 -0.899638 0 -0.899638 0.02999997 -0.899638 0 -0.832998 0 -0.832998 0.02999997 -0.899638 0.02999997 -0.832998 0 -0.832998 0.02999997 -0.832998 0 -0.766358 0 -0.766358 0.02999997 -0.832998 0.02999997 -0.766358 0 -0.766358 0.02999997 -0.766358 0 -0.699718 0 -0.699718 0.02999997 -0.766358 0.02999997 -0.699718 0 -0.699718 0.02999997 -0.699718 0 -0.633079 0 -0.633079 0.02999997 -0.699718 0.02999997 -0.633079 0 -0.633079 0.02999997 -0.633079 0 -0.566439 0 -0.566439 0.02999997 -0.633079 0.02999997 -0.566439 0 -0.566439 0.02999997 -0.566439 0 -0.499799 0 -0.499799 0.02999997 -0.566439 0.02999997 -0.499799 0 -0.499799 0.02999997 -0.499799 0 -0.433159 0 -0.433159 0.02999997 -0.499799 0.02999997 -0.433159 0 -0.433159 0.02999997 -0.433159 0 -0.366519 0 -0.366519 0.02999997 -0.433159 0.02999997 -0.366519 0 -0.366519 0.02999997 -0.366519 0 -0.299879 0 -0.299879 0.02999997 -0.366519 0.02999997 -0.299879 0 -0.299879 0.02999997 -0.299879 0 -0.2332389 0 -0.2332389 0.02999997 -0.299879 0.02999997 -0.2332389 0 -0.2332389 0.02999997 -0.2332389 0 -0.1665999 0 -0.1665999 0.02999997 -0.2332389 0.02999997 -0.1665999 0 -0.1665999 0.02999997 -0.1665999 0 -0.09995996 0 -0.09995996 0.02999997 -0.1665999 0.02999997 -0.09995996 0 -0.09995996 0.02999997 -0.09995996 0 -0.03331995 0 -0.03331995 0.02999997 -0.09995996 0.02999997 -0.03331995 0 -0.03331995 0.02999997 -0.03331995 0 0.03331995 0 0.03331995 0.02999997 -0.03331995 0.02999997 0.03331995 0 0.03331995 0.02999997 0.03331995 0 0.09995996 0 0.09995996 0.02999997 0.03331995 0.02999997 0.09995996 0 0.09995996 0.02999997 0.09995996 0 0.1665999 0 0.1665999 0.02999997 0.09995996 0.02999997 0.1665999 0 0.1665999 0.02999997 0.1665999 0 0.2332389 0 0.2332389 0.02999997 0.1665999 0.02999997 0.2332389 0 0.2332389 0.02999997 0.2332389 0 0.299879 0 0.299879 0.02999997 0.2332389 0.02999997 0.299879 0 0.299879 0.02999997 0.299879 0 0.366519 0 0.366519 0.02999997 0.299879 0.02999997 0.366519 0 0.366519 0.02999997 0.366519 0 0.433159 0 0.433159 0.02999997 0.366519 0.02999997 0.433159 0 0.433159 0.02999997 0.433159 0 0.499799 0 0.499799 0.02999997 0.433159 0.02999997 0.499799 0 0.499799 0.02999997 0.499799 0 0.566439 0 0.566439 0.02999997 0.499799 0.02999997 0.566439 0 0.566439 0.02999997 0.566439 0 0.633079 0 0.633079 0.02999997 0.566439 0.02999997 0.633079 0 0.633079 0.02999997 0.633079 0 0.699718 0 0.699718 0.02999997 0.633079 0.02999997 0.699718 0 0.699718 0.02999997 0.699718 0 0.766358 0 0.766358 0.02999997 0.699718 0.02999997 0.766358 0 0.766358 0.02999997 0.766358 0 0.832998 0 0.832998 0.02999997 0.766358 0.02999997 0.832998 0 0.832998 0.02999997 0.832998 0 0.899638 0 0.899638 0.02999997 0.832998 0.02999997 0.899638 0 0.899638 0.02999997 0.899638 0 0.966278 0 0.966278 0.02999997 0.899638 0.02999997 0.966278 0 0.966278 0.02999997 0.966278 0 1.032918 0 1.032918 0.02999997 0.966278 0.02999997 1.032918 -0.403771 -0.07119596 -0.393923 -0.06945896 -0.41 0 -0.41 0 -0.393923 -0.06945896 -0.4 0 -0.41 0 -0.4 0 -0.393923 0.06945896 -0.393923 -0.06945896 -0.403771 -0.07119596 -0.375877 -0.136808 -0.375877 -0.136808 -0.403771 -0.07119596 -0.385274 -0.140228 -0.375877 -0.136808 -0.385274 -0.140228 -0.34641 -0.2 -0.34641 -0.2 -0.385274 -0.140228 -0.35507 -0.205 -0.34641 -0.2 -0.35507 -0.205 -0.306418 -0.257115 -0.306418 -0.257115 -0.35507 -0.205 -0.314078 -0.263543 -0.306418 -0.257115 -0.314078 -0.263543 -0.257115 -0.306418 -0.257115 -0.306418 -0.314078 -0.263543 -0.263543 -0.314078 -0.257115 -0.306418 -0.263543 -0.314078 -0.2 -0.34641 -0.2 -0.34641 -0.263543 -0.314078 -0.205 -0.35507 -0.2 -0.34641 -0.205 -0.35507 -0.136808 -0.375877 -0.136808 -0.375877 -0.205 -0.35507 -0.140228 -0.385274 -0.136808 -0.375877 -0.140228 -0.385274 -0.06945896 -0.393923 -0.06945896 -0.393923 -0.140228 -0.385274 -0.07119596 -0.403771 -0.06945896 -0.393923 -0.07119596 -0.403771 0 -0.4 0 -0.4 -0.07119596 -0.403771 0 -0.41 0 -0.4 0 -0.41 0.07119596 -0.403771 0 -0.4 0.07119596 -0.403771 0.06945896 -0.393923 0.06945896 -0.393923 0.07119596 -0.403771 0.140228 -0.385274 0.06945896 -0.393923 0.140228 -0.385274 0.136808 -0.375877 0.136808 -0.375877 0.140228 -0.385274 0.205 -0.35507 0.136808 -0.375877 0.205 -0.35507 0.2 -0.34641 0.2 -0.34641 0.205 -0.35507 0.263543 -0.314078 0.2 -0.34641 0.263543 -0.314078 0.257115 -0.306418 0.257115 -0.306418 0.263543 -0.314078 0.314078 -0.263543 0.257115 -0.306418 0.314078 -0.263543 0.306418 -0.257115 0.306418 -0.257115 0.314078 -0.263543 0.35507 -0.205 0.306418 -0.257115 0.35507 -0.205 0.34641 -0.2 0.34641 -0.2 0.35507 -0.205 0.385274 -0.140228 0.34641 -0.2 0.385274 -0.140228 0.375877 -0.136808 0.375877 -0.136808 0.385274 -0.140228 0.403771 -0.07119596 0.375877 -0.136808 0.403771 -0.07119596 0.393923 -0.06945896 0.393923 -0.06945896 0.403771 -0.07119596 0.4 0 0.4 0 0.403771 -0.07119596 0.41 0 0.4 0 0.41 0 0.393923 0.06945896 0.393923 0.06945896 0.41 0 0.403771 0.07119596 0.393923 0.06945896 0.403771 0.07119596 0.375877 0.136808 0.375877 0.136808 0.403771 0.07119596 0.385274 0.140228 0.375877 0.136808 0.385274 0.140228 0.34641 0.2 0.34641 0.2 0.385274 0.140228 0.35507 0.205 0.34641 0.2 0.35507 0.205 0.306418 0.257115 0.306418 0.257115 0.35507 0.205 0.314078 0.263543 0.306418 0.257115 0.314078 0.263543 0.257115 0.306418 0.257115 0.306418 0.314078 0.263543 0.263543 0.314078 0.257115 0.306418 0.263543 0.314078 0.2 0.34641 0.2 0.34641 0.263543 0.314078 0.205 0.35507 0.2 0.34641 0.205 0.35507 0.136808 0.375877 0.136808 0.375877 0.205 0.35507 0.140228 0.385274 0.136808 0.375877 0.140228 0.385274 0.06945896 0.393923 0.06945896 0.393923 0.140228 0.385274 0.07119596 0.403771 0.06945896 0.393923 0.07119596 0.403771 0 0.4 0 0.4 0.07119596 0.403771 0 0.41 0 0.4 0 0.41 -0.07119596 0.403771 0 0.4 -0.07119596 0.403771 -0.06945896 0.393923 -0.06945896 0.393923 -0.07119596 0.403771 -0.140228 0.385274 -0.06945896 0.393923 -0.140228 0.385274 -0.136808 0.375877 -0.136808 0.375877 -0.140228 0.385274 -0.205 0.35507 -0.136808 0.375877 -0.205 0.35507 -0.2 0.34641 -0.2 0.34641 -0.205 0.35507 -0.263543 0.314078 -0.2 0.34641 -0.263543 0.314078 -0.257115 0.306418 -0.257115 0.306418 -0.263543 0.314078 -0.314078 0.263543 -0.257115 0.306418 -0.314078 0.263543 -0.306418 0.257115 -0.306418 0.257115 -0.314078 0.263543 -0.35507 0.205 -0.306418 0.257115 -0.35507 0.205 -0.34641 0.2 -0.34641 0.2 -0.35507 0.205 -0.385274 0.140228 -0.34641 0.2 -0.385274 0.140228 -0.375877 0.136808 -0.375877 0.136808 -0.385274 0.140228 -0.403771 0.07119596 -0.375877 0.136808 -0.403771 0.07119596 -0.393923 0.06945896 -0.393923 0.06945896 -0.403771 0.07119596 -0.41 0 -0.03535497 1.290671 0.03535497 1.294667 -0.03535497 1.366593 -0.03535497 1.366593 0.03535497 1.294667 0.03535497 1.366593 -0.03535497 -1.366593 0.03535497 -1.366593 0.03535497 -1.294667 0.03535497 1.294667 -0.03535497 1.290671 0.03535497 1.222741 0.03535497 1.222741 -0.03535497 1.290671 -0.03535497 1.214749 0.03535497 1.222741 -0.03535497 1.214749 0.03535497 1.150815 0.03535497 1.150815 -0.03535497 1.214749 -0.03535497 1.138827 0.03535497 1.150815 -0.03535497 1.138827 0.03535497 1.078889 0.03535497 1.078889 -0.03535497 1.138827 -0.03535497 1.062906 0.03535497 1.078889 -0.03535497 1.062906 0.03535497 1.006963 0.03535497 1.006963 -0.03535497 1.062906 -0.03535497 0.986984 0.03535497 1.006963 -0.03535497 0.986984 0.03535497 0.935037 0.03535497 0.935037 -0.03535497 0.986984 -0.03535497 0.911062 0.03535497 0.935037 -0.03535497 0.911062 0.03535497 0.863111 0.03535497 0.863111 -0.03535497 0.911062 -0.03535497 0.83514 0.03535497 0.863111 -0.03535497 0.83514 0.03535497 0.791185 0.03535497 0.791185 -0.03535497 0.83514 -0.03535497 0.759218 0.03535497 0.791185 -0.03535497 0.759218 0.03535497 0.719259 0.03535497 0.719259 -0.03535497 0.759218 -0.03535497 0.683296 0.03535497 0.719259 -0.03535497 0.683296 0.03535497 0.647333 0.03535497 0.647333 -0.03535497 0.683296 -0.03535497 0.607375 0.03535497 0.647333 -0.03535497 0.607375 0.03535497 0.575408 0.03535497 0.575408 -0.03535497 0.607375 -0.03535497 0.531453 0.03535497 0.575408 -0.03535497 0.531453 0.03535497 0.503482 0.03535497 0.503482 -0.03535497 0.531453 -0.03535497 0.455531 0.03535497 0.503482 -0.03535497 0.455531 0.03535497 0.431556 0.03535497 0.431556 -0.03535497 0.455531 -0.03535497 0.379609 0.03535497 0.431556 -0.03535497 0.379609 0.03535497 0.35963 0.03535497 0.35963 -0.03535497 0.379609 -0.03535497 0.303687 0.03535497 0.35963 -0.03535497 0.303687 0.03535497 0.287704 0.03535497 0.287704 -0.03535497 0.303687 -0.03535497 0.227765 0.03535497 0.287704 -0.03535497 0.227765 0.03535497 0.2157779 0.03535497 0.2157779 -0.03535497 0.227765 -0.03535497 0.151844 0.03535497 0.2157779 -0.03535497 0.151844 0.03535497 0.1438519 0.03535497 0.1438519 -0.03535497 0.151844 -0.03535497 0.07592195 0.03535497 0.1438519 -0.03535497 0.07592195 0.03535497 0.07192599 0.03535497 0.07192599 -0.03535497 0.07592195 -0.03535497 0 0.03535497 0.07192599 -0.03535497 0 0.03535497 0 0.03535497 0 -0.03535497 0 0.03535497 -0.07192599 0.03535497 -0.07192599 -0.03535497 0 -0.03535497 -0.07592195 0.03535497 -0.07192599 -0.03535497 -0.07592195 0.03535497 -0.1438519 0.03535497 -0.1438519 -0.03535497 -0.07592195 -0.03535497 -0.151844 0.03535497 -0.1438519 -0.03535497 -0.151844 0.03535497 -0.2157779 0.03535497 -0.2157779 -0.03535497 -0.151844 -0.03535497 -0.227765 0.03535497 -0.2157779 -0.03535497 -0.227765 0.03535497 -0.287704 0.03535497 -0.287704 -0.03535497 -0.227765 -0.03535497 -0.303687 0.03535497 -0.287704 -0.03535497 -0.303687 0.03535497 -0.35963 0.03535497 -0.35963 -0.03535497 -0.303687 -0.03535497 -0.379609 0.03535497 -0.35963 -0.03535497 -0.379609 0.03535497 -0.431556 0.03535497 -0.431556 -0.03535497 -0.379609 -0.03535497 -0.455531 0.03535497 -0.431556 -0.03535497 -0.455531 0.03535497 -0.503482 0.03535497 -0.503482 -0.03535497 -0.455531 -0.03535497 -0.531453 0.03535497 -0.503482 -0.03535497 -0.531453 0.03535497 -0.575408 0.03535497 -0.575408 -0.03535497 -0.531453 -0.03535497 -0.607375 0.03535497 -0.575408 -0.03535497 -0.607375 0.03535497 -0.647333 0.03535497 -0.647333 -0.03535497 -0.607375 -0.03535497 -0.683296 0.03535497 -0.647333 -0.03535497 -0.683296 0.03535497 -0.719259 0.03535497 -0.719259 -0.03535497 -0.683296 -0.03535497 -0.759218 0.03535497 -0.719259 -0.03535497 -0.759218 0.03535497 -0.791185 0.03535497 -0.791185 -0.03535497 -0.759218 -0.03535497 -0.83514 0.03535497 -0.791185 -0.03535497 -0.83514 0.03535497 -0.863111 0.03535497 -0.863111 -0.03535497 -0.83514 -0.03535497 -0.911062 0.03535497 -0.863111 -0.03535497 -0.911062 0.03535497 -0.935037 0.03535497 -0.935037 -0.03535497 -0.911062 -0.03535497 -0.986984 0.03535497 -0.935037 -0.03535497 -0.986984 0.03535497 -1.006963 0.03535497 -1.006963 -0.03535497 -0.986984 -0.03535497 -1.062906 0.03535497 -1.006963 -0.03535497 -1.062906 0.03535497 -1.078889 0.03535497 -1.078889 -0.03535497 -1.062906 -0.03535497 -1.138827 0.03535497 -1.078889 -0.03535497 -1.138827 0.03535497 -1.150815 0.03535497 -1.150815 -0.03535497 -1.138827 -0.03535497 -1.214749 0.03535497 -1.150815 -0.03535497 -1.214749 0.03535497 -1.222741 0.03535497 -1.222741 -0.03535497 -1.214749 -0.03535497 -1.290671 0.03535497 -1.222741 -0.03535497 -1.290671 0.03535497 -1.294667 0.03535497 -1.294667 -0.03535497 -1.290671 -0.03535497 -1.366593 0.07999998 1.216494 0.45 1.216494 0.07999998 1.288053 0.07999998 1.288053 0.45 1.216494 0.45 1.288053 0.07999998 -1.288053 0.45 -1.288053 0.07999998 -1.216494 0.07999998 -1.216494 0.45 -1.288053 0.45 -1.216494 0.07999998 -1.216494 0.45 -1.216494 0.07999998 -1.144936 0.07999998 -1.144936 0.45 -1.216494 0.45 -1.144936 0.07999998 -1.144936 0.45 -1.144936 0.07999998 -1.073377 0.07999998 -1.073377 0.45 -1.144936 0.45 -1.073377 0.07999998 -1.073377 0.45 -1.073377 0.07999998 -1.001819 0.07999998 -1.001819 0.45 -1.073377 0.45 -1.001819 0.07999998 -1.001819 0.45 -1.001819 0.07999998 -0.93026 0.07999998 -0.93026 0.45 -1.001819 0.45 -0.93026 0.07999998 -0.93026 0.45 -0.93026 0.07999998 -0.858702 0.07999998 -0.858702 0.45 -0.93026 0.45 -0.858702 0.07999998 -0.858702 0.45 -0.858702 0.07999998 -0.787143 0.07999998 -0.787143 0.45 -0.858702 0.45 -0.787143 0.07999998 -0.787143 0.45 -0.787143 0.07999998 -0.715585 0.07999998 -0.715585 0.45 -0.787143 0.45 -0.715585 0.07999998 -0.715585 0.45 -0.715585 0.07999998 -0.644027 0.07999998 -0.644027 0.45 -0.715585 0.45 -0.644027 0.07999998 -0.644027 0.45 -0.644027 0.07999998 -0.572468 0.07999998 -0.572468 0.45 -0.644027 0.45 -0.572468 0.07999998 -0.572468 0.45 -0.572468 0.07999998 -0.50091 0.07999998 -0.50091 0.45 -0.572468 0.45 -0.50091 0.07999998 -0.50091 0.45 -0.50091 0.07999998 -0.429351 0.07999998 -0.429351 0.45 -0.50091 0.45 -0.429351 0.07999998 -0.429351 0.45 -0.429351 0.07999998 -0.357792 0.07999998 -0.357792 0.45 -0.429351 0.45 -0.357792 0.07999998 -0.357792 0.45 -0.357792 0.07999998 -0.286234 0.07999998 -0.286234 0.45 -0.357792 0.45 -0.286234 0.07999998 -0.286234 0.45 -0.286234 0.07999998 -0.214676 0.07999998 -0.214676 0.45 -0.286234 0.45 -0.214676 0.07999998 -0.214676 0.45 -0.214676 0.07999998 -0.143117 0.07999998 -0.143117 0.45 -0.214676 0.45 -0.143117 0.07999998 -0.143117 0.45 -0.143117 0.07999998 -0.07155799 0.07999998 -0.07155799 0.45 -0.143117 0.45 -0.07155799 0.07999998 -0.07155799 0.45 -0.07155799 0.07999998 0 0.07999998 0 0.45 -0.07155799 0.45 0 0.07999998 0 0.45 0 0.07999998 0.07155799 0.07999998 0.07155799 0.45 0 0.45 0.07155799 0.07999998 0.07155799 0.45 0.07155799 0.07999998 0.143117 0.07999998 0.143117 0.45 0.07155799 0.45 0.143117 0.07999998 0.143117 0.45 0.143117 0.07999998 0.214676 0.07999998 0.214676 0.45 0.143117 0.45 0.214676 0.07999998 0.214676 0.45 0.214676 0.07999998 0.286234 0.07999998 0.286234 0.45 0.214676 0.45 0.286234 0.07999998 0.286234 0.45 0.286234 0.07999998 0.357792 0.07999998 0.357792 0.45 0.286234 0.45 0.357792 0.07999998 0.357792 0.45 0.357792 0.07999998 0.429351 0.07999998 0.429351 0.45 0.357792 0.45 0.429351 0.07999998 0.429351 0.45 0.429351 0.07999998 0.50091 0.07999998 0.50091 0.45 0.429351 0.45 0.50091 0.07999998 0.50091 0.45 0.50091 0.07999998 0.572468 0.07999998 0.572468 0.45 0.50091 0.45 0.572468 0.07999998 0.572468 0.45 0.572468 0.07999998 0.644027 0.07999998 0.644027 0.45 0.572468 0.45 0.644027 0.07999998 0.644027 0.45 0.644027 0.07999998 0.715585 0.07999998 0.715585 0.45 0.644027 0.45 0.715585 0.07999998 0.715585 0.45 0.715585 0.07999998 0.787143 0.07999998 0.787143 0.45 0.715585 0.45 0.787143 0.07999998 0.787143 0.45 0.787143 0.07999998 0.858702 0.07999998 0.858702 0.45 0.787143 0.45 0.858702 0.07999998 0.858702 0.45 0.858702 0.07999998 0.93026 0.07999998 0.93026 0.45 0.858702 0.45 0.93026 0.07999998 0.93026 0.45 0.93026 0.07999998 1.001819 0.07999998 1.001819 0.45 0.93026 0.45 1.001819 0.07999998 1.001819 0.45 1.001819 0.07999998 1.073377 0.07999998 1.073377 0.45 1.001819 0.45 1.073377 0.07999998 1.073377 0.45 1.073377 0.07999998 1.144936 0.07999998 1.144936 0.45 1.073377 0.45 1.144936 0.07999998 1.144936 0.45 1.144936 0.07999998 1.216494 0.07999998 1.216494 0.45 1.144936 0.45 1.216494 -0.901089 -0.674473 0.327412 0.1862159 -0.941662 -0.616561 -0.941662 -0.616561 0.327412 0.1862159 0.286839 0.244128 0.03535497 0.264477 -0.03535497 0.264477 0.03535497 0.182367 0.03535497 0.182367 -0.03535497 0.264477 -0.03535497 0.178457 0.03535497 0.182367 -0.03535497 0.178457 0.03535497 0.100258 0.03535497 0.100258 -0.03535497 0.178457 -0.03535497 0.09243798 0.03535497 0.100258 -0.03535497 0.09243798 0.03535497 0.018148 0.03535497 0.018148 -0.03535497 0.09243798 -0.03535497 0.00641793 0.03535497 0.018148 -0.03535497 0.00641793 0.03535497 -0.06396198 0.03535497 -0.06396198 -0.03535497 0.00641793 -0.03535497 -0.079602 0.03535497 -0.06396198 -0.03535497 -0.079602 0.03535497 -0.146072 0.03535497 -0.146072 -0.03535497 -0.079602 -0.03535497 -0.1656219 0.03535497 -0.146072 -0.03535497 -0.1656219 0.03535497 -0.228182 0.03535497 -0.228182 -0.03535497 -0.1656219 -0.03535497 -0.251642 0.03535497 -0.228182 -0.03535497 -0.251642 0.03535497 -0.310291 0.03535497 -0.310291 -0.03535497 -0.251642 -0.03535497 -0.337661 0.03535497 -0.310291 -0.03535497 -0.337661 0.03535497 -0.392401 0.03535497 -0.392401 -0.03535497 -0.337661 -0.03535497 -0.423681 0.03535497 -0.392401 -0.03535497 -0.423681 0.03535497 -0.474511 0.03535497 -0.474511 -0.03535497 -0.423681 -0.03535497 -0.509701 0.03535497 -0.474511 -0.03535497 -0.509701 0.03535497 -0.556621 0.03535497 -0.556621 -0.03535497 -0.509701 -0.03535497 -0.595721 0.03535497 -0.556621 -0.03535497 -0.595721 0.03535497 -0.638731 0.03535497 -0.638731 -0.03535497 -0.595721 -0.03535497 -0.681741 0.03535497 -0.638731 -0.03535497 -0.681741 0.03535497 -0.72084 0.03535497 -0.72084 -0.03535497 -0.681741 -0.03535497 -0.76776 0.03535497 -0.72084 -0.03535497 -0.76776 0.03535497 -0.80295 0.03535497 -0.80295 -0.03535497 -0.76776 -0.03535497 -0.85378 0.03535497 -0.80295 -0.03535497 -0.85378 0.03535497 -0.88506 0.03535497 -0.88506 -0.03535497 -0.85378 -0.03535497 -0.9398 0.03535497 -0.88506 -0.03535497 -0.9398 0.03535497 -0.96717 0.03535497 -0.96717 -0.03535497 -0.9398 -0.03535497 -1.02582 0.03535497 -0.96717 -0.03535497 -1.02582 0.03535497 -1.04928 0.03535497 -1.04928 -0.03535497 -1.02582 -0.03535497 -1.11184 0.03535497 -1.04928 -0.03535497 -1.11184 0.03535497 -1.131389 0.03535497 -1.131389 -0.03535497 -1.11184 -0.03535497 -1.197859 0.03535497 -1.131389 -0.03535497 -1.197859 0.03535497 -1.213499 0.03535497 -1.213499 -0.03535497 -1.197859 -0.03535497 -1.283879 0.03535497 -1.213499 -0.03535497 -1.283879 0.03535497 -1.295609 0.03535497 -1.295609 -0.03535497 -1.283879 -0.03535497 -1.369899 0.03535497 -1.295609 -0.03535497 -1.369899 0.03535497 -1.377719 0.03535497 -1.377719 -0.03535497 -1.369899 -0.03535497 -1.455919 0.03535497 -1.377719 -0.03535497 -1.455919 0.03535497 -1.459829 0.03535497 -1.459829 -0.03535497 -1.455919 -0.03535497 -1.541939 0.03535497 -1.459829 -0.03535497 -1.541939 0.03535497 -1.541939 0.901089 0.674473 -0.327412 -0.1862159 0.941662 0.616561 0.941662 0.616561 -0.327412 -0.1862159 -0.286839 -0.244128 0.03535497 0.264477 -0.03535497 0.264477 0.03535497 0.182367 0.03535497 0.182367 -0.03535497 0.264477 -0.03535497 0.178457 0.03535497 0.182367 -0.03535497 0.178457 0.03535497 0.100258 0.03535497 0.100258 -0.03535497 0.178457 -0.03535497 0.09243798 0.03535497 0.100258 -0.03535497 0.09243798 0.03535497 0.018148 0.03535497 0.018148 -0.03535497 0.09243798 -0.03535497 0.00641793 0.03535497 0.018148 -0.03535497 0.00641793 0.03535497 -0.06396198 0.03535497 -0.06396198 -0.03535497 0.00641793 -0.03535497 -0.079602 0.03535497 -0.06396198 -0.03535497 -0.079602 0.03535497 -0.146072 0.03535497 -0.146072 -0.03535497 -0.079602 -0.03535497 -0.1656219 0.03535497 -0.146072 -0.03535497 -0.1656219 0.03535497 -0.228182 0.03535497 -0.228182 -0.03535497 -0.1656219 -0.03535497 -0.251642 0.03535497 -0.228182 -0.03535497 -0.251642 0.03535497 -0.310291 0.03535497 -0.310291 -0.03535497 -0.251642 -0.03535497 -0.337661 0.03535497 -0.310291 -0.03535497 -0.337661 0.03535497 -0.392401 0.03535497 -0.392401 -0.03535497 -0.337661 -0.03535497 -0.423681 0.03535497 -0.392401 -0.03535497 -0.423681 0.03535497 -0.474511 0.03535497 -0.474511 -0.03535497 -0.423681 -0.03535497 -0.509701 0.03535497 -0.474511 -0.03535497 -0.509701 0.03535497 -0.556621 0.03535497 -0.556621 -0.03535497 -0.509701 -0.03535497 -0.595721 0.03535497 -0.556621 -0.03535497 -0.595721 0.03535497 -0.638731 0.03535497 -0.638731 -0.03535497 -0.595721 -0.03535497 -0.681741 0.03535497 -0.638731 -0.03535497 -0.681741 0.03535497 -0.72084 0.03535497 -0.72084 -0.03535497 -0.681741 -0.03535497 -0.76776 0.03535497 -0.72084 -0.03535497 -0.76776 0.03535497 -0.80295 0.03535497 -0.80295 -0.03535497 -0.76776 -0.03535497 -0.85378 0.03535497 -0.80295 -0.03535497 -0.85378 0.03535497 -0.88506 0.03535497 -0.88506 -0.03535497 -0.85378 -0.03535497 -0.9398 0.03535497 -0.88506 -0.03535497 -0.9398 0.03535497 -0.96717 0.03535497 -0.96717 -0.03535497 -0.9398 -0.03535497 -1.02582 0.03535497 -0.96717 -0.03535497 -1.02582 0.03535497 -1.04928 0.03535497 -1.04928 -0.03535497 -1.02582 -0.03535497 -1.11184 0.03535497 -1.04928 -0.03535497 -1.11184 0.03535497 -1.131389 0.03535497 -1.131389 -0.03535497 -1.11184 -0.03535497 -1.197859 0.03535497 -1.131389 -0.03535497 -1.197859 0.03535497 -1.213499 0.03535497 -1.213499 -0.03535497 -1.197859 -0.03535497 -1.283879 0.03535497 -1.213499 -0.03535497 -1.283879 0.03535497 -1.295609 0.03535497 -1.295609 -0.03535497 -1.283879 -0.03535497 -1.369899 0.03535497 -1.295609 -0.03535497 -1.369899 0.03535497 -1.377719 0.03535497 -1.377719 -0.03535497 -1.369899 -0.03535497 -1.455919 0.03535497 -1.377719 -0.03535497 -1.455919 0.03535497 -1.459829 0.03535497 -1.459829 -0.03535497 -1.455919 -0.03535497 -1.541939 0.03535497 -1.459829 -0.03535497 -1.541939 0.03535497 -1.541939 -0.04999995 -1.608979 -0.45 -1.608979 -0.04999995 -1.694659 -0.04999995 -1.694659 -0.45 -1.608979 -0.45 -1.694659 -0.04999995 -1.694659 -0.45 -1.694659 -0.04999995 -1.780339 -0.04999995 -1.780339 -0.45 -1.694659 -0.45 -1.780339 -0.04999995 -1.780339 -0.45 -1.780339 -0.04999995 -1.866019 -0.04999995 -1.866019 -0.45 -1.780339 -0.45 -1.866019 -0.04999995 -1.866019 -0.45 -1.866019 -0.04999995 -1.951699 -0.04999995 -1.951699 -0.45 -1.866019 -0.45 -1.951699 -0.04999995 -1.951699 -0.45 -1.951699 -0.04999995 -2.037379 -0.04999995 -2.037379 -0.45 -1.951699 -0.45 -2.037379 -0.04999995 -2.037379 -0.45 -2.037379 -0.04999995 -2.123058 -0.04999995 -2.123058 -0.45 -2.037379 -0.45 -2.123058 -0.04999995 -2.123058 -0.45 -2.123058 -0.04999995 -2.208738 -0.04999995 -2.208738 -0.45 -2.123058 -0.45 -2.208738 -0.04999995 -2.208738 -0.45 -2.208738 -0.04999995 -2.294418 -0.04999995 -2.294418 -0.45 -2.208738 -0.45 -2.294418 -0.04999995 -2.294418 -0.45 -2.294418 -0.04999995 -2.380098 -0.04999995 -2.380098 -0.45 -2.294418 -0.45 -2.380098 -0.04999995 -2.380098 -0.45 -2.380098 -0.04999995 -2.465777 -0.04999995 -2.465777 -0.45 -2.380098 -0.45 -2.465777 -0.04999995 -2.465777 -0.45 -2.465777 -0.04999995 -2.551457 -0.04999995 -2.551457 -0.45 -2.465777 -0.45 -2.551457 -0.04999995 -2.551457 -0.45 -2.551457 -0.04999995 -2.637137 -0.04999995 -2.637137 -0.45 -2.551457 -0.45 -2.637137 -0.04999995 -2.637137 -0.45 -2.637137 -0.04999995 -2.722817 -0.04999995 -2.722817 -0.45 -2.637137 -0.45 -2.722817 -0.04999995 -2.722817 -0.45 -2.722817 -0.04999995 -2.808497 -0.04999995 -2.808497 -0.45 -2.722817 -0.45 -2.808497 -0.04999995 -2.808497 -0.45 -2.808497 -0.04999995 -2.894176 -0.04999995 -2.894176 -0.45 -2.808497 -0.45 -2.894176 -0.04999995 -2.894176 -0.45 -2.894176 -0.04999995 -2.979856 -0.04999995 -2.979856 -0.45 -2.894176 -0.45 -2.979856 -0.04999995 -2.979856 -0.45 -2.979856 -0.04999995 -3.065536 -0.04999995 -3.065536 -0.45 -2.979856 -0.45 -3.065536 -0.04999995 -3.065536 -0.45 -3.065536 -0.04999995 -3.151216 -0.04999995 -3.151216 -0.45 -3.065536 -0.45 -3.151216 -0.04999995 -3.151216 -0.45 -3.151216 -0.04999995 -3.236896 -0.04999995 -3.236896 -0.45 -3.151216 -0.45 -3.236896 -0.04999995 -3.236896 -0.45 -3.236896 -0.04999995 -3.322575 -0.04999995 -3.322575 -0.45 -3.236896 -0.45 -3.322575 -0.04999995 -3.322575 -0.45 -3.322575 -0.04999995 -3.408255 -0.04999995 -3.408255 -0.45 -3.322575 -0.45 -3.408255 -0.04999995 -3.408255 -0.45 -3.408255 -0.04999995 -3.493935 -0.04999995 -3.493935 -0.45 -3.408255 -0.45 -3.493935 1.5 0.45 0 0.45 1.5 0.04999995 1.5 0.04999995 0 0.45 0 0.04999995 0.901089 -0.674473 0.941662 -0.616561 -0.327412 0.1862159 -0.327412 0.1862159 0.941662 -0.616561 -0.286839 0.244128 -0.03535497 0.264477 -0.03535497 0.182367 0.03535497 0.264477 0.03535497 0.264477 -0.03535497 0.182367 0.03535497 0.178457 0.03535497 0.178457 -0.03535497 0.182367 -0.03535497 0.100258 0.03535497 0.178457 -0.03535497 0.100258 0.03535497 0.09243798 0.03535497 0.09243798 -0.03535497 0.100258 -0.03535497 0.018148 0.03535497 0.09243798 -0.03535497 0.018148 0.03535497 0.00641793 0.03535497 0.00641793 -0.03535497 0.018148 -0.03535497 -0.06396198 0.03535497 0.00641793 -0.03535497 -0.06396198 0.03535497 -0.079602 0.03535497 -0.079602 -0.03535497 -0.06396198 -0.03535497 -0.146072 0.03535497 -0.079602 -0.03535497 -0.146072 0.03535497 -0.1656219 0.03535497 -0.1656219 -0.03535497 -0.146072 -0.03535497 -0.228182 0.03535497 -0.1656219 -0.03535497 -0.228182 0.03535497 -0.251642 0.03535497 -0.251642 -0.03535497 -0.228182 -0.03535497 -0.310291 0.03535497 -0.251642 -0.03535497 -0.310291 0.03535497 -0.337661 0.03535497 -0.337661 -0.03535497 -0.310291 -0.03535497 -0.392401 0.03535497 -0.337661 -0.03535497 -0.392401 0.03535497 -0.423681 0.03535497 -0.423681 -0.03535497 -0.392401 -0.03535497 -0.474511 0.03535497 -0.423681 -0.03535497 -0.474511 0.03535497 -0.509701 0.03535497 -0.509701 -0.03535497 -0.474511 -0.03535497 -0.556621 0.03535497 -0.509701 -0.03535497 -0.556621 0.03535497 -0.595721 0.03535497 -0.595721 -0.03535497 -0.556621 -0.03535497 -0.638731 0.03535497 -0.595721 -0.03535497 -0.638731 0.03535497 -0.681741 0.03535497 -0.681741 -0.03535497 -0.638731 -0.03535497 -0.72084 0.03535497 -0.681741 -0.03535497 -0.72084 0.03535497 -0.76776 0.03535497 -0.76776 -0.03535497 -0.72084 -0.03535497 -0.80295 0.03535497 -0.76776 -0.03535497 -0.80295 0.03535497 -0.85378 0.03535497 -0.85378 -0.03535497 -0.80295 -0.03535497 -0.88506 0.03535497 -0.85378 -0.03535497 -0.88506 0.03535497 -0.9398 0.03535497 -0.9398 -0.03535497 -0.88506 -0.03535497 -0.96717 0.03535497 -0.9398 -0.03535497 -0.96717 0.03535497 -1.02582 0.03535497 -1.02582 -0.03535497 -0.96717 -0.03535497 -1.04928 0.03535497 -1.02582 -0.03535497 -1.04928 0.03535497 -1.11184 0.03535497 -1.11184 -0.03535497 -1.04928 -0.03535497 -1.131389 0.03535497 -1.11184 -0.03535497 -1.131389 0.03535497 -1.197859 0.03535497 -1.197859 -0.03535497 -1.131389 -0.03535497 -1.213499 0.03535497 -1.197859 -0.03535497 -1.213499 0.03535497 -1.283879 0.03535497 -1.283879 -0.03535497 -1.213499 -0.03535497 -1.295609 0.03535497 -1.283879 -0.03535497 -1.295609 0.03535497 -1.369899 0.03535497 -1.369899 -0.03535497 -1.295609 -0.03535497 -1.377719 0.03535497 -1.369899 -0.03535497 -1.377719 0.03535497 -1.455919 0.03535497 -1.455919 -0.03535497 -1.377719 -0.03535497 -1.459829 0.03535497 -1.455919 -0.03535497 -1.459829 0.03535497 -1.541939 0.03535497 -1.541939 -0.03535497 -1.459829 -0.03535497 -1.541939 -0.901089 0.674473 -0.941662 0.616561 0.327412 -0.1862159 0.327412 -0.1862159 -0.941662 0.616561 0.286839 -0.244128 -0.03535497 0.264477 -0.03535497 0.182367 0.03535497 0.264477 0.03535497 0.264477 -0.03535497 0.182367 0.03535497 0.178457 0.03535497 0.178457 -0.03535497 0.182367 -0.03535497 0.100258 0.03535497 0.178457 -0.03535497 0.100258 0.03535497 0.09243798 0.03535497 0.09243798 -0.03535497 0.100258 -0.03535497 0.018148 0.03535497 0.09243798 -0.03535497 0.018148 0.03535497 0.00641793 0.03535497 0.00641793 -0.03535497 0.018148 -0.03535497 -0.06396198 0.03535497 0.00641793 -0.03535497 -0.06396198 0.03535497 -0.079602 0.03535497 -0.079602 -0.03535497 -0.06396198 -0.03535497 -0.146072 0.03535497 -0.079602 -0.03535497 -0.146072 0.03535497 -0.1656219 0.03535497 -0.1656219 -0.03535497 -0.146072 -0.03535497 -0.228182 0.03535497 -0.1656219 -0.03535497 -0.228182 0.03535497 -0.251642 0.03535497 -0.251642 -0.03535497 -0.228182 -0.03535497 -0.310291 0.03535497 -0.251642 -0.03535497 -0.310291 0.03535497 -0.337661 0.03535497 -0.337661 -0.03535497 -0.310291 -0.03535497 -0.392401 0.03535497 -0.337661 -0.03535497 -0.392401 0.03535497 -0.423681 0.03535497 -0.423681 -0.03535497 -0.392401 -0.03535497 -0.474511 0.03535497 -0.423681 -0.03535497 -0.474511 0.03535497 -0.509701 0.03535497 -0.509701 -0.03535497 -0.474511 -0.03535497 -0.556621 0.03535497 -0.509701 -0.03535497 -0.556621 0.03535497 -0.595721 0.03535497 -0.595721 -0.03535497 -0.556621 -0.03535497 -0.638731 0.03535497 -0.595721 -0.03535497 -0.638731 0.03535497 -0.681741 0.03535497 -0.681741 -0.03535497 -0.638731 -0.03535497 -0.72084 0.03535497 -0.681741 -0.03535497 -0.72084 0.03535497 -0.76776 0.03535497 -0.76776 -0.03535497 -0.72084 -0.03535497 -0.80295 0.03535497 -0.76776 -0.03535497 -0.80295 0.03535497 -0.85378 0.03535497 -0.85378 -0.03535497 -0.80295 -0.03535497 -0.88506 0.03535497 -0.85378 -0.03535497 -0.88506 0.03535497 -0.9398 0.03535497 -0.9398 -0.03535497 -0.88506 -0.03535497 -0.96717 0.03535497 -0.9398 -0.03535497 -0.96717 0.03535497 -1.02582 0.03535497 -1.02582 -0.03535497 -0.96717 -0.03535497 -1.04928 0.03535497 -1.02582 -0.03535497 -1.04928 0.03535497 -1.11184 0.03535497 -1.11184 -0.03535497 -1.04928 -0.03535497 -1.131389 0.03535497 -1.11184 -0.03535497 -1.131389 0.03535497 -1.197859 0.03535497 -1.197859 -0.03535497 -1.131389 -0.03535497 -1.213499 0.03535497 -1.197859 -0.03535497 -1.213499 0.03535497 -1.283879 0.03535497 -1.283879 -0.03535497 -1.213499 -0.03535497 -1.295609 0.03535497 -1.283879 -0.03535497 -1.295609 0.03535497 -1.369899 0.03535497 -1.369899 -0.03535497 -1.295609 -0.03535497 -1.377719 0.03535497 -1.369899 -0.03535497 -1.377719 0.03535497 -1.455919 0.03535497 -1.455919 -0.03535497 -1.377719 -0.03535497 -1.459829 0.03535497 -1.455919 -0.03535497 -1.459829 0.03535497 -1.541939 0.03535497 -1.541939 -0.03535497 -1.459829 -0.03535497 -1.541939 -0.04999995 0.275976 -0.45 0.275976 -0.04999995 0.1902959 -0.04999995 0.1902959 -0.45 0.275976 -0.45 0.1902959 -0.04999995 0.1902959 -0.45 0.1902959 -0.04999995 0.1046169 -0.04999995 0.1046169 -0.45 0.1902959 -0.45 0.1046169 -0.04999995 0.1046169 -0.45 0.1046169 -0.04999995 0.01893699 -0.04999995 0.01893699 -0.45 0.1046169 -0.45 0.01893699 -0.04999995 0.01893699 -0.45 0.01893699 -0.04999995 -0.06674295 -0.04999995 -0.06674295 -0.45 0.01893699 -0.45 -0.06674295 -0.04999995 -0.06674295 -0.45 -0.06674295 -0.04999995 -0.152423 -0.04999995 -0.152423 -0.45 -0.06674295 -0.45 -0.152423 -0.04999995 -0.152423 -0.45 -0.152423 -0.04999995 -0.238103 -0.04999995 -0.238103 -0.45 -0.152423 -0.45 -0.238103 -0.04999995 -0.238103 -0.45 -0.238103 -0.04999995 -0.323782 -0.04999995 -0.323782 -0.45 -0.238103 -0.45 -0.323782 -0.04999995 -0.323782 -0.45 -0.323782 -0.04999995 -0.409462 -0.04999995 -0.409462 -0.45 -0.323782 -0.45 -0.409462 -0.04999995 -0.409462 -0.45 -0.409462 -0.04999995 -0.495142 -0.04999995 -0.495142 -0.45 -0.409462 -0.45 -0.495142 -0.04999995 -0.495142 -0.45 -0.495142 -0.04999995 -0.580822 -0.04999995 -0.580822 -0.45 -0.495142 -0.45 -0.580822 -0.04999995 -0.580822 -0.45 -0.580822 -0.04999995 -0.666502 -0.04999995 -0.666502 -0.45 -0.580822 -0.45 -0.666502 -0.04999995 -0.666502 -0.45 -0.666502 -0.04999995 -0.752181 -0.04999995 -0.752181 -0.45 -0.666502 -0.45 -0.752181 -0.04999995 -0.752181 -0.45 -0.752181 -0.04999995 -0.837861 -0.04999995 -0.837861 -0.45 -0.752181 -0.45 -0.837861 -0.04999995 -0.837861 -0.45 -0.837861 -0.04999995 -0.923541 -0.04999995 -0.923541 -0.45 -0.837861 -0.45 -0.923541 -0.04999995 -0.923541 -0.45 -0.923541 -0.04999995 -1.009221 -0.04999995 -1.009221 -0.45 -0.923541 -0.45 -1.009221 -0.04999995 -1.009221 -0.45 -1.009221 -0.04999995 -1.094901 -0.04999995 -1.094901 -0.45 -1.009221 -0.45 -1.094901 -0.04999995 -1.094901 -0.45 -1.094901 -0.04999995 -1.18058 -0.04999995 -1.18058 -0.45 -1.094901 -0.45 -1.18058 -0.04999995 -1.18058 -0.45 -1.18058 -0.04999995 -1.26626 -0.04999995 -1.26626 -0.45 -1.18058 -0.45 -1.26626 -0.04999995 -1.26626 -0.45 -1.26626 -0.04999995 -1.35194 -0.04999995 -1.35194 -0.45 -1.26626 -0.45 -1.35194 -0.04999995 -1.35194 -0.45 -1.35194 -0.04999995 -1.43762 -0.04999995 -1.43762 -0.45 -1.35194 -0.45 -1.43762 -0.04999995 -1.43762 -0.45 -1.43762 -0.04999995 -1.5233 -0.04999995 -1.5233 -0.45 -1.43762 -0.45 -1.5233 -0.04999995 -1.5233 -0.45 -1.5233 -0.04999995 -1.608979 -0.04999995 -1.608979 -0.45 -1.5233 -0.45 -1.608979 0.01074093 -0.605815 0.01706492 -0.672053 0.159904 -0.916205 0.159904 -0.916205 0.01706492 -0.672053 0.01074093 -0.73829 0.159904 -0.916205 0.01074093 -0.73829 -0.008005976 -0.802134 0.159904 -0.916205 -0.008005976 -0.802134 0.11801 -0.986931 0.11801 -0.986931 -0.008005976 -0.802134 -0.03849589 -0.861277 0.11801 -0.986931 -0.03849589 -0.861277 0.06604397 -1.050624 0.06604397 -1.050624 -0.03849589 -0.861277 -0.07962799 -0.91358 0.06604397 -1.050624 -0.07962799 -0.91358 0.005163908 -1.10586 0.005163908 -1.10586 -0.07962799 -0.91358 -0.1299149 -0.957154 0.005163908 -1.10586 -0.1299149 -0.957154 -0.063268 -1.151406 -0.063268 -1.151406 -0.1299149 -0.957154 -0.137724 -1.186244 -0.137724 -1.186244 -0.1299149 -0.957154 -0.187539 -0.990424 -0.137724 -1.186244 -0.187539 -0.990424 -0.21654 -1.209595 -0.21654 -1.209595 -0.187539 -0.990424 -0.250419 -1.012187 -0.21654 -1.209595 -0.250419 -1.012187 -0.297957 -1.220939 -0.297957 -1.220939 -0.250419 -1.012187 -0.316281 -1.021656 -0.297957 -1.220939 -0.316281 -1.021656 -0.380155 -1.220022 -0.380155 -1.220022 -0.316281 -1.021656 -0.382745 -1.01849 -0.380155 -1.220022 -0.382745 -1.01849 -0.461298 -1.206864 -0.461298 -1.206864 -0.382745 -1.01849 -0.447408 -1.002803 -0.461298 -1.206864 -0.447408 -1.002803 -0.539574 -1.181759 -0.539574 -1.181759 -0.447408 -1.002803 -0.507935 -0.975161 -0.539574 -1.181759 -0.507935 -0.975161 -0.613234 -1.145267 -0.613234 -1.145267 -0.507935 -0.975161 -0.562136 -0.936565 -0.613234 -1.145267 -0.562136 -0.936565 -0.680632 -1.098206 -0.680632 -1.098206 -0.562136 -0.936565 -0.608053 -0.888408 -0.680632 -1.098206 -0.608053 -0.888408 -0.740263 -1.041624 -0.740263 -1.041624 -0.608053 -0.888408 -0.644027 -0.832432 -0.740263 -1.041624 -0.644027 -0.832432 -0.790796 -0.976787 -0.790796 -0.976787 -0.644027 -0.832432 -0.8311 -0.905143 -0.8311 -0.905143 -0.644027 -0.832432 -0.668757 -0.770659 -0.8311 -0.905143 -0.668757 -0.770659 -0.860276 -0.828292 -0.860276 -0.828292 -0.668757 -0.770659 -0.68135 -0.705322 -0.860276 -0.828292 -0.68135 -0.705322 -0.877672 -0.747951 -0.877672 -0.747951 -0.68135 -0.705322 -0.8829 -0.665914 -0.8829 -0.665914 -0.68135 -0.705322 -0.68135 -0.638783 -0.8829 -0.665914 -0.68135 -0.638783 -0.875843 -0.584014 -0.875843 -0.584014 -0.68135 -0.638783 -0.856657 -0.504081 -0.856657 -0.504081 -0.68135 -0.638783 -0.668757 -0.573446 -0.856657 -0.504081 -0.668757 -0.573446 -0.825773 -0.427901 -0.825773 -0.427901 -0.668757 -0.573446 -0.644027 -0.511673 -0.825773 -0.427901 -0.644027 -0.511673 -0.608053 -0.455697 -0.608053 -0.455697 -0.562136 -0.40754 -0.825773 -0.427901 -0.825773 -0.427901 -0.562136 -0.40754 -0.507935 -0.368944 -0.825773 -0.427901 -0.507935 -0.368944 -0.159904 0.916205 -0.159904 0.916205 -0.507935 -0.368944 -0.447408 -0.341302 -0.159904 0.916205 -0.447408 -0.341302 -0.382745 -0.325615 -0.159904 0.916205 -0.382745 -0.325615 -0.002887964 0.573446 -0.002887964 0.573446 -0.382745 -0.325615 -0.316281 -0.322449 -0.002887964 0.573446 -0.316281 -0.322449 0.021842 0.511673 0.021842 0.511673 -0.316281 -0.322449 -0.250419 -0.331918 0.021842 0.511673 -0.250419 -0.331918 0.0578159 0.455697 0.0578159 0.455697 -0.250419 -0.331918 -0.187539 -0.353681 0.0578159 0.455697 -0.187539 -0.353681 0.103733 0.40754 0.103733 0.40754 -0.187539 -0.353681 -0.1299149 -0.386951 0.103733 0.40754 -0.1299149 -0.386951 0.157935 0.368944 0.157935 0.368944 -0.1299149 -0.386951 -0.07962799 -0.430525 0.157935 0.368944 -0.07962799 -0.430525 0.218461 0.341302 0.218461 0.341302 -0.07962799 -0.430525 -0.03849589 -0.482828 0.218461 0.341302 -0.03849589 -0.482828 0.283124 0.325615 0.283124 0.325615 -0.03849589 -0.482828 -0.008005976 -0.541971 0.283124 0.325615 -0.008005976 -0.541971 0.349588 0.322449 0.349588 0.322449 -0.008005976 -0.541971 0.41545 0.331918 0.41545 0.331918 -0.008005976 -0.541971 0.01074093 -0.605815 0.41545 0.331918 0.01074093 -0.605815 0.159904 -0.916205 0.67661 0.605815 0.875843 0.584014 0.682935 0.672053 0.682935 0.672053 0.875843 0.584014 0.8829 0.665914 0.682935 0.672053 0.8829 0.665914 0.877672 0.747951 0.657863 0.541971 0.825773 0.427901 0.67661 0.605815 0.67661 0.605815 0.825773 0.427901 0.856657 0.504081 0.67661 0.605815 0.856657 0.504081 0.875843 0.584014 0.657863 0.541971 0.627373 0.482828 0.825773 0.427901 0.825773 0.427901 0.627373 0.482828 0.586241 0.430525 0.825773 0.427901 0.586241 0.430525 0.535954 0.386951 0.535954 0.386951 0.47833 0.353681 0.825773 0.427901 0.825773 0.427901 0.47833 0.353681 0.159904 -0.916205 0.159904 -0.916205 0.47833 0.353681 0.41545 0.331918 -0.002887964 0.573446 -0.01548093 0.638783 -0.159904 0.916205 -0.159904 0.916205 -0.01548093 0.638783 -0.01548093 0.705322 -0.159904 0.916205 -0.01548093 0.705322 -0.002887964 0.770659 -0.002887964 0.770659 0.021842 0.832432 -0.159904 0.916205 -0.159904 0.916205 0.021842 0.832432 -0.11801 0.986931 -0.11801 0.986931 0.021842 0.832432 -0.06604397 1.050624 -0.06604397 1.050624 0.021842 0.832432 0.0578159 0.888408 -0.06604397 1.050624 0.0578159 0.888408 -0.005163908 1.10586 -0.005163908 1.10586 0.0578159 0.888408 0.103733 0.936565 -0.005163908 1.10586 0.103733 0.936565 0.063268 1.151406 0.063268 1.151406 0.103733 0.936565 0.157935 0.975161 0.063268 1.151406 0.157935 0.975161 0.137724 1.186244 0.137724 1.186244 0.157935 0.975161 0.218461 1.002803 0.137724 1.186244 0.218461 1.002803 0.21654 1.209595 0.21654 1.209595 0.218461 1.002803 0.283124 1.01849 0.21654 1.209595 0.283124 1.01849 0.297957 1.220939 0.297957 1.220939 0.283124 1.01849 0.349588 1.021656 0.297957 1.220939 0.349588 1.021656 0.380155 1.220022 0.380155 1.220022 0.349588 1.021656 0.41545 1.012187 0.380155 1.220022 0.41545 1.012187 0.461298 1.206864 0.461298 1.206864 0.41545 1.012187 0.47833 0.990424 0.461298 1.206864 0.47833 0.990424 0.539574 1.181759 0.539574 1.181759 0.47833 0.990424 0.535954 0.957154 0.539574 1.181759 0.535954 0.957154 0.613234 1.145267 0.613234 1.145267 0.535954 0.957154 0.586241 0.91358 0.613234 1.145267 0.586241 0.91358 0.680632 1.098206 0.680632 1.098206 0.586241 0.91358 0.740263 1.041624 0.740263 1.041624 0.586241 0.91358 0.627373 0.861277 0.740263 1.041624 0.627373 0.861277 0.790796 0.976787 0.790796 0.976787 0.627373 0.861277 0.657863 0.802134 0.790796 0.976787 0.657863 0.802134 0.8311 0.905143 0.8311 0.905143 0.657863 0.802134 0.67661 0.73829 0.8311 0.905143 0.67661 0.73829 0.860276 0.828292 0.860276 0.828292 0.67661 0.73829 0.877672 0.747951 0.877672 0.747951 0.67661 0.73829 0.682935 0.672053 1.5 0.45 0 0.45 1.5 0.04999995 1.5 0.04999995 0 0.45 0 0.04999995</float_array>
          <technique_common>
            <accessor source="#S3_FREE_LINK_BUENA-mesh-map-0-array" count="3636" stride="2">
              <param name="S" type="float"/>
              <param name="T" type="float"/>
            </accessor>
          </technique_common>
        </source>
        <vertices id="S3_FREE_LINK_BUENA-mesh-vertices">
          <input semantic="POSITION" source="#S3_FREE_LINK_BUENA-mesh-positions"/>
        </vertices>
        <triangles material="_60_160_160_1-material" count="1212">
          <input semantic="VERTEX" source="#S3_FREE_LINK_BUENA-mesh-vertices" offset="0"/>
          <input semantic="NORMAL" source="#S3_FREE_LINK_BUENA-mesh-normals" offset="1"/>
          <input semantic="TEXCOORD" source="#S3_FREE_LINK_BUENA-mesh-map-0" offset="2" set="0"/>
          <p>378 0 0 494 1 1 375 2 2 375 2 3 494 1 4 491 3 5 375 2 6 491 3 7 493 4 8 494 1 9 378 0 10 496 5 11 496 5 12 378 0 13 380 6 14 496 5 15 380 6 16 499 7 17 499 7 18 380 6 19 382 8 20 499 7 21 382 8 22 501 9 23 501 9 24 382 8 25 385 10 26 501 9 27 385 10 28 504 11 29 504 11 30 385 10 31 388 12 32 504 11 33 388 12 34 507 13 35 507 13 36 388 12 37 390 14 38 507 13 39 390 14 40 510 15 41 510 15 42 390 14 43 393 16 44 510 15 45 393 16 46 513 17 47 513 17 48 393 16 49 396 18 50 513 17 51 396 18 52 516 19 53 516 19 54 396 18 55 399 20 56 516 19 57 399 20 58 519 21 59 519 21 60 399 20 61 402 22 62 519 21 63 402 22 64 521 23 65 521 23 66 402 22 67 405 24 68 521 23 69 405 24 70 525 25 71 525 25 72 405 24 73 409 26 74 525 25 75 409 26 76 534 27 77 534 27 78 409 26 79 416 28 80 534 27 81 416 28 82 542 29 83 542 29 84 416 28 85 424 30 86 542 29 87 424 30 88 548 31 89 548 31 90 424 30 91 428 32 92 548 31 93 428 32 94 552 33 95 552 33 96 428 32 97 432 34 98 552 33 99 432 34 100 556 35 101 556 35 102 432 34 103 436 36 104 556 35 105 436 36 106 559 37 107 559 37 108 436 36 109 437 38 110 559 37 111 437 38 112 560 39 113 560 39 114 437 38 115 558 40 116 558 40 117 437 38 118 435 41 119 558 40 120 435 41 121 555 42 122 555 42 123 435 41 124 431 43 125 555 42 126 431 43 127 551 44 128 551 44 129 431 43 130 427 45 131 551 44 132 427 45 133 547 46 134 547 46 135 427 45 136 423 47 137 547 46 138 423 47 139 541 48 140 541 48 141 423 47 142 415 49 143 541 48 144 415 49 145 533 50 146 533 50 147 415 49 148 408 51 149 533 50 150 408 51 151 524 52 152 524 52 153 408 51 154 404 53 155 524 52 156 404 53 157 520 54 158 520 54 159 404 53 160 401 55 161 520 54 162 401 55 163 518 56 164 518 56 165 401 55 166 398 57 167 518 56 168 398 57 169 515 58 170 515 58 171 398 57 172 395 59 173 515 58 174 395 59 175 512 60 176 512 60 177 395 59 178 392 61 179 512 60 180 392 61 181 509 62 182 509 62 183 392 61 184 389 63 185 509 62 186 389 63 187 506 64 188 506 64 189 389 63 190 387 65 191 506 64 192 387 65 193 503 66 194 503 66 195 387 65 196 384 67 197 503 66 198 384 67 199 500 68 200 500 68 201 384 67 202 381 69 203 500 68 204 381 69 205 498 70 206 498 70 207 381 69 208 379 71 209 498 70 210 379 71 211 495 72 212 495 72 213 379 71 214 377 73 215 495 72 216 377 73 217 493 4 218 493 4 219 377 73 220 375 2 221 529 74 222 509 74 223 527 74 224 527 75 225 509 75 226 506 75 227 527 76 228 506 76 229 523 76 230 523 77 231 506 77 232 503 77 233 523 78 234 503 78 235 490 78 236 490 79 237 503 79 238 500 79 239 490 80 240 500 80 241 498 80 242 509 79 243 529 79 244 512 79 245 512 81 246 529 81 247 532 81 248 512 79 249 532 79 250 515 79 251 515 82 252 532 82 253 536 82 254 515 79 255 536 79 256 518 79 257 518 83 258 536 83 259 540 83 260 518 79 261 540 79 262 520 79 263 520 79 264 540 79 265 546 79 266 520 79 267 546 79 268 524 79 269 524 84 270 546 84 271 554 84 272 524 79 273 554 79 274 533 79 275 533 85 276 554 85 277 563 85 278 533 79 279 563 79 280 541 79 281 541 86 282 563 86 283 567 86 284 541 79 285 567 79 286 547 79 287 547 87 288 567 87 289 569 87 290 547 79 291 569 79 292 551 79 293 551 79 294 569 79 295 572 79 296 551 79 297 572 79 298 555 79 299 555 88 300 572 88 301 575 88 302 555 79 303 575 79 304 558 79 305 558 89 306 575 89 307 578 89 308 558 90 309 578 90 310 560 90 311 560 91 312 578 91 313 581 91 314 560 92 315 581 92 316 564 92 317 564 93 318 581 93 319 584 93 320 564 94 321 584 94 322 597 94 323 597 79 324 584 79 325 587 79 326 597 79 327 587 79 328 589 79 329 589 79 330 592 79 331 597 79 332 597 95 333 592 95 334 599 95 335 599 79 336 592 79 337 594 79 338 599 96 339 594 96 340 601 96 341 601 97 342 594 97 343 596 97 344 601 98 345 596 98 346 603 98 347 603 79 348 596 79 349 602 79 350 602 79 351 596 79 352 593 79 353 602 79 354 593 79 355 600 79 356 600 99 357 593 99 358 591 99 359 600 79 360 591 79 361 598 79 362 598 79 363 591 79 364 588 79 365 598 79 366 588 79 367 595 79 368 595 79 369 588 79 370 586 79 371 595 100 372 586 100 373 590 100 374 590 79 375 586 79 376 583 79 377 590 79 378 583 79 379 585 79 380 585 101 381 583 101 382 580 101 383 585 79 384 580 79 385 582 79 386 582 102 387 580 102 388 579 102 389 579 103 390 580 103 391 577 103 392 579 104 393 577 104 394 576 104 395 576 105 396 577 105 397 574 105 398 576 79 399 574 79 400 573 79 401 573 106 402 574 106 403 571 106 404 573 79 405 571 79 406 570 79 407 570 79 408 571 79 409 568 79 410 570 107 411 568 107 412 565 107 413 565 108 414 568 108 415 566 108 416 565 79 417 566 79 418 561 79 419 561 79 420 566 79 421 562 79 422 561 79 423 562 79 424 549 79 425 549 109 426 562 109 427 553 109 428 549 79 429 553 79 430 543 79 431 543 110 432 553 110 433 545 110 434 543 111 435 545 111 436 537 111 437 537 79 438 545 79 439 539 79 440 537 112 441 539 112 442 530 112 443 530 113 444 539 113 445 535 113 446 530 114 447 535 114 448 523 114 449 523 115 450 535 115 451 531 115 452 523 79 453 531 79 454 528 79 455 528 79 456 527 79 457 523 79 458 557 79 459 552 79 460 564 79 461 564 79 462 552 79 463 556 79 464 564 116 465 556 116 466 559 116 467 552 117 468 557 117 469 548 117 470 548 118 471 557 118 472 550 118 473 548 79 474 550 79 475 542 79 476 542 79 477 550 79 478 544 79 479 542 79 480 544 79 481 534 79 482 534 79 483 544 79 484 538 79 485 534 79 486 538 79 487 525 79 488 525 119 489 538 119 490 526 119 491 525 79 492 526 79 493 521 79 494 521 79 495 526 79 496 522 79 497 521 120 498 522 120 499 519 120 500 519 121 501 522 121 502 517 121 503 519 79 504 517 79 505 516 79 506 516 122 507 517 122 508 514 122 509 516 79 510 514 79 511 513 79 512 513 123 513 514 123 514 511 123 515 513 79 516 511 79 517 510 79 518 510 124 519 511 124 520 508 124 521 510 125 522 508 125 523 507 125 524 507 126 525 508 126 526 505 126 527 507 79 528 505 79 529 502 79 530 507 79 531 502 79 532 504 79 533 504 127 534 502 127 535 497 127 536 504 79 537 497 79 538 501 79 539 501 79 540 497 79 541 492 79 542 501 79 543 492 79 544 499 79 545 499 128 546 492 128 547 489 128 548 499 79 549 489 79 550 496 79 551 496 129 552 489 129 553 487 129 554 496 79 555 487 79 556 494 79 557 494 79 558 487 79 559 485 79 560 494 79 561 485 79 562 491 79 563 491 79 564 485 79 565 484 79 566 491 79 567 484 79 568 486 79 569 491 130 570 486 130 571 493 130 572 493 131 573 486 131 574 488 131 575 493 132 576 488 132 577 495 132 578 495 79 579 488 79 580 490 79 581 495 79 582 490 79 583 498 79 584 559 133 585 560 133 586 564 133 587 224 134 588 378 135 589 222 136 590 222 136 591 378 135 592 375 137 593 222 136 594 375 137 595 223 138 596 223 138 597 375 137 598 377 139 599 223 138 600 377 139 601 228 140 602 228 140 603 377 139 604 379 141 605 228 140 606 379 141 607 232 142 608 232 142 609 379 141 610 381 143 611 232 142 612 381 143 613 236 144 614 236 144 615 381 143 616 384 145 617 236 144 618 384 145 619 240 146 620 240 146 621 384 145 622 387 147 623 240 146 624 387 147 625 244 148 626 244 148 627 387 147 628 389 149 629 244 148 630 389 149 631 248 150 632 248 150 633 389 149 634 392 151 635 248 150 636 392 151 637 252 152 638 252 152 639 392 151 640 395 153 641 252 152 642 395 153 643 256 154 644 256 154 645 395 153 646 398 155 647 256 154 648 398 155 649 262 156 650 262 156 651 398 155 652 401 157 653 262 156 654 401 157 655 266 158 656 266 158 657 401 157 658 404 159 659 266 158 660 404 159 661 270 160 662 270 160 663 404 159 664 408 161 665 270 160 666 408 161 667 277 162 668 277 162 669 408 161 670 415 163 671 277 162 672 415 163 673 290 164 674 290 164 675 415 163 676 423 165 677 290 164 678 423 165 679 298 166 680 298 166 681 423 165 682 427 167 683 298 166 684 427 167 685 304 168 686 304 168 687 427 167 688 431 169 689 304 168 690 431 169 691 311 170 692 311 170 693 431 169 694 435 171 695 311 170 696 435 171 697 315 172 698 315 172 699 435 171 700 437 173 701 315 172 702 437 173 703 312 174 704 312 174 705 437 173 706 436 175 707 312 174 708 436 175 709 305 176 710 305 176 711 436 175 712 432 177 713 305 176 714 432 177 715 299 178 716 299 178 717 432 177 718 428 179 719 299 178 720 428 179 721 291 180 722 291 180 723 428 179 724 424 181 725 291 180 726 424 181 727 278 182 728 278 182 729 424 181 730 416 183 731 278 182 732 416 183 733 271 184 734 271 184 735 416 183 736 409 185 737 271 184 738 409 185 739 267 186 740 267 186 741 409 185 742 405 187 743 267 186 744 405 187 745 263 188 746 263 188 747 405 187 748 402 189 749 263 188 750 402 189 751 259 190 752 259 190 753 402 189 754 399 191 755 259 190 756 399 191 757 253 192 758 253 192 759 399 191 760 396 193 761 253 192 762 396 193 763 249 194 764 249 194 765 396 193 766 393 195 767 249 194 768 393 195 769 245 196 770 245 196 771 393 195 772 390 197 773 245 196 774 390 197 775 241 198 776 241 198 777 390 197 778 388 199 779 241 198 780 388 199 781 237 200 782 237 200 783 388 199 784 385 201 785 237 200 786 385 201 787 233 202 788 233 202 789 385 201 790 382 203 791 233 202 792 382 203 793 229 204 794 229 204 795 382 203 796 380 205 797 229 204 798 380 205 799 224 134 800 224 134 801 380 205 802 378 135 803 112 206 804 227 207 805 110 208 806 110 208 807 227 207 808 225 209 809 110 208 810 225 209 811 226 210 812 227 207 813 112 206 814 231 211 815 231 211 816 112 206 817 114 212 818 231 211 819 114 212 820 235 213 821 235 213 822 114 212 823 116 214 824 235 213 825 116 214 826 239 215 827 239 215 828 116 214 829 118 216 830 239 215 831 118 216 832 243 217 833 243 217 834 118 216 835 120 218 836 243 217 837 120 218 838 247 219 839 247 219 840 120 218 841 122 220 842 247 219 843 122 220 844 251 221 845 251 221 846 122 220 847 124 222 848 251 221 849 124 222 850 255 223 851 255 223 852 124 222 853 126 224 854 255 223 855 126 224 856 258 225 857 258 225 858 126 224 859 128 226 860 258 225 861 128 226 862 261 227 863 261 227 864 128 226 865 130 228 866 261 227 867 130 228 868 265 229 869 265 229 870 130 228 871 132 230 872 265 229 873 132 230 874 269 231 875 269 231 876 132 230 877 274 232 878 274 232 879 132 230 880 134 233 881 274 232 882 134 233 883 287 234 884 287 234 885 134 233 886 136 235 887 287 234 888 136 235 889 295 236 890 295 236 891 136 235 892 138 237 893 295 236 894 138 237 895 303 238 896 303 238 897 138 237 898 143 239 899 303 238 900 143 239 901 307 240 902 307 240 903 143 239 904 147 241 905 307 240 906 147 241 907 308 242 908 308 242 909 147 241 910 146 243 911 308 242 912 146 243 913 306 244 914 306 244 915 146 243 916 142 245 917 306 244 918 142 245 919 302 246 920 302 246 921 142 245 922 137 247 923 302 246 924 137 247 925 294 248 926 294 248 927 137 247 928 135 249 929 294 248 930 135 249 931 286 250 932 286 250 933 135 249 934 133 251 935 286 250 936 133 251 937 273 252 938 273 252 939 133 251 940 131 253 941 273 252 942 131 253 943 268 254 944 268 254 945 131 253 946 264 255 947 264 255 948 131 253 949 129 256 950 264 255 951 129 256 952 260 257 953 260 257 954 129 256 955 127 258 956 260 257 957 127 258 958 257 259 959 257 259 960 127 258 961 125 260 962 257 259 963 125 260 964 254 261 965 254 261 966 125 260 967 123 262 968 254 261 969 123 262 970 250 263 971 250 263 972 123 262 973 121 264 974 250 263 975 121 264 976 246 265 977 246 265 978 121 264 979 119 266 980 246 265 981 119 266 982 242 267 983 242 267 984 119 266 985 117 268 986 242 267 987 117 268 988 238 269 989 238 269 990 117 268 991 115 270 992 238 269 993 115 270 994 234 271 995 234 271 996 115 270 997 113 272 998 234 271 999 113 272 1000 230 273 1001 230 273 1002 113 272 1003 111 274 1004 230 273 1005 111 274 1006 226 210 1007 226 210 1008 111 274 1009 110 208 1010 12 275 1011 112 276 1012 9 277 1013 9 277 1014 112 276 1015 110 278 1016 9 277 1017 110 278 1018 11 279 1019 11 279 1020 110 278 1021 111 280 1022 11 279 1023 111 280 1024 13 281 1025 13 281 1026 111 280 1027 113 282 1028 13 281 1029 113 282 1030 15 283 1031 15 283 1032 113 282 1033 115 284 1034 15 283 1035 115 284 1036 18 285 1037 18 285 1038 115 284 1039 117 286 1040 18 285 1041 117 286 1042 21 287 1043 21 287 1044 117 286 1045 119 288 1046 21 287 1047 119 288 1048 23 289 1049 23 289 1050 119 288 1051 121 290 1052 23 289 1053 121 290 1054 26 291 1055 26 291 1056 121 290 1057 123 292 1058 26 291 1059 123 292 1060 29 293 1061 29 293 1062 123 292 1063 125 294 1064 29 293 1065 125 294 1066 32 295 1067 32 295 1068 125 294 1069 127 296 1070 32 295 1071 127 296 1072 34 297 1073 34 297 1074 127 296 1075 129 298 1076 34 297 1077 129 298 1078 38 299 1079 38 299 1080 129 298 1081 131 300 1082 38 299 1083 131 300 1084 42 301 1085 42 301 1086 131 300 1087 133 302 1088 42 301 1089 133 302 1090 46 303 1091 46 303 1092 133 302 1093 135 304 1094 46 303 1095 135 304 1096 48 305 1097 48 305 1098 135 304 1099 137 306 1100 48 305 1101 137 306 1102 54 307 1103 54 307 1104 137 306 1105 142 308 1106 54 307 1107 142 308 1108 59 309 1109 59 309 1110 142 308 1111 146 310 1112 59 309 1113 146 310 1114 60 311 1115 60 311 1116 146 310 1117 147 312 1118 60 311 1119 147 312 1120 55 313 1121 55 313 1122 147 312 1123 143 314 1124 55 313 1125 143 314 1126 49 315 1127 49 315 1128 143 314 1129 138 316 1130 49 315 1131 138 316 1132 47 317 1133 47 317 1134 138 316 1135 136 318 1136 47 317 1137 136 318 1138 43 319 1139 43 319 1140 136 318 1141 134 320 1142 43 319 1143 134 320 1144 39 321 1145 39 321 1146 134 320 1147 132 322 1148 39 321 1149 132 322 1150 35 323 1151 35 323 1152 132 322 1153 130 324 1154 35 323 1155 130 324 1156 33 325 1157 33 325 1158 130 324 1159 128 326 1160 33 325 1161 128 326 1162 30 327 1163 30 327 1164 128 326 1165 126 328 1166 30 327 1167 126 328 1168 27 329 1169 27 329 1170 126 328 1171 124 330 1172 27 329 1173 124 330 1174 24 331 1175 24 331 1176 124 330 1177 122 332 1178 24 331 1179 122 332 1180 22 333 1181 22 333 1182 122 332 1183 120 334 1184 22 333 1185 120 334 1186 19 335 1187 19 335 1188 120 334 1189 118 336 1190 19 335 1191 118 336 1192 16 337 1193 16 337 1194 118 336 1195 116 338 1196 16 337 1197 116 338 1198 14 339 1199 14 339 1200 116 338 1201 114 340 1202 14 339 1203 114 340 1204 12 275 1205 12 275 1206 114 340 1207 112 276 1208 223 341 1209 226 341 1210 222 341 1211 222 79 1212 226 79 1213 225 79 1214 222 79 1215 225 79 1216 227 79 1217 226 79 1218 223 79 1219 230 79 1220 230 79 1221 223 79 1222 228 79 1223 230 342 1224 228 342 1225 234 342 1226 234 79 1227 228 79 1228 232 79 1229 234 343 1230 232 343 1231 238 343 1232 238 344 1233 232 344 1234 236 344 1235 238 345 1236 236 345 1237 242 345 1238 242 346 1239 236 346 1240 240 346 1241 242 79 1242 240 79 1243 246 79 1244 246 347 1245 240 347 1246 244 347 1247 246 79 1248 244 79 1249 250 79 1250 250 348 1251 244 348 1252 248 348 1253 250 79 1254 248 79 1255 254 79 1256 254 79 1257 248 79 1258 252 79 1259 254 79 1260 252 79 1261 257 79 1262 257 79 1263 252 79 1264 256 79 1265 257 79 1266 256 79 1267 262 79 1268 257 79 1269 262 79 1270 260 79 1271 260 79 1272 262 79 1273 266 79 1274 260 79 1275 266 79 1276 264 79 1277 264 349 1278 266 349 1279 270 349 1280 264 79 1281 270 79 1282 268 79 1283 268 350 1284 270 350 1285 277 350 1286 268 351 1287 277 351 1288 273 351 1289 273 347 1290 277 347 1291 290 347 1292 273 352 1293 290 352 1294 286 352 1295 286 353 1296 290 353 1297 298 353 1298 286 354 1299 298 354 1300 294 354 1301 294 79 1302 298 79 1303 304 79 1304 294 355 1305 304 355 1306 302 355 1307 302 79 1308 304 79 1309 311 79 1310 302 356 1311 311 356 1312 306 356 1313 306 357 1314 311 357 1315 308 357 1316 308 79 1317 311 79 1318 315 79 1319 308 79 1320 315 79 1321 307 79 1322 307 358 1323 315 358 1324 312 358 1325 307 79 1326 312 79 1327 303 79 1328 303 79 1329 312 79 1330 305 79 1331 303 359 1332 305 359 1333 295 359 1334 295 79 1335 305 79 1336 299 79 1337 295 360 1338 299 360 1339 287 360 1340 287 353 1341 299 353 1342 291 353 1343 287 79 1344 291 79 1345 274 79 1346 274 79 1347 291 79 1348 278 79 1349 274 79 1350 278 79 1351 269 79 1352 269 79 1353 278 79 1354 271 79 1355 269 79 1356 271 79 1357 265 79 1358 265 361 1359 271 361 1360 267 361 1361 265 79 1362 267 79 1363 261 79 1364 261 79 1365 267 79 1366 263 79 1367 261 79 1368 263 79 1369 258 79 1370 258 79 1371 263 79 1372 259 79 1373 258 79 1374 259 79 1375 253 79 1376 258 79 1377 253 79 1378 255 79 1379 255 79 1380 253 79 1381 249 79 1382 255 79 1383 249 79 1384 251 79 1385 251 362 1386 249 362 1387 245 362 1388 251 79 1389 245 79 1390 247 79 1391 247 79 1392 245 79 1393 241 79 1394 247 363 1395 241 363 1396 243 363 1397 243 79 1398 241 79 1399 237 79 1400 243 364 1401 237 364 1402 239 364 1403 239 350 1404 237 350 1405 233 350 1406 239 365 1407 233 365 1408 235 365 1409 235 79 1410 233 79 1411 229 79 1412 235 366 1413 229 366 1414 231 366 1415 231 79 1416 229 79 1417 224 79 1418 231 367 1419 224 367 1420 227 367 1421 227 341 1422 224 341 1423 222 341 1424 141 368 1425 281 369 1426 139 370 1427 139 370 1428 281 369 1429 279 371 1430 139 370 1431 279 371 1432 280 372 1433 281 369 1434 141 368 1435 285 373 1436 285 373 1437 141 368 1438 145 374 1439 285 373 1440 145 374 1441 293 375 1442 293 375 1443 145 374 1444 149 376 1445 293 375 1446 149 376 1447 301 377 1448 301 377 1449 149 376 1450 151 378 1451 301 377 1452 151 378 1453 314 379 1454 314 379 1455 151 378 1456 153 380 1457 314 379 1458 153 380 1459 319 381 1460 319 381 1461 153 380 1462 155 382 1463 319 381 1464 155 382 1465 323 383 1466 323 383 1467 155 382 1468 157 384 1469 323 383 1470 157 384 1471 327 385 1472 327 385 1473 157 384 1474 159 386 1475 327 385 1476 159 386 1477 330 387 1478 330 387 1479 159 386 1480 161 388 1481 330 387 1482 161 388 1483 333 389 1484 333 389 1485 161 388 1486 163 390 1487 333 389 1488 163 390 1489 337 391 1490 337 391 1491 163 390 1492 165 392 1493 337 391 1494 165 392 1495 341 393 1496 341 393 1497 165 392 1498 345 394 1499 345 394 1500 165 392 1501 167 395 1502 345 394 1503 167 395 1504 349 396 1505 349 396 1506 167 395 1507 169 397 1508 349 396 1509 169 397 1510 353 398 1511 353 398 1512 169 397 1513 171 399 1514 353 398 1515 171 399 1516 357 400 1517 357 400 1518 171 399 1519 173 401 1520 357 400 1521 173 401 1522 361 402 1523 361 402 1524 173 401 1525 175 403 1526 361 402 1527 175 403 1528 362 404 1529 362 404 1530 175 403 1531 174 405 1532 362 404 1533 174 405 1534 360 406 1535 360 406 1536 174 405 1537 172 407 1538 360 406 1539 172 407 1540 356 408 1541 356 408 1542 172 407 1543 170 409 1544 356 408 1545 170 409 1546 352 410 1547 352 410 1548 170 409 1549 168 411 1550 352 410 1551 168 411 1552 348 412 1553 348 412 1554 168 411 1555 166 413 1556 348 412 1557 166 413 1558 344 414 1559 344 414 1560 166 413 1561 164 415 1562 344 414 1563 164 415 1564 340 416 1565 340 416 1566 164 415 1567 336 417 1568 336 417 1569 164 415 1570 162 418 1571 336 417 1572 162 418 1573 332 419 1574 332 419 1575 162 418 1576 160 420 1577 332 419 1578 160 420 1579 329 421 1580 329 421 1581 160 420 1582 158 422 1583 329 421 1584 158 422 1585 326 423 1586 326 423 1587 158 422 1588 156 424 1589 326 423 1590 156 424 1591 322 425 1592 322 425 1593 156 424 1594 154 426 1595 322 425 1596 154 426 1597 318 427 1598 318 427 1599 154 426 1600 152 428 1601 318 427 1602 152 428 1603 313 429 1604 313 429 1605 152 428 1606 150 430 1607 313 429 1608 150 430 1609 300 431 1610 300 431 1611 150 430 1612 148 432 1613 300 431 1614 148 432 1615 292 433 1616 292 433 1617 148 432 1618 144 434 1619 292 433 1620 144 434 1621 284 435 1622 284 435 1623 144 434 1624 140 436 1625 284 435 1626 140 436 1627 280 372 1628 280 372 1629 140 436 1630 139 370 1631 52 437 1632 141 438 1633 50 439 1634 50 439 1635 141 438 1636 139 440 1637 50 439 1638 139 440 1639 51 441 1640 51 441 1641 139 440 1642 140 442 1643 51 441 1644 140 442 1645 57 443 1646 57 443 1647 140 442 1648 144 444 1649 57 443 1650 144 444 1651 61 445 1652 61 445 1653 144 444 1654 148 446 1655 61 445 1656 148 446 1657 65 447 1658 65 447 1659 148 446 1660 150 448 1661 65 447 1662 150 448 1663 68 449 1664 68 449 1665 150 448 1666 152 450 1667 68 449 1668 152 450 1669 72 451 1670 72 451 1671 152 450 1672 154 452 1673 72 451 1674 154 452 1675 75 453 1676 75 453 1677 154 452 1678 156 454 1679 75 453 1680 156 454 1681 78 455 1682 78 455 1683 156 454 1684 158 456 1685 78 455 1686 158 456 1687 81 457 1688 81 457 1689 158 456 1690 160 458 1691 81 457 1692 160 458 1693 83 459 1694 83 459 1695 160 458 1696 162 460 1697 83 459 1698 162 460 1699 86 461 1700 86 461 1701 162 460 1702 164 462 1703 86 461 1704 164 462 1705 89 463 1706 89 463 1707 164 462 1708 166 464 1709 89 463 1710 166 464 1711 91 465 1712 91 465 1713 166 464 1714 168 466 1715 91 465 1716 168 466 1717 94 467 1718 94 467 1719 168 466 1720 170 468 1721 94 467 1722 170 468 1723 96 469 1724 96 469 1725 170 468 1726 172 470 1727 96 469 1728 172 470 1729 99 471 1730 99 471 1731 172 470 1732 174 472 1733 99 471 1734 174 472 1735 100 473 1736 100 473 1737 174 472 1738 175 474 1739 100 473 1740 175 474 1741 97 475 1742 97 475 1743 175 474 1744 173 476 1745 97 475 1746 173 476 1747 95 477 1748 95 477 1749 173 476 1750 171 478 1751 95 477 1752 171 478 1753 92 479 1754 92 479 1755 171 478 1756 169 480 1757 92 479 1758 169 480 1759 90 481 1760 90 481 1761 169 480 1762 167 482 1763 90 481 1764 167 482 1765 87 483 1766 87 483 1767 167 482 1768 165 484 1769 87 483 1770 165 484 1771 84 485 1772 84 485 1773 165 484 1774 163 486 1775 84 485 1776 163 486 1777 82 487 1778 82 487 1779 163 486 1780 161 488 1781 82 487 1782 161 488 1783 79 489 1784 79 489 1785 161 488 1786 159 490 1787 79 489 1788 159 490 1789 76 491 1790 76 491 1791 159 490 1792 157 492 1793 76 491 1794 157 492 1795 73 493 1796 73 493 1797 157 492 1798 155 494 1799 73 493 1800 155 494 1801 69 495 1802 69 495 1803 155 494 1804 153 496 1805 69 495 1806 153 496 1807 66 497 1808 66 497 1809 153 496 1810 151 498 1811 66 497 1812 151 498 1813 62 499 1814 62 499 1815 151 498 1816 149 500 1817 62 499 1818 149 500 1819 58 501 1820 58 501 1821 149 500 1822 145 502 1823 58 501 1824 145 502 1825 52 437 1826 52 437 1827 145 502 1828 141 438 1829 275 79 1830 280 79 1831 272 79 1832 272 79 1833 280 79 1834 279 79 1835 272 79 1836 279 79 1837 281 79 1838 280 79 1839 275 79 1840 284 79 1841 284 79 1842 275 79 1843 282 79 1844 284 503 1845 282 503 1846 292 503 1847 292 79 1848 282 79 1849 288 79 1850 292 79 1851 288 79 1852 300 79 1853 300 79 1854 288 79 1855 296 79 1856 300 79 1857 296 79 1858 313 79 1859 313 79 1860 296 79 1861 309 79 1862 313 79 1863 309 79 1864 318 79 1865 318 79 1866 309 79 1867 316 79 1868 318 79 1869 316 79 1870 322 79 1871 322 79 1872 316 79 1873 320 79 1874 322 79 1875 320 79 1876 326 79 1877 326 79 1878 320 79 1879 324 79 1880 326 504 1881 324 504 1882 329 504 1883 329 505 1884 324 505 1885 328 505 1886 329 506 1887 328 506 1888 334 506 1889 329 79 1890 334 79 1891 332 79 1892 332 79 1893 334 79 1894 338 79 1895 332 79 1896 338 79 1897 336 79 1898 336 79 1899 338 79 1900 342 79 1901 336 507 1902 342 507 1903 340 507 1904 340 79 1905 342 79 1906 346 79 1907 340 508 1908 346 508 1909 344 508 1910 344 79 1911 346 79 1912 350 79 1913 344 79 1914 350 79 1915 348 79 1916 348 79 1917 350 79 1918 354 79 1919 348 509 1920 354 509 1921 352 509 1922 352 79 1923 354 79 1924 358 79 1925 352 510 1926 358 510 1927 356 510 1928 356 79 1929 358 79 1930 363 79 1931 356 511 1932 363 511 1933 360 511 1934 360 79 1935 363 79 1936 362 79 1937 362 79 1938 363 79 1939 365 79 1940 362 79 1941 365 79 1942 361 79 1943 361 512 1944 365 512 1945 364 512 1946 361 79 1947 364 79 1948 357 79 1949 357 513 1950 364 513 1951 359 513 1952 357 79 1953 359 79 1954 353 79 1955 353 79 1956 359 79 1957 355 79 1958 353 79 1959 355 79 1960 349 79 1961 349 79 1962 355 79 1963 351 79 1964 349 79 1965 351 79 1966 345 79 1967 345 79 1968 351 79 1969 347 79 1970 345 79 1971 347 79 1972 341 79 1973 341 79 1974 347 79 1975 343 79 1976 341 514 1977 343 514 1978 337 514 1979 337 79 1980 343 79 1981 339 79 1982 337 79 1983 339 79 1984 333 79 1985 333 79 1986 339 79 1987 335 79 1988 333 515 1989 335 515 1990 330 515 1991 330 506 1992 335 506 1993 331 506 1994 330 505 1995 331 505 1996 325 505 1997 330 79 1998 325 79 1999 327 79 2000 327 79 2001 325 79 2002 321 79 2003 327 79 2004 321 79 2005 323 79 2006 323 79 2007 321 79 2008 317 79 2009 323 516 2010 317 516 2011 319 516 2012 319 79 2013 317 79 2014 310 79 2015 319 517 2016 310 517 2017 314 517 2018 314 79 2019 310 79 2020 297 79 2021 314 518 2022 297 518 2023 301 518 2024 301 79 2025 297 79 2026 289 79 2027 301 519 2028 289 519 2029 293 519 2030 293 79 2031 289 79 2032 283 79 2033 293 520 2034 283 520 2035 285 520 2036 285 521 2037 283 521 2038 276 521 2039 285 522 2040 276 522 2041 281 522 2042 281 523 2043 276 523 2044 272 523 2045 414 524 2046 529 525 2047 412 526 2048 412 526 2049 529 525 2050 527 527 2051 412 526 2052 527 527 2053 528 528 2054 529 525 2055 414 524 2056 532 529 2057 532 529 2058 414 524 2059 418 530 2060 532 529 2061 418 530 2062 536 531 2063 536 531 2064 418 530 2065 422 532 2066 536 531 2067 422 532 2068 540 533 2069 540 533 2070 422 532 2071 426 534 2072 540 533 2073 426 534 2074 546 535 2075 546 535 2076 426 534 2077 434 536 2078 546 535 2079 434 536 2080 554 537 2081 554 537 2082 434 536 2083 441 538 2084 554 537 2085 441 538 2086 563 539 2087 563 539 2088 441 538 2089 445 540 2090 563 539 2091 445 540 2092 567 541 2093 567 541 2094 445 540 2095 448 542 2096 567 541 2097 448 542 2098 569 543 2099 569 543 2100 448 542 2101 451 544 2102 569 543 2103 451 544 2104 572 545 2105 572 545 2106 451 544 2107 454 546 2108 572 545 2109 454 546 2110 575 547 2111 575 547 2112 454 546 2113 457 548 2114 575 547 2115 457 548 2116 578 549 2117 578 549 2118 457 548 2119 460 550 2120 578 549 2121 460 550 2122 581 551 2123 581 551 2124 460 550 2125 462 552 2126 581 551 2127 462 552 2128 584 553 2129 584 553 2130 462 552 2131 465 554 2132 584 553 2133 465 554 2134 587 555 2135 587 555 2136 465 554 2137 468 556 2138 587 555 2139 468 556 2140 589 557 2141 589 557 2142 468 556 2143 470 558 2144 589 557 2145 470 558 2146 592 559 2147 592 559 2148 470 558 2149 472 560 2150 592 559 2151 472 560 2152 594 561 2153 594 561 2154 472 560 2155 474 562 2156 594 561 2157 474 562 2158 596 563 2159 596 563 2160 474 562 2161 593 564 2162 593 564 2163 474 562 2164 471 565 2165 593 564 2166 471 565 2167 591 566 2168 591 566 2169 471 565 2170 469 567 2171 591 566 2172 469 567 2173 588 568 2174 588 568 2175 469 567 2176 467 569 2177 588 568 2178 467 569 2179 586 570 2180 586 570 2181 467 569 2182 464 571 2183 586 570 2184 464 571 2185 583 572 2186 583 572 2187 464 571 2188 461 573 2189 583 572 2190 461 573 2191 580 574 2192 580 574 2193 461 573 2194 459 575 2195 580 574 2196 459 575 2197 577 576 2198 577 576 2199 459 575 2200 456 577 2201 577 576 2202 456 577 2203 574 578 2204 574 578 2205 456 577 2206 453 579 2207 574 578 2208 453 579 2209 571 580 2210 571 580 2211 453 579 2212 450 581 2213 571 580 2214 450 581 2215 568 582 2216 568 582 2217 450 581 2218 447 583 2219 568 582 2220 447 583 2221 566 584 2222 566 584 2223 447 583 2224 444 585 2225 566 584 2226 444 585 2227 562 586 2228 562 586 2229 444 585 2230 440 587 2231 562 586 2232 440 587 2233 553 588 2234 553 588 2235 440 587 2236 433 589 2237 553 588 2238 433 589 2239 545 590 2240 545 590 2241 433 589 2242 425 591 2243 545 590 2244 425 591 2245 539 592 2246 539 592 2247 425 591 2248 421 593 2249 539 592 2250 421 593 2251 535 594 2252 535 594 2253 421 593 2254 417 595 2255 535 594 2256 417 595 2257 531 596 2258 531 596 2259 417 595 2260 413 597 2261 531 596 2262 413 597 2263 528 528 2264 528 528 2265 413 597 2266 412 526 2267 276 598 2268 414 599 2269 272 600 2270 272 600 2271 414 599 2272 412 601 2273 272 600 2274 412 601 2275 275 602 2276 275 602 2277 412 601 2278 413 603 2279 275 602 2280 413 603 2281 282 604 2282 282 604 2283 413 603 2284 417 605 2285 282 604 2286 417 605 2287 288 606 2288 288 606 2289 417 605 2290 421 607 2291 288 606 2292 421 607 2293 296 608 2294 296 608 2295 421 607 2296 425 609 2297 296 608 2298 425 609 2299 309 610 2300 309 610 2301 425 609 2302 433 611 2303 309 610 2304 433 611 2305 316 612 2306 316 612 2307 433 611 2308 440 613 2309 316 612 2310 440 613 2311 320 614 2312 320 614 2313 440 613 2314 444 615 2315 320 614 2316 444 615 2317 324 616 2318 324 616 2319 444 615 2320 447 617 2321 324 616 2322 447 617 2323 328 618 2324 328 618 2325 447 617 2326 450 619 2327 328 618 2328 450 619 2329 334 620 2330 334 620 2331 450 619 2332 453 621 2333 334 620 2334 453 621 2335 338 622 2336 338 622 2337 453 621 2338 456 623 2339 338 622 2340 456 623 2341 342 624 2342 342 624 2343 456 623 2344 459 625 2345 342 624 2346 459 625 2347 346 626 2348 346 626 2349 459 625 2350 461 627 2351 346 626 2352 461 627 2353 350 628 2354 350 628 2355 461 627 2356 464 629 2357 350 628 2358 464 629 2359 354 630 2360 354 630 2361 464 629 2362 467 631 2363 354 630 2364 467 631 2365 358 632 2366 358 632 2367 467 631 2368 469 633 2369 358 632 2370 469 633 2371 363 634 2372 363 634 2373 469 633 2374 471 635 2375 363 634 2376 471 635 2377 365 636 2378 365 636 2379 471 635 2380 474 637 2381 365 636 2382 474 637 2383 364 638 2384 364 638 2385 474 637 2386 472 639 2387 364 638 2388 472 639 2389 359 640 2390 359 640 2391 472 639 2392 470 641 2393 359 640 2394 470 641 2395 355 642 2396 355 642 2397 470 641 2398 468 643 2399 355 642 2400 468 643 2401 351 644 2402 351 644 2403 468 643 2404 465 645 2405 351 644 2406 465 645 2407 347 646 2408 347 646 2409 465 645 2410 462 647 2411 347 646 2412 462 647 2413 343 648 2414 343 648 2415 462 647 2416 460 649 2417 343 648 2418 460 649 2419 339 650 2420 339 650 2421 460 649 2422 457 651 2423 339 650 2424 457 651 2425 335 652 2426 335 652 2427 457 651 2428 454 653 2429 335 652 2430 454 653 2431 331 654 2432 331 654 2433 454 653 2434 451 655 2435 331 654 2436 451 655 2437 325 656 2438 325 656 2439 451 655 2440 448 657 2441 325 656 2442 448 657 2443 321 658 2444 321 658 2445 448 657 2446 445 659 2447 321 658 2448 445 659 2449 317 660 2450 317 660 2451 445 659 2452 441 661 2453 317 660 2454 441 661 2455 310 662 2456 310 662 2457 441 661 2458 434 663 2459 310 662 2460 434 663 2461 297 664 2462 297 664 2463 434 663 2464 426 665 2465 297 664 2466 426 665 2467 289 666 2468 289 666 2469 426 665 2470 422 667 2471 289 666 2472 422 667 2473 283 668 2474 283 668 2475 422 667 2476 418 669 2477 283 668 2478 418 669 2479 276 598 2480 276 598 2481 418 669 2482 414 599 2483 564 670 2484 597 670 2485 446 670 2486 446 671 2487 597 671 2488 477 671 2489 372 672 2490 490 673 2491 370 674 2492 370 674 2493 490 673 2494 488 675 2495 370 674 2496 488 675 2497 368 676 2498 368 676 2499 488 675 2500 486 677 2501 368 676 2502 486 677 2503 366 678 2504 366 678 2505 486 677 2506 484 679 2507 366 678 2508 484 679 2509 367 680 2510 367 680 2511 484 679 2512 485 681 2513 367 680 2514 485 681 2515 369 682 2516 369 682 2517 485 681 2518 487 683 2519 369 682 2520 487 683 2521 371 684 2522 371 684 2523 487 683 2524 489 685 2525 371 684 2526 489 685 2527 373 686 2528 373 686 2529 489 685 2530 492 687 2531 373 686 2532 492 687 2533 374 688 2534 374 688 2535 492 687 2536 497 689 2537 374 688 2538 497 689 2539 376 690 2540 376 690 2541 497 689 2542 502 691 2543 376 690 2544 502 691 2545 383 692 2546 383 692 2547 502 691 2548 505 693 2549 383 692 2550 505 693 2551 386 694 2552 386 694 2553 505 693 2554 508 695 2555 386 694 2556 508 695 2557 391 696 2558 391 696 2559 508 695 2560 511 697 2561 391 696 2562 511 697 2563 394 698 2564 394 698 2565 511 697 2566 514 699 2567 394 698 2568 514 699 2569 397 700 2570 397 700 2571 514 699 2572 517 701 2573 397 700 2574 517 701 2575 400 702 2576 400 702 2577 517 701 2578 522 703 2579 400 702 2580 522 703 2581 406 704 2582 406 704 2583 522 703 2584 526 705 2585 406 704 2586 526 705 2587 411 706 2588 411 706 2589 526 705 2590 538 707 2591 411 706 2592 538 707 2593 420 708 2594 420 708 2595 538 707 2596 544 709 2597 420 708 2598 544 709 2599 430 710 2600 430 710 2601 544 709 2602 550 711 2603 430 710 2604 550 711 2605 439 712 2606 439 712 2607 550 711 2608 557 713 2609 439 712 2610 557 713 2611 442 714 2612 442 714 2613 557 713 2614 564 715 2615 442 714 2616 564 715 2617 446 716 2618 523 717 2619 490 717 2620 403 717 2621 403 718 2622 490 718 2623 372 718 2624 477 719 2625 597 720 2626 479 721 2627 479 721 2628 597 720 2629 599 722 2630 479 721 2631 599 722 2632 481 723 2633 481 723 2634 599 722 2635 601 724 2636 481 723 2637 601 724 2638 483 725 2639 483 725 2640 601 724 2641 603 726 2642 483 725 2643 603 726 2644 482 727 2645 482 727 2646 603 726 2647 602 728 2648 482 727 2649 602 728 2650 480 729 2651 480 729 2652 602 728 2653 600 730 2654 480 729 2655 600 730 2656 478 731 2657 478 731 2658 600 730 2659 598 732 2660 478 731 2661 598 732 2662 476 733 2663 476 733 2664 598 732 2665 595 734 2666 476 733 2667 595 734 2668 475 735 2669 475 735 2670 595 734 2671 590 736 2672 475 735 2673 590 736 2674 473 737 2675 473 737 2676 590 736 2677 585 738 2678 473 737 2679 585 738 2680 466 739 2681 466 739 2682 585 738 2683 582 740 2684 466 739 2685 582 740 2686 463 741 2687 463 741 2688 582 740 2689 579 742 2690 463 741 2691 579 742 2692 458 743 2693 458 743 2694 579 742 2695 576 744 2696 458 743 2697 576 744 2698 455 745 2699 455 745 2700 576 744 2701 573 746 2702 455 745 2703 573 746 2704 452 747 2705 452 747 2706 573 746 2707 570 748 2708 452 747 2709 570 748 2710 449 749 2711 449 749 2712 570 748 2713 565 750 2714 449 749 2715 565 750 2716 443 751 2717 443 751 2718 565 750 2719 561 752 2720 443 751 2721 561 752 2722 438 753 2723 438 753 2724 561 752 2725 549 754 2726 438 753 2727 549 754 2728 429 755 2729 429 755 2730 549 754 2731 543 756 2732 429 755 2733 543 756 2734 419 757 2735 419 757 2736 543 756 2737 537 758 2738 419 757 2739 537 758 2740 410 759 2741 410 759 2742 537 758 2743 530 760 2744 410 759 2745 530 760 2746 407 761 2747 407 761 2748 530 760 2749 523 762 2750 407 761 2751 523 762 2752 403 763 2753 182 764 2754 372 765 2755 180 766 2756 180 767 2757 372 768 2758 370 769 2759 180 767 2760 370 769 2761 178 770 2762 178 770 2763 370 769 2764 368 771 2765 178 770 2766 368 771 2767 176 772 2768 176 772 2769 368 771 2770 366 773 2771 176 772 2772 366 773 2773 177 774 2774 177 774 2775 366 773 2776 367 775 2777 177 774 2778 367 775 2779 179 776 2780 179 776 2781 367 775 2782 369 777 2783 179 776 2784 369 777 2785 181 778 2786 181 778 2787 369 777 2788 371 779 2789 181 778 2790 371 779 2791 183 780 2792 183 780 2793 371 779 2794 373 781 2795 183 780 2796 373 781 2797 184 782 2798 184 782 2799 373 781 2800 374 783 2801 184 782 2802 374 783 2803 185 784 2804 185 784 2805 374 783 2806 376 785 2807 185 784 2808 376 785 2809 186 786 2810 186 786 2811 376 785 2812 383 787 2813 186 786 2814 383 787 2815 187 788 2816 187 788 2817 383 787 2818 386 789 2819 187 788 2820 386 789 2821 188 790 2822 188 790 2823 386 789 2824 391 791 2825 188 790 2826 391 791 2827 189 792 2828 189 792 2829 391 791 2830 394 793 2831 189 792 2832 394 793 2833 190 794 2834 190 794 2835 394 793 2836 397 795 2837 190 794 2838 397 795 2839 191 796 2840 191 796 2841 397 795 2842 400 797 2843 191 796 2844 400 797 2845 193 798 2846 193 798 2847 400 797 2848 406 799 2849 193 798 2850 406 799 2851 196 800 2852 196 800 2853 406 799 2854 411 801 2855 196 800 2856 411 801 2857 198 802 2858 198 802 2859 411 801 2860 420 803 2861 198 802 2862 420 803 2863 200 804 2864 200 804 2865 420 803 2866 430 805 2867 200 804 2868 430 805 2869 202 806 2870 202 806 2871 430 805 2872 439 807 2873 202 806 2874 439 807 2875 203 808 2876 203 808 2877 439 807 2878 442 809 2879 203 808 2880 442 809 2881 205 810 2882 205 811 2883 442 812 2884 446 813 2885 446 814 2886 477 814 2887 205 814 2888 205 814 2889 477 814 2890 215 814 2891 71 815 2892 205 815 2893 103 815 2894 103 816 2895 205 816 2896 215 816 2897 182 817 2898 180 818 2899 6 819 2900 6 819 2901 180 818 2902 4 820 2903 4 820 2904 180 818 2905 178 821 2906 4 820 2907 178 821 2908 2 822 2909 2 822 2910 178 821 2911 176 823 2912 2 822 2913 176 823 2914 0 824 2915 0 824 2916 176 823 2917 177 825 2918 0 824 2919 177 825 2920 1 826 2921 1 826 2922 177 825 2923 179 827 2924 1 826 2925 179 827 2926 3 828 2927 3 828 2928 179 827 2929 181 829 2930 3 828 2931 181 829 2932 5 830 2933 5 830 2934 181 829 2935 183 831 2936 5 830 2937 183 831 2938 7 832 2939 7 832 2940 183 831 2941 184 833 2942 7 832 2943 184 833 2944 8 834 2945 8 834 2946 184 833 2947 185 835 2948 8 834 2949 185 835 2950 10 836 2951 10 836 2952 185 835 2953 186 837 2954 10 836 2955 186 837 2956 17 838 2957 17 838 2958 186 837 2959 187 839 2960 17 838 2961 187 839 2962 20 840 2963 20 840 2964 187 839 2965 188 841 2966 20 840 2967 188 841 2968 25 842 2969 25 842 2970 188 841 2971 189 843 2972 25 842 2973 189 843 2974 28 844 2975 28 844 2976 189 843 2977 190 845 2978 28 844 2979 190 845 2980 31 846 2981 31 846 2982 190 845 2983 191 847 2984 31 846 2985 191 847 2986 36 848 2987 36 848 2988 191 847 2989 193 849 2990 36 848 2991 193 849 2992 40 850 2993 40 850 2994 193 849 2995 196 851 2996 40 850 2997 196 851 2998 45 852 2999 45 852 3000 196 851 3001 198 853 3002 45 852 3003 198 853 3004 56 854 3005 56 854 3006 198 853 3007 200 855 3008 56 854 3009 200 855 3010 64 856 3011 64 856 3012 200 855 3013 202 857 3014 64 856 3015 202 857 3016 67 858 3017 67 858 3018 202 857 3019 203 859 3020 67 858 3021 203 859 3022 71 860 3023 71 860 3024 203 859 3025 205 861 3026 37 862 3027 192 862 3028 6 862 3029 6 863 3030 192 863 3031 182 863 3032 215 864 3033 217 865 3034 103 866 3035 103 866 3036 217 865 3037 105 867 3038 105 867 3039 217 865 3040 219 868 3041 105 867 3042 219 868 3043 107 869 3044 107 869 3045 219 868 3046 221 870 3047 107 869 3048 221 870 3049 109 871 3050 109 871 3051 221 870 3052 220 872 3053 109 871 3054 220 872 3055 108 873 3056 108 873 3057 220 872 3058 218 874 3059 108 873 3060 218 874 3061 106 875 3062 106 875 3063 218 874 3064 216 876 3065 106 875 3066 216 876 3067 104 877 3068 104 877 3069 216 876 3070 214 878 3071 104 877 3072 214 878 3073 102 879 3074 102 879 3075 214 878 3076 213 880 3077 102 879 3078 213 880 3079 101 881 3080 101 881 3081 213 880 3082 212 882 3083 101 881 3084 212 882 3085 98 883 3086 98 883 3087 212 882 3088 211 884 3089 98 883 3090 211 884 3091 93 885 3092 93 885 3093 211 884 3094 210 886 3095 93 885 3096 210 886 3097 88 887 3098 88 887 3099 210 886 3100 209 888 3101 88 887 3102 209 888 3103 85 889 3104 85 889 3105 209 888 3106 208 890 3107 85 889 3108 208 890 3109 80 891 3110 80 891 3111 208 890 3112 207 892 3113 80 891 3114 207 892 3115 77 893 3116 77 893 3117 207 892 3118 206 894 3119 77 893 3120 206 894 3121 74 895 3122 74 895 3123 206 894 3124 204 896 3125 74 895 3126 204 896 3127 70 897 3128 70 897 3129 204 896 3130 201 898 3131 70 897 3132 201 898 3133 63 899 3134 63 899 3135 201 898 3136 199 900 3137 63 899 3138 199 900 3139 53 901 3140 53 901 3141 199 900 3142 197 902 3143 53 901 3144 197 902 3145 44 903 3146 44 903 3147 197 902 3148 195 904 3149 44 903 3150 195 904 3151 41 905 3152 41 905 3153 195 904 3154 194 906 3155 41 905 3156 194 906 3157 37 907 3158 37 907 3159 194 906 3160 192 908 3161 215 909 3162 477 910 3163 217 911 3164 217 912 3165 477 913 3166 479 914 3167 217 912 3168 479 914 3169 219 915 3170 219 915 3171 479 914 3172 481 916 3173 219 915 3174 481 916 3175 221 917 3176 221 917 3177 481 916 3178 483 918 3179 221 917 3180 483 918 3181 220 919 3182 220 919 3183 483 918 3184 482 920 3185 220 919 3186 482 920 3187 218 921 3188 218 921 3189 482 920 3190 480 922 3191 218 921 3192 480 922 3193 216 923 3194 216 923 3195 480 922 3196 478 924 3197 216 923 3198 478 924 3199 214 925 3200 214 925 3201 478 924 3202 476 926 3203 214 925 3204 476 926 3205 213 927 3206 213 927 3207 476 926 3208 475 928 3209 213 927 3210 475 928 3211 212 929 3212 212 929 3213 475 928 3214 473 930 3215 212 929 3216 473 930 3217 211 931 3218 211 931 3219 473 930 3220 466 932 3221 211 931 3222 466 932 3223 210 933 3224 210 933 3225 466 932 3226 463 934 3227 210 933 3228 463 934 3229 209 935 3230 209 935 3231 463 934 3232 458 936 3233 209 935 3234 458 936 3235 208 937 3236 208 937 3237 458 936 3238 455 938 3239 208 937 3240 455 938 3241 207 939 3242 207 939 3243 455 938 3244 452 940 3245 207 939 3246 452 940 3247 206 941 3248 206 941 3249 452 940 3250 449 942 3251 206 941 3252 449 942 3253 204 943 3254 204 943 3255 449 942 3256 443 944 3257 204 943 3258 443 944 3259 201 945 3260 201 945 3261 443 944 3262 438 946 3263 201 945 3264 438 946 3265 199 947 3266 199 947 3267 438 946 3268 429 948 3269 199 947 3270 429 948 3271 197 949 3272 197 949 3273 429 948 3274 419 950 3275 197 949 3276 419 950 3277 195 951 3278 195 951 3279 419 950 3280 410 952 3281 195 951 3282 410 952 3283 194 953 3284 194 953 3285 410 952 3286 407 954 3287 194 953 3288 407 954 3289 192 955 3290 192 956 3291 407 957 3292 403 958 3293 52 959 3294 50 959 3295 37 959 3296 37 960 3297 50 960 3298 51 960 3299 37 959 3300 51 959 3301 57 959 3302 37 961 3303 57 961 3304 41 961 3305 41 959 3306 57 959 3307 61 959 3308 41 959 3309 61 959 3310 44 959 3311 44 962 3312 61 962 3313 65 962 3314 44 959 3315 65 959 3316 53 959 3317 53 963 3318 65 963 3319 68 963 3320 53 964 3321 68 964 3322 63 964 3323 63 965 3324 68 965 3325 70 965 3326 70 966 3327 68 966 3328 72 966 3329 70 959 3330 72 959 3331 74 959 3332 74 967 3333 72 967 3334 75 967 3335 74 959 3336 75 959 3337 77 959 3338 77 968 3339 75 968 3340 78 968 3341 77 959 3342 78 959 3343 80 959 3344 80 969 3345 78 969 3346 81 969 3347 80 959 3348 81 959 3349 85 959 3350 85 970 3351 81 970 3352 83 970 3353 85 959 3354 83 959 3355 88 959 3356 88 971 3357 83 971 3358 86 971 3359 88 959 3360 86 959 3361 93 959 3362 93 972 3363 86 972 3364 89 972 3365 93 973 3366 89 973 3367 98 973 3368 98 974 3369 89 974 3370 91 974 3371 98 975 3372 91 975 3373 101 975 3374 101 976 3375 91 976 3376 94 976 3377 101 977 3378 94 977 3379 102 977 3380 102 959 3381 94 959 3382 104 959 3383 104 978 3384 94 978 3385 96 978 3386 104 979 3387 96 979 3388 106 979 3389 106 959 3390 96 959 3391 99 959 3392 106 959 3393 99 959 3394 108 959 3395 108 959 3396 99 959 3397 109 959 3398 109 959 3399 99 959 3400 100 959 3401 109 959 3402 100 959 3403 107 959 3404 107 959 3405 100 959 3406 105 959 3407 105 959 3408 100 959 3409 97 959 3410 105 959 3411 97 959 3412 103 959 3413 103 980 3414 97 980 3415 95 980 3416 103 981 3417 95 981 3418 92 981 3419 92 982 3420 90 982 3421 103 982 3422 103 983 3423 90 983 3424 87 983 3425 103 959 3426 87 959 3427 71 959 3428 71 984 3429 87 984 3430 84 984 3431 71 985 3432 84 985 3433 82 985 3434 71 986 3435 82 986 3436 54 986 3437 54 987 3438 82 987 3439 79 987 3440 54 988 3441 79 988 3442 48 988 3443 48 989 3444 79 989 3445 76 989 3446 48 990 3447 76 990 3448 46 990 3449 46 991 3450 76 991 3451 73 991 3452 46 959 3453 73 959 3454 42 959 3455 42 992 3456 73 992 3457 69 992 3458 42 959 3459 69 959 3460 38 959 3461 38 993 3462 69 993 3463 66 993 3464 38 959 3465 66 959 3466 34 959 3467 34 994 3468 66 994 3469 62 994 3470 34 959 3471 62 959 3472 32 959 3473 32 995 3474 62 995 3475 58 995 3476 32 959 3477 58 959 3478 29 959 3479 29 959 3480 58 959 3481 26 959 3482 26 996 3483 58 996 3484 52 996 3485 26 997 3486 52 997 3487 37 997 3488 11 959 3489 2 959 3490 9 959 3491 9 959 3492 2 959 3493 0 959 3494 9 959 3495 0 959 3496 1 959 3497 13 959 3498 6 959 3499 11 959 3500 11 998 3501 6 998 3502 4 998 3503 11 959 3504 4 959 3505 2 959 3506 13 999 3507 15 999 3508 6 999 3509 6 959 3510 15 959 3511 18 959 3512 6 959 3513 18 959 3514 21 959 3515 21 959 3516 23 959 3517 6 959 3518 6 959 3519 23 959 3520 37 959 3521 37 1000 3522 23 1000 3523 26 1000 3524 54 959 3525 59 959 3526 71 959 3527 71 959 3528 59 959 3529 60 959 3530 71 959 3531 60 959 3532 55 959 3533 55 1001 3534 49 1001 3535 71 1001 3536 71 1002 3537 49 1002 3538 67 1002 3539 67 1003 3540 49 1003 3541 64 1003 3542 64 1004 3543 49 1004 3544 47 1004 3545 64 959 3546 47 959 3547 56 959 3548 56 1005 3549 47 1005 3550 43 1005 3551 56 959 3552 43 959 3553 45 959 3554 45 1006 3555 43 1006 3556 39 1006 3557 45 959 3558 39 959 3559 40 959 3560 40 1007 3561 39 1007 3562 35 1007 3563 40 959 3564 35 959 3565 36 959 3566 36 1008 3567 35 1008 3568 33 1008 3569 36 959 3570 33 959 3571 31 959 3572 31 1009 3573 33 1009 3574 30 1009 3575 31 959 3576 30 959 3577 28 959 3578 28 1010 3579 30 1010 3580 27 1010 3581 28 959 3582 27 959 3583 25 959 3584 25 1011 3585 27 1011 3586 24 1011 3587 25 1012 3588 24 1012 3589 20 1012 3590 20 1013 3591 24 1013 3592 22 1013 3593 20 1014 3594 22 1014 3595 17 1014 3596 17 1015 3597 22 1015 3598 19 1015 3599 17 1016 3600 19 1016 3601 10 1016 3602 10 959 3603 19 959 3604 8 959 3605 8 1017 3606 19 1017 3607 16 1017 3608 8 959 3609 16 959 3610 7 959 3611 7 959 3612 16 959 3613 14 959 3614 7 959 3615 14 959 3616 5 959 3617 5 959 3618 14 959 3619 12 959 3620 5 959 3621 12 959 3622 3 959 3623 3 1018 3624 12 1018 3625 1 1018 3626 1 959 3627 12 959 3628 9 959 3629 403 1019 3630 372 1019 3631 192 1019 3632 192 1020 3633 372 1020 3634 182 1020 3635</p>
        </triangles>
      </mesh>
    </geometry>
  </library_geometries>
  <library_visual_scenes>
    <visual_scene id="Scene" name="Scene">
      <node id="Light_001" name="Light.001" type="NODE">
        <matrix sid="transform">-0.1998833 -0.9551712 0.2183913 1.005454 0.7711008 -0.2908646 -0.5663933 -4.076245 0.6045247 0.05518912 0.7946723 5.903862 0 0 0 1</matrix>
        <instance_light url="#Light_001-light"/>
      </node>
      <node id="Camera_001" name="Camera.001" type="NODE">
        <matrix sid="transform">0.3054209 -0.7276763 -0.6141704 -6.925791 0.3240135 0.6859207 -0.6515582 -7.358891 0.8953956 4.01133e-9 0.4452714 4.958309 0 0 0 1</matrix>
        <instance_camera url="#Camera_001-camera"/>
      </node>
      <node id="S3_FREE_LINK_BUENA" name="S3_FREE_LINK_BUENA" type="NODE">
        <matrix sid="transform">-9.99987e-4 1.50994e-10 0 0 -1.50994e-10 -9.99987e-4 0 0 0 0 9.99987e-4 0 0 0 0 1</matrix>
        <instance_geometry url="#S3_FREE_LINK_BUENA-mesh" name="S3_FREE_LINK_BUENA">
          <bind_material>
            <technique_common>
              <instance_material symbol="_60_160_160_1-material" target="#_60_160_160_1-material">
                <bind_vertex_input semantic="S3_FREE_LINK_BUENA-mesh-map-0" input_semantic="TEXCOORD" input_set="0"/>
              </instance_material>
              <instance_material symbol="_60_160_160-material" target="#_60_160_160-material">
                <bind_vertex_input semantic="S3_FREE_LINK_BUENA-mesh-map-0" input_semantic="TEXCOORD" input_set="0"/>
              </instance_material>
            </technique_common>
          </bind_material>
        </instance_geometry>
      </node>
      <node id="Camera" name="Camera" type="NODE">
        <matrix sid="transform">0.3054208 -0.7276763 -0.6141704 -6.925791 0.3240135 0.6859207 -0.6515582 -7.358891 0.8953956 0 0.4452714 4.958309 0 0 0 1</matrix>
        <instance_camera url="#Camera-camera"/>
      </node>
      <node id="Light" name="Light" type="NODE">
        <matrix sid="transform">-0.1998834 -0.9551712 0.2183912 1.005454 0.7711008 -0.2908646 -0.5663932 -4.076245 0.6045247 0.05518906 0.7946723 5.903862 0 0 0 1</matrix>
        <instance_light url="#Light-light"/>
      </node>
    </visual_scene>
  </library_visual_scenes>
  <scene>
    <instance_visual_scene url="#Scene"/>
  </scene>
</COLLADA>