<?xml version="1.0" encoding="utf-8"?>
<COLLADA xmlns="http://www.collada.org/2005/11/COLLADASchema" version="1.4.1" xmlns:xsi="http://www.w3.org/2001/XMLSchema-instance">
  <asset>
    <contributor>
      <author>Blender User</author>
      <authoring_tool>Blender 4.4.3 commit date:2025-04-29, commit time:14:09, hash:802179c51ccc</authoring_tool>
    </contributor>
    <created>2025-08-16T20:29:55</created>
    <modified>2025-08-16T20:29:55</modified>
    <unit name="meter" meter="1"/>
    <up_axis>Z_UP</up_axis>
  </asset>
  <library_cameras>
    <camera id="Camera-camera" name="Camera">
      <optics>
        <technique_common>
          <perspective>
            <xfov sid="xfov">39.59775</xfov>
            <aspect_ratio>1.777778</aspect_ratio>
            <znear sid="znear">0.1</znear>
            <zfar sid="zfar">100</zfar>
          </perspective>
        </technique_common>
      </optics>
      <extra>
        <technique profile="blender">
          <shiftx sid="shiftx" type="float">0</shiftx>
          <shifty sid="shifty" type="float">0</shifty>
          <dof_distance sid="dof_distance" type="float">10</dof_distance>
        </technique>
      </extra>
    </camera>
  </library_cameras>
  <library_lights>
    <light id="Light-light" name="Light">
      <technique_common>
        <point>
          <color sid="color">1000 1000 1000</color>
          <constant_attenuation>1</constant_attenuation>
          <linear_attenuation>0</linear_attenuation>
          <quadratic_attenuation>0</quadratic_attenuation>
        </point>
      </technique_common>
      <extra>
        <technique profile="blender">
          <type sid="type" type="int">0</type>
          <flag sid="flag" type="int">0</flag>
          <mode sid="mode" type="int">2097153</mode>
          <red sid="red" type="float">1</red>
          <green sid="green" type="float">1</green>
          <blue sid="blue" type="float">1</blue>
          <energy sid="blender_energy" type="float">1000</energy>
          <spotsize sid="spotsize" type="float">75</spotsize>
          <spotblend sid="spotblend" type="float">0.15</spotblend>
          <clipsta sid="clipsta" type="float">0.04999995</clipsta>
          <clipend sid="clipend" type="float">40</clipend>
          <radius sid="radius" type="float">0.1</radius>
          <area_shape sid="area_shape" type="int">1</area_shape>
          <area_size sid="area_size" type="float">0.1</area_size>
          <area_sizey sid="area_sizey" type="float">0.1</area_sizey>
          <area_sizez sid="area_sizez" type="float">1</area_sizez>
        </technique>
      </extra>
    </light>
  </library_lights>
  <library_effects>
    <effect id="ID10-effect">
      <profile_COMMON>
        <technique sid="common">
          <lambert>
            <emission>
              <color sid="emission">0 0 0 1</color>
            </emission>
            <diffuse>
              <color sid="diffuse">0.0338964 0.0338964 0.0338964 1</color>
            </diffuse>
            <index_of_refraction>
              <float sid="ior">1.5</float>
            </index_of_refraction>
          </lambert>
        </technique>
      </profile_COMMON>
    </effect>
  </library_effects>
  <library_images/>
  <library_materials>
    <material id="ID10-material" name="ID10">
      <instance_effect url="#ID10-effect"/>
    </material>
  </library_materials>
  <library_geometries>
    <geometry id="ID4-mesh" name="ID4">
      <mesh>
        <source id="ID4-mesh-positions">
          <float_array id="ID4-mesh-positions-array" count="13524">0.02249997 0.01735997 0.002896845 0.03399997 0.01759999 0 0.02249997 0.01759999 0 0.02249997 0.01388889 0.01081007 0.03399997 0.01547867 0.008376657 0.02249997 0.01547867 0.008376657 0.02249997 0.01664638 0.005714654 0.03399997 0.01664638 0.005714654 0.03399997 0.01735997 0.002896845 0.03399997 0.009626269 0.01473408 0.02249997 0.009626269 0.01473408 0.02249997 0.007069826 0.01611757 0.03399997 0.01388889 0.01081007 0.02249997 0.01192015 0.01294869 0.03399997 0.01192015 0.01294869 0.02249997 0.001453399 0.01753985 0.02249997 -0.001453399 0.01753985 0.03399997 0.001453399 0.01753985 0.02249997 0.004320502 0.01706135 0.03399997 0.004320502 0.01706135 0.03399997 0.007069826 0.01611757 0.02249997 -0.009626269 0.01473408 0.03399997 -0.007069826 0.01611757 0.02249997 -0.007069826 0.01611757 0.03399997 -0.004320502 0.01706135 0.03399997 -0.001453399 0.01753985 0.02249997 -0.004320502 0.01706135 0.03399997 -0.01388889 0.01081007 0.03399997 -0.01192015 0.01294869 0.02249997 -0.01388889 0.01081007 0.03399997 -0.009626269 0.01473408 0.02249997 -0.01192015 0.01294869 0.02249997 -0.01547867 0.008376657 0.03399997 -0.01547867 0.008376657 0.02249997 -0.01664638 0.005714654 0.03399997 -0.01664638 0.005714654 0.03399997 -0.01735997 0.002896845 0.02249997 -0.01735997 0.002896845 0.02249997 -0.01759999 0 0.03399997 -0.01759999 0 0.02249997 0.01726126 0.002880394 0.02249997 0.01749998 0 0.03399997 0.01749998 0 0.02249997 0.01380997 0.01074868 0.02249997 0.01539075 0.008329033 0.03399997 0.01539075 0.008329033 0.02249997 0.01655179 0.005682229 0.03399997 0.01726126 0.002880394 0.03399997 0.01655179 0.005682229 0.03399997 0.009571552 0.0146504 0.02249997 0.007029652 0.01602596 0.02249997 0.009571552 0.0146504 0.03399997 0.01380997 0.01074868 0.03399997 0.01185238 0.01287519 0.02249997 0.01185238 0.01287519 0.02249997 0.001445114 0.01744019 0.03399997 0.001445114 0.01744019 0.02249997 -0.001445114 0.01744019 0.02249997 0.004295945 0.01696449 0.03399997 0.007029652 0.01602596 0.03399997 0.004295945 0.01696449 0.02249997 -0.009571552 0.0146504 0.02249997 -0.007029652 0.01602596 0.03399997 -0.007029652 0.01602596 0.03399997 -0.004295945 0.01696449 0.02249997 -0.004295945 0.01696449 0.03399997 -0.001445114 0.01744019 0.03399997 -0.01380997 0.01074868 0.02249997 -0.01380997 0.01074868 0.03399997 -0.01185238 0.01287519 0.03399997 -0.009571552 0.0146504 0.02249997 -0.01185238 0.01287519 0.02249997 -0.01539075 0.008329033 0.03399997 -0.01539075 0.008329033 0.03399997 -0.01655179 0.005682229 0.02249997 -0.01655179 0.005682229 0.03399997 -0.01726126 0.002880394 0.02249997 -0.01726126 0.002880394 0.02249997 -0.01749998 0 0.03399997 -0.01749998 0 0.03399997 -0.01759999 -0.04379588 0.03399997 -0.01759999 0 0.02249997 -0.01759999 0 0.03499996 -0.01759999 -0.04839926 0.03499996 -0.01759999 -0.04379588 0.02249997 -0.01759999 -0.05897998 0.03399997 -0.01749998 -0.04383587 0.02249997 -0.01749998 0 0.03399997 -0.01749998 0 0.03499996 -0.01749998 -0.04843544 0.03499996 -0.01749998 -0.04383587 0.02249997 -0.01749998 -0.05900979 0.03499996 0.01749998 -0.04843544 0.03499996 0.01749998 -0.04383587 0.03399997 0.01749998 -0.04383587 0.03399997 0.01749998 0 0.02249997 0.01749998 0 0.02249997 0.01749998 -0.05900979 0.03399997 0.01759999 -0.04379588 0.02249997 0.01759999 0 0.03399997 0.01759999 0 0.03499996 0.01759999 -0.04839926 0.03499996 0.01759999 -0.04379588 0.02249997 0.01759999 -0.05897998 0.03399997 -0.01749998 0 0.03399997 -0.004480779 -0.04698628 0.03399997 -0.008916497 -0.04635 0.03399997 0.01749998 0 0.03399997 0.01655179 0.005682229 0.03399997 0.01726126 0.002880394 0.03399997 0.01539075 0.008329033 0.03399997 0.01380997 0.01074868 0.03399997 0.01185238 0.01287519 0.03399997 0.009571552 0.0146504 0.03399997 0.007029652 0.01602596 0.03399997 0.004295945 0.01696449 0.03399997 -1.03161e-5 -0.04719936 0.03399997 0.001445114 0.01744019 0.03399997 -0.001445114 0.01744019 0.03399997 -0.007029652 0.01602596 0.03399997 -0.004295945 0.01696449 0.03399997 -0.01325619 -0.04529988 0.03399997 -0.01655179 0.005682229 0.03399997 -0.01539075 0.008329033 0.03399997 -0.009571552 0.0146504 0.03399997 -0.01185238 0.01287519 0.03399997 -0.01380997 0.01074868 0.03399997 -0.01726126 0.002880394 0.03399997 -0.01749998 -0.04383587 0.03399997 0.004471838 -0.04698759 0.03399997 0.008901178 -0.04635226 0.03399997 0.01749998 -0.04383587 0.03399997 0.01325619 -0.04529988 -0.0205 -0.0287255 -0.05125397 -0.0205 -0.03077447 -0.05180299 -0.0205 -0.02947545 -0.05255299 -0.0205 -0.03164947 -0.05331856 -0.0205 -0.02720987 -0.05212897 -0.0205 -0.02795988 -0.05342799 -0.0205 -0.0303505 -0.05406856 -0.0205 -0.03154009 -0.04962897 -0.0205 -0.0322901 -0.05092799 -0.0205 -0.03002446 -0.05050396 -0.0205 -0.02785044 -0.04973834 -0.0205 -0.02914947 -0.04898846 -0.02249997 -0.0287255 -0.05125397 -0.0205 -0.0287255 -0.05125397 -0.0205 -0.02720987 -0.05212897 -0.02249997 -0.02720987 -0.05212897 -0.0205 -0.02720987 -0.05212897 -0.0205 -0.02795988 -0.05342799 -0.02249997 -0.02795988 -0.05342799 -0.02249997 -0.02720987 -0.05212897 -0.0205 -0.02795988 -0.05342799 -0.0205 -0.02947545 -0.05255299 -0.02249997 -0.02947545 -0.05255299 -0.02249997 -0.02795988 -0.05342799 -0.0205 -0.02947545 -0.05255299 -0.0205 -0.0303505 -0.05406856 -0.02249997 -0.0303505 -0.05406856 -0.02249997 -0.02947545 -0.05255299 -0.0205 -0.0303505 -0.05406856 -0.0205 -0.03164947 -0.05331856 -0.02249997 -0.03164947 -0.05331856 -0.02249997 -0.0303505 -0.05406856 -0.02249997 -0.03164947 -0.05331856 -0.0205 -0.03164947 -0.05331856 -0.0205 -0.03077447 -0.05180299 -0.02249997 -0.03077447 -0.05180299 -0.0205 -0.03077447 -0.05180299 -0.0205 -0.0322901 -0.05092799 -0.02249997 -0.0322901 -0.05092799 -0.02249997 -0.03077447 -0.05180299 -0.02249997 -0.0322901 -0.05092799 -0.0205 -0.0322901 -0.05092799 -0.0205 -0.03154009 -0.04962897 -0.02249997 -0.03154009 -0.04962897 -0.02249997 -0.03154009 -0.04962897 -0.0205 -0.03154009 -0.04962897 -0.0205 -0.03002446 -0.05050396 -0.02249997 -0.03002446 -0.05050396 -0.02249997 -0.03002446 -0.05050396 -0.0205 -0.03002446 -0.05050396 -0.0205 -0.02914947 -0.04898846 -0.02249997 -0.02914947 -0.04898846 -0.02249997 -0.02914947 -0.04898846 -0.0205 -0.02914947 -0.04898846 -0.0205 -0.02785044 -0.04973834 -0.02249997 -0.02785044 -0.04973834 -0.0205 -0.02785044 -0.04973834 -0.0205 -0.0287255 -0.05125397 -0.02249997 -0.0287255 -0.05125397 -0.02249997 -0.02785044 -0.04973834 -0.02249997 -0.02877515 -0.05501997 -0.02249997 -0.02795988 -0.05342799 -0.02249997 -0.0303505 -0.05406856 -0.02249997 -0.02720987 -0.05212897 -0.02249997 -0.02785044 -0.04973834 -0.02249997 -0.0287255 -0.05125397 -0.02249997 -0.02768117 -0.05450516 -0.02249997 -0.02820658 -0.05480849 -0.02249997 -0.02947545 -0.05255299 -0.02249997 -0.02681726 -0.0536592 -0.02249997 -0.02721369 -0.05411845 -0.02249997 -0.02937108 -0.0551337 -0.02249997 -0.02650296 -0.05314028 -0.02249997 -0.02997756 -0.05514639 -0.02249997 -0.02627968 -0.0525763 -0.02249997 -0.03115469 -0.05487024 -0.02249997 -0.03057777 -0.0550577 -0.02249997 -0.02615356 -0.05198276 -0.02249997 -0.03169238 -0.05458915 -0.02249997 -0.03259086 -0.05378019 -0.02249997 -0.03164947 -0.05331856 -0.02249997 -0.03292655 -0.05327486 -0.02249997 -0.03317338 -0.05272066 -0.02249997 -0.02620416 -0.05077475 -0.02249997 -0.0322901 -0.05092799 -0.02249997 -0.02637958 -0.05019408 -0.02249997 -0.03077447 -0.05180299 -0.02249997 -0.02664929 -0.04965066 -0.02249997 -0.03332418 -0.05213296 -0.02249997 -0.03295975 -0.04984384 -0.02249997 -0.0331884 -0.05038058 -0.02249997 -0.02793747 -0.04838919 -0.02249997 -0.02914947 -0.04898846 -0.02249997 -0.0307585 -0.04804658 -0.02249997 -0.03018689 -0.04792988 -0.02249997 -0.03154009 -0.04962897 -0.02249997 -0.03002446 -0.05050396 -0.02249997 -0.03264796 -0.04935079 -0.02249997 -0.02846455 -0.04813909 -0.02249997 -0.02902489 -0.04797679 -0.02249997 -0.02960395 -0.04790645 -0.02249997 -0.03332805 -0.05094695 -0.02249997 -0.02743929 -0.04873538 -0.02249997 -0.03337496 -0.05152845 -0.02249997 -0.02612817 -0.0513767 -0.02249997 -0.031304 -0.04825347 -0.02249997 -0.02700585 -0.04915988 -0.02249997 -0.03226107 -0.04891419 -0.02249997 -0.03180915 -0.04854518 -0.02249997 -0.0321756 -0.0542224 -0.0205 -0.02947545 0.05255299 -0.0205 -0.03077447 0.05180299 -0.0205 -0.0287255 0.05125397 -0.0205 -0.03002446 0.05050396 -0.0205 -0.0322901 0.05092799 -0.0205 -0.03154009 0.04962897 -0.0205 -0.03164947 0.05331856 -0.0205 -0.0303505 0.05406856 -0.0205 -0.02720987 0.05212897 -0.0205 -0.02795988 0.05342799 -0.0205 -0.02785044 0.04973834 -0.0205 -0.02914947 0.04898846 -0.02249997 -0.03002446 0.05050396 -0.0205 -0.03002446 0.05050396 -0.0205 -0.03154009 0.04962897 -0.02249997 -0.03154009 0.04962897 -0.0205 -0.03154009 0.04962897 -0.0205 -0.0322901 0.05092799 -0.02249997 -0.0322901 0.05092799 -0.02249997 -0.03154009 0.04962897 -0.0205 -0.0322901 0.05092799 -0.0205 -0.03077447 0.05180299 -0.02249997 -0.03077447 0.05180299 -0.02249997 -0.0322901 0.05092799 -0.0205 -0.03077447 0.05180299 -0.0205 -0.03164947 0.05331856 -0.02249997 -0.03164947 0.05331856 -0.02249997 -0.03077447 0.05180299 -0.0205 -0.03164947 0.05331856 -0.0205 -0.0303505 0.05406856 -0.02249997 -0.0303505 0.05406856 -0.02249997 -0.03164947 0.05331856 -0.02249997 -0.0303505 0.05406856 -0.0205 -0.0303505 0.05406856 -0.0205 -0.02947545 0.05255299 -0.02249997 -0.02947545 0.05255299 -0.0205 -0.02947545 0.05255299 -0.0205 -0.02795988 0.05342799 -0.02249997 -0.02795988 0.05342799 -0.02249997 -0.02947545 0.05255299 -0.02249997 -0.02795988 0.05342799 -0.0205 -0.02795988 0.05342799 -0.0205 -0.02720987 0.05212897 -0.02249997 -0.02720987 0.05212897 -0.02249997 -0.02720987 0.05212897 -0.0205 -0.02720987 0.05212897 -0.0205 -0.0287255 0.05125397 -0.02249997 -0.0287255 0.05125397 -0.02249997 -0.0287255 0.05125397 -0.0205 -0.0287255 0.05125397 -0.0205 -0.02785044 0.04973834 -0.02249997 -0.02785044 0.04973834 -0.02249997 -0.02785044 0.04973834 -0.0205 -0.02785044 0.04973834 -0.0205 -0.02914947 0.04898846 -0.02249997 -0.02914947 0.04898846 -0.0205 -0.02914947 0.04898846 -0.0205 -0.03002446 0.05050396 -0.02249997 -0.03002446 0.05050396 -0.02249997 -0.02914947 0.04898846 -0.02249997 -0.03164947 0.05331856 -0.02249997 -0.03317338 0.05272066 -0.02249997 -0.0322901 0.05092799 -0.02249997 -0.02720987 0.05212897 -0.02249997 -0.0287255 0.05125397 -0.02249997 -0.02785044 0.04973834 -0.02249997 -0.02914947 0.04898846 -0.02249997 -0.03154009 0.04962897 -0.02249997 -0.0307585 0.04804658 -0.02249997 -0.02650296 0.05314028 -0.02249997 -0.02795988 0.05342799 -0.02249997 -0.03180915 0.04854518 -0.02249997 -0.031304 0.04825347 -0.02249997 -0.02820658 0.05480849 -0.02249997 -0.02877515 0.05501997 -0.02249997 -0.0331884 0.05038058 -0.02249997 -0.03295975 0.04984384 -0.02249997 -0.02937108 0.0551337 -0.02249997 -0.0303505 0.05406856 -0.02249997 -0.03077447 0.05180299 -0.02249997 -0.03169238 0.05458915 -0.02249997 -0.0321756 0.0542224 -0.02249997 -0.03259086 0.05378019 -0.02249997 -0.03115469 0.05487024 -0.02249997 -0.03292655 0.05327486 -0.02249997 -0.02997756 0.05514639 -0.02249997 -0.03332418 0.05213296 -0.02249997 -0.03337496 0.05152845 -0.02249997 -0.02947545 0.05255299 -0.02249997 -0.02768117 0.05450516 -0.02249997 -0.03264796 0.04935079 -0.02249997 -0.02681726 0.0536592 -0.02249997 -0.02721369 0.05411845 -0.02249997 -0.02620416 0.05077475 -0.02249997 -0.02612817 0.0513767 -0.02249997 -0.03226107 0.04891419 -0.02249997 -0.03002446 0.05050396 -0.02249997 -0.02637958 0.05019408 -0.02249997 -0.02664929 0.04965066 -0.02249997 -0.02743929 0.04873538 -0.02249997 -0.02700585 0.04915988 -0.02249997 -0.03018689 0.04792988 -0.02249997 -0.02793747 0.04838919 -0.02249997 -0.02960395 0.04790645 -0.02249997 -0.02846455 0.04813909 -0.02249997 -0.02615356 0.05198276 -0.02249997 -0.02902489 0.04797679 -0.02249997 -0.02627968 0.0525763 -0.02249997 -0.03057777 0.0550577 -0.02249997 -0.03332805 0.05094695 -0.0205 0.03077447 -0.05180299 -0.0205 0.0287255 -0.05125397 -0.0205 0.02947545 -0.05255299 -0.0205 0.03002446 -0.05050396 -0.0205 0.02785044 -0.04973834 -0.0205 0.0322901 -0.05092799 -0.0205 0.03154009 -0.04962897 -0.0205 0.03164947 -0.05331856 -0.0205 0.0303505 -0.05406856 -0.0205 0.02720987 -0.05212897 -0.0205 0.02795988 -0.05342799 -0.0205 0.02914947 -0.04898846 -0.02249997 0.03002446 -0.05050396 -0.0205 0.03002446 -0.05050396 -0.0205 0.03154009 -0.04962897 -0.02249997 0.03154009 -0.04962897 -0.02249997 0.03154009 -0.04962897 -0.0205 0.03154009 -0.04962897 -0.0205 0.0322901 -0.05092799 -0.02249997 0.0322901 -0.05092799 -0.0205 0.0322901 -0.05092799 -0.0205 0.03077447 -0.05180299 -0.02249997 0.03077447 -0.05180299 -0.02249997 0.0322901 -0.05092799 -0.02249997 0.03077447 -0.05180299 -0.0205 0.03077447 -0.05180299 -0.0205 0.03164947 -0.05331856 -0.02249997 0.03164947 -0.05331856 -0.0205 0.03164947 -0.05331856 -0.0205 0.0303505 -0.05406856 -0.02249997 0.0303505 -0.05406856 -0.02249997 0.03164947 -0.05331856 -0.0205 0.0303505 -0.05406856 -0.0205 0.02947545 -0.05255299 -0.02249997 0.02947545 -0.05255299 -0.02249997 0.0303505 -0.05406856 -0.0205 0.02947545 -0.05255299 -0.0205 0.02795988 -0.05342799 -0.02249997 0.02795988 -0.05342799 -0.02249997 0.02947545 -0.05255299 -0.0205 0.02795988 -0.05342799 -0.0205 0.02720987 -0.05212897 -0.02249997 0.02720987 -0.05212897 -0.02249997 0.02795988 -0.05342799 -0.02249997 0.02720987 -0.05212897 -0.0205 0.02720987 -0.05212897 -0.0205 0.0287255 -0.05125397 -0.02249997 0.0287255 -0.05125397 -0.0205 0.0287255 -0.05125397 -0.0205 0.02785044 -0.04973834 -0.02249997 0.02785044 -0.04973834 -0.02249997 0.0287255 -0.05125397 -0.02249997 0.02785044 -0.04973834 -0.0205 0.02785044 -0.04973834 -0.0205 0.02914947 -0.04898846 -0.02249997 0.02914947 -0.04898846 -0.02249997 0.02914947 -0.04898846 -0.0205 0.02914947 -0.04898846 -0.0205 0.03002446 -0.05050396 -0.02249997 0.03002446 -0.05050396 -0.02249997 0.02914947 -0.04898846 -0.02249997 0.03154009 -0.04962897 -0.02249997 0.0308935 -0.04808855 -0.02249997 0.03145539 -0.04832965 -0.02249997 0.03196889 -0.04866194 -0.02249997 0.0287255 -0.05125397 -0.02249997 0.02785044 -0.04973834 -0.02249997 0.02720987 -0.05212897 -0.02249997 0.0322901 -0.05092799 -0.02249997 0.03327405 -0.05067926 -0.02249997 0.03308117 -0.05009895 -0.02249997 0.02692127 -0.05379545 -0.02249997 0.02795988 -0.05342799 -0.02249997 0.02658045 -0.05328768 -0.02249997 0.03077447 -0.05180299 -0.02249997 0.03164947 -0.05331856 -0.02249997 0.0289604 -0.05506646 -0.02249997 0.02837687 -0.05488336 -0.02249997 0.0303505 -0.05406856 -0.02249997 0.02956634 -0.05514889 -0.02249997 0.03134638 -0.0547831 -0.02249997 0.03187078 -0.05446839 -0.02249997 0.0323348 -0.05406999 -0.02249997 0.03017759 -0.05512815 -0.02249997 0.03303098 -0.05306965 -0.02249997 0.03324335 -0.05249625 -0.02249997 0.03272527 -0.05359935 -0.02249997 0.02947545 -0.05255299 -0.02249997 0.02783244 -0.05460476 -0.02249997 0.03335636 -0.0518952 -0.02249997 0.03336668 -0.05128377 -0.02249997 0.03279346 -0.04955929 -0.02249997 0.02734267 -0.05423867 -0.02249997 0.02632987 -0.0527299 -0.02249997 0.03002446 -0.05050396 -0.02249997 0.02618014 -0.05089849 -0.02249997 0.02661108 -0.04971539 -0.02249997 0.02634388 -0.05028796 -0.02249997 0.02697348 -0.04919797 -0.02249997 0.0274201 -0.04875135 -0.02249997 0.03029888 -0.04794526 -0.02249997 0.02793747 -0.04838919 -0.02249997 0.02968877 -0.04790395 -0.02249997 0.02849096 -0.0481292 -0.02249997 0.0324192 -0.04907566 -0.02249997 0.02612495 -0.05152845 -0.02249997 0.02908039 -0.04796588 -0.02249997 0.02617657 -0.05213785 -0.02249997 0.03077656 -0.05500507 -0.0205 -0.06024998 0.002499997 -0.0205 -0.05874997 7.5e-4 -0.0205 -0.05874997 0.002499997 -0.0205 -0.05874997 -0.002499997 -0.0205 -0.05874997 -7.5e-4 -0.0205 -0.06024998 -7.5e-4 -0.0205 -0.06024998 7.5e-4 -0.0205 -0.06024998 -0.002499997 -0.0205 -0.06199997 7.5e-4 -0.0205 -0.06199997 -7.5e-4 -0.0205 -0.05699998 -7.5e-4 -0.0205 -0.05699998 7.5e-4 -0.0205 -0.05874997 -7.5e-4 -0.0205 -0.05874997 -0.002499997 -0.02249997 -0.05874997 -0.002499997 -0.02249997 -0.05874997 -7.5e-4 -0.02249997 -0.05874997 -0.002499997 -0.0205 -0.05874997 -0.002499997 -0.0205 -0.06024998 -0.002499997 -0.02249997 -0.06024998 -0.002499997 -0.02249997 -0.06024998 -0.002499997 -0.0205 -0.06024998 -7.5e-4 -0.02249997 -0.06024998 -7.5e-4 -0.0205 -0.06024998 -0.002499997 -0.02249997 -0.06024998 -7.5e-4 -0.0205 -0.06024998 -7.5e-4 -0.0205 -0.06199997 -7.5e-4 -0.02249997 -0.06199997 -7.5e-4 -0.02249997 -0.06199997 -7.5e-4 -0.0205 -0.06199997 7.5e-4 -0.02249997 -0.06199997 7.5e-4 -0.0205 -0.06199997 -7.5e-4 -0.02249997 -0.06199997 7.5e-4 -0.0205 -0.06199997 7.5e-4 -0.0205 -0.06024998 7.5e-4 -0.02249997 -0.06024998 7.5e-4 -0.02249997 -0.06024998 7.5e-4 -0.0205 -0.06024998 0.002499997 -0.02249997 -0.06024998 0.002499997 -0.0205 -0.06024998 7.5e-4 -0.02249997 -0.05874997 0.002499997 -0.0205 -0.06024998 0.002499997 -0.0205 -0.05874997 0.002499997 -0.02249997 -0.06024998 0.002499997 -0.0205 -0.05874997 0.002499997 -0.0205 -0.05874997 7.5e-4 -0.02249997 -0.05874997 7.5e-4 -0.02249997 -0.05874997 0.002499997 -0.02249997 -0.05874997 7.5e-4 -0.0205 -0.05874997 7.5e-4 -0.0205 -0.05699998 7.5e-4 -0.02249997 -0.05699998 7.5e-4 -0.0205 -0.05699998 7.5e-4 -0.0205 -0.05699998 -7.5e-4 -0.02249997 -0.05699998 -7.5e-4 -0.02249997 -0.05699998 7.5e-4 -0.02249997 -0.05699998 -7.5e-4 -0.0205 -0.05699998 -7.5e-4 -0.0205 -0.05874997 -7.5e-4 -0.02249997 -0.05874997 -7.5e-4 -0.0205 -0.02800548 -0.0480684 -0.0205 -0.02868849 -0.04806238 -0.0205 -0.02811795 -0.04829168 -0.0205 -0.02613806 -0.05122107 -0.0205 -0.02613806 -0.05183589 -0.0205 -0.02588897 -0.05185705 -0.0205 -0.0275945 -0.04861396 -0.0205 -0.02744579 -0.04841297 -0.0205 -0.02861529 -0.04782336 -0.0205 -0.02925777 -0.04768484 -0.0205 -0.02713286 -0.04902017 -0.0205 -0.02695238 -0.04884719 -0.0205 -0.02991449 -0.04765695 -0.0205 -0.0292896 -0.04793286 -0.0205 -0.0265395 -0.04935854 -0.0205 -0.02674669 -0.04949855 -0.0205 -0.03056639 -0.04774045 -0.0205 -0.02990376 -0.04790675 -0.0205 -0.02644675 -0.05003535 -0.0205 -0.02621895 -0.04993236 -0.0205 -0.0311948 -0.04793286 -0.0205 -0.0305137 -0.04798489 -0.0205 -0.02624195 -0.05061507 -0.0205 -0.02599996 -0.05055207 -0.0205 -0.02588897 -0.05119985 -0.0205 -0.03178167 -0.0482288 -0.0205 -0.03231006 -0.04861968 -0.0205 -0.0316506 -0.04844164 -0.0205 -0.03110158 -0.0481649 -0.0205 -0.03276485 -0.0490942 -0.0205 -0.0321449 -0.04880726 -0.0205 -0.02624195 -0.05244189 -0.0205 -0.02599996 -0.05250489 -0.0205 -0.03257036 -0.04925119 -0.0205 -0.03313285 -0.04963868 -0.0205 -0.02644675 -0.05302166 -0.0205 -0.02621895 -0.05312454 -0.0205 -0.02695238 -0.05420976 -0.0205 -0.0265395 -0.05369836 -0.0205 -0.02713286 -0.05403679 -0.0205 -0.02674669 -0.05355834 -0.0205 -0.02800548 -0.05498856 -0.0205 -0.02744579 -0.05464398 -0.0205 -0.02811795 -0.0547654 -0.0205 -0.0275945 -0.054443 -0.0205 -0.02990376 -0.05515015 -0.0205 -0.02991449 -0.05539995 -0.0205 -0.02925777 -0.05537205 -0.0205 -0.03340357 -0.05023759 -0.0205 -0.03291469 -0.04976058 -0.0205 -0.03257036 -0.05380576 -0.0205 -0.03276485 -0.05396288 -0.0205 -0.0321449 -0.0542497 -0.0205 -0.03231006 -0.05443739 -0.0205 -0.0316506 -0.05461525 -0.0205 -0.03110158 -0.05489206 -0.0205 -0.03178167 -0.05482816 -0.0205 -0.0305137 -0.05507206 -0.0205 -0.03056639 -0.05531644 -0.0205 -0.0311948 -0.0551241 -0.0205 -0.03340357 -0.05281937 -0.0205 -0.03291469 -0.05329638 -0.0205 -0.03316789 -0.0527361 -0.0205 -0.03313285 -0.05341827 -0.0205 -0.02868849 -0.05499458 -0.0205 -0.02861529 -0.05523365 -0.0205 -0.0292896 -0.0551241 -0.0205 -0.03362494 -0.05152845 -0.0205 -0.03332287 -0.05214107 -0.0205 -0.03337496 -0.05152845 -0.0205 -0.03356927 -0.05218338 -0.0205 -0.03356927 -0.05087357 -0.0205 -0.03332287 -0.05091589 -0.0205 -0.03316789 -0.05032086 -0.0205 0.03149449 -0.0480684 -0.0205 0.03081148 -0.04806238 -0.0205 0.03138196 -0.04829168 -0.0205 0.03336185 -0.05122107 -0.0205 0.03336185 -0.05183589 -0.0205 0.03361099 -0.05185705 -0.0205 0.03190547 -0.04861396 -0.0205 0.03205418 -0.04841297 -0.0205 0.03088468 -0.04782336 -0.0205 0.0302422 -0.04768484 -0.0205 0.03236705 -0.04902017 -0.0205 0.03254759 -0.04884719 -0.0205 0.02958548 -0.04765695 -0.0205 0.03021037 -0.04793286 -0.0205 0.03296047 -0.04935854 -0.0205 0.03275328 -0.04949855 -0.0205 0.02893358 -0.04774045 -0.0205 0.02959614 -0.04790675 -0.0205 0.03305315 -0.05003535 -0.0205 0.03328096 -0.04993236 -0.0205 0.02830517 -0.04793286 -0.0205 0.02898627 -0.04798489 -0.0205 0.03325796 -0.05061507 -0.0205 0.03349995 -0.05055207 -0.0205 0.03361099 -0.05119985 -0.0205 0.0277183 -0.0482288 -0.0205 0.02718985 -0.04861968 -0.0205 0.02784937 -0.04844164 -0.0205 0.02839839 -0.0481649 -0.0205 0.02673506 -0.0490942 -0.0205 0.02735507 -0.04880726 -0.0205 0.03325796 -0.05244189 -0.0205 0.03349995 -0.05250489 -0.0205 0.02692955 -0.04925119 -0.0205 0.02636706 -0.04963868 -0.0205 0.03305315 -0.05302166 -0.0205 0.03328096 -0.05312454 -0.0205 0.03254759 -0.05420976 -0.0205 0.03296047 -0.05369836 -0.0205 0.03236705 -0.05403679 -0.0205 0.03275328 -0.05355834 -0.0205 0.03149449 -0.05498856 -0.0205 0.03205418 -0.05464398 -0.0205 0.03138196 -0.0547654 -0.0205 0.03190547 -0.054443 -0.0205 0.02959614 -0.05515015 -0.0205 0.02958548 -0.05539995 -0.0205 0.0302422 -0.05537205 -0.0205 0.02609628 -0.05023759 -0.0205 0.02658528 -0.04976058 -0.0205 0.02692955 -0.05380576 -0.0205 0.02673506 -0.05396288 -0.0205 0.02735507 -0.0542497 -0.0205 0.02718985 -0.05443739 -0.0205 0.02784937 -0.05461525 -0.0205 0.02839839 -0.05489206 -0.0205 0.0277183 -0.05482816 -0.0205 0.02898627 -0.05507206 -0.0205 0.02893358 -0.05531644 -0.0205 0.02830517 -0.0551241 -0.0205 0.02609628 -0.05281937 -0.0205 0.02658528 -0.05329638 -0.0205 0.02633208 -0.0527361 -0.0205 0.02636706 -0.05341827 -0.0205 0.03081148 -0.05499458 -0.0205 0.03088468 -0.05523365 -0.0205 0.03021037 -0.0551241 -0.0205 0.02587497 -0.05152845 -0.0205 0.02617704 -0.05214107 -0.0205 0.02612495 -0.05152845 -0.0205 0.0259307 -0.05218338 -0.0205 0.0259307 -0.05087357 -0.0205 0.02617704 -0.05091589 -0.0205 0.02633208 -0.05032086 -0.0205 0.02720987 0.05212897 -0.0205 0.02947545 0.05255299 -0.0205 0.02795988 0.05342799 -0.0205 0.0287255 0.05125397 -0.0205 0.03077447 0.05180299 -0.0205 0.03164947 0.05331856 -0.0205 0.0303505 0.05406856 -0.0205 0.03154009 0.04962897 -0.0205 0.0322901 0.05092799 -0.0205 0.03002446 0.05050396 -0.0205 0.02785044 0.04973834 -0.0205 0.02914947 0.04898846 -0.02249997 0.0287255 0.05125397 -0.0205 0.0287255 0.05125397 -0.0205 0.02720987 0.05212897 -0.02249997 0.02720987 0.05212897 -0.02249997 0.02720987 0.05212897 -0.0205 0.02720987 0.05212897 -0.0205 0.02795988 0.05342799 -0.02249997 0.02795988 0.05342799 -0.0205 0.02795988 0.05342799 -0.0205 0.02947545 0.05255299 -0.02249997 0.02947545 0.05255299 -0.02249997 0.02795988 0.05342799 -0.02249997 0.02947545 0.05255299 -0.0205 0.02947545 0.05255299 -0.0205 0.0303505 0.05406856 -0.02249997 0.0303505 0.05406856 -0.0205 0.0303505 0.05406856 -0.0205 0.03164947 0.05331856 -0.02249997 0.03164947 0.05331856 -0.02249997 0.0303505 0.05406856 -0.0205 0.03164947 0.05331856 -0.0205 0.03077447 0.05180299 -0.02249997 0.03077447 0.05180299 -0.02249997 0.03164947 0.05331856 -0.0205 0.03077447 0.05180299 -0.0205 0.0322901 0.05092799 -0.02249997 0.0322901 0.05092799 -0.02249997 0.03077447 0.05180299 -0.0205 0.0322901 0.05092799 -0.0205 0.03154009 0.04962897 -0.02249997 0.03154009 0.04962897 -0.02249997 0.0322901 0.05092799 -0.02249997 0.03154009 0.04962897 -0.0205 0.03154009 0.04962897 -0.0205 0.03002446 0.05050396 -0.02249997 0.03002446 0.05050396 -0.0205 0.03002446 0.05050396 -0.0205 0.02914947 0.04898846 -0.02249997 0.02914947 0.04898846 -0.02249997 0.03002446 0.05050396 -0.02249997 0.02914947 0.04898846 -0.0205 0.02914947 0.04898846 -0.0205 0.02785044 0.04973834 -0.02249997 0.02785044 0.04973834 -0.02249997 0.02785044 0.04973834 -0.0205 0.02785044 0.04973834 -0.0205 0.0287255 0.05125397 -0.02249997 0.0287255 0.05125397 -0.0205 -0.03340947 0.05280286 -0.0205 -0.03292655 0.05327486 -0.0205 -0.03314566 0.05339527 -0.0205 -0.0307585 0.04804658 -0.0205 -0.031304 0.04825347 -0.0205 -0.03141117 0.04802757 -0.0205 -0.03195118 0.04833948 -0.0205 -0.03180915 0.04854518 -0.0205 -0.03082805 0.0478065 -0.0205 -0.03021705 0.04768174 -0.0205 -0.03226107 0.04891419 -0.0205 -0.03243428 0.04873389 -0.0205 -0.03018689 0.04792988 -0.0205 -0.029594 0.04765665 -0.0205 -0.03264796 0.04935079 -0.0205 -0.03284776 0.04920059 -0.0205 -0.02960395 0.04790645 -0.0205 -0.02897489 0.04773175 -0.0205 -0.02902489 0.04797679 -0.0205 -0.03295975 0.04984384 -0.0205 -0.03318107 0.04972767 -0.0205 -0.0331884 0.05038058 -0.0205 -0.03342556 0.05030137 -0.0205 -0.02664929 0.04965066 -0.0205 -0.02643549 0.04952114 -0.0205 -0.02614706 0.05010199 -0.0205 -0.02793747 0.04838919 -0.0205 -0.02727997 0.04854279 -0.0205 -0.02743929 0.04873538 -0.0205 -0.03169238 0.05458915 -0.0205 -0.03182625 0.05480027 -0.0205 -0.03234285 0.05440819 -0.0205 -0.02615356 0.05198276 -0.0205 -0.02612817 0.0513767 -0.0205 -0.02587836 0.05136615 -0.0205 -0.02681726 0.0536592 -0.0205 -0.02650296 0.05314028 -0.0205 -0.02627909 0.0532515 -0.0205 -0.03063488 0.05530107 -0.0205 -0.02997756 0.05514639 -0.0205 -0.02999329 0.0553959 -0.0205 -0.02820658 0.05480849 -0.0205 -0.02768117 0.05450516 -0.0205 -0.02753847 0.05471044 -0.0205 -0.02810007 0.05503469 -0.0205 -0.02877515 0.05501997 -0.0205 -0.02661508 0.05380618 -0.0205 -0.02721369 0.05411845 -0.0205 -0.02703875 0.05429708 -0.0205 -0.02934497 0.05538225 -0.0205 -0.02937108 0.0551337 -0.0205 -0.02870786 0.05526077 -0.0205 -0.02604037 0.05264848 -0.0205 -0.02627968 0.0525763 -0.0205 -0.03125154 0.05510067 -0.0205 -0.03057777 0.0550577 -0.0205 -0.02590554 0.05201417 -0.0205 -0.02595967 0.05072289 -0.0205 -0.02620416 0.05077475 -0.0205 -0.03115469 0.05487024 -0.0205 -0.0321756 0.0542224 -0.0205 -0.03278678 0.05393546 -0.0205 -0.02637958 0.05019408 -0.0205 -0.02700585 0.04915988 -0.0205 -0.0268166 0.04899644 -0.0205 -0.03259086 0.05378019 -0.0205 -0.03332418 0.05213296 -0.0205 -0.03317338 0.05272066 -0.0205 -0.03332805 0.05094695 -0.0205 -0.03357475 0.05090689 -0.0205 -0.03357064 0.05217468 -0.0205 -0.03337496 0.05152845 -0.0205 -0.02781248 0.04817265 -0.0205 -0.02846455 0.04813909 -0.0205 -0.02837586 0.04790526 -0.0205 -0.03362494 0.05152845 -0.02249997 -0.05751729 -0.00303471 -0.02249997 -0.05874997 -0.002499997 -0.02249997 -0.05804389 -0.003319621 -0.02249997 -0.05699998 7.5e-4 -0.02249997 -0.05874997 0.002499997 -0.02249997 -0.05874997 7.5e-4 -0.02249997 -0.05861008 -0.003514051 -0.02249997 -0.05704486 -0.00266695 -0.02249997 -0.05920058 -0.003612577 -0.02249997 -0.05699998 -7.5e-4 -0.02249997 -0.05874997 -7.5e-4 -0.02249997 -0.05663937 -0.002226471 -0.02249997 -0.05979937 -0.003612577 -0.02249997 -0.0560714 0.001177012 -0.02249997 -0.0563119 0.001725256 -0.02249997 -0.0563119 -0.001725256 -0.02249997 -0.06024998 -7.5e-4 -0.02249997 -0.06199997 -7.5e-4 -0.02249997 -0.06024998 -0.002499997 -0.02249997 -0.06195509 -0.00266695 -0.02249997 -0.06148266 -0.00303471 -0.02249997 -0.0630756 -5.96655e-4 -0.02249997 -0.06292855 -0.001177012 -0.02249997 -0.055875 0 -0.02249997 -0.05592435 5.96655e-4 -0.02249997 -0.06199997 7.5e-4 -0.02249997 -0.0630756 5.96655e-4 -0.02249997 -0.06312495 0 -0.02249997 -0.05663937 0.002226471 -0.02249997 -0.05704486 0.00266695 -0.02249997 -0.06024998 0.002499997 -0.02249997 -0.06195509 0.00266695 -0.02249997 -0.05751729 0.00303471 -0.02249997 -0.06095606 0.003319621 -0.02249997 -0.06148266 0.00303471 -0.02249997 -0.05979937 0.003612577 -0.02249997 -0.06038987 0.003514051 -0.02249997 -0.06024998 7.5e-4 -0.02249997 -0.05920058 0.003612577 -0.02249997 -0.06236058 0.002226471 -0.02249997 -0.06268805 0.001725256 -0.02249997 -0.06236058 -0.002226471 -0.02249997 -0.06268805 -0.001725256 -0.02249997 -0.05592435 -5.96655e-4 -0.02249997 -0.06038987 -0.003514051 -0.02249997 -0.06095606 -0.003319621 -0.02249997 -0.05804389 0.003319621 -0.02249997 -0.0560714 -0.001177012 -0.02249997 -0.05861008 0.003514051 -0.02249997 -0.06292855 0.001177012 -0.0205 -0.05775547 0.003460049 -0.0205 -0.05843847 0.003466069 -0.0205 -0.057868 0.00323683 -0.0205 -0.05588805 3.07421e-4 -0.0205 -0.05588805 -3.07421e-4 -0.0205 -0.05563896 -3.28623e-4 -0.0205 -0.05734449 0.002914488 -0.0205 -0.05719578 0.003115475 -0.0205 -0.05836528 0.003705143 -0.0205 -0.05900776 0.003843605 -0.0205 -0.05688285 0.002508223 -0.0205 -0.05670237 0.002681255 -0.0205 -0.05966448 0.0038715 -0.0205 -0.05903959 0.00359559 -0.0205 -0.05628949 0.002169847 -0.0205 -0.05649656 0.002029895 -0.0205 -0.06031638 0.003787994 -0.0205 -0.05965387 0.003621697 -0.0205 -0.05619674 0.001493096 -0.0205 -0.05596899 0.001596093 -0.0205 -0.06094479 0.00359553 -0.0205 -0.06026369 0.003543615 -0.0205 -0.05599194 9.13421e-4 -0.0205 -0.05574995 9.76415e-4 -0.0205 -0.05563896 3.28623e-4 -0.0205 -0.06153166 0.003299653 -0.0205 -0.06206005 0.002908825 -0.0205 -0.06140059 0.003086745 -0.0205 -0.06085157 0.003363549 -0.0205 -0.0625149 0.002434313 -0.0205 -0.06189489 0.00272119 -0.0205 -0.05599194 -9.13421e-4 -0.0205 -0.05574995 -9.76415e-4 -0.0205 -0.06232035 0.002277255 -0.0205 -0.0628829 0.001889765 -0.0205 -0.05619674 -0.001493096 -0.0205 -0.05596899 -0.001596093 -0.0205 -0.05670237 -0.002681255 -0.0205 -0.05628949 -0.002169847 -0.0205 -0.05688285 -0.002508223 -0.0205 -0.05649656 -0.002029895 -0.0205 -0.05775547 -0.003460049 -0.0205 -0.05719578 -0.003115475 -0.0205 -0.057868 -0.00323683 -0.0205 -0.05734449 -0.002914488 -0.0205 -0.05965387 -0.003621697 -0.0205 -0.05966448 -0.0038715 -0.0205 -0.05900776 -0.003843605 -0.0205 -0.06315356 0.001290917 -0.0205 -0.06266468 0.001767873 -0.0205 -0.06232035 -0.002277255 -0.0205 -0.0625149 -0.002434313 -0.0205 -0.06189489 -0.00272119 -0.0205 -0.06206005 -0.002908825 -0.0205 -0.06140059 -0.003086745 -0.0205 -0.06085157 -0.003363549 -0.0205 -0.06153166 -0.003299653 -0.0205 -0.06026369 -0.003543615 -0.0205 -0.06031638 -0.003787994 -0.0205 -0.06094479 -0.00359553 -0.0205 -0.06315356 -0.001290917 -0.0205 -0.06266468 -0.001767873 -0.0205 -0.06291788 -0.00120759 -0.0205 -0.0628829 -0.001889765 -0.0205 -0.05843847 -0.003466069 -0.0205 -0.05836528 -0.003705143 -0.0205 -0.05903959 -0.00359559 -0.0205 -0.06337499 0 -0.0205 -0.06307286 -6.12628e-4 -0.0205 -0.06312495 0 -0.0205 -0.06331926 -6.54878e-4 -0.0205 -0.06331926 6.54878e-4 -0.0205 -0.06307286 6.12628e-4 -0.0205 -0.06291788 0.00120759 -0.02249997 0.02692127 0.05379545 -0.02249997 0.02795988 0.05342799 -0.02249997 0.02734267 0.05423867 -0.02249997 0.02837687 0.05488336 -0.02249997 0.02783244 0.05460476 -0.02249997 0.02658045 0.05328768 -0.02249997 0.0303505 0.05406856 -0.02249997 0.0289604 0.05506646 -0.02249997 0.02720987 0.05212897 -0.02249997 0.02632987 0.0527299 -0.02249997 0.02947545 0.05255299 -0.02249997 0.02617657 0.05213785 -0.02249997 0.02956634 0.05514889 -0.02249997 0.03077656 0.05500507 -0.02249997 0.03134638 0.0547831 -0.02249997 0.03017759 0.05512815 -0.02249997 0.0263434 0.05028927 -0.02249997 0.02617996 0.05089938 -0.02249997 0.03164947 0.05331856 -0.02249997 0.02785044 0.04973834 -0.02249997 0.0287255 0.05125397 -0.02249997 0.03187078 0.05446839 -0.02249997 0.03272527 0.05359935 -0.02249997 0.03303098 0.05306965 -0.02249997 0.02661025 0.04971665 -0.02249997 0.03324335 0.05249625 -0.02249997 0.0322901 0.05092799 -0.02249997 0.03077447 0.05180299 -0.02249997 0.02914947 0.04898846 -0.02249997 0.02793747 0.04838919 -0.02249997 0.02849096 0.0481292 -0.02249997 0.03335636 0.0518952 -0.02249997 0.03029888 0.04794526 -0.02249997 0.0308935 0.04808855 -0.02249997 0.03279346 0.04955929 -0.02249997 0.03308117 0.05009895 -0.02249997 0.03002446 0.05050396 -0.02249997 0.03154009 0.04962897 -0.02249997 0.02908039 0.04796588 -0.02249997 0.02968877 0.04790395 -0.02249997 0.03336668 0.05128377 -0.02249997 0.03327405 0.05067926 -0.02249997 0.02741944 0.04875195 -0.02249997 0.02612495 0.05152845 -0.02249997 0.03145539 0.04832965 -0.02249997 0.02697265 0.04919898 -0.02249997 0.03196889 0.04866194 -0.02249997 0.0324192 0.04907566 -0.02249997 0.0323348 0.05406999 -0.0205 0.03149449 0.05498856 -0.0205 0.03081148 0.05499458 -0.0205 0.03138196 0.0547654 -0.0205 0.03336185 0.05183589 -0.0205 0.03336185 0.05122107 -0.0205 0.03361099 0.05119985 -0.0205 0.03190547 0.054443 -0.0205 0.03205418 0.05464398 -0.0205 0.03088468 0.05523365 -0.0205 0.0302422 0.05537205 -0.0205 0.03236705 0.05403679 -0.0205 0.03254759 0.05420976 -0.0205 0.02958548 0.05539995 -0.0205 0.03021037 0.0551241 -0.0205 0.03296047 0.05369836 -0.0205 0.03275328 0.05355834 -0.0205 0.02893358 0.05531644 -0.0205 0.02959614 0.05515015 -0.0205 0.03305315 0.05302166 -0.0205 0.03328096 0.05312454 -0.0205 0.02830517 0.0551241 -0.0205 0.02898627 0.05507206 -0.0205 0.03325796 0.05244189 -0.0205 0.03349995 0.05250489 -0.0205 0.03361099 0.05185705 -0.0205 0.0277183 0.05482816 -0.0205 0.02718985 0.05443739 -0.0205 0.02784937 0.05461525 -0.0205 0.02839839 0.05489206 -0.0205 0.02673506 0.05396288 -0.0205 0.02735507 0.0542497 -0.0205 0.03325796 0.05061507 -0.0205 0.03349995 0.05055207 -0.0205 0.02692955 0.05380576 -0.0205 0.02636706 0.05341827 -0.0205 0.03305315 0.05003535 -0.0205 0.03328096 0.04993236 -0.0205 0.03254759 0.04884719 -0.0205 0.03296047 0.04935854 -0.0205 0.03236705 0.04902017 -0.0205 0.03275328 0.04949855 -0.0205 0.03149449 0.0480684 -0.0205 0.03205418 0.04841297 -0.0205 0.03138196 0.04829168 -0.0205 0.03190547 0.04861396 -0.0205 0.02959614 0.04790675 -0.0205 0.02958548 0.04765695 -0.0205 0.0302422 0.04768484 -0.0205 0.02609628 0.05281937 -0.0205 0.02658528 0.05329638 -0.0205 0.02692955 0.04925119 -0.0205 0.02673506 0.0490942 -0.0205 0.02735507 0.04880726 -0.0205 0.02718985 0.04861968 -0.0205 0.02784937 0.04844164 -0.0205 0.02839839 0.0481649 -0.0205 0.0277183 0.0482288 -0.0205 0.02898627 0.04798489 -0.0205 0.02893358 0.04774045 -0.0205 0.02830517 0.04793286 -0.0205 0.02609628 0.05023759 -0.0205 0.02658528 0.04976058 -0.0205 0.02633208 0.05032086 -0.0205 0.02636706 0.04963868 -0.0205 0.03081148 0.04806238 -0.0205 0.03088468 0.04782336 -0.0205 0.03021037 0.04793286 -0.0205 0.02587497 0.05152845 -0.0205 0.02617704 0.05091589 -0.0205 0.02612495 0.05152845 -0.0205 0.0259307 0.05087357 -0.0205 0.0259307 0.05218338 -0.0205 0.02617704 0.05214107 -0.0205 0.02633208 0.0527361 -0.0205 0.06024998 7.5e-4 -0.0205 0.05874997 7.5e-4 -0.0205 0.06024998 -7.5e-4 -0.0205 0.05874997 0.002499997 -0.0205 0.06024998 0.002499997 -0.0205 0.06199997 -7.5e-4 -0.0205 0.06199997 7.5e-4 -0.0205 0.05874997 -7.5e-4 -0.0205 0.06024998 -0.002499997 -0.0205 0.05874997 -0.002499997 -0.0205 0.05699998 7.5e-4 -0.0205 0.05699998 -7.5e-4 -0.02249997 0.05874997 0.002499997 -0.0205 0.05874997 7.5e-4 -0.0205 0.05874997 0.002499997 -0.02249997 0.05874997 7.5e-4 -0.02249997 0.06024998 0.002499997 -0.0205 0.05874997 0.002499997 -0.0205 0.06024998 0.002499997 -0.02249997 0.05874997 0.002499997 -0.02249997 0.06024998 0.002499997 -0.0205 0.06024998 0.002499997 -0.0205 0.06024998 7.5e-4 -0.02249997 0.06024998 7.5e-4 -0.02249997 0.06024998 7.5e-4 -0.0205 0.06024998 7.5e-4 -0.0205 0.06199997 7.5e-4 -0.02249997 0.06199997 7.5e-4 -0.02249997 0.06199997 7.5e-4 -0.0205 0.06199997 7.5e-4 -0.0205 0.06199997 -7.5e-4 -0.02249997 0.06199997 -7.5e-4 -0.02249997 0.06199997 -7.5e-4 -0.0205 0.06199997 -7.5e-4 -0.0205 0.06024998 -7.5e-4 -0.02249997 0.06024998 -7.5e-4 -0.02249997 0.06024998 -7.5e-4 -0.0205 0.06024998 -7.5e-4 -0.0205 0.06024998 -0.002499997 -0.02249997 0.06024998 -0.002499997 -0.02249997 0.06024998 -0.002499997 -0.0205 0.06024998 -0.002499997 -0.0205 0.05874997 -0.002499997 -0.02249997 0.05874997 -0.002499997 -0.02249997 0.05874997 -7.5e-4 -0.0205 0.05874997 -0.002499997 -0.0205 0.05874997 -7.5e-4 -0.02249997 0.05874997 -0.002499997 -0.02249997 0.05874997 -7.5e-4 -0.0205 0.05874997 -7.5e-4 -0.0205 0.05699998 -7.5e-4 -0.02249997 0.05699998 -7.5e-4 -0.02249997 0.05699998 7.5e-4 -0.0205 0.05699998 -7.5e-4 -0.0205 0.05699998 7.5e-4 -0.02249997 0.05699998 -7.5e-4 -0.02249997 0.05699998 7.5e-4 -0.0205 0.05699998 7.5e-4 -0.0205 0.05874997 7.5e-4 -0.02249997 0.05874997 7.5e-4 -0.02249997 0.06024998 0.002499997 -0.02249997 0.06024998 7.5e-4 -0.02249997 0.06199997 7.5e-4 -0.02249997 0.05699998 7.5e-4 -0.02249997 0.05874997 0.002499997 -0.02249997 0.05710506 0.00272119 -0.02249997 0.05759936 0.003086745 -0.02249997 0.05874997 7.5e-4 -0.02249997 0.05814838 0.003363549 -0.02249997 0.05667954 0.002277255 -0.02249997 0.05873626 0.003543615 -0.02249997 0.05633527 0.001767873 -0.02249997 0.05934619 0.003621697 -0.02249997 0.05699998 -7.5e-4 -0.02249997 0.055875 0 -0.02249997 0.05996036 0.00359559 -0.02249997 0.06300801 9.13421e-4 -0.02249997 0.0631119 3.07421e-4 -0.02249997 0.05667954 -0.002277255 -0.02249997 0.05633527 -0.001767873 -0.02249997 0.05710506 -0.00272119 -0.02249997 0.05874997 -0.002499997 -0.02249997 0.05934619 -0.003621697 -0.02249997 0.05996036 -0.00359559 -0.02249997 0.06024998 -0.002499997 -0.02249997 0.06250339 -0.002029895 -0.02249997 0.0628032 -0.001493096 -0.02249997 0.06199997 -7.5e-4 -0.02249997 0.06211709 -0.002508223 -0.02249997 0.06165546 -0.002914488 -0.02249997 0.06024998 -7.5e-4 -0.02249997 0.06056147 -0.003466069 -0.02249997 0.06113195 -0.00323683 -0.02249997 0.0631119 -3.07421e-4 -0.02249997 0.05759936 -0.003086745 -0.02249997 0.05874997 -7.5e-4 -0.02249997 0.0628032 0.001493096 -0.02249997 0.06250339 0.002029895 -0.02249997 0.05592709 -6.12628e-4 -0.02249997 0.05608206 -0.00120759 -0.02249997 0.06211709 0.002508223 -0.02249997 0.06056147 0.003466069 -0.02249997 0.06165546 0.002914488 -0.02249997 0.06113195 0.00323683 -0.02249997 0.05592709 6.12628e-4 -0.02249997 0.05814838 -0.003363549 -0.02249997 0.05608206 0.00120759 -0.02249997 0.05873626 -0.003543615 -0.02249997 0.06300801 -9.13421e-4 -0.0205 0.06124448 0.003460049 -0.0205 0.06056147 0.003466069 -0.0205 0.06113195 0.00323683 -0.0205 0.0631119 3.07421e-4 -0.0205 0.0631119 -3.07421e-4 -0.0205 0.06336098 -3.28623e-4 -0.0205 0.06165546 0.002914488 -0.0205 0.06180417 0.003115475 -0.0205 0.06063467 0.003705143 -0.0205 0.05999219 0.003843605 -0.0205 0.06211709 0.002508223 -0.0205 0.06229758 0.002681255 -0.0205 0.05933547 0.0038715 -0.0205 0.05996036 0.00359559 -0.0205 0.06271046 0.002169847 -0.0205 0.06250339 0.002029895 -0.0205 0.05868357 0.003787994 -0.0205 0.05934619 0.003621697 -0.0205 0.0628032 0.001493096 -0.0205 0.06303095 0.001596093 -0.0205 0.05805516 0.00359553 -0.0205 0.05873626 0.003543615 -0.0205 0.06300801 9.13421e-4 -0.0205 0.06325 9.76415e-4 -0.0205 0.06336098 3.28623e-4 -0.0205 0.05746829 0.003299653 -0.0205 0.05693989 0.002908825 -0.0205 0.05759936 0.003086745 -0.0205 0.05814838 0.003363549 -0.0205 0.05648505 0.002434313 -0.0205 0.05710506 0.00272119 -0.0205 0.06300801 -9.13421e-4 -0.0205 0.06325 -9.76415e-4 -0.0205 0.05667954 0.002277255 -0.0205 0.05611705 0.001889765 -0.0205 0.0628032 -0.001493096 -0.0205 0.06303095 -0.001596093 -0.0205 0.06229758 -0.002681255 -0.0205 0.06271046 -0.002169847 -0.0205 0.06211709 -0.002508223 -0.0205 0.06250339 -0.002029895 -0.0205 0.06124448 -0.003460049 -0.0205 0.06180417 -0.003115475 -0.0205 0.06113195 -0.00323683 -0.0205 0.06165546 -0.002914488 -0.0205 0.05934619 -0.003621697 -0.0205 0.05933547 -0.0038715 -0.0205 0.05999219 -0.003843605 -0.0205 0.05584639 0.001290917 -0.0205 0.05633527 0.001767873 -0.0205 0.05667954 -0.002277255 -0.0205 0.05648505 -0.002434313 -0.0205 0.05710506 -0.00272119 -0.0205 0.05693989 -0.002908825 -0.0205 0.05759936 -0.003086745 -0.0205 0.05814838 -0.003363549 -0.0205 0.05746829 -0.003299653 -0.0205 0.05873626 -0.003543615 -0.0205 0.05868357 -0.003787994 -0.0205 0.05805516 -0.00359553 -0.0205 0.05584639 -0.001290917 -0.0205 0.05633527 -0.001767873 -0.0205 0.05608206 -0.00120759 -0.0205 0.05611705 -0.001889765 -0.0205 0.06056147 -0.003466069 -0.0205 0.06063467 -0.003705143 -0.0205 0.05996036 -0.00359559 -0.0205 0.05562496 0 -0.0205 0.05592709 -6.12628e-4 -0.0205 0.055875 0 -0.0205 0.05568069 -6.54878e-4 -0.0205 0.05568069 6.54878e-4 -0.0205 0.05592709 6.12628e-4 -0.0205 0.05608206 0.00120759 -0.02899998 0.003160178 -0.01466327 -0.02899998 6.60635e-4 -0.007972657 -0.02899998 6.36618e-4 -0.01498645 -0.02899998 0.007566511 0.00259757 -0.02899998 0.01414316 0.004997074 -0.02899998 0.007035732 0.003807544 -0.02899998 -6.60635e-4 -0.007972657 -0.02899998 -0.001905262 -0.01487845 -0.02899998 0.001963853 -0.00775516 -0.02899998 0.005592823 -0.01391828 -0.02899998 -0.004392325 -0.01434248 -0.02899998 -0.001963853 -0.00775516 -0.02899998 0.007864594 -0.01277285 -0.02899998 0.003213524 -0.007326185 -0.02899998 0.004375576 -0.006697297 -0.02899998 0.009910106 -0.01126009 -0.02899998 0.01167047 -0.009423255 -0.02899998 0.005418241 -0.005885779 -0.02899998 -0.003213524 -0.007326185 -0.02899998 -0.006753027 -0.01339387 -0.02899998 0.0130952 -0.007315397 -0.02899998 0.01414316 -0.004997074 -0.02899998 0.007035732 -0.003807544 -0.02899998 -0.004375576 -0.006697297 -0.02899998 -0.008919477 -0.01205998 -0.02899998 0.007999956 0 -0.02899998 0.01499998 0 -0.02899998 0.01478415 0.002534985 -0.02899998 6.36618e-4 0.01498645 -0.02899998 -6.60635e-4 0.007972657 -0.02899998 6.60635e-4 0.007972657 -0.02899998 0.01167047 0.009423255 -0.02899998 0.005418241 0.005885779 -0.02899998 0.006313085 0.004913687 -0.02899998 -0.007566511 -0.00259757 -0.02899998 -0.00789088 -0.001316726 -0.02899998 -0.01451599 -0.003779649 -0.02899998 0.003213524 0.007326185 -0.02899998 0.005592823 0.01391828 -0.02899998 0.001963853 0.00775516 -0.02899998 -0.007566511 0.00259757 -0.02899998 -0.01451599 0.003779649 -0.02899998 -0.00789088 0.001316726 -0.02899998 -0.004392325 0.01434248 -0.02899998 -0.003213524 0.007326185 -0.02899998 -0.001963853 0.00775516 -0.02899998 -0.006753027 0.01339387 -0.02899998 -0.008919477 0.01205998 -0.02899998 -0.004375576 0.006697297 -0.02899998 -0.001905262 0.01487845 -0.02899998 -0.006313085 0.004913687 -0.02899998 -0.005418241 0.005885779 -0.02899998 -0.01082926 0.01037907 -0.02899998 0.003160178 0.01466327 -0.02899998 0.004375576 0.006697297 -0.02899998 0.007864594 0.01277285 -0.02899998 -0.01242756 0.008399605 -0.02899998 -0.01366835 0.006178498 -0.02899998 -0.007035732 0.003807544 -0.02899998 -0.007999956 0 -0.02899998 -0.01494598 0.001272082 -0.02899998 -0.01494598 -0.001272082 -0.02899998 0.009910106 0.01126009 -0.02899998 0.00789088 0.001316726 -0.02899998 0.0130952 0.007315397 -0.02899998 -0.01366835 -0.006178498 -0.02899998 -0.007035732 -0.003807544 -0.02899998 0.00789088 -0.001316726 -0.02899998 0.01478415 -0.002534985 -0.02899998 -0.006313085 -0.004913687 -0.02899998 -0.01242756 -0.008399605 -0.02899998 -0.01082926 -0.01037907 -0.02899998 0.007566511 -0.00259757 -0.02899998 0.006313085 -0.004913687 -0.02899998 -0.005418241 -0.005885779 -0.07725 0.005249977 -0.006036341 -0.03354996 0.005249977 -0.006036341 -0.03354996 0.005249977 0.006036341 -0.07725 0.005249977 0.006036341 -0.03354996 0.006200551 -0.00505495 -0.03354996 0.006200551 0.00505495 -0.03354996 0.005249977 -0.006036341 -0.03354996 0.00788331 -0.00136125 -0.03354996 0.00788331 0.00136125 -0.03354996 0.007536709 -0.002682805 -0.03354996 0.007999956 0 -0.03354996 0.006970286 -0.003926157 -0.03354996 0.007536709 0.002682805 -0.03354996 0.006970286 0.003926157 -0.03354996 0.005249977 0.006036341 -0.07725 0.006200551 0.00505495 -0.07725 0.006200551 -0.00505495 -0.07725 0.005249977 0.006036341 -0.07725 0.00788331 0.00136125 -0.07725 0.00788331 -0.00136125 -0.07725 0.007536709 0.002682805 -0.07725 0.007999956 0 -0.07725 0.006970286 0.003926157 -0.07725 0.007536709 -0.002682805 -0.07725 0.006970286 -0.003926157 -0.07725 0.005249977 -0.006036341 -0.07949995 -0.007999956 0 -0.07949995 0.003213524 0.007326185 -0.07949995 0.001963853 0.00775516 -0.07949995 -0.003213524 0.007326185 -0.07949995 -0.005418241 0.005885779 -0.07949995 -0.006313085 0.004913687 -0.07949995 -0.004375576 0.006697297 -0.07949995 -0.007035732 0.003807544 -0.07949995 -0.001963853 0.00775516 -0.07949995 -0.007566511 0.00259757 -0.07949995 -6.60635e-4 0.007972657 -0.07949995 6.60635e-4 0.007972657 -0.07949995 -0.00789088 0.001316726 -0.07949995 -0.007035732 -0.003807544 -0.07949995 0.005418241 0.005885779 -0.07949995 -0.007566511 -0.00259757 -0.07949995 -0.00789088 -0.001316726 -0.07949995 0.004375576 0.006697297 -0.07949995 0.006313085 0.004913687 -0.07949995 -0.006313085 -0.004913687 -0.07949995 0.007035732 0.003807544 -0.07949995 -0.003213524 -0.007326185 -0.07949995 0.007999956 0 -0.07949995 0.00789088 0.001316726 -0.07949995 -0.005418241 -0.005885779 -0.07949995 -0.004375576 -0.006697297 -0.07949995 0.007566511 0.00259757 -0.07949995 0.007566511 -0.00259757 -0.07949995 6.60635e-4 -0.007972657 -0.07949995 0.007035732 -0.003807544 -0.07949995 0.00789088 -0.001316726 -0.07949995 -0.001963853 -0.00775516 -0.07949995 -6.60635e-4 -0.007972657 -0.07949995 0.005418241 -0.005885779 -0.07949995 0.003213524 -0.007326185 -0.07949995 0.004375576 -0.006697297 -0.07949995 0.006313085 -0.004913687 -0.07949995 0.001963853 -0.00775516 -0.02199995 -0.06568086 -0.02287405 -0.02199995 -0.06288731 -0.01662927 -0.02199995 -0.06735819 -0.01731675 -0.02199995 -0.0125246 0.06383275 -0.02199995 -0.01589137 0.06770896 -0.02199995 -0.0179792 0.06251436 -0.02199995 -0.0424087 0.04932534 -0.02199995 -0.04654246 0.05168056 -0.02199995 -0.04650264 0.04548418 -0.02199995 -0.03802418 0.05277746 -0.02199995 -0.04206496 0.05538588 -0.02199995 -0.0507127 0.04759478 -0.02199995 -0.05023056 0.0413326 -0.02199995 -0.03727298 0.05871796 -0.02199995 -0.03333348 0.05586028 -0.02199995 -0.03223896 0.06162559 -0.02199995 -0.02842175 0.05851066 -0.02199995 -0.02150988 0.06613916 -0.02199995 -0.02327299 0.06074428 -0.02199995 -0.02695965 0.06411105 -0.02199995 -0.05360645 0.03684639 -0.02199995 -0.0545088 0.04319608 -0.02199995 -0.01017838 0.06880027 -0.02199995 -0.007005035 0.06467008 -0.02199995 -0.001406013 0.06503468 -0.02199995 -0.004378139 0.0694108 -0.02199995 -0.06094866 0.03350198 -0.02199995 -0.05656784 0.0321182 -0.02199995 -0.05793994 0.0384708 -0.02199995 -0.06123316 0.02195447 -0.02199995 -0.05912578 0.02711945 -0.02199995 -0.06354439 0.02826917 -0.02199995 0.001438319 0.0695343 -0.02199995 0.004176139 0.06491416 -0.02199995 0.007257699 0.06916886 -0.02199995 0.009754002 0.06431436 -0.02199995 -0.06736886 0.01727575 -0.02199995 -0.06289726 0.01659095 -0.02199995 -0.06568199 0.02286976 -0.02199995 -0.06480628 0.005611538 -0.02199995 -0.0640887 0.01114189 -0.02199995 -0.06857585 0.01159948 -0.02199995 0.01523387 0.06323939 -0.02199995 0.01301479 0.06832057 -0.02199995 -0.06930285 -0.005840897 -0.02199995 -0.06857585 -0.01159948 -0.02199995 -0.06480628 -0.005611538 -0.02199995 0.02584135 0.05969506 -0.02199995 0.02422666 0.06519329 -0.02199995 0.02062577 0.06169325 -0.02199995 0.05194789 0.0391497 -0.02199995 0.05263829 0.04545688 -0.02199995 0.04839718 0.04346466 -0.02199995 0.04023724 0.05111199 -0.02199995 0.03968006 0.05711805 -0.02199995 0.035685 0.05438619 -0.02199995 0.06228768 0.0309388 -0.02199995 0.05948215 0.03604149 -0.02199995 0.05788636 0.02967238 -0.02199995 -0.0579164 -0.03850555 -0.02199995 -0.05656427 -0.03212338 -0.02199995 -0.06094598 -0.03350788 -0.02199995 0.06657481 0.02011835 -0.02199995 0.06354695 0.01390087 -0.02199995 0.06802678 0.01447385 -0.02199995 -0.05068379 -0.047625 -0.02199995 -0.04647558 -0.04551237 -0.02199995 -0.0502249 -0.04133856 -0.02199995 -0.03726285 -0.05872535 -0.02199995 -0.03332275 -0.0558657 -0.02199995 -0.03799307 -0.05280059 -0.02199995 -0.02147096 -0.06615108 -0.02199995 -0.01794278 -0.06252551 -0.02199995 -0.02325975 -0.06074827 -0.02199995 0.06948798 -0.002893745 -0.02199995 0.06948798 0.002925813 -0.02199995 0.06498891 -0.002781331 -0.02199995 -0.006967782 -0.06467485 -0.02199995 -0.004360377 -0.06941306 -0.02199995 -0.001388907 -0.06503397 -0.02199995 0.06355178 -0.01387286 -0.02199995 0.06212407 -0.01928818 -0.02199995 0.06658476 -0.0200904 -0.02199995 0.02587455 -0.05968177 -0.02199995 0.02064466 -0.06168568 -0.02199995 0.02426236 -0.06517887 -0.02199995 0.007277309 -0.06916809 -0.02199995 0.00977236 -0.06431049 -0.02199995 0.004213035 -0.06491255 -0.02199995 0.03090655 -0.05723714 -0.02199995 0.03479218 -0.06022006 -0.02199995 0.03571486 -0.05436789 -0.02199995 0.02962088 -0.06292676 -0.02199995 0.04841268 -0.04344546 -0.02199995 0.04449945 -0.04744696 -0.02199995 0.04866868 -0.04968428 -0.02199995 0.05513936 -0.03451007 -0.02199995 0.05949938 -0.0360108 -0.02199995 0.05790215 -0.02964407 -0.02199995 0.04025465 -0.05109667 -0.02199995 0.04434758 -0.05357468 -0.02199995 0.05196887 -0.03912365 -0.02199995 0.05266088 -0.04542875 -0.02199995 0.01305299 -0.0683124 -0.02199995 0.01526945 -0.0632317 -0.02199995 0.03970074 -0.0571053 -0.02199995 0.05627328 -0.0408715 -0.02199995 0.01871114 -0.0669856 -0.02199995 0.06230157 -0.03091388 -0.02199995 0.06023597 -0.02455437 -0.02199995 0.001477956 -0.06953257 -0.02199995 0.06467145 -0.02558416 -0.02199995 -0.01587599 -0.06771367 -0.02199995 -0.01250916 -0.06383478 -0.02199995 -0.01013839 -0.06880539 -0.02199995 0.0645098 -0.008362233 -0.02199995 0.0690028 -0.008704125 -0.02199995 0.06803238 -0.01444119 -0.02199995 -0.02838748 -0.05852794 -0.02199995 -0.03220218 -0.06164407 -0.02199995 -0.0269469 -0.06411761 -0.02199995 0.06450468 0.008392333 -0.02199995 0.06899756 0.008734643 -0.02199995 0.06498891 0.002810835 -0.02199995 -0.04653519 -0.05168819 -0.02199995 -0.04240059 -0.04933136 -0.02199995 -0.04203158 -0.0554105 -0.02199995 0.06466007 0.02561646 -0.02199995 0.06022685 0.02458 -0.02199995 0.06211358 0.01931798 -0.02199995 -0.05450397 -0.04320317 -0.02199995 -0.05358445 -0.036879 -0.02199995 0.05625617 0.0408926 -0.02199995 0.05512678 0.03453266 -0.02199995 -0.06352698 -0.02830767 -0.02199995 -0.06123137 -0.02195835 -0.02199995 -0.05910944 -0.02715545 -0.02199995 0.04431986 0.05359905 -0.02199995 0.04447376 0.04746955 -0.02199995 0.04864937 0.04970127 -0.02199995 -0.06408816 -0.01114398 -0.02199995 0.03088796 0.05724865 -0.02199995 0.02959966 0.06293529 -0.02199995 0.03476005 0.06023979 -0.02199995 0.01869034 0.06699007 -0.02199995 -0.06505 0 -0.02199995 -0.06954997 0 -0.02199995 -0.06930285 0.005840897 -0.02249997 0.05625617 -0.0408926 -0.02249997 0.05847579 -0.04461115 -0.02249997 0.06190258 -0.0397166 -0.02249997 -0.06368678 0.03678977 -0.02249997 -0.06646859 0.03148466 -0.02249997 -0.06094598 0.03350788 -0.02249997 0.04111808 -0.0609824 -0.02249997 0.04593569 -0.05743896 -0.02249997 0.03968006 -0.05711805 -0.02249997 0.05464226 -0.04922956 -0.02249997 0.04864937 -0.04970127 -0.02249997 0.05046516 -0.05350536 -0.02249997 0.02959966 -0.06293529 -0.02249997 0.03068196 -0.06684416 -0.02249997 0.0360133 -0.0641278 -0.02249997 0.03476005 -0.06023979 -0.02249997 0.02422666 -0.06519329 -0.02249997 0.0251379 -0.06911885 -0.02249997 0.04431986 -0.05359905 -0.02249997 0.05263829 -0.04545688 -0.02249997 0.01869034 -0.06699007 -0.02249997 0.01943349 -0.07093548 -0.02249997 0.007257699 -0.06916886 -0.02249997 0.007670521 -0.07314819 -0.02249997 0.01359754 -0.07228046 -0.02249997 0.01301479 -0.06832057 -0.02249997 0.05948215 -0.03604149 -0.02249997 0.06493771 -0.03453528 -0.02249997 0.06466007 -0.02561646 -0.02249997 0.06752419 -0.02915179 -0.02249997 0.06967955 -0.02354466 -0.02249997 0.06228768 -0.0309388 -0.02249997 -0.004295349 -0.07342356 -0.02249997 0.001438319 -0.0695343 -0.02249997 -0.004378139 -0.0694108 -0.02249997 0.001697599 -0.07352888 -0.02249997 -0.01017838 -0.06880027 -0.02249997 -0.01024687 -0.07283151 -0.02249997 0.06657481 -0.02011835 -0.02249997 0.0713582 -0.01781499 -0.02249997 -0.02757138 -0.06818538 -0.02249997 -0.02150988 -0.06613916 -0.02249997 -0.02695965 -0.06411105 -0.02249997 -0.01589137 -0.06770896 -0.02249997 -0.01614725 -0.07175445 -0.02249997 -0.04206496 -0.05538588 -0.02249997 -0.04323154 -0.05950319 -0.02249997 -0.03727298 -0.05871796 -0.02249997 -0.03301256 -0.06572437 -0.02249997 -0.03223896 -0.06162559 -0.02249997 0.0674681 0.02928328 -0.02249997 0.06230157 0.03091388 -0.02249997 0.06467145 0.02558416 -0.02249997 -0.04654246 -0.05168056 -0.02249997 -0.04794538 -0.0557729 -0.02249997 0.05266088 0.04542875 -0.02249997 0.05627328 0.0408715 -0.02249997 0.0583086 0.04482698 -0.02249997 -0.0545088 -0.04319608 -0.02249997 -0.05793994 -0.0384708 -0.02249997 -0.06000465 -0.0425328 -0.02249997 0.04564428 0.05767256 -0.02249997 0.03970074 0.0571053 -0.02249997 0.04434758 0.05357468 -0.02249997 -0.06851679 -0.02673536 -0.02249997 -0.06354439 -0.02826917 -0.02249997 -0.06568199 -0.02286976 -0.02249997 -0.06930285 -0.005840897 -0.02249997 -0.07346946 -0.003400862 -0.02249997 -0.07294946 -0.009377479 -0.02249997 -0.07194548 -0.01527005 -0.02249997 -0.06857585 -0.01159948 -0.02249997 0.007044911 0.07321 -0.02249997 0.001477956 0.06953257 -0.02249997 0.007277309 0.06916809 -0.02249997 0.01871114 0.0669856 -0.02249997 0.0188961 0.07107919 -0.02249997 0.01305299 0.0683124 -0.02249997 -0.0579164 0.03850555 -0.02249997 -0.06048399 0.04184579 -0.02249997 -0.06881076 0.02597278 -0.02249997 -0.07069408 0.02028995 -0.02249997 -0.06568086 0.02287405 -0.02249997 -0.04203158 0.0554105 -0.02249997 -0.04391419 0.05900007 -0.02249997 -0.04855948 0.05523967 -0.02249997 -0.03895699 0.06238406 -0.02249997 -0.03220218 0.06164407 -0.02249997 -0.0337736 0.06533706 -0.02249997 -0.06352698 0.02830767 -0.02249997 -0.03726285 0.05872535 -0.02249997 -0.05289888 0.05109918 -0.02249997 -0.05687618 0.04663228 -0.02249997 -0.05068379 0.047625 -0.02249997 -0.04653519 0.05168819 -0.02249997 -0.05450397 0.04320317 -0.02249997 -0.0169025 0.07157987 -0.02249997 -0.02147096 0.06615108 -0.02249997 -0.01587599 0.06771367 -0.02249997 -0.0269469 0.06411761 -0.02249997 -0.028364 0.06785917 -0.02249997 -0.004360377 0.06941306 -0.02249997 -0.004995524 0.07337838 -0.02249997 -0.01013839 0.06880539 -0.02249997 -0.0227282 0.06995016 -0.02249997 0.001009881 0.07354295 -0.02249997 -0.01100665 0.07272166 -0.02249997 0.01299935 0.07239198 -0.02249997 -0.06857585 0.01159948 -0.02249997 -0.06735819 0.01731675 -0.02249997 -0.0721125 0.01446765 -0.02249997 0.02426236 0.06517887 -0.02249997 0.02464008 0.06929957 -0.02249997 -0.07350438 0.002579331 -0.02249997 -0.06930285 0.005840897 -0.02249997 -0.07304847 0.008557975 -0.02249997 0.02962088 0.06292676 -0.02249997 0.03024035 0.06704348 -0.02249997 0.03479218 0.06022006 -0.02249997 0.03561985 0.06434875 -0.02249997 -0.06736886 -0.01727575 -0.02249997 -0.0704624 -0.02108609 -0.02249997 0.04077368 0.06121116 -0.02249997 0.04866868 0.04968428 -0.02249997 0.05444455 0.04944986 -0.02249997 0.05021405 0.05373889 -0.02249997 -0.06327408 -0.03749316 -0.02249997 -0.06094866 -0.03350198 -0.02249997 -0.06610906 -0.03223627 -0.02249997 0.05949938 0.0360108 -0.02249997 0.06484049 0.03471446 -0.02249997 0.0617848 0.03990137 -0.02249997 -0.0507127 -0.04759478 -0.02249997 -0.05231088 -0.05170267 -0.02249997 -0.05635589 -0.04725855 -0.02249997 0.06658476 0.0200904 -0.02249997 0.06963515 0.0236724 -0.02249997 0.07256376 0.01200419 -0.02249997 0.06803238 0.01444119 -0.02249997 0.0690028 0.008704125 -0.02249997 0.07134228 0.01788026 -0.02249997 0.0732997 0.006044089 -0.02249997 0.06948798 0.002893745 -0.02249997 -0.03826516 -0.06281065 -0.02249997 0.07330286 -0.006006121 -0.02249997 0.07354998 0 -0.02249997 0.06948798 -0.002925813 -0.02249997 0.06899756 -0.008734643 -0.02249997 0.07257586 -0.01193028 -0.02249997 -0.0219199 -0.0702067 -0.02249997 0.06802678 -0.01447385 -0.02249997 -0.06954997 0 0.02249997 -0.06049776 0.04182815 0.02249997 -0.05112016 0.03427976 0.02249997 -0.0637055 0.03675508 0.02249997 0.02149498 0.05767357 0.02249997 0.02461469 0.06930708 0.02249997 0.03020524 0.0670607 0.02249997 0.04788178 0.03867357 0.02249997 0.05441737 0.04947787 0.02249997 0.05829358 0.04484885 0.02249997 0.0162636 0.05936175 0.02249997 0.01885598 0.07109099 0.02249997 0.03137838 0.05294978 0.02249997 0.04074496 0.06123208 0.02249997 0.03595936 0.04995185 0.02249997 0.03559178 0.0643627 0.02249997 0.01093047 0.06057047 0.02249997 0.00700128 0.073215 0.02249997 0.01297855 0.07239437 0.02249997 0.04026788 0.0465489 0.02249997 0.04561555 0.05769336 0.02249997 9.95295e-4 0.07354217 0.02249997 0.005479156 0.0613054 0.02249997 1.97833e-5 0.06154865 0.02249997 0.0511316 0.03426039 0.02249997 -0.005040764 0.07337576 0.02249997 -0.005476772 0.06130576 0.02249997 -0.01089167 0.06057715 0.02249997 -0.0169025 0.07157987 0.02249997 -0.01100665 0.07272166 0.02249997 -0.02145826 0.05768668 0.02249997 -0.0227282 0.06995016 0.02249997 -0.01625686 0.05936419 0.02249997 0.05639594 0.02465146 0.02249997 0.06483179 0.03473347 0.02249997 0.0674498 0.02932316 0.02249997 0.05397909 0.02957338 0.02249997 0.0617612 0.03993588 0.02249997 -0.028364 0.06785917 0.02249997 -0.02652215 0.05554246 0.02249997 -0.03134524 0.05296868 0.02249997 -0.0337736 0.06533706 0.02249997 -0.03899395 0.06236058 0.02249997 0.05836659 0.01953655 0.02249997 0.06963145 0.02368646 0.02249997 0.07133066 0.01792407 0.02249997 -0.04423427 0.04279845 0.02249997 -0.05690169 0.0465998 0.02249997 -0.05291187 0.05108737 0.02249997 -0.0359475 0.04996168 0.02249997 -0.04023927 0.04657244 0.02249997 -0.04392445 0.05899345 0.02249997 -0.05396175 0.0296027 0.02249997 -0.04785859 0.03870069 0.02249997 -0.05835527 0.01956647 0.02249997 -0.06882268 0.02593779 0.02249997 -0.05638694 0.02467536 0.02249997 0.0487228 -0.03760707 0.02249997 0.05848824 -0.04459255 0.02249997 0.05466949 -0.04920095 0.02249997 -0.05986785 0.01428949 0.02249997 -0.07070386 0.02026098 0.02249997 -0.06089997 0.008910119 0.02249997 -0.07305389 0.008524298 0.02249997 -0.07211786 0.01443409 0.02249997 -0.07350397 0.002548635 0.02249997 -0.06151485 -0.002028703 0.02249997 -0.07346898 -0.003437876 0.02249997 0.03253728 -0.05224508 0.02249997 0.04114258 -0.06096404 0.02249997 0.03604358 -0.0641123 0.02249997 -0.05879455 -0.01820749 0.02249997 -0.05693918 -0.02336984 0.02249997 -0.0685026 -0.02677428 0.02249997 0.01257485 -0.06025129 0.02249997 0.0194689 -0.07092446 0.02249997 0.01362407 -0.07227689 0.02249997 -0.002544879 -0.06149649 0.02249997 0.002526164 -0.06149786 0.02249997 0.001719951 -0.07352966 0.02249997 0.007578551 -0.06108099 0.02249997 0.007709562 -0.073143 0.02249997 -0.0330072 -0.06572771 0.02249997 -0.03822726 -0.0628336 0.02249997 -0.02777999 -0.05492377 0.02249997 -0.01022964 -0.07283496 0.02249997 -0.01610535 -0.07176327 0.02249997 -0.01257485 -0.06025129 0.02249997 -0.02190858 -0.07021117 0.02249997 -0.01749998 -0.05900979 0.02249997 -0.02753067 -0.06820136 0.02249997 -0.02279675 -0.05717128 0.02249997 -0.04874634 -0.03757768 0.02249997 -0.04520255 -0.0417732 0.02249997 -0.05632805 -0.04729235 0.02249997 -0.0599969 -0.04254215 0.02249997 -0.05189329 -0.03309589 0.02249997 -0.03257077 -0.05222457 0.02249997 -0.04323154 -0.05950319 0.02249997 -0.03707909 -0.04912686 0.02249997 -0.04131287 -0.04562366 0.02249997 -0.05230605 -0.05170679 0.02249997 -0.04791188 -0.05580186 0.02249997 -0.01759999 -0.05897998 0.02249997 -0.004253983 -0.07342505 0.02249997 -0.007589817 -0.06108015 0.02249997 -0.0632528 -0.03753036 0.02249997 -0.05463576 -0.02834135 0.02249997 -0.06610035 -0.03225147 0.02249997 -0.07045465 -0.02110707 0.02249997 -0.0601806 -0.01290357 0.02249997 -0.06109118 -0.007497012 0.02249997 -0.0729447 -0.009403824 0.02249997 0.01749998 -0.05900979 0.02249997 -0.06145268 0.00345087 0.02249997 0.03071236 -0.06682866 0.02249997 0.02279675 -0.05717128 0.02249997 0.02777588 -0.05492627 0.02249997 0.04596525 -0.05741685 0.02249997 0.03707206 -0.04913306 0.02249997 0.0504837 -0.05348598 0.02249997 0.04128396 -0.04564917 0.02249997 0.04519414 -0.04178369 0.02249997 0.06192564 -0.03968226 0.02249997 0.05188494 -0.03311097 0.02249997 0.05461817 -0.0283733 0.02249997 0.06494486 -0.03451937 0.02249997 0.06968259 -0.02353286 0.02249997 0.05693244 -0.02338957 0.02249997 0.05878329 -0.01824045 0.02249997 -0.06648129 0.03146117 0.02249997 0.06108599 -0.007529616 0.02249997 0.07257586 -0.01193028 0.02249997 0.06017684 -0.01292747 0.02249997 0.07136917 -0.01777255 0.02249997 0.06151527 -0.002055764 0.02249997 0.07330286 -0.006006121 0.02249997 0.07354998 0 0.02249997 0.06145316 0.003419995 0.02249997 0.0732997 0.006044089 0.02249997 0.06090545 0.008880972 0.02249997 0.07256376 0.01200419 0.02249997 -0.04859119 0.05521088 0.02249997 0.05987316 0.0142616 0.02249997 0.06754177 -0.02911275 0.02249997 0.01759999 -0.05897998 0.02249997 0.02516716 -0.06910979 0.02249997 -0.07193839 -0.01530885 0.02249997 0.02653205 0.05553686 0.02249997 0.05019217 0.05376136 0.02249997 0.04424667 0.04278397 0.02249997 -0.01749998 0 0.02249997 -0.01759999 0 0.02249997 -0.01726126 0.002880394 0.02249997 -0.01735997 0.002896845 0.02249997 -0.01655179 0.005682229 0.02249997 -0.01664638 0.005714654 0.02249997 -0.01547867 0.008376657 0.02249997 -0.01539075 0.008329033 0.02249997 -0.01388889 0.01081007 0.02249997 -0.01380997 0.01074868 0.02249997 -0.01192015 0.01294869 0.02249997 -0.01185238 0.01287519 0.02249997 -0.009626269 0.01473408 0.02249997 -0.009571552 0.0146504 0.02249997 -0.007069826 0.01611757 0.02249997 -0.007029652 0.01602596 0.02249997 -0.004320502 0.01706135 0.02249997 -0.004295945 0.01696449 0.02249997 -0.001445114 0.01744019 0.02249997 -0.001453399 0.01753985 0.02249997 0.001453399 0.01753985 0.02249997 0.001445114 0.01744019 0.02249997 0.004320502 0.01706135 0.02249997 0.004295945 0.01696449 0.02249997 0.007069826 0.01611757 0.02249997 0.007029652 0.01602596 0.02249997 0.009626269 0.01473408 0.02249997 0.009571552 0.0146504 0.02249997 0.01192015 0.01294869 0.02249997 0.01185238 0.01287519 0.02249997 0.01388889 0.01081007 0.02249997 0.01380997 0.01074868 0.02249997 0.01547867 0.008376657 0.02249997 0.01539075 0.008329033 0.02249997 0.01664638 0.005714654 0.02249997 0.01655179 0.005682229 0.02249997 0.01735997 0.002896845 0.02249997 0.01726126 0.002880394 0.02249997 0.01759999 0 0.02249997 0.01749998 0 -0.02249997 -0.06480628 -0.005611538 -0.02249997 -0.06212449 -0.00285089 -0.02249997 -0.06255787 -0.002380013 -0.02249997 -0.01309317 0.01829797 -0.02249997 -0.02897489 0.04773175 -0.02249997 -0.01561945 0.01619488 -0.02249997 -0.03243428 0.04873389 -0.02249997 -0.04240059 0.04933136 -0.02249997 -0.03195118 0.04833948 -0.02249997 -0.03799307 0.05280059 -0.02249997 -0.03318107 0.04972767 -0.02249997 -0.04647558 0.04551237 -0.02249997 -0.03141117 0.04802757 -0.02249997 -0.03125154 0.05510067 -0.02249997 -0.03063488 0.05530107 -0.02249997 -0.03332275 0.0558657 -0.02249997 -0.03357064 0.05217468 -0.02249997 -0.03340947 0.05280286 -0.02249997 -0.05656427 0.03212338 -0.02249997 -0.01962405 0.01100569 -0.02249997 -0.05358445 0.036879 -0.02249997 -0.02325975 0.06074827 -0.02249997 -0.02703875 0.05429708 -0.02249997 -0.02661508 0.05380618 -0.02249997 -0.01780396 -0.01375657 -0.02249997 -0.01961737 -0.01101756 -0.02249997 -0.05360645 -0.03684639 -0.02249997 0.002454698 0.02236539 -0.02249997 0.0261085 0.0502038 -0.02249997 0.00977236 0.06431049 -0.02249997 0.0259338 0.05085599 -0.02249997 -0.03082805 0.0478065 -0.02249997 -0.0502249 0.04133856 -0.02249997 -0.03021705 0.04768174 -0.02249997 -0.02781248 0.04817265 -0.02249997 -0.02837586 0.04790526 -0.02249997 0.0056867 0.0217694 -0.02249997 0.02639377 0.04959166 -0.02249997 0.0259301 0.05217987 -0.02249997 0.02064466 0.06168568 -0.02249997 0.02587497 0.05152845 -0.02249997 -0.02727997 0.04854279 -0.02249997 -0.007269322 0.0212928 -0.02249997 -0.0268166 0.04899644 -0.02249997 0.02636188 0.05340909 -0.02249997 0.02587455 0.05968177 -0.02249997 -0.004093289 0.02212387 -0.02249997 -0.006967782 0.06467485 -0.02249997 -0.02614706 0.05010199 -0.02249997 -0.05644208 0.002380013 -0.02249997 -0.06123137 0.02195835 -0.02249997 -0.05687546 0.00285089 -0.02249997 0.03090655 0.05723714 -0.02249997 0.03084737 0.05524486 -0.02249997 0.03145647 0.05500745 -0.02249997 -0.05912578 -0.02711945 -0.02249997 -0.05644208 -0.002380013 -0.02249997 -0.06123316 -0.02195447 -0.02249997 0.05648505 0.002434313 -0.02249997 0.06023597 0.02455437 -0.02249997 0.02036958 0.009555816 -0.02249997 -0.05656784 -0.0321182 -0.02249997 0.05746829 0.003299653 -0.02249997 0.05805516 0.00359553 -0.02249997 0.06355178 0.01387286 -0.02249997 0.0645098 0.008362233 -0.02249997 0.06124448 0.003460049 -0.02249997 0.06180417 0.003115475 -0.02249997 0.004176139 -0.06491416 -0.02249997 0.009754002 -0.06431436 -0.02249997 0.002467751 -0.02236366 -0.02249997 -0.02842175 -0.05851066 -0.02249997 -0.02934497 -0.05538225 -0.02249997 -0.02999329 -0.0553959 -0.02249997 -0.02595967 -0.05072289 -0.02249997 -0.0125246 -0.06383275 -0.02249997 -0.02614706 -0.05010199 -0.02249997 -0.02587836 -0.05136615 -0.02249997 -0.02590554 -0.05201417 -0.02249997 -0.0179792 -0.06251436 -0.02249997 0.03084737 -0.05524486 -0.02249997 0.03088796 -0.05724865 -0.02249997 0.03145647 -0.05500745 -0.02249997 0.01676058 -0.01501077 -0.02249997 0.03033679 -0.04769819 -0.02249997 0.01876819 -0.01240909 -0.02249997 -8.15064e-4 -0.02248477 -0.02249997 0.03212189 -0.04846429 -0.02249997 0.04447376 -0.04746955 -0.02249997 0.03157305 -0.04810905 -0.02249997 0.02725946 -0.0485599 -0.02249997 0.00880289 -0.02070599 -0.02249997 0.02678197 -0.04903715 -0.02249997 0.035685 -0.05438619 -0.02249997 0.0332573 -0.05317598 -0.02249997 0.03293049 -0.05374217 -0.02249997 0.02903419 -0.04772019 -0.02249997 0.0296846 -0.04765409 -0.02249997 0.01439476 -0.01729267 -0.02249997 0.01523387 -0.06323939 -0.02249997 0.02593398 -0.0508551 -0.02249997 0.0277003 -0.05481696 -0.02249997 0.02584135 -0.05969506 -0.02249997 0.02828216 -0.0551148 -0.02249997 0.03300338 -0.04942345 -0.02249997 0.04023724 -0.05111199 -0.02249997 0.03260326 -0.04890656 -0.02249997 -0.001406013 -0.06503468 -0.02249997 -0.004081487 -0.02212649 -0.02249997 -0.007261633 -0.0212959 -0.02249997 -0.02643549 -0.04952114 -0.02249997 -0.01561206 -0.01620137 -0.02249997 -0.03021705 -0.04768174 -0.02249997 0.02840417 -0.04789465 -0.02249997 -0.02727997 -0.04854279 -0.02249997 -0.01028716 -0.02001059 -0.02249997 0.05648505 -0.002434313 -0.02249997 0.05611705 -0.001889765 -0.02249997 0.02154725 -0.006475985 -0.02249997 -0.0268166 -0.04899644 -0.02249997 0.02610898 -0.05020248 -0.02249997 0.0263946 -0.04959028 -0.02249997 0.005696713 -0.0217663 -0.02249997 0.05788636 -0.02967238 -0.02249997 0.05512678 -0.03453266 -0.02249997 -0.02327299 -0.06074428 -0.02249997 -0.02604037 -0.05264848 -0.02249997 0.05805516 -0.00359553 -0.02249997 0.06354695 -0.01390087 -0.02249997 0.05868357 -0.003787994 -0.02249997 0.02249997 0 -0.02249997 0.05568069 6.54878e-4 -0.02249997 0.02225977 0.003278493 -0.02249997 -0.02703875 -0.05429708 -0.02249997 -0.03314566 -0.05339527 -0.02249997 -0.03340947 -0.05280286 -0.02249997 -0.03802418 -0.05277746 -0.02249997 0.06325 9.76415e-4 -0.02249997 0.06498891 0.002781331 -0.02249997 0.06303095 0.001596093 -0.02249997 0.05568069 -6.54878e-4 -0.02249997 0.05562496 0 -0.02249997 0.05933547 0.0038715 -0.02249997 0.05196887 0.03912365 -0.02249997 0.01876068 0.01242035 -0.02249997 0.05513936 0.03451007 -0.02249997 0.03571486 0.05436789 -0.02249997 0.03201705 0.05467104 -0.02249997 0.03251308 0.05424529 -0.02249997 -0.05687546 -0.00285089 -0.02249997 -0.0579434 -0.003548562 -0.02249997 -0.05854868 -0.003756403 -0.02249997 -0.0640887 -0.01114189 -0.02249997 0.05611705 0.001889765 -0.02249997 0.02154445 0.006486654 -0.02249997 0.04449945 0.04744696 -0.02249997 0.03212189 0.04846429 -0.02249997 0.03157305 0.04810905 -0.02249997 -0.06045126 -0.003756403 -0.02249997 -0.063165 0.001258194 -0.02249997 -0.06290799 0.001844286 -0.02249997 -0.06505 0 -0.02249997 0.04025465 0.05109667 -0.02249997 0.03351718 0.05062067 -0.02249997 0.03331094 0.05000036 -0.02249997 -0.06288731 0.01662927 -0.02249997 -0.05738055 0.003243982 -0.02249997 0.02781248 0.04817265 -0.02249997 0.008797883 0.02070856 -0.02249997 0.01172035 0.01920616 -0.02249997 -0.029594 0.04765665 -0.02249997 0.0277003 0.05481696 -0.02249997 0.02828216 0.0551148 -0.02249997 -0.03243428 -0.04873389 -0.02249997 -0.0424087 -0.04932534 -0.02249997 -0.03284776 -0.04920059 -0.02249997 -0.04650264 -0.04548418 -0.02249997 -0.03141117 -0.04802757 -0.02249997 -0.03082805 -0.0478065 -0.02249997 -0.05738055 -0.003243982 -0.02249997 -0.06289726 -0.01659095 -0.02249997 -0.05609196 -0.001844286 -0.02249997 -0.02101308 -0.008042812 -0.02249997 -0.02196079 -0.004895687 -0.02249997 -0.05023056 -0.0413326 -0.02249997 -0.03195118 -0.04833948 -0.02249997 -0.03318107 -0.04972767 -0.02249997 -0.03357475 -0.05090689 -0.02249997 -0.03342556 -0.05030137 -0.02249997 -0.03357064 -0.05217468 -0.02249997 -0.03362494 -0.05152845 -0.02249997 -0.03125154 -0.05510067 -0.02249997 -0.03182625 -0.05480027 -0.02249997 -0.03333348 -0.05586028 -0.02249997 -0.03278678 -0.05393546 -0.02249997 -0.03234285 -0.05440819 -0.02249997 -0.03063488 -0.05530107 -0.02249997 -0.02870786 -0.05526077 -0.02249997 -0.02753847 -0.05471044 -0.02249997 -0.02810007 -0.05503469 -0.02249997 -0.02661508 -0.05380618 -0.02249997 -0.02627909 -0.0532515 -0.02249997 -0.007005035 -0.06467008 -0.02249997 -0.02781248 -0.04817265 -0.02249997 0.0309723 -0.04785126 -0.02249997 0.04839718 -0.04346466 -0.02249997 -0.05910944 0.02715545 -0.02249997 -0.02101725 0.00803107 -0.02249997 0.03361618 -0.05126684 -0.02249997 0.03351718 -0.05062067 -0.02249997 -0.01308917 -0.01830035 -0.02249997 -0.02837586 -0.04790526 -0.02249997 -0.02897489 -0.04773175 -0.02249997 0.02062577 -0.06169325 -0.02249997 0.0259301 -0.05217987 -0.02249997 0.02587497 -0.05152845 -0.02249997 0.02636188 -0.05340909 -0.02249997 0.02609395 -0.05281275 -0.02249997 0.02672618 -0.05395179 -0.02249997 0.02717655 -0.05442565 -0.02249997 0.02890598 -0.05531048 -0.02249997 0.03020709 -0.05537647 -0.02249997 0.02955365 -0.05539846 -0.02249997 0.03201705 -0.05467104 -0.02249997 0.03251308 -0.05424529 -0.02249997 0.03348439 -0.05256295 -0.02249997 0.03360509 -0.05192047 -0.02249997 0.03331094 -0.05000036 -0.02249997 0.05194789 -0.0391497 -0.02249997 0.02037507 -0.009543657 -0.02249997 0.06022685 -0.02458 -0.02249997 0.06336098 -3.28623e-4 -0.02249997 0.06325 -9.76415e-4 -0.02249997 0.06498891 -0.002810835 -0.02249997 0.06211358 -0.01931798 -0.02249997 0.05693989 -0.002908825 -0.02249997 0.06450468 -0.008392333 -0.02249997 0.06124448 -0.003460049 -0.02249997 0.06063467 -0.003705143 -0.02249997 0.004213035 0.06491255 -0.02249997 -0.001388907 0.06503397 -0.02249997 -8.28708e-4 0.0224843 -0.02249997 -0.02590554 0.05201417 -0.02249997 -0.02587836 0.05136615 -0.02249997 -0.01794278 0.06252551 -0.02249997 -0.01250916 0.06383478 -0.02249997 -0.02595967 0.05072289 -0.02249997 -0.02999329 0.0553959 -0.02249997 -0.02838748 0.05852794 -0.02249997 0.01526945 0.0632317 -0.02249997 -0.02604037 0.05264848 -0.02249997 -0.02627909 0.0532515 -0.02249997 -0.02753847 0.05471044 -0.02249997 -0.02870786 0.05526077 -0.02249997 -0.02810007 0.05503469 -0.02249997 -0.02934497 0.05538225 -0.02249997 -0.03234285 0.05440819 -0.02249997 -0.03182625 0.05480027 -0.02249997 -0.03314566 0.05339527 -0.02249997 -0.03278678 0.05393546 -0.02249997 -0.03362494 0.05152845 -0.02249997 -0.03357475 0.05090689 -0.02249997 -0.03342556 0.05030137 -0.02249997 -0.03284776 0.04920059 -0.02249997 -0.01781195 0.01374655 -0.02249997 -0.02643549 0.04952114 -0.02249997 -0.01028925 0.02000927 -0.02249997 -0.02243989 0.001640081 -0.02249997 -0.05562496 0 -0.02249997 -0.02243989 -0.001643657 -0.02249997 -0.05609196 0.001844286 -0.02249997 -0.06408816 0.01114398 -0.02249997 -0.05981999 0.003861725 -0.02249997 -0.05917996 0.003861725 -0.02249997 -0.06480628 0.005611538 -0.02249997 -0.06255787 0.002380013 -0.02249997 -0.0579434 0.003548562 -0.02249997 -0.05854868 0.003756403 -0.02249997 -0.06045126 0.003756403 -0.02249997 -0.0616194 0.003243982 -0.02249997 -0.06105655 0.003548562 -0.02249997 -0.06212449 0.00285089 -0.02249997 -0.06337499 0 -0.02249997 -0.06332206 6.37804e-4 -0.02249997 -0.06332206 -6.37804e-4 -0.02249997 -0.06290799 -0.001844286 -0.02249997 -0.063165 -0.001258194 -0.02249997 -0.0616194 -0.003243982 -0.02249997 -0.06105655 -0.003548562 -0.02249997 -0.05981999 -0.003861725 -0.02249997 -0.05917996 -0.003861725 -0.02249997 -0.05583494 -0.001258194 -0.02249997 -0.02196228 0.004886746 -0.02249997 -0.05583494 0.001258194 -0.02249997 -0.05567777 -6.37804e-4 -0.02249997 -0.05567777 6.37804e-4 -0.02249997 0.0296846 0.04765409 -0.02249997 0.0167526 0.01501917 -0.02249997 0.03033679 0.04769819 -0.02249997 0.04841268 0.04344546 -0.02249997 0.0309723 0.04785126 -0.02249997 0.05693989 0.002908825 -0.02249997 0.06212407 0.01928818 -0.02249997 0.05790215 0.02964407 -0.02249997 0.03260326 0.04890656 -0.02249997 0.03300338 0.04942345 -0.02249997 0.03361618 0.05126684 -0.02249997 0.03348439 0.05256295 -0.02249997 0.03360509 0.05192047 -0.02249997 0.03293049 0.05374217 -0.02249997 0.0332573 0.05317598 -0.02249997 0.03020709 0.05537647 -0.02249997 0.02890598 0.05531048 -0.02249997 0.02955365 0.05539846 -0.02249997 0.02717655 0.05442565 -0.02249997 0.02672618 0.05395179 -0.02249997 0.02609395 0.05281275 -0.02249997 0.02725875 0.0485605 -0.02249997 0.02678108 0.04903835 -0.02249997 0.01438879 0.01729708 -0.02249997 0.02903419 0.04772019 -0.02249997 0.02840417 0.04789465 -0.02249997 0.05584639 -0.001290917 -0.02249997 0.02225977 -0.003278493 -0.02249997 0.01172149 -0.01920557 -0.02249997 0.02781248 -0.04817265 -0.02249997 0.05746829 -0.003299653 -0.02249997 0.05933547 -0.0038715 -0.02249997 0.05999219 -0.003843605 -0.02249997 0.06180417 -0.003115475 -0.02249997 0.06271046 -0.002169847 -0.02249997 0.06229758 -0.002681255 -0.02249997 0.06303095 -0.001596093 -0.02249997 0.06336098 3.28623e-4 -0.02249997 0.06271046 0.002169847 -0.02249997 0.06229758 0.002681255 -0.02249997 0.06063467 0.003705143 -0.02249997 0.05999219 0.003843605 -0.02249997 0.05868357 0.003787994 -0.02249997 0.05584639 0.001290917 -0.02249997 -0.029594 -0.04765665 0.03399997 0.04719418 7.27932e-4 0.03399997 0.01759999 0 0.03399997 0.04688459 0.00543791 0.03399997 -0.02474039 0.04019618 0.03399997 -0.009626269 0.01473408 0.03399997 -0.02863848 0.03751748 0.03399997 -0.03225284 0.03446066 0.03399997 -0.01192015 0.01294869 0.03399997 -0.03554856 0.03104984 0.03399997 -0.01664638 0.005714654 0.03399997 -0.04609876 0.01013147 0.03399997 -0.04485225 0.01469957 0.03399997 -0.01170259 0.0457254 0.03399997 -0.004320502 0.01706135 0.03399997 -0.0162369 0.04431927 0.03399997 -0.0205819 0.04247474 0.03399997 -0.007069826 0.01611757 0.03399997 -0.00235641 0.04714065 0.03399997 0.001453399 0.01753985 0.03399997 -0.001453399 0.01753985 0.03399997 -0.00706923 0.04666668 0.03399997 0.004320502 0.01706135 0.03399997 0.007082581 0.04666548 0.03399997 0.01173144 0.04571765 0.03399997 0.002381145 0.04713857 0.03399997 0.007069826 0.01611757 0.03399997 0.02475625 0.04018515 0.03399997 0.009626269 0.01473408 0.03399997 0.02060776 0.04246288 0.03399997 0.01624065 0.0443176 0.03399997 0.01388889 0.01081007 0.03399997 0.03555297 0.03104549 0.03399997 0.03849065 0.02731698 0.03399997 0.03227275 0.03444105 0.03399997 0.01192015 0.01294869 0.03399997 0.02865535 0.0375058 0.03399997 0.01664638 0.005714654 0.03399997 0.0431627 0.01909917 0.03399997 0.04485875 0.01467657 0.03399997 0.01547867 0.008376657 0.03399997 0.04102998 0.02333015 0.03399997 0.01735997 0.002896845 0.03399997 0.04610288 0.01011699 0.03399997 0.04372155 -0.0177803 0.03399997 0.0417273 -0.02206057 0.03399997 0.04528546 -0.01330548 0.03399997 0.0463894 -0.008703649 0.03399997 0.02597177 -0.03941178 0.03399997 0.02191066 -0.04180538 0.03399997 0.03648936 -0.02993816 0.03399997 0.03330308 -0.03344696 0.03399997 0.02978324 -0.03661519 0.03399997 0.01759999 -0.04379588 0.03399997 0.03929996 -0.02613925 0.03399997 0.04702818 -0.004015445 0.03399997 -0.01388889 0.01081007 0.03399997 -0.03847318 0.02734136 0.03399997 -0.04102486 0.0233407 0.03399997 -0.04315149 0.01912236 0.03399997 -0.01547867 0.008376657 0.03399997 -0.01735997 0.002896845 0.03399997 -0.01759999 0 0.03399997 -0.04688149 0.005467414 0.03399997 -0.04703009 -0.003986597 0.03399997 -0.04719436 7.3008e-4 0.03399997 -0.04529064 -0.01328438 0.03399997 -0.04639369 -0.008686244 0.03399997 -0.04173046 -0.02205318 0.03399997 -0.04373258 -0.01775527 0.03399997 -0.03649616 -0.02993088 0.03399997 -0.03931659 -0.02611416 0.03399997 -0.02980154 -0.0366016 0.03399997 -0.03332126 -0.03342765 0.03399997 -0.02191066 -0.04180538 0.03399997 -0.02598506 -0.03940194 0.03399997 -0.01759999 -0.04379588 0.03399997 -0.01325619 -0.04529988 0.03499996 -0.01749998 -0.04383587 0.03399997 -0.01749998 -0.04383587 0.03399997 -1.03161e-5 -0.04719936 0.03499996 -0.004471838 -0.04698759 0.03399997 -0.004480779 -0.04698628 0.03399997 -0.008916497 -0.04635 0.03499996 -0.008901178 -0.04635226 0.03499996 -0.01325619 -0.04529988 0.03499996 0.008916497 -0.04635 0.03399997 0.008901178 -0.04635226 0.03399997 0.01325619 -0.04529988 0.03499996 1.03161e-5 -0.04719936 0.03399997 0.004471838 -0.04698759 0.03499996 0.004480779 -0.04698628 0.03399997 0.01749998 -0.04383587 0.03499996 0.01325619 -0.04529988 0.03499996 0.01749998 -0.04383587 0.03499996 1.03161e-5 -0.04719936 0.03499996 -0.002538025 -0.05143696 0.03499996 -0.007614076 -0.05093288 0.03499996 -0.01749998 -0.04843544 0.03499996 -0.004471838 -0.04698759 0.03499996 -0.01260864 -0.04993176 0.03499996 0.01325619 -0.04529988 0.03499996 0.01749998 -0.04383587 0.03499996 0.01749998 -0.04843544 0.03499996 0.004480779 -0.04698628 0.03499996 0.008916497 -0.04635 0.03499996 -0.008901178 -0.04635226 0.03499996 -0.01325619 -0.04529988 0.03499996 -0.01749998 -0.04383587 0.03499996 0.002565205 -0.05143457 0.03499996 0.007630407 -0.05093145 0.03499996 0.01260864 -0.04993176 0.03499996 -0.03064739 -0.0413866 0.03499996 -0.02978324 -0.03661519 0.03499996 -0.02597177 -0.03941178 0.03499996 -0.04485875 0.01467657 0.03499996 -0.04890555 0.01613956 0.03499996 -0.0431627 0.01909917 0.03499996 0.04102486 0.0233407 0.03499996 0.03847318 0.02734136 0.03499996 0.04227346 0.02941399 0.03499996 -0.03800618 -0.03475147 0.03499996 -0.03648936 -0.02993816 0.03499996 -0.03330308 -0.03344696 0.03499996 -0.03448855 -0.03824585 0.03499996 -0.0417273 -0.02206057 0.03499996 -0.03929996 -0.02613925 0.03499996 -0.04396075 -0.02682685 0.03499996 -0.0411694 -0.03093957 0.03499996 -0.04528546 -0.01330548 0.03499996 -0.04372155 -0.0177803 0.03499996 -0.04828184 -0.01791918 0.03499996 -0.04632937 -0.02248817 0.03499996 -0.04702818 -0.004015445 0.03499996 -0.0463894 -0.008703649 0.03499996 -0.05081808 -0.008350729 0.03499996 -0.04977744 -0.01320296 0.03499996 -0.04688459 0.00543791 0.03499996 -0.04719418 7.27932e-4 0.03499996 -0.05147659 0.001527369 0.03499996 -0.05138474 -0.003426313 0.03499996 -0.05023247 0.01135075 0.03499996 -0.04610288 0.01011699 0.03499996 -0.05109018 0.00648117 0.03499996 -0.04228359 0.02939778 0.03499996 -0.04102998 0.02333015 0.03499996 -0.04491418 0.02519798 0.03499996 -0.0471304 0.02075678 0.03499996 -0.03586935 0.03695374 0.03499996 -0.03555297 0.03104549 0.03499996 -0.03926259 0.03332614 0.03499996 -0.03849065 0.02731698 0.03499996 -0.02813237 0.04313719 0.03499996 -0.02865535 0.0375058 0.03499996 -0.03215879 0.04022377 0.03499996 -0.03227275 0.03444105 0.03499996 -0.02475625 0.04018515 0.03499996 -0.02386415 0.0456357 0.03499996 -0.02060776 0.04246288 0.03499996 -0.01173144 0.04571765 0.03499996 -0.01624065 0.0443176 0.03499996 -0.0146842 0.04936087 0.03499996 -0.01935964 0.04772239 0.03499996 -0.002381145 0.04713857 0.03499996 -0.007082581 0.04666548 0.03499996 -0.00495702 0.05126029 0.03499996 -0.009870767 0.05054455 0.03499996 0.00706923 0.04666668 0.03499996 0.00235641 0.04714065 0.03499996 0.004949092 0.0512616 0.03499996 -1.55527e-5 0.05149894 0.03499996 0.0162369 0.04431927 0.03499996 0.01170259 0.0457254 0.03499996 0.01466488 0.04936766 0.03499996 0.009842455 0.05054938 0.03499996 0.02474039 0.04019618 0.03499996 0.0205819 0.04247474 0.03499996 0.02383959 0.04564934 0.03499996 0.01933926 0.04772955 0.03499996 0.03225284 0.03446066 0.03499996 0.02863848 0.03751748 0.03499996 0.03213459 0.04024326 0.03499996 0.02812379 0.0431419 0.03499996 0.03924316 0.03334808 0.03499996 0.03554856 0.03104984 0.03499996 0.03586536 0.03695839 0.03499996 0.04890125 0.01615029 0.03499996 0.04315149 0.01912236 0.03499996 0.04712009 0.02078217 0.03499996 0.04490208 0.02521729 0.03499996 0.05109 0.006485283 0.03499996 0.04609876 0.01013147 0.03499996 0.05022579 0.01138097 0.03499996 0.04485225 0.01469957 0.03499996 0.05138689 -0.00340867 0.03499996 0.04719436 7.3008e-4 0.03499996 0.05147516 0.001557052 0.03499996 0.04688149 0.005467414 0.03499996 0.05082094 -0.008327066 0.03499996 0.04639369 -0.008686244 0.03499996 0.04703009 -0.003986597 0.03499996 0.04373258 -0.01775527 0.03499996 0.04529064 -0.01328438 0.03499996 0.04828566 -0.0179066 0.03499996 0.04978507 -0.01317745 0.03499996 0.03931659 -0.02611416 0.03499996 0.04173046 -0.02205318 0.03499996 0.043962 -0.02682518 0.03499996 0.04634308 -0.02246057 0.03499996 0.03332126 -0.03342765 0.03499996 0.03649616 -0.02993088 0.03499996 0.03801786 -0.03474009 0.03499996 0.04118704 -0.0309152 0.03499996 0.02598506 -0.03940194 0.03499996 0.02980154 -0.0366016 0.03499996 0.03066867 -0.041372 0.03499996 0.03450638 -0.03822857 0.03499996 0.02191066 -0.04180538 0.03499996 0.02654635 -0.04412966 0.03499996 0.02218508 -0.04647564 0.03499996 0.01759999 -0.04839926 0.03499996 0.01759999 -0.04379588 0.03499996 -0.01759999 -0.04379588 0.03499996 -0.02218508 -0.04647564 0.03499996 -0.02191066 -0.04180538 0.03499996 -0.02653419 -0.04413807 0.03499996 -0.01759999 -0.04839926 0.03499996 0.007630407 -0.05093145 0.02249997 0.01257485 -0.06025129 0.02249997 0.007578551 -0.06108099 0.02249997 0.01749998 -0.05900979 0.03499996 0.01260864 -0.04993176 0.03499996 0.01749998 -0.04843544 0.03499996 -0.007614076 -0.05093288 0.03499996 -0.002538025 -0.05143696 0.02249997 -0.007589817 -0.06108015 0.02249997 0.002526164 -0.06149786 0.03499996 0.002565205 -0.05143457 0.03499996 -0.01260864 -0.04993176 0.02249997 -0.01257485 -0.06025129 0.02249997 -0.01749998 -0.05900979 0.03499996 -0.01749998 -0.04843544 0.02249997 -0.002544879 -0.06149649 0.02249997 0.02149498 0.05767357 0.03499996 0.01933926 0.04772955 0.03499996 0.01466488 0.04936766 0.03499996 -0.01759999 -0.04839926 0.02249997 -0.01759999 -0.05897998 0.02249997 -0.02279675 -0.05717128 0.03499996 0.009842455 0.05054938 0.02249997 0.0162636 0.05936175 0.03499996 0.02383959 0.04564934 0.02249997 0.02653205 0.05553686 0.02249997 0.03595936 0.04995185 0.03499996 0.03213459 0.04024326 0.03499996 0.02812379 0.0431419 0.02249997 0.03137838 0.05294978 0.02249997 0.04026788 0.0465489 0.02249997 0.04424667 0.04278397 0.02249997 0.04788178 0.03867357 0.03499996 0.03924316 0.03334808 0.03499996 0.03586536 0.03695839 0.02249997 0.0511316 0.03426039 0.02249997 0.05397909 0.02957338 0.03499996 0.04490208 0.02521729 0.03499996 0.04227346 0.02941399 0.03499996 0.04712009 0.02078217 0.02249997 0.06108599 -0.007529616 0.02249997 0.06017684 -0.01292747 0.03499996 0.05082094 -0.008327066 0.02249997 0.05836659 0.01953655 0.03499996 0.04890125 0.01615029 0.02249997 0.05639594 0.02465146 0.02249997 0.05987316 0.0142616 0.03499996 0.05022579 0.01138097 0.03499996 0.05138689 -0.00340867 0.02249997 0.06151527 -0.002055764 0.03499996 0.05109 0.006485283 0.02249997 0.06090545 0.008880972 0.02249997 0.06145316 0.003419995 0.03499996 0.05147516 0.001557052 0.02249997 0.05878329 -0.01824045 0.03499996 0.04978507 -0.01317745 0.03499996 0.04828566 -0.0179066 0.03499996 0.04634308 -0.02246057 0.02249997 0.05693244 -0.02338957 0.02249997 0.01093047 0.06057047 0.02249997 0.05461817 -0.0283733 0.02249997 0.05188494 -0.03311097 0.03499996 0.04118704 -0.0309152 0.03499996 0.043962 -0.02682518 0.02249997 0.0487228 -0.03760707 0.02249997 0.04519414 -0.04178369 0.03499996 0.03801786 -0.03474009 0.02249997 0.04128396 -0.04564917 0.03499996 0.03450638 -0.03822857 0.03499996 0.03066867 -0.041372 0.02249997 0.03707206 -0.04913306 0.02249997 0.03253728 -0.05224508 0.02249997 0.02777588 -0.05492627 0.03499996 0.02654635 -0.04412966 0.03499996 0.02218508 -0.04647564 0.03499996 0.01759999 -0.04839926 0.02249997 0.02279675 -0.05717128 0.02249997 0.01759999 -0.05897998 0.03499996 0.004949092 0.0512616 0.02249997 0.005479156 0.0613054 0.02249997 1.97833e-5 0.06154865 0.03499996 -1.55527e-5 0.05149894 0.03499996 -0.00495702 0.05126029 0.02249997 -0.005476772 0.06130576 0.03499996 -0.009870767 0.05054455 0.02249997 -0.01089167 0.06057715 0.02249997 -0.01625686 0.05936419 0.03499996 -0.0146842 0.04936087 0.03499996 -0.01935964 0.04772239 0.02249997 -0.02145826 0.05768668 0.03499996 -0.02386415 0.0456357 0.02249997 -0.02652215 0.05554246 0.02249997 -0.03134524 0.05296868 0.03499996 -0.02813237 0.04313719 0.03499996 -0.03215879 0.04022377 0.02249997 -0.0359475 0.04996168 0.03499996 -0.03586935 0.03695374 0.02249997 -0.04023927 0.04657244 0.02249997 -0.04423427 0.04279845 0.03499996 -0.03926259 0.03332614 0.03499996 -0.04228359 0.02939778 0.02249997 -0.04785859 0.03870069 0.03499996 -0.04491418 0.02519798 0.02249997 -0.05112016 0.03427976 0.02249997 -0.05396175 0.0296027 0.03499996 -0.0471304 0.02075678 0.02249997 -0.05638694 0.02467536 0.02249997 -0.05835527 0.01956647 0.03499996 -0.04890555 0.01613956 0.02249997 -0.05986785 0.01428949 0.02249997 -0.06089997 0.008910119 0.03499996 -0.05023247 0.01135075 0.03499996 -0.05109018 0.00648117 0.02249997 -0.06145268 0.00345087 0.03499996 -0.05147659 0.001527369 0.02249997 -0.06151485 -0.002028703 0.02249997 -0.06109118 -0.007497012 0.03499996 -0.05138474 -0.003426313 0.03499996 -0.05081808 -0.008350729 0.02249997 -0.0601806 -0.01290357 0.03499996 -0.04977744 -0.01320296 0.02249997 -0.05879455 -0.01820749 0.02249997 -0.05693918 -0.02336984 0.03499996 -0.04828184 -0.01791918 0.03499996 -0.04632937 -0.02248817 0.02249997 -0.05463576 -0.02834135 0.03499996 -0.04396075 -0.02682685 0.02249997 -0.05189329 -0.03309589 0.02249997 -0.04874634 -0.03757768 0.03499996 -0.0411694 -0.03093957 0.03499996 -0.03800618 -0.03475147 0.02249997 -0.04520255 -0.0417732 0.03499996 -0.03448855 -0.03824585 0.02249997 -0.04131287 -0.04562366 0.03499996 -0.03064739 -0.0413866 0.02249997 -0.03707909 -0.04912686 0.02249997 -0.03257077 -0.05222457 0.03499996 -0.02653419 -0.04413807 0.03499996 -0.02218508 -0.04647564 0.02249997 -0.02777999 -0.05492377 0.03499996 -0.02597177 -0.03941178 0.03399997 -0.02598506 -0.03940194 0.03399997 -0.02191066 -0.04180538 0.03399997 -0.01759999 -0.04379588 0.03499996 -0.01759999 -0.04379588 0.03499996 -0.02191066 -0.04180538 0.03399997 -0.03332126 -0.03342765 0.03499996 -0.03648936 -0.02993816 0.03399997 -0.03649616 -0.02993088 0.03499996 -0.03330308 -0.03344696 0.03399997 -0.02980154 -0.0366016 0.03499996 -0.02978324 -0.03661519 0.03499996 -0.04372155 -0.0177803 0.03399997 -0.04373258 -0.01775527 0.03399997 -0.04173046 -0.02205318 0.03499996 -0.0417273 -0.02206057 0.03399997 -0.03931659 -0.02611416 0.03499996 -0.03929996 -0.02613925 0.03399997 -0.04703009 -0.003986597 0.03399997 -0.04639369 -0.008686244 0.03499996 -0.04702818 -0.004015445 0.03399997 -0.04529064 -0.01328438 0.03499996 -0.04528546 -0.01330548 0.03499996 -0.0463894 -0.008703649 0.03399997 -0.04688149 0.005467414 0.03499996 -0.04610288 0.01011699 0.03399997 -0.04609876 0.01013147 0.03499996 -0.04719418 7.27932e-4 0.03499996 -0.04688459 0.00543791 0.03399997 -0.04719436 7.3008e-4 0.03499996 -0.04102998 0.02333015 0.03399997 -0.04102486 0.0233407 0.03399997 -0.04315149 0.01912236 0.03499996 -0.0431627 0.01909917 0.03399997 -0.04485225 0.01469957 0.03499996 -0.04485875 0.01467657 0.03399997 -0.03225284 0.03446066 0.03399997 -0.03554856 0.03104984 0.03499996 -0.03227275 0.03444105 0.03399997 -0.03847318 0.02734136 0.03499996 -0.03849065 0.02731698 0.03499996 -0.03555297 0.03104549 0.03399997 -0.02474039 0.04019618 0.03499996 -0.02060776 0.04246288 0.03399997 -0.0205819 0.04247474 0.03499996 -0.02865535 0.0375058 0.03499996 -0.02475625 0.04018515 0.03399997 -0.02863848 0.03751748 0.03499996 -0.007082581 0.04666548 0.03399997 -0.00706923 0.04666668 0.03399997 -0.01170259 0.0457254 0.03499996 -0.01173144 0.04571765 0.03399997 -0.0162369 0.04431927 0.03499996 -0.01624065 0.0443176 0.03399997 0.007082581 0.04666548 0.03399997 0.002381145 0.04713857 0.03499996 0.00706923 0.04666668 0.03399997 -0.00235641 0.04714065 0.03499996 -0.002381145 0.04713857 0.03499996 0.00235641 0.04714065 0.03399997 0.01624065 0.0443176 0.03499996 0.0205819 0.04247474 0.03399997 0.02060776 0.04246288 0.03499996 0.01170259 0.0457254 0.03499996 0.0162369 0.04431927 0.03399997 0.01173144 0.04571765 0.03499996 0.03225284 0.03446066 0.03399997 0.03227275 0.03444105 0.03399997 0.02865535 0.0375058 0.03499996 0.02863848 0.03751748 0.03399997 0.02475625 0.04018515 0.03499996 0.02474039 0.04019618 0.03399997 0.04102998 0.02333015 0.03399997 0.03849065 0.02731698 0.03499996 0.04102486 0.0233407 0.03399997 0.03555297 0.03104549 0.03499996 0.03554856 0.03104984 0.03499996 0.03847318 0.02734136 0.03399997 0.04485875 0.01467657 0.03499996 0.04609876 0.01013147 0.03399997 0.04610288 0.01011699 0.03499996 0.04315149 0.01912236 0.03499996 0.04485225 0.01469957 0.03399997 0.0431627 0.01909917 0.03399997 0.04688459 0.00543791 0.03499996 0.04688149 0.005467414 0.03499996 0.04719436 7.3008e-4 0.03499996 0.04703009 -0.003986597 0.03399997 0.04719418 7.27932e-4 0.03499996 0.04639369 -0.008686244 0.03399997 0.04702818 -0.004015445 0.03399997 0.0463894 -0.008703649 0.03499996 0.04529064 -0.01328438 0.03499996 0.04373258 -0.01775527 0.03399997 0.04528546 -0.01330548 0.03499996 0.04173046 -0.02205318 0.03399997 0.04372155 -0.0177803 0.03399997 0.0417273 -0.02206057 0.03499996 0.03931659 -0.02611416 0.03499996 0.03649616 -0.02993088 0.03399997 0.03929996 -0.02613925 0.03499996 0.03332126 -0.03342765 0.03399997 0.03648936 -0.02993816 0.03399997 0.03330308 -0.03344696 0.03499996 0.02980154 -0.0366016 0.03499996 0.02598506 -0.03940194 0.03399997 0.02978324 -0.03661519 0.03499996 0.02191066 -0.04180538 0.03399997 0.02597177 -0.03941178 0.03399997 0.02191066 -0.04180538 0.03499996 0.01759999 -0.04379588 0.03399997 0.01759999 -0.04379588 -0.01820266 -0.06961578 -0.03290319 -0.02249997 -0.06851679 -0.02673536 -0.01820266 -0.07417517 -0.02066475 -0.002755343 0.06500625 -0.05068975 -0.002755343 0.07263779 -0.03897446 -0.008187532 0.0642749 -0.0501194 0.008187532 -0.08108317 -0.008290231 0.008187532 -0.07851588 -0.02187407 0.002755343 -0.08200585 -0.008384525 -0.008187532 -0.08108317 -0.008290231 -0.01338607 -0.07949358 0.005407989 -0.008187532 -0.08131796 0.005532085 -0.01820266 -0.07660061 -0.007831871 -0.02249997 -0.07194548 -0.01527005 -0.002755343 -0.08011478 0.01941376 -0.008187532 -0.07482987 0.03230637 -0.002755343 -0.07568138 0.03267395 0.002755343 -0.08224326 0.005595088 0.008187532 -0.08131796 0.005532085 -0.01338607 -0.0774362 0.01876467 -0.008187532 -0.07921326 0.01919537 -0.02249997 -0.07346946 -0.003400862 -0.01820266 -0.0768224 0.005226254 -0.002755343 -0.06907087 0.04499429 -0.008187532 -0.06829369 0.04448795 -0.02249997 -0.07304847 0.008557975 -0.01820266 -0.0748341 0.01813417 -0.01338607 -0.07315111 0.03158158 0.008187532 -0.07921326 0.01919537 0.002755343 -0.08011478 0.01941376 -0.008187532 -0.05979287 0.05538976 -0.002755343 -0.06047326 0.05602008 -0.02249997 -0.06881076 0.02597278 -0.01820266 -0.07069295 0.03052026 -0.01338607 -0.06676155 0.04348987 0.01820266 -0.0748341 0.01813417 0.01820266 -0.07069295 0.03052026 0.02249997 -0.06882268 0.02593779 -0.008187532 -0.04957187 0.0646981 -0.002755343 -0.05013597 0.06543427 -0.02249997 -0.07294946 -0.009377479 0.008187532 -0.05979287 0.05538976 0.01338607 -0.06676155 0.04348987 0.008187532 -0.06829369 0.04448795 -0.01338607 -0.05845135 0.05414706 -0.002755343 -0.03835636 0.07296615 -0.008187532 -0.03792476 0.07214516 -0.01820266 -0.06451815 0.04202848 -0.02249997 -0.06368678 0.03678977 0.008187532 -0.04957187 0.0646981 0.01338607 -0.05845135 0.05414706 -0.02249997 -0.028364 0.06785917 -0.02249997 -0.0227282 0.06995016 -0.0195803 -0.02349168 0.07229995 -0.01338607 -0.04845976 0.0632466 -0.02249997 -0.0337736 0.06533706 -0.01820266 -0.03582817 0.06815665 -0.01820266 -0.05648726 0.05232757 -0.02249997 -0.05687618 0.04663228 -0.02249997 -0.04855948 0.05523967 -0.01820266 -0.04683125 0.06112128 -0.005709409 -0.02535355 0.0780304 -0.00942105 -0.02507954 0.07718706 -0.02249997 -0.04391419 0.05900007 -0.02249997 -0.03895699 0.06238406 -0.01338607 -0.03707396 0.07052659 -0.01299977 -0.02467435 0.07594007 -0.0164116 -0.02414077 0.0742976 -0.02249997 -0.05289888 0.05109918 -0.02249997 -0.06048399 0.04184579 -0.001912653 -0.02549195 0.07845628 0.01338607 -0.04845976 0.0632466 0.008187532 -0.03792476 0.07214516 0.002755343 -0.03835636 0.07296615 0.001902401 -0.02549195 0.07845628 0.005690157 -0.02535456 0.0780335 0.009407937 -0.02508097 0.07719147 0.01338607 -0.03707396 0.07052659 0.01299446 -0.02467495 0.07594186 0.01820266 -0.03582817 0.06815665 0.02249997 -0.03899395 0.06236058 0.01820266 -0.04683125 0.06112128 0.0195803 -0.02349168 0.07229995 0.01639539 -0.02414345 0.07430619 0.02249997 -0.028364 0.06785917 0.02249997 -0.0227282 0.06995016 -0.002755343 -0.08224326 0.005595088 -0.02249997 -0.06327408 -0.03749316 -0.01820266 -0.06305378 -0.04419505 -0.008187532 -0.07851588 -0.02187407 -0.01338607 -0.0792641 -0.008104205 -0.002755343 -0.08200585 -0.008384525 0.01820266 -0.06961578 -0.03290319 0.01338607 -0.07675439 -0.0213834 0.01820266 -0.07417517 -0.02066475 -0.01820266 -0.05467778 -0.05421549 -0.02249997 -0.05635589 -0.04725855 -0.01338607 -0.07675439 -0.0213834 -0.008187532 -0.07368969 -0.03482866 -0.002755343 -0.0794093 -0.02212297 0.01820266 -0.06305378 -0.04419505 0.01338607 -0.0720365 -0.0340473 -0.02249997 -0.04794538 -0.0557729 -0.01820266 -0.04472887 -0.06267631 -0.008187532 -0.06674367 -0.04678136 -0.01338607 -0.0720365 -0.0340473 -0.002755343 -0.07452827 -0.03522509 0.01338607 -0.06524628 -0.04573178 0.01820266 -0.05467778 -0.05421549 -0.02249997 -0.03826516 -0.06281065 -0.01820266 -0.0334931 -0.06933397 -0.008187532 -0.05787748 -0.05738818 -0.01338607 -0.06524628 -0.04573178 -0.002755343 -0.06750315 -0.04731369 0.01820266 -0.04472887 -0.06267631 0.01338607 -0.05657905 -0.05610066 -0.01820266 -0.02129387 -0.07399696 -0.02249997 -0.02757138 -0.06818538 -0.008187532 -0.04734635 -0.06634408 -0.01338607 -0.05657905 -0.05610066 -0.002755343 -0.05853617 -0.05804127 0.008187532 -0.04734635 -0.06634408 0.008187532 -0.05787748 -0.05738818 0.01338607 -0.04628419 -0.06485569 -0.01820266 -0.008481979 -0.07653129 -0.02249997 -0.01614725 -0.07175445 -0.01338607 -0.04628419 -0.06485569 -0.008187532 -0.03545308 -0.07339125 -0.002755343 -0.04788517 -0.06709897 0.01338607 -0.03465777 -0.07174479 0.008187532 -0.03545308 -0.07339125 -0.01820266 0.004573822 -0.076864 -0.02249997 -0.004295349 -0.07342356 -0.008187532 -0.02253997 -0.07832729 -0.01338607 -0.03465777 -0.07174479 0.02249997 -0.004253983 -0.07342505 0.01820266 0.004573822 -0.076864 0.01820266 -0.008481979 -0.07653129 0.01338607 -0.02203428 -0.07656997 0.008187532 -0.02253997 -0.07832729 -0.02249997 0.04593569 -0.05743896 -0.02249997 0.04111808 -0.0609824 -0.01820266 0.04147917 -0.06487268 -0.002755343 -0.0358566 -0.07422649 0.02249997 0.007709562 -0.073143 0.02249997 0.01362407 -0.07227689 -0.008187532 -0.008978366 -0.08100986 -0.01338607 -0.02203428 -0.07656997 -0.01820266 0.01749807 -0.07498538 -0.02249997 0.007670521 -0.07314819 -0.002755343 -0.02279645 -0.07921856 0.008187532 0.03166985 -0.07510149 0.002755343 0.0187329 -0.08027666 0.008187532 0.01852208 -0.07937347 -0.008187532 0.004841446 -0.081362 -0.01338607 -0.008776903 -0.07919245 -0.01820266 0.02991896 -0.07094955 -0.02249997 0.0251379 -0.06911885 -0.002755343 -0.009080529 -0.08193176 -0.02249997 0.0360133 -0.0641278 -0.01338607 0.004732847 -0.07953667 -0.008187532 0.01852208 -0.07937347 0.008187532 0.04390645 -0.06866896 0.002755343 0.03203028 -0.0759561 -0.002755343 0.004896581 -0.0822879 -0.01820266 0.05184608 -0.05692946 -0.008187532 0.03166985 -0.07510149 -0.01338607 0.01810657 -0.07759279 0.002755343 0.04440617 -0.06945037 0.008187532 0.05488008 -0.06026095 -0.002755343 0.0187329 -0.08027666 -0.02249997 0.05464226 -0.04922956 -0.01820266 0.06072145 -0.04734855 -0.008187532 0.04390645 -0.06866896 -0.01338607 0.03095936 -0.07341659 -0.002755343 0.03203028 -0.0759561 -0.01820266 0.06784999 -0.03640556 -0.02249997 0.06190258 -0.0397166 -0.008187532 0.05488008 -0.06026095 -0.01338607 0.04292148 -0.06712836 -0.002755343 0.04440617 -0.06945037 0.01820266 0.05184608 -0.05692946 0.01820266 0.06072145 -0.04734855 0.01338607 0.05364888 -0.05890905 -0.01820266 0.07302659 -0.02441519 -0.02249997 0.06752419 -0.02915179 -0.01338607 0.05364888 -0.05890905 -0.002755343 0.05550456 -0.06094676 0.01338607 0.06283289 -0.04899495 0.01820266 0.06784999 -0.03640556 -0.01820266 0.07610237 -0.0117225 -0.02249997 0.0713582 -0.01781499 -0.008187532 0.07182049 -0.03853595 -0.01338607 0.06283289 -0.04899495 0.01820266 0.07302659 -0.02441519 0.01338607 0.07020926 -0.03767144 -0.01338607 0.07020926 -0.03767144 -0.008187532 0.07730007 -0.02584397 0.01338607 0.07874858 -0.01213008 0.008187532 0.08055585 -0.01240849 0.008187532 0.07730007 -0.02584397 -0.02249997 0.07330286 -0.006006121 -0.01820266 0.07698875 0.001307487 -0.008187532 0.08149415 0.001384019 -0.008187532 0.08008795 0.01513665 -0.01338607 0.07966589 0.001352965 -0.02249997 0.07134228 0.01788026 -0.01820266 0.0756604 0.01429986 -0.01820266 0.07215535 0.02688086 0.008187532 0.08008795 0.01513665 0.01338607 0.07466435 0.02781558 0.008187532 0.07637786 0.02845388 -0.008187532 0.07637786 0.02845388 -0.01338607 0.07829129 0.01479709 -0.002755343 0.07724708 0.02877765 -0.002755343 0.08099937 0.01530897 -0.01820266 0.06657469 0.03868848 -0.01820266 0.05907857 0.04938316 -0.02249997 0.0617848 0.03990137 0.008187532 0.0528022 0.0620898 0.002755343 0.05340307 0.06279635 0.002755343 0.0632475 0.05286788 -0.01820266 0.001961112 0.07697486 -0.02249997 -0.004995524 0.07337838 -0.02249997 0.001009881 0.07354295 -0.008187532 0.06253588 0.05227309 -0.008187532 0.0528022 0.0620898 -0.01338607 0.06113284 0.05110037 0.01338607 0.002029299 0.07965147 0.008187532 0.01581615 0.07995659 0.01338607 0.01546126 0.07816278 -0.01820266 0.04988306 0.05865716 -0.01820266 0.0392524 0.06624376 -0.02249997 0.04077368 0.06121116 -0.002755343 0.05340307 0.06279635 -0.01820266 0.02749246 0.07192456 -0.01820266 0.01494175 0.07553631 -0.02249997 0.0188961 0.07107919 -0.02249997 0.03024035 0.06704348 -0.01338607 -0.01146095 0.07884877 -0.008187532 -0.01172399 0.08065825 -0.01820266 -0.01107585 0.07619917 -0.02249997 -0.0169025 0.07157987 -0.02249997 0.007044911 0.07321 0.008187532 0.00207591 0.08147948 0.01338607 -0.01146095 0.07884877 -0.002755343 0.002099514 0.08240669 -0.008187532 0.01581615 0.07995659 -0.002755343 0.01599609 0.08086645 0.008187532 0.04154938 0.07012027 0.002755343 0.04202228 0.07091826 -0.002755343 0.0632475 0.05286788 -0.008187532 0.07047057 0.04095256 -0.002755343 0.07127249 0.04141855 0.02249997 0.00700128 0.073215 0.01820266 0.001961112 0.07697486 0.01820266 0.01494175 0.07553631 0.01338607 0.02844846 0.07442557 0.008187532 0.02910137 0.0761336 0.002755343 0.02943259 0.07699996 0.01820266 -0.01107585 0.07619917 0.02249997 -0.0169025 0.07157987 0.02249997 -0.01100665 0.07272166 0.02249997 -0.005040764 0.07337576 -0.02249997 0.05021405 0.05373889 -0.01338607 0.06888955 0.04003375 -0.01338607 0.07466435 0.02781558 0.008187532 0.06253588 0.05227309 0.01820266 0.05907857 0.04938316 0.01820266 0.06657469 0.03868848 0.02249997 0.0617612 0.03993588 -0.002755343 0.0824216 0.001399755 -0.008187532 0.08055585 -0.01240849 -0.002755343 0.08147257 -0.01254969 -0.02249997 0.03561985 0.06434875 -0.02249997 0.0674681 0.02928328 0.008187532 0.08149415 0.001384019 0.01338607 0.07829129 0.01479709 0.01338607 0.07966589 0.001352965 -0.002755343 0.07817965 -0.02613806 -0.01338607 0.07874858 -0.01213008 -0.01338607 0.07556587 -0.0252642 -0.02249997 0.0732997 0.006044089 0.008187532 0.07182049 -0.03853595 0.01338607 0.07556587 -0.0252642 -0.02249997 -0.06646859 0.03148466 0.002755343 -0.05013597 0.06543427 0.02249997 -0.04859119 0.05521088 0.01820266 -0.05648726 0.05232757 0.02249997 -0.0337736 0.06533706 -0.02249997 -0.07069408 0.02028995 0.002755343 -0.06047326 0.05602008 0.01820266 -0.06451815 0.04202848 0.02249997 -0.05690169 0.0465998 0.02249997 -0.04392445 0.05899345 -0.02249997 -0.0721125 0.01446765 0.002755343 -0.06907087 0.04499429 0.02249997 -0.0637055 0.03675508 0.008187532 -0.07482987 0.03230637 0.02249997 -0.05291187 0.05108737 -0.02249997 -0.07350438 0.002579331 0.002755343 -0.07568138 0.03267395 0.01338607 -0.07315111 0.03158158 0.02249997 -0.06049776 0.04182815 -0.02249997 -0.0704624 -0.02108609 0.01338607 -0.0774362 0.01876467 0.02249997 -0.07070386 0.02026098 0.02249997 -0.06648129 0.03146117 -0.02249997 -0.06610906 -0.03223627 0.01338607 -0.07949358 0.005407989 0.01820266 -0.0768224 0.005226254 0.02249997 -0.07305389 0.008524298 0.02249997 -0.07211786 0.01443409 -0.02249997 -0.06000465 -0.0425328 0.01820266 -0.07660061 -0.007831871 0.01338607 -0.0792641 -0.008104205 0.02249997 -0.07346898 -0.003437876 0.02249997 -0.07350397 0.002548635 -0.02249997 -0.05231088 -0.05170267 0.002755343 -0.0794093 -0.02212297 0.008187532 -0.07368969 -0.03482866 0.02249997 -0.07193839 -0.01530885 0.02249997 -0.0729447 -0.009403824 -0.02249997 -0.04323154 -0.05950319 0.002755343 -0.07452827 -0.03522509 0.008187532 -0.06674367 -0.04678136 0.02249997 -0.0685026 -0.02677428 0.02249997 -0.07045465 -0.02110707 -0.02249997 -0.03301256 -0.06572437 0.002755343 -0.06750315 -0.04731369 0.02249997 -0.0632528 -0.03753036 0.02249997 -0.06610035 -0.03225147 -0.02249997 -0.0219199 -0.0702067 0.002755343 -0.05853617 -0.05804127 0.02249997 -0.05632805 -0.04729235 0.02249997 -0.0599969 -0.04254215 -0.02249997 -0.01024687 -0.07283151 0.002755343 -0.04788517 -0.06709897 0.01820266 -0.0334931 -0.06933397 0.02249997 -0.03822726 -0.0628336 0.02249997 -0.04791188 -0.05580186 0.02249997 -0.05230605 -0.05170679 -0.02249997 0.001697599 -0.07352888 0.002755343 -0.0358566 -0.07422649 0.01820266 -0.02129387 -0.07399696 0.02249997 -0.02753067 -0.06820136 0.02249997 -0.04323154 -0.05950319 -0.02249997 0.01359754 -0.07228046 0.002755343 -0.02279645 -0.07921856 0.02249997 -0.01610535 -0.07176327 0.008187532 -0.008978366 -0.08100986 0.02249997 -0.0330072 -0.06572771 -0.02249997 0.01943349 -0.07093548 0.002755343 -0.009080529 -0.08193176 0.01338607 -0.008776903 -0.07919245 0.008187532 0.004841446 -0.081362 0.02249997 -0.02190858 -0.07021117 -0.02249997 0.03068196 -0.06684416 0.002755343 0.004896581 -0.0822879 0.01338607 0.004732847 -0.07953667 0.02249997 0.001719951 -0.07352966 0.02249997 -0.01022964 -0.07283496 -0.02249997 0.05046516 -0.05350536 0.01338607 0.01810657 -0.07759279 0.01820266 0.01749807 -0.07498538 -0.02249997 0.05847579 -0.04461115 0.01338607 0.03095936 -0.07341659 0.01820266 0.02991896 -0.07094955 0.02249997 0.02516716 -0.06910979 0.02249997 0.0194689 -0.07092446 -0.02249997 0.06493771 -0.03453528 0.01820266 0.04147917 -0.06487268 0.01338607 0.04292148 -0.06712836 0.02249997 0.03604358 -0.0641123 0.02249997 0.03071236 -0.06682866 -0.02249997 0.06967955 -0.02354466 0.002755343 0.05550456 -0.06094676 0.008187532 0.0642749 -0.0501194 0.02249997 0.04596525 -0.05741685 0.02249997 0.04114258 -0.06096404 -0.02249997 0.07257586 -0.01193028 0.002755343 0.06500625 -0.05068975 0.02249997 0.05466949 -0.04920095 0.02249997 0.0504837 -0.05348598 -0.02249997 0.07354998 0 0.002755343 0.07263779 -0.03897446 0.02249997 0.06192564 -0.03968226 0.02249997 0.05848824 -0.04459255 -0.02249997 0.07256376 0.01200419 0.002755343 0.07817965 -0.02613806 0.01820266 0.07610237 -0.0117225 0.02249997 0.07136917 -0.01777255 0.02249997 0.06754177 -0.02911275 0.02249997 0.06494486 -0.03451937 -0.02249997 0.06963515 0.0236724 0.002755343 0.08147257 -0.01254969 0.01820266 0.07698875 0.001307487 0.02249997 0.07330286 -0.006006121 0.02249997 0.06968259 -0.02353286 -0.02249997 0.06484049 0.03471446 0.002755343 0.0824216 0.001399755 0.01820266 0.0756604 0.01429986 0.02249997 0.0732997 0.006044089 0.02249997 0.07257586 -0.01193028 -0.02249997 0.0583086 0.04482698 0.002755343 0.08099937 0.01530897 0.01820266 0.07215535 0.02688086 0.02249997 0.07133066 0.01792407 0.02249997 0.07354998 0 -0.02249997 0.05444455 0.04944986 0.002755343 0.07724708 0.02877765 0.02249997 0.0674498 0.02932316 0.008187532 0.07047057 0.04095256 0.02249997 0.07256376 0.01200419 -0.02249997 0.04564428 0.05767256 0.002755343 0.07127249 0.04141855 0.01338607 0.06888955 0.04003375 0.02249997 0.06963145 0.02368646 -0.02249997 0.02464008 0.06929957 0.01338607 0.06113284 0.05110037 0.02249997 0.05829358 0.04484885 0.02249997 0.06483179 0.03473347 -0.02249997 0.01299935 0.07239198 -0.01338607 0.05161756 0.06069678 0.01820266 0.02749246 0.07192456 0.01338607 0.05161756 0.06069678 0.01820266 0.04988306 0.05865716 0.02249997 0.05019217 0.05376136 0.02249997 0.05441737 0.04947787 -0.008187532 0.04154938 0.07012027 -0.002755343 0.04202228 0.07091826 -0.01338607 0.04061728 0.06854718 0.01338607 0.04061728 0.06854718 0.01820266 0.0392524 0.06624376 0.02249997 0.04074496 0.06123208 0.02249997 0.04561555 0.05769336 -0.008187532 0.02910137 0.0761336 -0.002755343 0.02943259 0.07699996 -0.01338607 0.02844846 0.07442557 0.02249997 0.03020524 0.0670607 0.02249997 0.03559178 0.0643627 -0.01338607 0.01546126 0.07816278 0.002755343 0.01599609 0.08086645 0.02249997 0.01885598 0.07109099 0.02249997 0.02461469 0.06930708 -0.008187532 0.00207591 0.08147948 -0.01338607 0.002029299 0.07965147 -0.002755343 -0.01185745 0.08157616 0.002755343 -0.01185745 0.08157616 0.002755343 0.002099514 0.08240669 0.02249997 0.01297855 0.07239437 -0.02249997 -0.01100665 0.07272166 0.008187532 -0.01172399 0.08065825 0.02249997 9.95295e-4 0.07354217 -0.02199995 -0.06930285 0.005840897 -0.02249997 -0.06954997 0 -0.02199995 -0.06954997 0 -0.02199995 -0.06568199 0.02286976 -0.02249997 -0.06735819 0.01731675 -0.02199995 -0.06736886 0.01727575 -0.02199995 -0.06857585 0.01159948 -0.02249997 -0.06857585 0.01159948 -0.02249997 -0.06930285 0.005840897 -0.02249997 -0.06094598 0.03350788 -0.02199995 -0.06094866 0.03350198 -0.02199995 -0.05793994 0.0384708 -0.02249997 -0.06568086 0.02287405 -0.02199995 -0.06354439 0.02826917 -0.02249997 -0.06352698 0.02830767 -0.02199995 -0.0507127 0.04759478 -0.02199995 -0.04654246 0.05168056 -0.02249997 -0.05068379 0.047625 -0.02199995 -0.0545088 0.04319608 -0.02249997 -0.05450397 0.04320317 -0.02249997 -0.0579164 0.03850555 -0.02199995 -0.03223896 0.06162559 -0.02249997 -0.03726285 0.05872535 -0.02199995 -0.03727298 0.05871796 -0.02249997 -0.04203158 0.0554105 -0.02249997 -0.04653519 0.05168819 -0.02199995 -0.04206496 0.05538588 -0.02249997 -0.02147096 0.06615108 -0.02199995 -0.02150988 0.06613916 -0.02199995 -0.01589137 0.06770896 -0.02249997 -0.03220218 0.06164407 -0.02199995 -0.02695965 0.06411105 -0.02249997 -0.0269469 0.06411761 -0.02199995 -0.004378139 0.0694108 -0.02199995 0.001438319 0.0695343 -0.02249997 -0.004360377 0.06941306 -0.02199995 -0.01017838 0.06880027 -0.02249997 -0.01013839 0.06880539 -0.02249997 -0.01587599 0.06771367 -0.02199995 0.01869034 0.06699007 -0.02249997 0.01305299 0.0683124 -0.02199995 0.01301479 0.06832057 -0.02249997 0.007277309 0.06916809 -0.02249997 0.001477956 0.06953257 -0.02199995 0.007257699 0.06916886 -0.02249997 0.02962088 0.06292676 -0.02199995 0.02959966 0.06293529 -0.02199995 0.03476005 0.06023979 -0.02249997 0.01871114 0.0669856 -0.02199995 0.02422666 0.06519329 -0.02249997 0.02426236 0.06517887 -0.02199995 0.04431986 0.05359905 -0.02199995 0.04864937 0.04970127 -0.02249997 0.04434758 0.05357468 -0.02199995 0.03968006 0.05711805 -0.02249997 0.03970074 0.0571053 -0.02249997 0.03479218 0.06022006 -0.02199995 0.05948215 0.03604149 -0.02249997 0.05627328 0.0408715 -0.02199995 0.05625617 0.0408926 -0.02249997 0.05266088 0.04542875 -0.02249997 0.04866868 0.04968428 -0.02199995 0.05263829 0.04545688 -0.02249997 0.06467145 0.02558416 -0.02199995 0.06466007 0.02561646 -0.02199995 0.06657481 0.02011835 -0.02249997 0.05949938 0.0360108 -0.02199995 0.06228768 0.0309388 -0.02249997 0.06230157 0.03091388 -0.02199995 0.06899756 0.008734643 -0.02199995 0.06948798 0.002925813 -0.02249997 0.0690028 0.008704125 -0.02199995 0.06802678 0.01447385 -0.02249997 0.06803238 0.01444119 -0.02249997 0.06658476 0.0200904 -0.02199995 0.06803238 -0.01444119 -0.02249997 0.06899756 -0.008734643 -0.02199995 0.0690028 -0.008704125 -0.02249997 0.06948798 -0.002925813 -0.02249997 0.06948798 0.002893745 -0.02199995 0.06948798 -0.002893745 -0.02249997 0.06466007 -0.02561646 -0.02199995 0.06467145 -0.02558416 -0.02199995 0.06230157 -0.03091388 -0.02249997 0.06802678 -0.01447385 -0.02199995 0.06658476 -0.0200904 -0.02249997 0.06657481 -0.02011835 -0.02199995 0.05627328 -0.0408715 -0.02199995 0.05266088 -0.04542875 -0.02249997 0.05625617 -0.0408926 -0.02199995 0.05949938 -0.0360108 -0.02249997 0.05948215 -0.03604149 -0.02249997 0.06228768 -0.0309388 -0.02199995 0.03970074 -0.0571053 -0.02249997 0.04431986 -0.05359905 -0.02199995 0.04434758 -0.05357468 -0.02249997 0.04864937 -0.04970127 -0.02249997 0.05263829 -0.04545688 -0.02199995 0.04866868 -0.04968428 -0.02249997 0.02959966 -0.06293529 -0.02199995 0.02962088 -0.06292676 -0.02199995 0.02426236 -0.06517887 -0.02249997 0.03968006 -0.05711805 -0.02199995 0.03479218 -0.06022006 -0.02249997 0.03476005 -0.06023979 -0.02199995 0.01305299 -0.0683124 -0.02199995 0.007277309 -0.06916809 -0.02249997 0.01301479 -0.06832057 -0.02199995 0.01871114 -0.0669856 -0.02249997 0.01869034 -0.06699007 -0.02249997 0.02422666 -0.06519329 -0.02199995 -0.004360377 -0.06941306 -0.02249997 -0.004378139 -0.0694108 -0.02249997 0.001438319 -0.0695343 -0.02249997 0.007257699 -0.06916886 -0.02199995 0.001477956 -0.06953257 -0.02199995 -0.01013839 -0.06880539 -0.02249997 -0.01017838 -0.06880027 -0.02249997 -0.01589137 -0.06770896 -0.02199995 -0.01587599 -0.06771367 -0.02199995 -0.02147096 -0.06615108 -0.02249997 -0.02150988 -0.06613916 -0.02199995 -0.0269469 -0.06411761 -0.02249997 -0.02695965 -0.06411105 -0.02249997 -0.03223896 -0.06162559 -0.02199995 -0.03220218 -0.06164407 -0.02199995 -0.03726285 -0.05872535 -0.02249997 -0.03727298 -0.05871796 -0.02199995 -0.04203158 -0.0554105 -0.02249997 -0.04206496 -0.05538588 -0.02249997 -0.04654246 -0.05168056 -0.02199995 -0.04653519 -0.05168819 -0.02199995 -0.05068379 -0.047625 -0.02249997 -0.0507127 -0.04759478 -0.02199995 -0.05450397 -0.04320317 -0.02249997 -0.0545088 -0.04319608 -0.02249997 -0.05793994 -0.0384708 -0.02199995 -0.0579164 -0.03850555 -0.02199995 -0.06094598 -0.03350788 -0.02249997 -0.06094866 -0.03350198 -0.02199995 -0.06352698 -0.02830767 -0.02249997 -0.06354439 -0.02826917 -0.02249997 -0.06568199 -0.02286976 -0.02199995 -0.06568086 -0.02287405 -0.02199995 -0.06735819 -0.01731675 -0.02249997 -0.06736886 -0.01727575 -0.02199995 -0.06857585 -0.01159948 -0.02249997 -0.06857585 -0.01159948 -0.02249997 -0.06930285 -0.005840897 -0.02199995 -0.06930285 -0.005840897 -0.02249997 0.06498891 0.002781331 -0.02199995 0.06498891 -0.002781331 -0.02199995 0.06498891 0.002810835 -0.02199995 0.06450468 0.008392333 -0.02249997 0.0645098 0.008362233 -0.02199995 0.06354695 0.01390087 -0.02249997 0.06355178 0.01387286 -0.02249997 0.06212407 0.01928818 -0.02199995 0.06211358 0.01931798 -0.02199995 0.06022685 0.02458 -0.02249997 0.06023597 0.02455437 -0.02199995 0.05788636 0.02967238 -0.02249997 0.05790215 0.02964407 -0.02249997 0.05513936 0.03451007 -0.02199995 0.05512678 0.03453266 -0.02199995 0.05194789 0.0391497 -0.02249997 0.05196887 0.03912365 -0.02199995 0.04839718 0.04346466 -0.02249997 0.04841268 0.04344546 -0.02249997 0.04449945 0.04744696 -0.02199995 0.04447376 0.04746955 -0.02199995 0.04023724 0.05111199 -0.02249997 0.04025465 0.05109667 -0.02199995 0.035685 0.05438619 -0.02249997 0.03571486 0.05436789 -0.02249997 0.03090655 0.05723714 -0.02199995 0.03088796 0.05724865 -0.02199995 0.02584135 0.05969506 -0.02249997 0.02587455 0.05968177 -0.02199995 0.02062577 0.06169325 -0.02249997 0.02064466 0.06168568 -0.02249997 0.01526945 0.0632317 -0.02199995 0.01523387 0.06323939 -0.02199995 0.009754002 0.06431436 -0.02249997 0.00977236 0.06431049 -0.02199995 0.004176139 0.06491416 -0.02249997 0.004213035 0.06491255 -0.02249997 -0.001388907 0.06503397 -0.02199995 -0.001406013 0.06503468 -0.02199995 -0.007005035 0.06467008 -0.02249997 -0.006967782 0.06467485 -0.02199995 -0.0125246 0.06383275 -0.02249997 -0.01250916 0.06383478 -0.02249997 -0.01794278 0.06252551 -0.02199995 -0.0179792 0.06251436 -0.02199995 -0.02327299 0.06074428 -0.02249997 -0.02325975 0.06074827 -0.02199995 -0.02842175 0.05851066 -0.02249997 -0.02838748 0.05852794 -0.02249997 -0.03332275 0.0558657 -0.02199995 -0.03333348 0.05586028 -0.02199995 -0.03802418 0.05277746 -0.02249997 -0.03799307 0.05280059 -0.02199995 -0.0424087 0.04932534 -0.02249997 -0.04240059 0.04933136 -0.02249997 -0.04647558 0.04551237 -0.02199995 -0.04650264 0.04548418 -0.02199995 -0.05023056 0.0413326 -0.02249997 -0.0502249 0.04133856 -0.02199995 -0.05360645 0.03684639 -0.02249997 -0.05358445 0.036879 -0.02249997 -0.05656427 0.03212338 -0.02199995 -0.05656784 0.0321182 -0.02199995 -0.05912578 0.02711945 -0.02249997 -0.05910944 0.02715545 -0.02199995 -0.06123316 0.02195447 -0.02249997 -0.06123137 0.02195835 -0.02249997 -0.06288731 0.01662927 -0.02199995 -0.06289726 0.01659095 -0.02199995 -0.0640887 0.01114189 -0.02249997 -0.06408816 0.01114398 -0.02199995 -0.06480628 0.005611538 -0.02249997 -0.06480628 0.005611538 -0.02249997 -0.06505 0 -0.02199995 -0.06505 0 -0.02249997 0.06498891 -0.002810835 -0.02199995 0.0645098 -0.008362233 -0.02249997 0.06450468 -0.008392333 -0.02249997 0.06354695 -0.01390087 -0.02199995 0.06355178 -0.01387286 -0.02249997 0.06211358 -0.01931798 -0.02199995 0.06212407 -0.01928818 -0.02199995 0.06023597 -0.02455437 -0.02249997 0.06022685 -0.02458 -0.02249997 0.05788636 -0.02967238 -0.02199995 0.05790215 -0.02964407 -0.02249997 0.05512678 -0.03453266 -0.02199995 0.05513936 -0.03451007 -0.02199995 0.05196887 -0.03912365 -0.02249997 0.05194789 -0.0391497 -0.02249997 0.04839718 -0.04346466 -0.02199995 0.04841268 -0.04344546 -0.02249997 0.04447376 -0.04746955 -0.02199995 0.04449945 -0.04744696 -0.02199995 0.04025465 -0.05109667 -0.02249997 0.04023724 -0.05111199 -0.02249997 0.035685 -0.05438619 -0.02199995 0.03571486 -0.05436789 -0.02249997 0.03088796 -0.05724865 -0.02199995 0.03090655 -0.05723714 -0.02199995 0.02587455 -0.05968177 -0.02249997 0.02584135 -0.05969506 -0.02249997 0.02062577 -0.06169325 -0.02199995 0.02064466 -0.06168568 -0.02249997 0.01523387 -0.06323939 -0.02199995 0.01526945 -0.0632317 -0.02199995 0.00977236 -0.06431049 -0.02249997 0.009754002 -0.06431436 -0.02249997 0.004176139 -0.06491416 -0.02199995 0.004213035 -0.06491255 -0.02249997 -0.001406013 -0.06503468 -0.02199995 -0.001388907 -0.06503397 -0.02199995 -0.006967782 -0.06467485 -0.02249997 -0.007005035 -0.06467008 -0.02249997 -0.0125246 -0.06383275 -0.02199995 -0.01250916 -0.06383478 -0.02249997 -0.0179792 -0.06251436 -0.02199995 -0.01794278 -0.06252551 -0.02199995 -0.02325975 -0.06074827 -0.02249997 -0.02327299 -0.06074428 -0.02249997 -0.02842175 -0.05851066 -0.02199995 -0.02838748 -0.05852794 -0.02249997 -0.03333348 -0.05586028 -0.02199995 -0.03332275 -0.0558657 -0.02199995 -0.03799307 -0.05280059 -0.02249997 -0.03802418 -0.05277746 -0.02249997 -0.0424087 -0.04932534 -0.02199995 -0.04240059 -0.04933136 -0.02249997 -0.04650264 -0.04548418 -0.02199995 -0.04647558 -0.04551237 -0.02199995 -0.0502249 -0.04133856 -0.02249997 -0.05023056 -0.0413326 -0.02249997 -0.05360645 -0.03684639 -0.02199995 -0.05358445 -0.036879 -0.02249997 -0.05656784 -0.0321182 -0.02199995 -0.05656427 -0.03212338 -0.02199995 -0.05910944 -0.02715545 -0.02249997 -0.05912578 -0.02711945 -0.02249997 -0.06123316 -0.02195447 -0.02199995 -0.06123137 -0.02195835 -0.02249997 -0.06289726 -0.01659095 -0.02199995 -0.06288731 -0.01662927 -0.02199995 -0.06408816 -0.01114398 -0.02249997 -0.0640887 -0.01114189 -0.02249997 -0.06480628 -0.005611538 -0.02199995 -0.06480628 -0.005611538 -0.07949995 0.007035732 0.003807544 -0.07949995 0.007566511 0.00259757 -0.07725 0.007536709 0.002682805 -0.07949995 0.004375576 0.006697297 -0.07949995 0.005418241 0.005885779 -0.07725 0.005249977 0.006036341 -0.03354996 0.006200551 -0.00505495 -0.03354996 0.005249977 -0.006036341 -0.02899998 0.005418241 -0.005885779 -0.07949995 0.00789088 0.001316726 -0.07725 0.00788331 0.00136125 -0.02899998 -0.007566511 -0.00259757 -0.07949995 -0.007035732 -0.003807544 -0.07949995 -0.007566511 -0.00259757 -0.02899998 -0.00789088 -0.001316726 -0.07725 0.007999956 0 -0.07949995 0.007999956 0 -0.07949995 -0.00789088 -0.001316726 -0.02899998 -0.007999956 0 -0.07725 0.006970286 0.003926157 -0.07725 0.006200551 0.00505495 -0.07949995 0.006313085 0.004913687 -0.02899998 -0.003213524 0.007326185 -0.02899998 -0.004375576 0.006697297 -0.07949995 -0.004375576 0.006697297 -0.07949995 6.60635e-4 0.007972657 -0.02899998 6.60635e-4 0.007972657 -0.07949995 -6.60635e-4 0.007972657 -0.07949995 -0.007999956 0 -0.07949995 -0.007035732 0.003807544 -0.02899998 -0.007035732 0.003807544 -0.07949995 -0.007566511 0.00259757 -0.02899998 -0.007035732 -0.003807544 -0.02899998 -0.006313085 -0.004913687 -0.07949995 -0.006313085 -0.004913687 -0.02899998 -0.005418241 -0.005885779 -0.07949995 -0.005418241 -0.005885779 -0.07949995 -0.004375576 -0.006697297 -0.02899998 -0.004375576 -0.006697297 -0.02899998 -0.003213524 -0.007326185 -0.07949995 -0.003213524 -0.007326185 -0.07949995 -0.001963853 -0.00775516 -0.02899998 -6.60635e-4 -0.007972657 -0.02899998 6.60635e-4 -0.007972657 -0.07949995 6.60635e-4 -0.007972657 -0.02899998 -0.001963853 -0.00775516 -0.07949995 -6.60635e-4 -0.007972657 -0.02899998 0.004375576 -0.006697297 -0.07949995 0.003213524 -0.007326185 -0.07949995 0.001963853 -0.00775516 -0.02899998 0.001963853 -0.00775516 -0.07949995 0.004375576 -0.006697297 -0.02899998 0.003213524 -0.007326185 -0.07725 0.005249977 -0.006036341 -0.07725 0.006200551 -0.00505495 -0.07949995 0.005418241 -0.005885779 -0.07949995 0.006313085 -0.004913687 -0.07725 0.006970286 -0.003926157 -0.07725 0.007536709 -0.002682805 -0.07949995 0.007035732 -0.003807544 -0.07725 0.00788331 -0.00136125 -0.07949995 0.007566511 -0.00259757 -0.07949995 0.00789088 -0.001316726 -0.02899998 0.006313085 -0.004913687 -0.03354996 0.006970286 -0.003926157 -0.03354996 0.00788331 -0.00136125 -0.03354996 0.007536709 -0.002682805 -0.02899998 0.007566511 -0.00259757 -0.02899998 0.007035732 -0.003807544 -0.02899998 0.00789088 -0.001316726 -0.03354996 0.007999956 0 -0.02899998 0.007999956 0 -0.07949995 -0.00789088 0.001316726 -0.02899998 -0.00789088 0.001316726 -0.02899998 -0.007566511 0.00259757 -0.02899998 -0.006313085 0.004913687 -0.07949995 -0.006313085 0.004913687 -0.02899998 -0.005418241 0.005885779 -0.07949995 -0.005418241 0.005885779 -0.07949995 -0.003213524 0.007326185 -0.07949995 -0.001963853 0.00775516 -0.02899998 -0.001963853 0.00775516 -0.02899998 -6.60635e-4 0.007972657 -0.02899998 0.001963853 0.00775516 -0.07949995 0.001963853 0.00775516 -0.07949995 0.003213524 0.007326185 -0.02899998 0.003213524 0.007326185 -0.02899998 0.004375576 0.006697297 -0.03354996 0.005249977 0.006036341 -0.02899998 0.005418241 0.005885779 -0.03354996 0.006200551 0.00505495 -0.03354996 0.006970286 0.003926157 -0.02899998 0.006313085 0.004913687 -0.03354996 0.007536709 0.002682805 -0.02899998 0.007035732 0.003807544 -0.02899998 0.007566511 0.00259757 -0.03354996 0.00788331 0.00136125 -0.02899998 0.00789088 0.001316726 -0.02899998 -0.01494598 -0.001272082 -0.02249997 -0.02196079 -0.004895687 -0.02899998 -0.01451599 -0.003779649 -0.02249997 -0.02243989 -0.001643657 -0.02899998 -0.01494598 0.001272082 -0.02249997 -0.02243989 0.001640081 -0.02249997 -0.02196228 0.004886746 -0.02899998 -0.01451599 0.003779649 -0.02249997 -0.02101725 0.00803107 -0.02249997 -0.01962405 0.01100569 -0.02899998 -0.01366835 0.006178498 -0.02899998 -0.01242756 0.008399605 -0.02249997 -0.01781195 0.01374655 -0.02899998 -0.01082926 0.01037907 -0.02249997 -0.01561945 0.01619488 -0.02249997 -0.01309317 0.01829797 -0.02899998 -0.008919477 0.01205998 -0.02899998 -0.006753027 0.01339387 -0.02249997 -0.01028925 0.02000927 -0.02899998 -0.004392325 0.01434248 -0.02249997 -0.007269322 0.0212928 -0.02899998 -0.001905262 0.01487845 -0.02249997 -0.004093289 0.02212387 -0.02249997 -8.28708e-4 0.0224843 -0.02899998 6.36618e-4 0.01498645 -0.02899998 0.003160178 0.01466327 -0.02249997 0.002454698 0.02236539 -0.02899998 0.005592823 0.01391828 -0.02249997 0.0056867 0.0217694 -0.02249997 0.008797883 0.02070856 -0.02899998 0.007864594 0.01277285 -0.02249997 0.01172035 0.01920616 -0.02249997 0.01438879 0.01729708 -0.02899998 0.009910106 0.01126009 -0.02249997 0.0167526 0.01501917 -0.02249997 0.01876068 0.01242035 -0.02899998 0.01167047 0.009423255 -0.02899998 0.0130952 0.007315397 -0.02249997 0.02036958 0.009555816 -0.02899998 0.01414316 0.004997074 -0.02249997 0.02154445 0.006486654 -0.02249997 0.02225977 0.003278493 -0.02899998 0.01478415 0.002534985 -0.02899998 0.01499998 0 -0.02249997 0.02249997 0 -0.02249997 -0.02101308 -0.008042812 -0.02899998 -0.01366835 -0.006178498 -0.02899998 -0.01242756 -0.008399605 -0.02249997 -0.01961737 -0.01101756 -0.02249997 -0.01780396 -0.01375657 -0.02899998 -0.01082926 -0.01037907 -0.02249997 -0.01561206 -0.01620137 -0.02899998 -0.008919477 -0.01205998 -0.02899998 -0.006753027 -0.01339387 -0.02249997 -0.01308917 -0.01830035 -0.02249997 -0.01028716 -0.02001059 -0.02249997 -0.007261633 -0.0212959 -0.02249997 -0.004081487 -0.02212649 -0.02899998 -0.004392325 -0.01434248 -0.02899998 -0.001905262 -0.01487845 -0.02249997 -8.15064e-4 -0.02248477 -0.02249997 0.002467751 -0.02236366 -0.02899998 6.36618e-4 -0.01498645 -0.02249997 0.005696713 -0.0217663 -0.02899998 0.003160178 -0.01466327 -0.02899998 0.005592823 -0.01391828 -0.02249997 0.00880289 -0.02070599 -0.02249997 0.01172149 -0.01920557 -0.02899998 0.007864594 -0.01277285 -0.02899998 0.009910106 -0.01126009 -0.02249997 0.01439476 -0.01729267 -0.02249997 0.01676058 -0.01501077 -0.02899998 0.01167047 -0.009423255 -0.02249997 0.01876819 -0.01240909 -0.02899998 0.0130952 -0.007315397 -0.02899998 0.01414316 -0.004997074 -0.02249997 0.02037507 -0.009543657 -0.02249997 0.02154725 -0.006475985 -0.02899998 0.01478415 -0.002534985 -0.02249997 0.02225977 -0.003278493 -0.02249997 0.0631119 3.07421e-4 -0.0205 0.0631119 -3.07421e-4 -0.0205 0.0631119 3.07421e-4 -0.0205 0.06300801 9.13421e-4 -0.02249997 0.06300801 9.13421e-4 -0.0205 0.0628032 0.001493096 -0.02249997 0.0628032 0.001493096 -0.02249997 0.06250339 0.002029895 -0.0205 0.06250339 0.002029895 -0.0205 0.06211709 0.002508223 -0.02249997 0.06211709 0.002508223 -0.0205 0.06165546 0.002914488 -0.02249997 0.06165546 0.002914488 -0.02249997 0.06113195 0.00323683 -0.0205 0.06113195 0.00323683 -0.0205 0.06056147 0.003466069 -0.02249997 0.06056147 0.003466069 -0.0205 0.05996036 0.00359559 -0.02249997 0.05996036 0.00359559 -0.02249997 0.05934619 0.003621697 -0.0205 0.05934619 0.003621697 -0.0205 0.05873626 0.003543615 -0.02249997 0.05873626 0.003543615 -0.0205 0.05814838 0.003363549 -0.02249997 0.05814838 0.003363549 -0.02249997 0.05759936 0.003086745 -0.0205 0.05759936 0.003086745 -0.0205 0.05710506 0.00272119 -0.02249997 0.05710506 0.00272119 -0.0205 0.05667954 0.002277255 -0.02249997 0.05667954 0.002277255 -0.02249997 0.05633527 0.001767873 -0.0205 0.05633527 0.001767873 -0.0205 0.05608206 0.00120759 -0.02249997 0.05608206 0.00120759 -0.0205 0.05592709 6.12628e-4 -0.02249997 0.05592709 6.12628e-4 -0.02249997 0.055875 0 -0.0205 0.055875 0 -0.02249997 0.0631119 -3.07421e-4 -0.0205 0.06300801 -9.13421e-4 -0.02249997 0.06300801 -9.13421e-4 -0.02249997 0.0628032 -0.001493096 -0.0205 0.0628032 -0.001493096 -0.02249997 0.06250339 -0.002029895 -0.0205 0.06250339 -0.002029895 -0.0205 0.06211709 -0.002508223 -0.02249997 0.06211709 -0.002508223 -0.02249997 0.06165546 -0.002914488 -0.0205 0.06165546 -0.002914488 -0.02249997 0.06113195 -0.00323683 -0.0205 0.06113195 -0.00323683 -0.0205 0.06056147 -0.003466069 -0.02249997 0.06056147 -0.003466069 -0.02249997 0.05996036 -0.00359559 -0.0205 0.05996036 -0.00359559 -0.02249997 0.05934619 -0.003621697 -0.0205 0.05934619 -0.003621697 -0.0205 0.05873626 -0.003543615 -0.02249997 0.05873626 -0.003543615 -0.02249997 0.05814838 -0.003363549 -0.0205 0.05814838 -0.003363549 -0.02249997 0.05759936 -0.003086745 -0.0205 0.05759936 -0.003086745 -0.0205 0.05710506 -0.00272119 -0.02249997 0.05710506 -0.00272119 -0.02249997 0.05667954 -0.002277255 -0.0205 0.05667954 -0.002277255 -0.02249997 0.05633527 -0.001767873 -0.0205 0.05633527 -0.001767873 -0.0205 0.05608206 -0.00120759 -0.02249997 0.05608206 -0.00120759 -0.02249997 0.05592709 -6.12628e-4 -0.0205 0.05592709 -6.12628e-4 -0.0205 0.05568069 6.54878e-4 -0.02249997 0.05562496 0 -0.0205 0.05562496 0 -0.0205 0.05648505 0.002434313 -0.02249997 0.05611705 0.001889765 -0.0205 0.05611705 0.001889765 -0.0205 0.05584639 0.001290917 -0.02249997 0.05584639 0.001290917 -0.02249997 0.05568069 6.54878e-4 -0.02249997 0.05746829 0.003299653 -0.0205 0.05746829 0.003299653 -0.0205 0.05805516 0.00359553 -0.02249997 0.05648505 0.002434313 -0.0205 0.05693989 0.002908825 -0.02249997 0.05693989 0.002908825 -0.0205 0.05933547 0.0038715 -0.0205 0.05999219 0.003843605 -0.02249997 0.05933547 0.0038715 -0.0205 0.05868357 0.003787994 -0.02249997 0.05868357 0.003787994 -0.02249997 0.05805516 0.00359553 -0.0205 0.06180417 0.003115475 -0.02249997 0.06124448 0.003460049 -0.0205 0.06124448 0.003460049 -0.02249997 0.06063467 0.003705143 -0.02249997 0.05999219 0.003843605 -0.0205 0.06063467 0.003705143 -0.02249997 0.06271046 0.002169847 -0.0205 0.06271046 0.002169847 -0.0205 0.06303095 0.001596093 -0.02249997 0.06180417 0.003115475 -0.0205 0.06229758 0.002681255 -0.02249997 0.06229758 0.002681255 -0.0205 0.06336098 3.28623e-4 -0.0205 0.06336098 -3.28623e-4 -0.02249997 0.06336098 3.28623e-4 -0.0205 0.06325 9.76415e-4 -0.02249997 0.06325 9.76415e-4 -0.02249997 0.06303095 0.001596093 -0.0205 0.06271046 -0.002169847 -0.02249997 0.06303095 -0.001596093 -0.0205 0.06303095 -0.001596093 -0.02249997 0.06325 -9.76415e-4 -0.02249997 0.06336098 -3.28623e-4 -0.0205 0.06325 -9.76415e-4 -0.02249997 0.06180417 -0.003115475 -0.0205 0.06180417 -0.003115475 -0.0205 0.06124448 -0.003460049 -0.02249997 0.06271046 -0.002169847 -0.0205 0.06229758 -0.002681255 -0.02249997 0.06229758 -0.002681255 -0.0205 0.05999219 -0.003843605 -0.0205 0.05933547 -0.0038715 -0.02249997 0.05999219 -0.003843605 -0.0205 0.06063467 -0.003705143 -0.02249997 0.06063467 -0.003705143 -0.02249997 0.06124448 -0.003460049 -0.02249997 0.05933547 -0.0038715 -0.0205 0.05868357 -0.003787994 -0.02249997 0.05868357 -0.003787994 -0.02249997 0.05805516 -0.00359553 -0.0205 0.05805516 -0.00359553 -0.0205 0.05746829 -0.003299653 -0.02249997 0.05746829 -0.003299653 -0.0205 0.05693989 -0.002908825 -0.02249997 0.05693989 -0.002908825 -0.02249997 0.05648505 -0.002434313 -0.0205 0.05648505 -0.002434313 -0.0205 0.05611705 -0.001889765 -0.02249997 0.05611705 -0.001889765 -0.0205 0.05584639 -0.001290917 -0.02249997 0.05584639 -0.001290917 -0.02249997 0.05568069 -6.54878e-4 -0.0205 0.05568069 -6.54878e-4 -0.02249997 0.03303098 0.05306965 -0.0205 0.03275328 0.05355834 -0.02249997 0.03272527 0.05359935 -0.0205 0.02784937 0.04844164 -0.02249997 0.02741944 0.04875195 -0.0205 0.02735507 0.04880726 -0.0205 0.03236705 0.05403679 -0.02249997 0.0323348 0.05406999 -0.02249997 0.03187078 0.05446839 -0.0205 0.03190547 0.054443 -0.0205 0.03138196 0.0547654 -0.02249997 0.03134638 0.0547831 -0.0205 0.03081148 0.05499458 -0.02249997 0.03077656 0.05500507 -0.02249997 0.03017759 0.05512815 -0.0205 0.03021037 0.0551241 -0.0205 0.02959614 0.05515015 -0.02249997 0.02956634 0.05514889 -0.0205 0.02898627 0.05507206 -0.02249997 0.0289604 0.05506646 -0.02249997 0.02837687 0.05488336 -0.0205 0.02839839 0.05489206 -0.0205 0.02784937 0.05461525 -0.02249997 0.02783244 0.05460476 -0.0205 0.02735507 0.0542497 -0.02249997 0.02734267 0.05423867 -0.02249997 0.02692127 0.05379545 -0.0205 0.02692955 0.05380576 -0.0205 0.02658528 0.05329638 -0.02249997 0.02658045 0.05328768 -0.0205 0.02633208 0.0527361 -0.02249997 0.02632987 0.0527299 -0.02249997 0.02617657 0.05213785 -0.0205 0.02617704 0.05214107 -0.0205 0.02612495 0.05152845 -0.02249997 0.02612495 0.05152845 -0.0205 0.03305315 0.05302166 -0.02249997 0.03324335 0.05249625 -0.0205 0.03325796 0.05244189 -0.02249997 0.03335636 0.0518952 -0.0205 0.03336185 0.05183589 -0.0205 0.03336185 0.05122107 -0.02249997 0.03336668 0.05128377 -0.02249997 0.03327405 0.05067926 -0.0205 0.03325796 0.05061507 -0.02249997 0.03308117 0.05009895 -0.0205 0.03305315 0.05003535 -0.0205 0.03275328 0.04949855 -0.02249997 0.03279346 0.04955929 -0.02249997 0.0324192 0.04907566 -0.0205 0.03236705 0.04902017 -0.02249997 0.03196889 0.04866194 -0.0205 0.03190547 0.04861396 -0.0205 0.03138196 0.04829168 -0.02249997 0.03145539 0.04832965 -0.02249997 0.0308935 0.04808855 -0.0205 0.03081148 0.04806238 -0.02249997 0.03029888 0.04794526 -0.0205 0.03021037 0.04793286 -0.0205 0.02959614 0.04790675 -0.02249997 0.02968877 0.04790395 -0.02249997 0.02908039 0.04796588 -0.0205 0.02898627 0.04798489 -0.02249997 0.02849096 0.0481292 -0.0205 0.02839839 0.0481649 -0.02249997 0.02793747 0.04838919 -0.02249997 0.02661025 0.04971665 -0.0205 0.02692955 0.04925119 -0.02249997 0.02697265 0.04919898 -0.0205 0.02617704 0.05091589 -0.0205 0.02633208 0.05032086 -0.02249997 0.02617996 0.05089938 -0.02249997 0.0263434 0.05028927 -0.0205 0.02658528 0.04976058 -0.02249997 0.0332573 0.05317598 -0.02249997 0.03293049 0.05374217 -0.0205 0.03296047 0.05369836 -0.0205 0.0277183 0.0482288 -0.0205 0.02718985 0.04861968 -0.02249997 0.02725875 0.0485605 -0.0205 0.03254759 0.05420976 -0.02249997 0.03251308 0.05424529 -0.02249997 0.03201705 0.05467104 -0.0205 0.03205418 0.05464398 -0.02249997 0.03145647 0.05500745 -0.0205 0.03149449 0.05498856 -0.0205 0.03088468 0.05523365 -0.02249997 0.03084737 0.05524486 -0.02249997 0.03020709 0.05537647 -0.0205 0.0302422 0.05537205 -0.02249997 0.02955365 0.05539846 -0.0205 0.02958548 0.05539995 -0.0205 0.02893358 0.05531644 -0.02249997 0.02890598 0.05531048 -0.02249997 0.02828216 0.0551148 -0.0205 0.02830517 0.0551241 -0.02249997 0.0277003 0.05481696 -0.0205 0.0277183 0.05482816 -0.0205 0.02718985 0.05443739 -0.02249997 0.02717655 0.05442565 -0.02249997 0.02672618 0.05395179 -0.0205 0.02673506 0.05396288 -0.02249997 0.02636188 0.05340909 -0.0205 0.02636706 0.05341827 -0.0205 0.02609628 0.05281937 -0.02249997 0.02609395 0.05281275 -0.02249997 0.0259301 0.05217987 -0.0205 0.0259307 0.05218338 -0.02249997 0.02587497 0.05152845 -0.0205 0.02587497 0.05152845 -0.0205 0.03328096 0.05312454 -0.0205 0.03349995 0.05250489 -0.02249997 0.03348439 0.05256295 -0.02249997 0.03360509 0.05192047 -0.0205 0.03361099 0.05185705 -0.0205 0.03361099 0.05119985 -0.02249997 0.03361618 0.05126684 -0.0205 0.03349995 0.05055207 -0.02249997 0.03351718 0.05062067 -0.02249997 0.03331094 0.05000036 -0.0205 0.03328096 0.04993236 -0.0205 0.03296047 0.04935854 -0.02249997 0.03300338 0.04942345 -0.0205 0.03254759 0.04884719 -0.02249997 0.03260326 0.04890656 -0.02249997 0.03212189 0.04846429 -0.0205 0.03205418 0.04841297 -0.0205 0.03149449 0.0480684 -0.02249997 0.03157305 0.04810905 -0.0205 0.03088468 0.04782336 -0.02249997 0.0309723 0.04785126 -0.02249997 0.03033679 0.04769819 -0.0205 0.0302422 0.04768484 -0.0205 0.02958548 0.04765695 -0.02249997 0.0296846 0.04765409 -0.0205 0.02893358 0.04774045 -0.02249997 0.02903419 0.04772019 -0.02249997 0.02840417 0.04789465 -0.0205 0.02830517 0.04793286 -0.02249997 0.02781248 0.04817265 -0.02249997 0.02639377 0.04959166 -0.02249997 0.02678108 0.04903835 -0.0205 0.02673506 0.0490942 -0.0205 0.0259307 0.05087357 -0.02249997 0.0259338 0.05085599 -0.0205 0.02609628 0.05023759 -0.02249997 0.0261085 0.0502038 -0.0205 0.02636706 0.04963868 -0.02249997 -0.05920058 0.003612577 -0.0205 -0.05965387 0.003621697 -0.02249997 -0.05979937 0.003612577 -0.0205 -0.05588805 -3.07421e-4 -0.0205 -0.05588805 3.07421e-4 -0.02249997 -0.055875 0 -0.0205 -0.06026369 0.003543615 -0.02249997 -0.06038987 0.003514051 -0.02249997 -0.06095606 0.003319621 -0.0205 -0.06085157 0.003363549 -0.0205 -0.06140059 0.003086745 -0.02249997 -0.06148266 0.00303471 -0.0205 -0.06189489 0.00272119 -0.02249997 -0.06195509 0.00266695 -0.02249997 -0.06236058 0.002226471 -0.0205 -0.06232035 0.002277255 -0.0205 -0.06266468 0.001767873 -0.02249997 -0.06268805 0.001725256 -0.0205 -0.06291788 0.00120759 -0.02249997 -0.06292855 0.001177012 -0.02249997 -0.0630756 5.96655e-4 -0.0205 -0.06307286 6.12628e-4 -0.0205 -0.06312495 0 -0.02249997 -0.06312495 0 -0.0205 -0.05903959 0.00359559 -0.02249997 -0.05861008 0.003514051 -0.0205 -0.05843847 0.003466069 -0.02249997 -0.05804389 0.003319621 -0.0205 -0.057868 0.00323683 -0.0205 -0.05734449 0.002914488 -0.02249997 -0.05751729 0.00303471 -0.02249997 -0.05704486 0.00266695 -0.0205 -0.05688285 0.002508223 -0.02249997 -0.05663937 0.002226471 -0.0205 -0.05649656 0.002029895 -0.0205 -0.05619674 0.001493096 -0.02249997 -0.0563119 0.001725256 -0.02249997 -0.0560714 0.001177012 -0.0205 -0.05599194 9.13421e-4 -0.02249997 -0.05592435 5.96655e-4 -0.0205 -0.05649656 -0.002029895 -0.0205 -0.05619674 -0.001493096 -0.02249997 -0.0563119 -0.001725256 -0.0205 -0.05599194 -9.13421e-4 -0.02249997 -0.05592435 -5.96655e-4 -0.02249997 -0.0560714 -0.001177012 -0.02249997 -0.05751729 -0.00303471 -0.0205 -0.057868 -0.00323683 -0.0205 -0.05734449 -0.002914488 -0.02249997 -0.05663937 -0.002226471 -0.02249997 -0.05704486 -0.00266695 -0.0205 -0.05688285 -0.002508223 -0.0205 -0.05903959 -0.00359559 -0.02249997 -0.05920058 -0.003612577 -0.0205 -0.05965387 -0.003621697 -0.0205 -0.05843847 -0.003466069 -0.02249997 -0.05804389 -0.003319621 -0.02249997 -0.05861008 -0.003514051 -0.0205 -0.06140059 -0.003086745 -0.0205 -0.06085157 -0.003363549 -0.02249997 -0.06095606 -0.003319621 -0.02249997 -0.06038987 -0.003514051 -0.0205 -0.06026369 -0.003543615 -0.02249997 -0.05979937 -0.003612577 -0.02249997 -0.06236058 -0.002226471 -0.0205 -0.06232035 -0.002277255 -0.02249997 -0.06195509 -0.00266695 -0.02249997 -0.06148266 -0.00303471 -0.0205 -0.06189489 -0.00272119 -0.0205 -0.06266468 -0.001767873 -0.02249997 -0.06268805 -0.001725256 -0.02249997 -0.06292855 -0.001177012 -0.0205 -0.06291788 -0.00120759 -0.02249997 -0.0630756 -5.96655e-4 -0.0205 -0.06307286 -6.12628e-4 -0.02249997 -0.05917996 0.003861725 -0.02249997 -0.05981999 0.003861725 -0.0205 -0.05966448 0.0038715 -0.0205 -0.05563896 -3.28623e-4 -0.02249997 -0.05562496 0 -0.0205 -0.05563896 3.28623e-4 -0.0205 -0.06031638 0.003787994 -0.02249997 -0.06045126 0.003756403 -0.02249997 -0.06105655 0.003548562 -0.0205 -0.06094479 0.00359553 -0.02249997 -0.0616194 0.003243982 -0.0205 -0.06153166 0.003299653 -0.0205 -0.06206005 0.002908825 -0.02249997 -0.06212449 0.00285089 -0.02249997 -0.06255787 0.002380013 -0.0205 -0.0625149 0.002434313 -0.02249997 -0.06290799 0.001844286 -0.0205 -0.0628829 0.001889765 -0.0205 -0.06315356 0.001290917 -0.02249997 -0.063165 0.001258194 -0.02249997 -0.06332206 6.37804e-4 -0.0205 -0.06331926 6.54878e-4 -0.02249997 -0.06337499 0 -0.0205 -0.06337499 0 -0.0205 -0.05900776 0.003843605 -0.0205 -0.05836528 0.003705143 -0.02249997 -0.05854868 0.003756403 -0.02249997 -0.0579434 0.003548562 -0.0205 -0.05775547 0.003460049 -0.0205 -0.05719578 0.003115475 -0.02249997 -0.05738055 0.003243982 -0.0205 -0.05670237 0.002681255 -0.02249997 -0.05687546 0.00285089 -0.02249997 -0.05644208 0.002380013 -0.0205 -0.05628949 0.002169847 -0.0205 -0.05596899 0.001596093 -0.02249997 -0.05609196 0.001844286 -0.0205 -0.05574995 9.76415e-4 -0.02249997 -0.05583494 0.001258194 -0.02249997 -0.05567777 6.37804e-4 -0.0205 -0.05628949 -0.002169847 -0.02249997 -0.05609196 -0.001844286 -0.0205 -0.05596899 -0.001596093 -0.0205 -0.05574995 -9.76415e-4 -0.02249997 -0.05583494 -0.001258194 -0.02249997 -0.05567777 -6.37804e-4 -0.02249997 -0.05738055 -0.003243982 -0.0205 -0.05719578 -0.003115475 -0.0205 -0.05775547 -0.003460049 -0.02249997 -0.05644208 -0.002380013 -0.0205 -0.05670237 -0.002681255 -0.02249997 -0.05687546 -0.00285089 -0.0205 -0.05900776 -0.003843605 -0.0205 -0.05966448 -0.0038715 -0.02249997 -0.05917996 -0.003861725 -0.0205 -0.05836528 -0.003705143 -0.02249997 -0.05854868 -0.003756403 -0.02249997 -0.0579434 -0.003548562 -0.0205 -0.06153166 -0.003299653 -0.02249997 -0.06105655 -0.003548562 -0.0205 -0.06094479 -0.00359553 -0.02249997 -0.06045126 -0.003756403 -0.02249997 -0.05981999 -0.003861725 -0.0205 -0.06031638 -0.003787994 -0.02249997 -0.06255787 -0.002380013 -0.02249997 -0.06212449 -0.00285089 -0.0205 -0.0625149 -0.002434313 -0.02249997 -0.0616194 -0.003243982 -0.0205 -0.06206005 -0.002908825 -0.0205 -0.0628829 -0.001889765 -0.02249997 -0.06290799 -0.001844286 -0.0205 -0.06315356 -0.001290917 -0.02249997 -0.063165 -0.001258194 -0.02249997 -0.06332206 -6.37804e-4 -0.0205 -0.06331926 -6.54878e-4 -0.02249997 -0.02820658 0.05480849 -0.0205 -0.02768117 0.05450516 -0.0205 -0.02820658 0.05480849 -0.0205 -0.02846455 0.04813909 -0.0205 -0.02793747 0.04838919 -0.02249997 -0.02793747 0.04838919 -0.0205 -0.02877515 0.05501997 -0.02249997 -0.02877515 0.05501997 -0.0205 -0.02937108 0.0551337 -0.02249997 -0.02937108 0.0551337 -0.02249997 -0.02997756 0.05514639 -0.0205 -0.02997756 0.05514639 -0.0205 -0.03057777 0.0550577 -0.02249997 -0.03057777 0.0550577 -0.0205 -0.03115469 0.05487024 -0.02249997 -0.03115469 0.05487024 -0.02249997 -0.03169238 0.05458915 -0.0205 -0.03169238 0.05458915 -0.0205 -0.0321756 0.0542224 -0.02249997 -0.0321756 0.0542224 -0.0205 -0.03259086 0.05378019 -0.02249997 -0.03259086 0.05378019 -0.02249997 -0.03292655 0.05327486 -0.0205 -0.03292655 0.05327486 -0.0205 -0.03317338 0.05272066 -0.02249997 -0.03317338 0.05272066 -0.0205 -0.03332418 0.05213296 -0.02249997 -0.03332418 0.05213296 -0.02249997 -0.03337496 0.05152845 -0.0205 -0.03337496 0.05152845 -0.02249997 -0.02768117 0.05450516 -0.0205 -0.02721369 0.05411845 -0.02249997 -0.02721369 0.05411845 -0.02249997 -0.02681726 0.0536592 -0.0205 -0.02681726 0.0536592 -0.02249997 -0.02650296 0.05314028 -0.0205 -0.02650296 0.05314028 -0.0205 -0.02627968 0.0525763 -0.02249997 -0.02627968 0.0525763 -0.02249997 -0.02615356 0.05198276 -0.0205 -0.02615356 0.05198276 -0.02249997 -0.02612817 0.0513767 -0.0205 -0.02612817 0.0513767 -0.0205 -0.02620416 0.05077475 -0.02249997 -0.02620416 0.05077475 -0.02249997 -0.02637958 0.05019408 -0.0205 -0.02637958 0.05019408 -0.02249997 -0.02664929 0.04965066 -0.0205 -0.02664929 0.04965066 -0.0205 -0.02700585 0.04915988 -0.02249997 -0.02700585 0.04915988 -0.02249997 -0.02743929 0.04873538 -0.0205 -0.02743929 0.04873538 -0.0205 -0.03018689 0.04792988 -0.0205 -0.02960395 0.04790645 -0.02249997 -0.02960395 0.04790645 -0.0205 -0.02902489 0.04797679 -0.02249997 -0.02846455 0.04813909 -0.02249997 -0.02902489 0.04797679 -0.02249997 -0.031304 0.04825347 -0.0205 -0.03180915 0.04854518 -0.0205 -0.031304 0.04825347 -0.02249997 -0.03018689 0.04792988 -0.02249997 -0.0307585 0.04804658 -0.0205 -0.0307585 0.04804658 -0.0205 -0.03264796 0.04935079 -0.02249997 -0.03264796 0.04935079 -0.0205 -0.03295975 0.04984384 -0.0205 -0.03226107 0.04891419 -0.02249997 -0.03180915 0.04854518 -0.02249997 -0.03226107 0.04891419 -0.02249997 -0.03295975 0.04984384 -0.02249997 -0.0331884 0.05038058 -0.0205 -0.0331884 0.05038058 -0.02249997 -0.03332805 0.05094695 -0.0205 -0.03332805 0.05094695 -0.02249997 -0.02810007 0.05503469 -0.0205 -0.02810007 0.05503469 -0.0205 -0.02753847 0.05471044 -0.0205 -0.02837586 0.04790526 -0.02249997 -0.02781248 0.04817265 -0.0205 -0.02781248 0.04817265 -0.02249997 -0.02870786 0.05526077 -0.0205 -0.02870786 0.05526077 -0.0205 -0.02934497 0.05538225 -0.02249997 -0.02934497 0.05538225 -0.02249997 -0.02999329 0.0553959 -0.0205 -0.02999329 0.0553959 -0.02249997 -0.03063488 0.05530107 -0.0205 -0.03063488 0.05530107 -0.0205 -0.03125154 0.05510067 -0.02249997 -0.03125154 0.05510067 -0.02249997 -0.03182625 0.05480027 -0.0205 -0.03182625 0.05480027 -0.02249997 -0.03234285 0.05440819 -0.0205 -0.03234285 0.05440819 -0.0205 -0.03278678 0.05393546 -0.02249997 -0.03278678 0.05393546 -0.02249997 -0.03314566 0.05339527 -0.0205 -0.03314566 0.05339527 -0.02249997 -0.03340947 0.05280286 -0.0205 -0.03340947 0.05280286 -0.0205 -0.03357064 0.05217468 -0.02249997 -0.03357064 0.05217468 -0.02249997 -0.03362494 0.05152845 -0.0205 -0.03362494 0.05152845 -0.02249997 -0.02753847 0.05471044 -0.0205 -0.02703875 0.05429708 -0.02249997 -0.02703875 0.05429708 -0.0205 -0.02661508 0.05380618 -0.02249997 -0.02661508 0.05380618 -0.02249997 -0.02627909 0.0532515 -0.0205 -0.02627909 0.0532515 -0.0205 -0.02604037 0.05264848 -0.02249997 -0.02604037 0.05264848 -0.0205 -0.02590554 0.05201417 -0.02249997 -0.02590554 0.05201417 -0.02249997 -0.02587836 0.05136615 -0.0205 -0.02587836 0.05136615 -0.0205 -0.02595967 0.05072289 -0.02249997 -0.02595967 0.05072289 -0.0205 -0.02614706 0.05010199 -0.02249997 -0.02614706 0.05010199 -0.02249997 -0.02643549 0.04952114 -0.0205 -0.02643549 0.04952114 -0.0205 -0.0268166 0.04899644 -0.02249997 -0.0268166 0.04899644 -0.0205 -0.02727997 0.04854279 -0.02249997 -0.02727997 0.04854279 -0.0205 -0.03021705 0.04768174 -0.02249997 -0.029594 0.04765665 -0.0205 -0.029594 0.04765665 -0.0205 -0.02897489 0.04773175 -0.02249997 -0.02897489 0.04773175 -0.02249997 -0.02837586 0.04790526 -0.02249997 -0.03141117 0.04802757 -0.0205 -0.03141117 0.04802757 -0.0205 -0.03195118 0.04833948 -0.02249997 -0.03021705 0.04768174 -0.0205 -0.03082805 0.0478065 -0.02249997 -0.03082805 0.0478065 -0.0205 -0.03284776 0.04920059 -0.0205 -0.03318107 0.04972767 -0.02249997 -0.03284776 0.04920059 -0.0205 -0.03243428 0.04873389 -0.02249997 -0.03243428 0.04873389 -0.02249997 -0.03195118 0.04833948 -0.02249997 -0.03318107 0.04972767 -0.0205 -0.03342556 0.05030137 -0.02249997 -0.03342556 0.05030137 -0.02249997 -0.03357475 0.05090689 -0.0205 -0.03357475 0.05090689 -0.02249997 0.02661108 -0.04971539 -0.0205 0.02658528 -0.04976058 -0.02249997 0.02634388 -0.05028796 -0.0205 0.02839839 -0.0481649 -0.0205 0.02784937 -0.04844164 -0.02249997 0.02793747 -0.04838919 -0.0205 0.02633208 -0.05032086 -0.02249997 0.02618014 -0.05089849 -0.02249997 0.02612495 -0.05152845 -0.0205 0.02617704 -0.05091589 -0.0205 0.02612495 -0.05152845 -0.0205 0.02692955 -0.04925119 -0.02249997 0.02697348 -0.04919797 -0.0205 0.02735507 -0.04880726 -0.02249997 0.0274201 -0.04875135 -0.0205 0.03021037 -0.04793286 -0.0205 0.02959614 -0.04790675 -0.02249997 0.02968877 -0.04790395 -0.0205 0.02898627 -0.04798489 -0.02249997 0.02849096 -0.0481292 -0.02249997 0.02908039 -0.04796588 -0.02249997 0.03145539 -0.04832965 -0.0205 0.03190547 -0.04861396 -0.0205 0.03138196 -0.04829168 -0.02249997 0.03029888 -0.04794526 -0.02249997 0.0308935 -0.04808855 -0.0205 0.03081148 -0.04806238 -0.0205 0.03275328 -0.04949855 -0.02249997 0.03279346 -0.04955929 -0.0205 0.03305315 -0.05003535 -0.0205 0.03236705 -0.04902017 -0.02249997 0.03196889 -0.04866194 -0.02249997 0.0324192 -0.04907566 -0.0205 0.03336185 -0.05183589 -0.0205 0.03336185 -0.05122107 -0.02249997 0.03336668 -0.05128377 -0.02249997 0.03327405 -0.05067926 -0.0205 0.03325796 -0.05061507 -0.02249997 0.03308117 -0.05009895 -0.02249997 0.03303098 -0.05306965 -0.0205 0.03275328 -0.05355834 -0.0205 0.03305315 -0.05302166 -0.02249997 0.03335636 -0.0518952 -0.02249997 0.03324335 -0.05249625 -0.0205 0.03325796 -0.05244189 -0.0205 0.03190547 -0.054443 -0.02249997 0.03187078 -0.05446839 -0.0205 0.03138196 -0.0547654 -0.0205 0.03236705 -0.05403679 -0.02249997 0.03272527 -0.05359935 -0.02249997 0.0323348 -0.05406999 -0.0205 0.02959614 -0.05515015 -0.0205 0.03021037 -0.0551241 -0.02249997 0.03017759 -0.05512815 -0.02249997 0.03077656 -0.05500507 -0.0205 0.03081148 -0.05499458 -0.02249997 0.03134638 -0.0547831 -0.02249997 0.02837687 -0.05488336 -0.0205 0.02839839 -0.05489206 -0.02249997 0.0289604 -0.05506646 -0.02249997 0.02956634 -0.05514889 -0.0205 0.02898627 -0.05507206 -0.0205 0.02784937 -0.05461525 -0.02249997 0.02783244 -0.05460476 -0.02249997 0.02734267 -0.05423867 -0.0205 0.02735507 -0.0542497 -0.02249997 0.02692127 -0.05379545 -0.0205 0.02692955 -0.05380576 -0.0205 0.02658528 -0.05329638 -0.02249997 0.02658045 -0.05328768 -0.02249997 0.02632987 -0.0527299 -0.0205 0.02633208 -0.0527361 -0.02249997 0.02617657 -0.05213785 -0.0205 0.02617704 -0.05214107 -0.02249997 0.0263946 -0.04959028 -0.02249997 0.02610898 -0.05020248 -0.0205 0.02636706 -0.04963868 -0.0205 0.02830517 -0.04793286 -0.02249997 0.02781248 -0.04817265 -0.0205 0.0277183 -0.0482288 -0.0205 0.02609628 -0.05023759 -0.02249997 0.02593398 -0.0508551 -0.02249997 0.02587497 -0.05152845 -0.0205 0.0259307 -0.05087357 -0.0205 0.02587497 -0.05152845 -0.0205 0.02673506 -0.0490942 -0.0205 0.02718985 -0.04861968 -0.02249997 0.02678197 -0.04903715 -0.02249997 0.02725946 -0.0485599 -0.0205 0.0302422 -0.04768484 -0.02249997 0.0296846 -0.04765409 -0.0205 0.02958548 -0.04765695 -0.0205 0.02893358 -0.04774045 -0.02249997 0.02903419 -0.04772019 -0.02249997 0.02840417 -0.04789465 -0.02249997 0.03157305 -0.04810905 -0.0205 0.03149449 -0.0480684 -0.0205 0.03205418 -0.04841297 -0.02249997 0.03033679 -0.04769819 -0.0205 0.03088468 -0.04782336 -0.02249997 0.0309723 -0.04785126 -0.0205 0.03296047 -0.04935854 -0.0205 0.03328096 -0.04993236 -0.02249997 0.03300338 -0.04942345 -0.0205 0.03254759 -0.04884719 -0.02249997 0.03260326 -0.04890656 -0.02249997 0.03212189 -0.04846429 -0.0205 0.03361099 -0.05185705 -0.02249997 0.03361618 -0.05126684 -0.0205 0.03361099 -0.05119985 -0.02249997 0.03351718 -0.05062067 -0.02249997 0.03331094 -0.05000036 -0.0205 0.03349995 -0.05055207 -0.02249997 0.0332573 -0.05317598 -0.0205 0.03328096 -0.05312454 -0.0205 0.03296047 -0.05369836 -0.02249997 0.03360509 -0.05192047 -0.0205 0.03349995 -0.05250489 -0.02249997 0.03348439 -0.05256295 -0.0205 0.03205418 -0.05464398 -0.0205 0.03149449 -0.05498856 -0.02249997 0.03201705 -0.05467104 -0.0205 0.03254759 -0.05420976 -0.02249997 0.03251308 -0.05424529 -0.02249997 0.03293049 -0.05374217 -0.0205 0.02958548 -0.05539995 -0.02249997 0.03020709 -0.05537647 -0.0205 0.0302422 -0.05537205 -0.02249997 0.03084737 -0.05524486 -0.02249997 0.03145647 -0.05500745 -0.0205 0.03088468 -0.05523365 -0.02249997 0.02828216 -0.0551148 -0.02249997 0.02890598 -0.05531048 -0.0205 0.02830517 -0.0551241 -0.02249997 0.02955365 -0.05539846 -0.0205 0.02893358 -0.05531644 -0.0205 0.0277183 -0.05482816 -0.02249997 0.0277003 -0.05481696 -0.0205 0.02718985 -0.05443739 -0.02249997 0.02717655 -0.05442565 -0.02249997 0.02672618 -0.05395179 -0.0205 0.02673506 -0.05396288 -0.0205 0.02636706 -0.05341827 -0.02249997 0.02636188 -0.05340909 -0.0205 0.02609628 -0.05281937 -0.02249997 0.02609395 -0.05281275 -0.02249997 0.0259301 -0.05217987 -0.0205 0.0259307 -0.05218338 -0.02249997 -0.031304 -0.04825347 -0.0205 -0.0316506 -0.04844164 -0.02249997 -0.03180915 -0.04854518 -0.0205 -0.0275945 -0.04861396 -0.0205 -0.02811795 -0.04829168 -0.02249997 -0.02793747 -0.04838919 -0.0205 -0.0321449 -0.04880726 -0.02249997 -0.03226107 -0.04891419 -0.02249997 -0.03264796 -0.04935079 -0.0205 -0.03257036 -0.04925119 -0.0205 -0.03291469 -0.04976058 -0.02249997 -0.03295975 -0.04984384 -0.0205 -0.03316789 -0.05032086 -0.02249997 -0.0331884 -0.05038058 -0.02249997 -0.03332805 -0.05094695 -0.0205 -0.03332287 -0.05091589 -0.0205 -0.03337496 -0.05152845 -0.02249997 -0.03337496 -0.05152845 -0.0205 -0.03110158 -0.0481649 -0.02249997 -0.0307585 -0.04804658 -0.0205 -0.0305137 -0.04798489 -0.02249997 -0.03018689 -0.04792988 -0.0205 -0.02990376 -0.04790675 -0.0205 -0.0292896 -0.04793286 -0.02249997 -0.02960395 -0.04790645 -0.02249997 -0.02902489 -0.04797679 -0.0205 -0.02868849 -0.04806238 -0.02249997 -0.02846455 -0.04813909 -0.0205 -0.02644675 -0.05003535 -0.0205 -0.02674669 -0.04949855 -0.02249997 -0.02664929 -0.04965066 -0.0205 -0.02713286 -0.04902017 -0.02249997 -0.02743929 -0.04873538 -0.02249997 -0.02700585 -0.04915988 -0.02249997 -0.02612817 -0.0513767 -0.0205 -0.02613806 -0.05183589 -0.0205 -0.02613806 -0.05122107 -0.02249997 -0.02637958 -0.05019408 -0.02249997 -0.02620416 -0.05077475 -0.0205 -0.02624195 -0.05061507 -0.0205 -0.02644675 -0.05302166 -0.02249997 -0.02650296 -0.05314028 -0.0205 -0.02674669 -0.05355834 -0.0205 -0.02624195 -0.05244189 -0.02249997 -0.02615356 -0.05198276 -0.02249997 -0.02627968 -0.0525763 -0.0205 -0.02811795 -0.0547654 -0.0205 -0.0275945 -0.054443 -0.02249997 -0.02768117 -0.05450516 -0.02249997 -0.02721369 -0.05411845 -0.0205 -0.02713286 -0.05403679 -0.02249997 -0.02681726 -0.0536592 -0.02249997 -0.02937108 -0.0551337 -0.0205 -0.02990376 -0.05515015 -0.0205 -0.0292896 -0.0551241 -0.02249997 -0.02820658 -0.05480849 -0.02249997 -0.02877515 -0.05501997 -0.0205 -0.02868849 -0.05499458 -0.0205 -0.03110158 -0.05489206 -0.02249997 -0.03115469 -0.05487024 -0.0205 -0.0316506 -0.05461525 -0.0205 -0.0305137 -0.05507206 -0.02249997 -0.02997756 -0.05514639 -0.02249997 -0.03057777 -0.0550577 -0.02249997 -0.03169238 -0.05458915 -0.02249997 -0.0321756 -0.0542224 -0.0205 -0.0321449 -0.0542497 -0.02249997 -0.03259086 -0.05378019 -0.0205 -0.03257036 -0.05380576 -0.0205 -0.03291469 -0.05329638 -0.02249997 -0.03292655 -0.05327486 -0.02249997 -0.03317338 -0.05272066 -0.0205 -0.03316789 -0.0527361 -0.02249997 -0.03332418 -0.05213296 -0.0205 -0.03332287 -0.05214107 -0.02249997 -0.03141117 -0.04802757 -0.02249997 -0.03195118 -0.04833948 -0.0205 -0.03178167 -0.0482288 -0.0205 -0.02744579 -0.04841297 -0.02249997 -0.02781248 -0.04817265 -0.0205 -0.02800548 -0.0480684 -0.0205 -0.03231006 -0.04861968 -0.02249997 -0.03243428 -0.04873389 -0.02249997 -0.03284776 -0.04920059 -0.0205 -0.03276485 -0.0490942 -0.02249997 -0.03318107 -0.04972767 -0.0205 -0.03313285 -0.04963868 -0.0205 -0.03340357 -0.05023759 -0.02249997 -0.03342556 -0.05030137 -0.02249997 -0.03357475 -0.05090689 -0.0205 -0.03356927 -0.05087357 -0.02249997 -0.03362494 -0.05152845 -0.0205 -0.03362494 -0.05152845 -0.0205 -0.0311948 -0.04793286 -0.0205 -0.03056639 -0.04774045 -0.02249997 -0.03082805 -0.0478065 -0.02249997 -0.03021705 -0.04768174 -0.0205 -0.02991449 -0.04765695 -0.0205 -0.02925777 -0.04768484 -0.02249997 -0.029594 -0.04765665 -0.0205 -0.02861529 -0.04782336 -0.02249997 -0.02897489 -0.04773175 -0.02249997 -0.02837586 -0.04790526 -0.0205 -0.02621895 -0.04993236 -0.02249997 -0.02643549 -0.04952114 -0.0205 -0.0265395 -0.04935854 -0.0205 -0.02695238 -0.04884719 -0.02249997 -0.0268166 -0.04899644 -0.02249997 -0.02727997 -0.04854279 -0.02249997 -0.02587836 -0.05136615 -0.0205 -0.02588897 -0.05119985 -0.0205 -0.02588897 -0.05185705 -0.02249997 -0.02614706 -0.05010199 -0.0205 -0.02599996 -0.05055207 -0.02249997 -0.02595967 -0.05072289 -0.0205 -0.02621895 -0.05312454 -0.0205 -0.0265395 -0.05369836 -0.02249997 -0.02627909 -0.0532515 -0.0205 -0.02599996 -0.05250489 -0.02249997 -0.02604037 -0.05264848 -0.02249997 -0.02590554 -0.05201417 -0.0205 -0.02800548 -0.05498856 -0.02249997 -0.02753847 -0.05471044 -0.0205 -0.02744579 -0.05464398 -0.02249997 -0.02703875 -0.05429708 -0.02249997 -0.02661508 -0.05380618 -0.0205 -0.02695238 -0.05420976 -0.02249997 -0.02934497 -0.05538225 -0.0205 -0.02925777 -0.05537205 -0.0205 -0.02991449 -0.05539995 -0.02249997 -0.02810007 -0.05503469 -0.0205 -0.02861529 -0.05523365 -0.02249997 -0.02870786 -0.05526077 -0.0205 -0.0311948 -0.0551241 -0.0205 -0.03178167 -0.05482816 -0.02249997 -0.03125154 -0.05510067 -0.0205 -0.03056639 -0.05531644 -0.02249997 -0.03063488 -0.05530107 -0.02249997 -0.02999329 -0.0553959 -0.02249997 -0.03182625 -0.05480027 -0.0205 -0.03231006 -0.05443739 -0.02249997 -0.03234285 -0.05440819 -0.02249997 -0.03278678 -0.05393546 -0.0205 -0.03276485 -0.05396288 -0.0205 -0.03313285 -0.05341827 -0.02249997 -0.03314566 -0.05339527 -0.0205 -0.03340357 -0.05281937 -0.02249997 -0.03340947 -0.05280286 -0.02249997 -0.03357064 -0.05217468 -0.0205 -0.03356927 -0.05218338</float_array>
          <technique_common>
            <accessor source="#ID4-mesh-positions-array" count="4508" stride="3">
              <param name="X" type="float"/>
              <param name="Y" type="float"/>
              <param name="Z" type="float"/>
            </accessor>
          </technique_common>
        </source>
        <source id="ID4-mesh-normals">
          <float_array id="ID4-mesh-normals-array" count="9267">0 -0.9863617 -0.1645925 0 -1 -1.30311e-5 0 -1 -1.37463e-5 0 -0.7891446 -0.6142074 0 -0.8794717 -0.4759515 0 -0.8794729 -0.4759489 0 -0.9458128 -0.3247126 0 -0.9863621 -0.1645904 0 -0.9458135 -0.3247106 0 -0.5469493 -0.8371658 0 -0.401691 -0.9157754 0 -0.5469469 -0.8371673 0 -0.7891465 -0.6142051 0 -0.6772822 -0.7357233 0 -0.6772804 -0.7357251 0 -0.08258771 -0.9965838 0 -0.08259099 -0.9965836 0 0.08259099 -0.9965836 0 -0.2454879 -0.9693998 0 -0.4016939 -0.9157741 0 -0.2454909 -0.9693989 0 0.5469495 -0.8371657 0 0.4016941 -0.9157739 0 0.4016909 -0.9157754 0 0.2454878 -0.9693998 0 0.2454909 -0.9693989 0 0.08258771 -0.9965838 0 0.7891447 -0.6142075 0 0.7891465 -0.6142051 0 0.6772804 -0.7357251 0 0.5469468 -0.8371675 0 0.6772823 -0.7357233 0 0.879473 -0.4759488 0 0.8794716 -0.4759515 0 0.9458127 -0.3247128 0 0.9458135 -0.3247105 0 0.9863617 -0.1645926 0 0.9863621 -0.1645903 0 1 -1.37463e-5 0 1 -1.30311e-5 0 0.986361 0.1645964 -3.96229e-6 1 3.59043e-5 3.94359e-6 1 3.43621e-5 0 0.7891396 0.6142139 0 0.8794769 0.4759419 0 0.879475 0.4759453 0 0.9458183 0.3246966 0 0.9458195 0.3246929 0 0.9863614 0.164594 0 0.5469442 0.8371692 0 0.5469415 0.8371708 0 0.4016961 0.915773 0 0.7891417 0.6142114 0 0.677276 0.735729 0 0.6772783 0.7357269 0 0.08257341 0.996585 0 -0.08257669 0.9965847 0 0.08257663 0.9965847 0 0.2454847 0.9694005 0 0.2454878 0.9693998 0 0.401699 0.9157718 0 -0.5469443 0.8371691 0 -0.401696 0.9157731 0 -0.4016992 0.9157717 0 -0.2454846 0.9694005 0 -0.08257341 0.996585 0 -0.2454878 0.9693998 0 -0.7891396 0.614214 0 -0.677276 0.735729 0 -0.7891416 0.6142113 0 -0.5469413 0.837171 0 -0.6772784 0.7357268 0 -0.8794769 0.4759418 0 -0.8794749 0.4759454 0 -0.9458196 0.3246928 0 -0.9458183 0.3246966 0 -0.986361 0.1645965 0 -0.9863615 0.1645939 3.96229e-6 -1 3.58894e-5 -3.94359e-6 -1 3.44068e-5 0 1 0 0 -1 0 0 1 0 1 0 0 1 0 0 1 7.21897e-6 0 1 -7.12047e-6 0 1 -4.41139e-6 0 1 -1.26549e-7 0 1 2.04557e-6 0 1 -2.51748e-6 0 1 -3.09465e-7 0 1 1.38353e-7 0 1 1.20754e-6 0 -1 0 0 -1 -1.38589e-6 0 -1 -1.38589e-6 0 -1 6.92947e-7 0 0 -0.4999867 -0.8660331 0 -0.499985 -0.866034 0 -0.8660188 0.5000115 0 -0.8660196 0.5000101 0 0.4999874 0.8660327 0 0.4999875 0.8660326 0 -0.8660336 0.4999859 0 0.5000086 0.8660206 0 0.5000117 0.8660186 0 0.8660336 -0.4999859 0 0.4999877 0.8660326 0 0.499985 0.866034 0 0.8660178 -0.5000132 0 0.8660196 -0.5000101 0 -0.4999877 -0.8660326 0 0.8660195 -0.5000103 0 0.866019 -0.5000112 0 -0.4999615 -0.8660476 0 -0.4999614 -0.8660478 0 -0.8660326 0.4999875 -1 1.66191e-6 0 -1 -3.65725e-6 0 -1 3.60538e-7 0 -1 2.68927e-6 0 -1 9.21651e-6 0 -1 -2.21676e-6 0 -1 -5.40396e-7 0 -1 4.64759e-6 0 -1 5.67241e-6 0 -1 -2.93851e-6 0 -1 -5.66617e-6 0 -1 -2.65033e-6 0 -1 -5.13653e-6 0 -1 -6.11804e-6 0 -1 2.99179e-6 0 -1 -8.68814e-6 0 -1 -8.08475e-7 0 -1 1.3859e-6 0 0 -0.4999859 0.8660336 0 -0.4999868 0.866033 0 0.8660178 0.5000132 0 0.8660196 0.5000101 0 0.4999859 -0.8660336 0 0.4999868 -0.866033 0 0.8660336 0.4999859 0 0.5000117 -0.8660186 0 0.5000086 -0.8660206 0 -0.8660336 -0.4999859 0 0.4999883 -0.8660321 0 0.4999866 -0.8660331 0 -0.8660188 -0.5000115 0 -0.8660196 -0.5000101 0 -0.4999859 0.8660336 0 -0.8660326 -0.4999875 0 -0.4999605 0.8660482 0 -0.4999625 0.8660472 0 0.8660195 0.5000103 0 0.866019 0.5000112 -1 -9.9293e-6 0 -1 -4.87634e-6 0 -1 4.19451e-6 0 -1 1.43672e-6 0 -1 -2.56827e-6 0 -1 5.18608e-6 0 -1 2.01697e-6 0 -1 3.19073e-6 0 -1 2.15601e-6 0 -1 6.19679e-6 0 -1 7.32493e-7 0 -1 0 0 -1 0 0 -1 1.38589e-6 0 -1 -1.3859e-6 0 0 -0.86602 -0.5000096 0 -0.8660175 -0.5000138 0 -0.5000117 0.8660186 0 -0.5000086 0.8660206 0 -0.4999883 0.8660321 0 -0.4999866 0.8660331 0 0.86602 0.5000096 0 0.8660185 0.5000119 0 0.4999859 -0.8660336 0 0.8660326 0.4999875 0 0.4999605 -0.8660482 0 0.4999625 -0.8660472 0 -0.8660195 -0.5000103 0 -0.866019 -0.5000112 -1 2.5632e-6 0 -1 -2.93863e-6 0 -1 -2.09035e-6 0 -1 -2.52896e-6 0 -1 5.40881e-6 0 -1 5.64857e-6 0 -1 -2.17185e-6 0 -1 5.93915e-7 0 -1 5.55235e-7 0 -1 5.91387e-6 0 -1 -5.93951e-7 0 -1 -2.54112e-6 0 -1 3.32457e-7 0 -1 -2.15601e-6 0 -1 2.80018e-6 0 -1 -2.81212e-6 0 -1 2.96817e-6 0 -1 2.53824e-6 0 -1 6.95376e-7 0 -1 5.79099e-6 0 -1 2.9533e-6 0 -1 -5.41224e-7 0 -1 1.47201e-6 0 0 0 1 0 0 -1 -1 -1.48467e-6 0 -1 1.11119e-5 0 -1 -2.9688e-6 0 -1 -5.5543e-6 0 -1 -2.77716e-6 0 -1 -2.77741e-6 0 -1 2.77728e-6 0 -1 1.18735e-5 0 -1 5.55457e-6 0 -1 2.08287e-6 0 -1 2.77827e-6 0 -1 -4.16657e-6 0 -1 1.18762e-5 0 -1 2.77833e-6 0 -1 -2.77731e-6 0 -1 -5.55414e-6 0 -1 -5.55512e-6 0 -1 -5.55543e-6 0 -1 -2.96926e-6 0 -1 -2.96828e-6 0 -1 -9.72147e-6 0 -1 -1.38889e-6 0 -1 -2.77691e-6 0 -1 2.77685e-6 0 -1 2.77731e-6 0 -1 -5.55469e-6 0 -1 2.96933e-6 0 -1 2.96891e-6 0 -1 2.96905e-6 0 -1 6.24958e-6 0 -1 -6.681e-6 0 -1 -1.48468e-6 0 -1 1.11121e-5 0 -1 -5.55431e-6 0 -1 -2.77728e-6 0 -1 -2.77753e-6 0 -1 1.18733e-5 0 -1 2.77802e-6 0 -1 5.55432e-6 0 -1 -4.16523e-6 0 -1 2.77815e-6 0 -1 -5.55426e-6 0 -1 -5.555e-6 0 -1 -5.55519e-6 0 -1 -2.96912e-6 0 -1 -9.72168e-6 0 -1 -2.77688e-6 0 -1 2.77688e-6 0 -1 -5.55472e-6 0 -1 2.96884e-6 0 -1 2.96898e-6 0 -1 6.24972e-6 0 -1 -6.68092e-6 0 -1 8.08475e-7 0 -1 1.38589e-6 0 -1 -6.92947e-7 0 -1 6.92943e-7 0 0 0.4999867 0.8660331 0 0.86602 -0.5000096 0 0.8660185 -0.5000119 0 -0.4999874 -0.8660327 0 -0.4999875 -0.8660326 0 -0.5000086 -0.8660206 0 -0.5000117 -0.8660186 0 -0.86602 0.5000096 0 -0.8660175 0.5000138 0 -0.8660195 0.5000103 0 -0.866019 0.5000112 0 0.4999615 0.8660476 0 0.4999614 0.8660478 0 0.8660326 -0.4999875 -1 -5.62968e-6 0 -1 -6.25493e-6 0 -1 -1.46367e-6 0 -1 -6.01888e-6 0 -1 -1.1259e-5 0 -1 -2.63269e-6 0 -1 3.00886e-6 0 -1 2.25654e-6 0 -1 6.01801e-6 0 -1 5.63088e-6 0 -1 -1.20393e-5 0 -1 -3.00864e-6 0 -1 2.92617e-6 0 -1 -1.20362e-5 0 -1 5.8511e-6 0 -1 5.63076e-6 0 -1 -1.20372e-5 0 -1 -1.20318e-5 0 -1 2.46304e-6 0 -1 2.81474e-6 0 -1 -2.81541e-6 0 -1 8.44433e-6 0 -1 -5.63025e-6 0 -1 -3.00929e-6 0 -1 -1.12843e-6 0 -1 6.01757e-6 0 -1 -1.2036e-5 0 -1 -2.81452e-6 0 -1 5.85405e-6 0 -1 4.38827e-6 0 -1 2.92689e-6 0 -1 5.85343e-6 0 -1 -5.85302e-6 0 -1 5.85185e-6 0 -1 5.85307e-6 0 -1 7.82032e-7 0 -1 -2.92576e-6 0 -1 -3.12758e-6 0 -1 1.51238e-6 0 -1 -5.93859e-6 0 -1 8.32827e-7 0 -1 -9.60433e-6 0 -1 5.47645e-6 0 -1 -1.43411e-6 0 -1 2.86822e-6 0 -1 1.28841e-6 0 -1 -1.43715e-6 0 -1 5.93855e-6 0 -1 -5.47648e-6 0 -1 4.80222e-6 0 -1 9.60445e-6 0 -1 -2.86822e-6 0 -1 1.43715e-6 0 -1 -8.32825e-7 0 -1 -3.7114e-6 0 -1 -2.96911e-6 0 -1 5.9379e-6 0 -1 -5.55489e-6 0 -1 -2.77764e-6 0 -1 -8.90785e-6 0 -1 1.38882e-6 0 -1 -1.18765e-5 0 -1 -2.77746e-6 0 -1 -1.11113e-5 0 -1 -2.77755e-6 0 -1 2.77778e-6 0 -1 2.08302e-6 0 -1 8.33454e-6 0 -1 -5.93813e-6 0 -1 -5.55548e-6 0 -1 2.77766e-6 0 -1 -5.55518e-6 0 -1 -1.48471e-6 0 -1 -1.48457e-6 0 -1 2.9688e-6 0 -1 -5.93822e-6 0 -1 1.18758e-5 0 -1 -1.18771e-5 0 -1 -7.63837e-6 0 -1 -3.47195e-6 0 -1 5.55597e-6 0 -1 5.55441e-6 0 -1 5.55556e-6 0 -1 -5.55548e-6 0 -1 4.45355e-6 0 -1 -1.4847e-6 0 -1 2.96921e-6 0 -1 -1.18763e-5 0 -1 -2.08313e-6 0 -1 2.22688e-6 0 -1 -1.34513e-6 0 -1 1.11047e-6 0 -1 2.83579e-6 0 -1 4.38704e-6 0 -1 -1.40606e-6 0 -1 -1.15859e-6 0 -1 -1.48125e-6 0 -1 -2.87707e-6 0 -1 2.94402e-6 0 -1 5.64855e-6 0 -1 -5.55417e-6 0 -1 -5.55506e-6 0 -1 -5.55432e-6 0 -1 1.18734e-5 0 -1 5.55469e-6 0 -1 2.77716e-6 0 -1 -1.11102e-5 0 -1 -4.16537e-6 0 -1 1.18759e-5 0 -1 -2.77824e-6 0 -1 -5.55503e-6 0 -1 -2.96933e-6 0 -1 2.9694e-6 0 -1 -9.72157e-6 0 -1 -1.3889e-6 0 -1 -2.77685e-6 0 -1 2.77691e-6 0 -1 2.77725e-6 0 -1 -5.55444e-6 0 -1 2.96926e-6 0 -1 6.24979e-6 0 -1 5.19627e-6 0 -1 -1.67102e-6 0 -1 2.83931e-6 0 -1 9.18572e-6 0 -1 -2.63979e-6 0 -1 -1.78309e-6 0 -1 -1.53772e-6 0 -1 2.89728e-6 0 -1 -5.27959e-6 0 -1 5.85757e-6 0 -1 -4.94805e-6 0 -1 2.21698e-6 0 -1 -5.32147e-6 0 -1 1.09062e-6 0 -1 1.59346e-6 0 -1 5.67862e-6 0 -1 -5.84351e-6 0 -1 3.6216e-6 0 -1 -3.71152e-6 0 -1 -2.96909e-6 0 -1 5.93783e-6 0 -1 -5.55486e-6 0 -1 -2.77751e-6 0 -1 -8.90783e-6 0 -1 1.38881e-6 0 -1 -1.18768e-5 0 -1 -1.11115e-5 0 -1 -2.77756e-6 0 -1 2.77776e-6 0 -1 2.08304e-6 0 -1 -5.93818e-6 0 -1 -5.55549e-6 0 -1 -1.4844e-6 0 -1 -1.4848e-6 0 -1 1.18757e-5 0 -1 -1.18771e-5 0 -1 -7.6386e-6 0 -1 -3.47206e-6 0 -1 5.55589e-6 0 -1 5.55436e-6 0 -1 5.55553e-6 0 -1 -5.55549e-6 0 -1 4.45434e-6 0 -1 -1.48448e-6 0 -1 2.96919e-6 0 -1 -1.18764e-5 0 -1 -2.08316e-6 0 -1 2.22691e-6 0 -1 -7.88195e-7 0 -1 4.10936e-7 0 -1 8.21608e-7 0 -1 -4.11496e-7 0 -1 -4.10517e-7 0 -1 3.93577e-7 0 -1 1.57095e-6 0 -1 -5.17634e-7 0 -1 -4.11651e-7 0 -1 8.20732e-7 0 -1 -8.21328e-7 0 -1 8.23223e-7 0 -1 -3.1365e-6 0 -1 -3.13935e-6 0 -1 3.1419e-6 0 -1 -3.14499e-6 0 -1 6.79669e-7 0 -1 -8.21328e-7 0 -1 -1.56967e-6 0 -1 3.13732e-6 0 -1 -3.08791e-7 0 -1 4.11708e-7 0 -1 -1.95906e-7 0 -1 -9.57603e-6 0 -1 4.6749e-6 0 -1 -3.61139e-6 0 1 6.16842e-5 0 1 -6.54354e-6 0 1 -9.3498e-6 0 1 2.64835e-5 0 1 -1.01442e-5 0 -1 2.60486e-6 0 -1 1.44019e-5 0 -1 -9.9282e-6 0 -1 -9.48481e-6 0 -1 1.10513e-5 0 -1 -9.34917e-7 0 -1 6.00603e-6 0 -1 -8.28849e-6 0 -1 1.05551e-5 0 -1 -2.88038e-5 0 -1 6.6188e-6 0 -1 8.29921e-6 0 -1 -4.76832e-6 0 -1 -5.60207e-6 0 -1 5.60207e-6 0 -1 -1.38142e-6 0 -1 4.76832e-6 0 -1 -6.00603e-6 0 -1 0 0 -1 5.74123e-7 0 -1 5.69562e-7 0 -1 2.86268e-7 0 -1 -1.42925e-7 0 -1 2.14332e-7 0 -1 1.42216e-7 0 -1 6.51085e-7 0 -1 -2.86748e-7 0 -1 4.18273e-7 0 -1 3.48222e-7 0 -1 -5.71001e-7 0 -1 5.72178e-7 0 -1 -2.848e-7 0 -1 -1.11156e-6 0 -1 -5.70714e-7 0 -1 2.13978e-7 0 -1 -2.86027e-7 0 -1 5.7164e-7 0 -1 -2.84906e-7 0 -1 5.73925e-7 0 -1 -5.69563e-7 0 -1 -1.42752e-7 0 -1 5.69497e-7 0 -1 -5.76647e-7 0 -1 2.85744e-7 0 -1 3.48224e-7 0 -1 5.58733e-7 0 -1 5.60335e-7 0 -1 5.59778e-7 0 -1 -1.39124e-7 0 -1 5.78491e-7 0 -1 -5.72185e-7 0 -1 5.03498e-7 0 -1 0 0 -1 1.44203e-7 0 -1 1.4321e-7 0 -1 -4.31523e-7 0 -1 -2.85918e-7 0 -1 5.59597e-7 0 -1 -5.63305e-7 0 -1 -2.81886e-7 0 -1 2.82032e-7 0 -1 3.50859e-7 0 -1 3.52574e-7 0 -1 2.8194e-7 0 -1 2.80626e-7 0 -1 5.62892e-7 0 -1 -5.62122e-7 0 -1 5.59776e-7 0 -1 1.11474e-6 0 -1 3.97636e-7 0 -1 -3.60295e-7 0 -1 -3.60541e-7 0 -1 -4.31141e-7 0 -1 2.8778e-7 0 -1 4.30068e-7 0 -1 -2.87221e-7 0 -1 -2.86095e-7 0 -1 5.61032e-7 0 -1 5.61581e-7 0 -1 -2.81224e-7 0 -1 -2.8097e-7 0 -1 1.40843e-7 0 -1 -4.21619e-7 0 -1 0 0 -1 2.80996e-7 0 -1 2.81806e-7 0 -1 -2.80835e-7 0 -1 5.63472e-7 0 -1 -2.80577e-7 0 -1 -5.63152e-7 0 -1 -5.62668e-7 0 -1 -5.59628e-7 0 -1 5.58599e-7 0 -1 5.57419e-7 0 -1 -4.88584e-7 0 -1 4.89295e-7 0 -1 6.16425e-7 0 -1 -1.53423e-7 0 -1 6.15196e-7 0 -1 0 0 -1 -1.51939e-7 0 -1 -3.04516e-7 0 -1 0 0 -1 6.21245e-7 0 -1 -3.08078e-7 0 -1 3.08806e-7 0 -1 6.14744e-7 0 -1 0 0 -1 6.1754e-7 0 -1 6.14165e-7 0 -1 0 0 -1 -4.57229e-7 0 -1 3.0684e-7 0 -1 3.06666e-7 0 -1 -6.26281e-7 0 -1 -6.2461e-7 0 -1 -3.02664e-7 0 -1 6.13684e-7 0 -1 6.17727e-7 0 -1 -6.15762e-7 0 -1 -6.20433e-7 0 -1 -6.15471e-7 0 -1 0 0 -1 6.1758e-7 0 -1 6.15039e-7 0 -1 0 0 -1 6.15582e-7 0 -1 6.18661e-7 0 -1 -6.17725e-7 0 -1 -6.18194e-7 0 -1 -6.14379e-7 0 -1 6.17855e-7 0 -1 -6.13512e-7 0 -1 6.16404e-7 0 -1 -6.11851e-7 0 -1 -3.05505e-7 0 -1 -3.06367e-7 0 -1 -1.52643e-7 0 -1 1.90172e-7 0 -1 0 0 -1 6.20646e-7 0 -1 -6.16672e-7 0 -1 -1.23118e-6 0 -1 -6.12064e-7 0 -1 3.05518e-7 0 -1 1.51671e-7 0 -1 -3.04723e-7 0 -1 1.89108e-7 0 -1 -2.09141e-7 0 -1 3.0176e-7 0 -1 -1.51795e-7 0 -1 6.01785e-7 0 -1 6.2028e-7 0 -1 -6.18453e-7 0 -1 -6.16888e-7 0 -1 6.18557e-7 0 -1 -6.145e-7 0 -1 -6.15569e-7 0 -1 -1.23611e-6 0 1 -2.02711e-7 0 1 -2.0198e-7 0 1 2.01738e-7 0 1 6.06301e-7 0 1 3.01674e-7 0 1 -2.90641e-7 0 1 4.40847e-7 0 1 3.29539e-7 0 1 1.52147e-7 0 1 4.41519e-7 0 1 0 0 1 4.41609e-7 0 1 -2.02685e-7 0 1 2.02074e-7 0 1 0 0 1 4.07243e-7 0 1 -4.06401e-7 0 1 -2.03383e-7 0 1 2.20445e-7 0 1 0 0 1 9.54275e-7 0 1 -8.10166e-7 0 1 0 0 1 5.15595e-7 0 1 -8.10687e-7 0 1 2.19916e-7 0 1 -2.20943e-7 0 1 -8.14619e-7 0 1 4.17788e-7 0 1 9.52264e-7 0 1 2.206e-7 0 1 3.55627e-7 0 1 -4.41934e-7 0 1 -2.20329e-7 0 1 0 0 1 0 0 1 0 0 1 -2.19762e-7 0 1 2.20226e-7 0 1 0 0 1 -3.05478e-7 0 1 0 0 1 -1.19697e-7 0 1 4.7648e-7 0 1 0 0 1 3.30257e-7 0 1 -2.02529e-7 0 1 2.03251e-7 0 1 -2.0417e-7 0 1 -1.3221e-7 0 1 -4.03306e-7 0 1 0 0 1 -3.29672e-7 0 1 -4.40042e-7 0 1 0 0 1 4.0798e-7 0 1 -4.06161e-7 0 1 2.20548e-7 0 1 -2.53896e-7 0 1 -5.02033e-5 0 1 -6.31659e-6 0 1 -2.03364e-7 0 1 -1.17743e-5 0 1 -2.51228e-5 0 1 -1.25556e-5 0 1 -1.25638e-5 0 1 1.26314e-5 0 1 1.57838e-6 0 1 1.57037e-6 0 1 -1.57949e-6 0 1 -1.56943e-6 0 1 2.51193e-5 0 1 1.26355e-5 0 1 1.89491e-5 0 1 -2.52634e-5 0 1 1.22333e-5 0 1 5.04905e-5 0 1 -1.65874e-7 0 1 -2.20642e-7 0 1 2.02746e-7 0 1 2.04188e-7 0 1 0 0 1 0 0 1 0 0 1 -2.03316e-7 0 1 -2.031e-7 0 1 4.38849e-7 0 1 8.83627e-7 0 1 0 0 1 -3.29083e-7 0 1 0 0 -1 -7.39665e-7 0 -1 -1.08033e-6 0 -1 0 0 -1 1.20125e-6 0 -1 -3.96426e-7 0 -1 0 0 -1 -6.66311e-7 0 -1 1.09486e-6 0 -1 2.64739e-7 0 -1 0 0 -1 -8.81972e-7 0 -1 5.17162e-6 0 -1 -4.88387e-7 0 -1 3.70468e-6 0 -1 -9.89061e-6 0 -1 -1.15326e-6 0 -1 -1.69036e-7 0 -1 -3.68723e-7 0 -1 -5.26537e-6 0 -1 -1.10152e-6 0 -1 5.35886e-6 0 -1 2.35433e-7 0 -1 -1.07415e-5 0 -1 1.33577e-7 0 -1 -5.87149e-7 0 -1 -4.93995e-6 0 -1 -4.43441e-7 0 -1 2.92084e-7 0 -1 1.35206e-7 0 -1 -3.67104e-7 0 -1 -1.13002e-6 0 -1 4.01133e-7 0 -1 -6.04657e-6 0 -1 4.31228e-6 0 -1 0 0 -1 2.80927e-7 0 -1 -1.39222e-7 0 -1 -1.28967e-7 0 -1 4.56521e-6 0 -1 -4.98621e-7 0 -1 1.20901e-7 0 -1 6.80794e-7 0 -1 -3.19523e-6 0 -1 3.26907e-6 0 -1 9.18777e-7 0 -1 -7.37629e-6 0 -1 7.0714e-6 0 -1 5.77517e-7 0 -1 5.08559e-7 0 -1 0 0 -1 -4.2362e-7 0 -1 8.31448e-7 0 -1 -4.57098e-7 0 -1 1.93517e-6 0 -1 -5.91989e-6 0 -1 1.10845e-6 0 -1 -6.05102e-7 0 -1 -4.36357e-6 0 -1 8.41383e-7 0 -1 -7.96696e-7 0 -1 -5.49673e-7 0 -1 -1.31166e-6 0 -1 0 0 -1 6.12229e-7 0 -1 5.47037e-6 0 -1 -1.00042e-6 0 -1 -4.06169e-6 0 -1 -4.88533e-7 0 -1 -1.73497e-6 0 -1 -1.00772e-6 0 -1 9.34833e-6 0 -1 -7.07005e-6 0 -1 3.68361e-6 0 -1 -1.5012e-6 0 -1 -3.1991e-6 0 -1 -5.48855e-7 0 -1 -1.85178e-6 0 -1 6.55387e-6 0 -1 -3.0115e-7 0 -1 3.62114e-6 0 -1 1.82203e-7 0 -1 -3.31115e-7 0 -1 1.11111e-6 0 -1 -1.38868e-6 0 -1 0 0 -1 8.31842e-7 0 -1 3.89341e-6 0 -1 8.08616e-7 0 -1 1.53652e-7 0 -1 8.76176e-7 0 -1 -1.35912e-6 0 -1 7.35569e-6 0 -1 2.739e-6 0 -1 1.14465e-6 0 -1 -5.76674e-6 0 -1 -8.96967e-7 0 -1 -2.22861e-6 0 -1 -1.25767e-6 0 -1 1.87176e-6 0 -1 2.32781e-6 0 -1 6.22945e-6 0 -1 -2.97148e-6 0 -1 -5.7682e-6 0 -1 7.35817e-6 0 -1 -9.98198e-6 0 -1 0 0 -1 -1.75083e-7 0 -1 0 0 -1 5.62008e-6 0 -1 2.43726e-7 0 -1 -3.32199e-6 0 -1 4.9583e-7 0 -1 -1.73707e-7 0 -1 -1.2936e-6 0 -1 2.04704e-6 0 -1 -1.09445e-6 0 -1 7.94996e-7 0 -1 8.4851e-7 0 -1 -5.90982e-6 0 -1 -4.38304e-6 0 -1 -4.46094e-6 0 -1 2.85374e-6 0 -1 -5.17261e-6 0 -1 -4.69306e-7 0 -1 6.43591e-7 0 -1 -2.55402e-6 0 -1 -3.41273e-7 0 -1 0 0 -1 -3.35424e-7 0 -1 0 0 -1 3.12204e-7 0 -1 -7.01611e-6 0 -1 1.11033e-5 0 -1 8.87197e-7 0 -1 -2.82023e-6 0 -1 7.44989e-6 0 -1 8.25499e-7 0 -1 3.74656e-6 0 -1 9.54197e-7 0 -1 -3.68879e-6 0 -1 -1.36007e-5 0 -1 1.59848e-6 0 -1 5.48386e-6 0 -1 9.6239e-7 0 -1 -3.84004e-6 0 -1 7.49719e-6 0 -1 -4.12382e-6 0 -1 6.05833e-7 0 -1 -5.3892e-6 0 -1 -2.49918e-7 0 -1 -4.1928e-7 0 -1 -7.09246e-7 0 -1 -8.31988e-7 0 -1 1.69507e-6 0 -1 -1.2676e-6 0 -1 3.59325e-6 0 -1 3.73246e-7 0 -1 4.89982e-7 0 -1 4.35631e-7 0 -1 -4.9813e-6 0 -1 6.69192e-7 0 -1 -5.41908e-6 0 -1 -2.45346e-7 0 -1 2.25961e-6 0 -1 2.45329e-7 0 -1 0 0 -1 -1.12796e-6 0 -1 7.0001e-7 0 -1 0 0 -1 -3.41214e-6 0 -1 -1.60194e-7 0 -1 -3.34121e-7 0 -1 1.35847e-7 0 -1 -5.23755e-6 0 -1 1.33522e-7 0 -1 7.13554e-7 0 -1 1.35126e-7 0 -1 -1.83276e-7 0 -1 1.42053e-7 0 -1 6.63098e-7 0 1 2.07815e-7 0 1 8.29458e-7 0 1 4.15043e-7 0 1 1.03779e-6 0 1 2.07925e-7 0 1 3.37845e-7 0 1 7.90502e-7 0 1 -5.65613e-7 0 1 -1.44015e-6 0 1 1.39022e-6 0 1 9.24954e-7 0 1 -3.37872e-7 0 1 -2.07687e-7 0 1 -8.31548e-7 0 1 -6.75512e-7 0 1 1.68794e-7 0 1 -7.59796e-7 0 1 -5.48646e-7 0 1 8.33962e-7 0 1 5.48665e-7 0 1 -1.66791e-6 0 1 -8.32097e-7 0 1 1.35041e-6 0 1 -8.34409e-7 0 1 1.35103e-6 0 1 -4.15678e-7 0 1 -3.3785e-7 0 1 -3.3788e-7 0 1 4.16658e-7 0 1 2.08678e-7 0 1 0 0 1 -1.85922e-7 0 1 0 0 1 1.44522e-6 0 1 0 0 1 -1.23327e-6 0 0 0.2809658 0.9597178 0 0.3707294 0.928741 0 0.370729 0.9287411 -7.93258e-6 -4.40535e-5 1 1.98779e-4 0.09497117 0.99548 3.26038e-4 0.09460353 0.995515 -1.48036e-4 0.1888746 0.9820013 -9.48503e-5 0.2809464 0.9597235 -7.74272e-5 0.188704 0.982034 1.48695e-4 -0.1888746 0.9820013 9.48503e-5 -0.2809474 0.9597232 1.10542e-4 -0.1886727 0.9820401 7.86627e-6 4.37094e-5 1 -1.98849e-4 -0.09497123 0.99548 -3.26038e-4 -0.09460383 0.9955151 0 -0.370727 0.928742 0 -0.2809661 0.9597177 0 -0.3707266 0.9287421 1 3.19191e-7 0 1 -4.02789e-7 0 1 4.95301e-7 0 1 -2.69501e-7 0 1 2.7385e-7 0 1 7.06309e-7 0 1 7.14072e-7 0 1 -7.10109e-7 0 1 -1.40959e-6 0 1 1.41326e-6 0 1 -1.32299e-7 0 1 6.19995e-7 0 1 -5.34532e-7 0 1 1.42014e-6 0 1 -1.38034e-6 0 1 -6.91799e-7 0 1 1.41542e-6 0 1 7.32806e-7 0 1 -7.05563e-7 0 1 7.08268e-7 0 1 1.42507e-6 0 1 -3.41846e-7 0 1 5.15181e-7 0 1 1.37924e-6 0 1 0 0 1 -1.41351e-6 0 1 1.41045e-6 0 1 -7.04381e-7 0 1 -7.06007e-7 0 1 1.38184e-6 0 1 -7.12448e-7 0 1 3.56489e-7 0 1 -6.83748e-7 0 1 1.37255e-6 0 1 6.85397e-7 0 1 -6.89616e-7 0 1 6.86893e-7 0 1 -6.90764e-7 0 1 1.3816e-6 0 1 -1.38383e-6 0 1 1.41494e-6 0 1 -3.42201e-7 0 1 -6.8253e-7 0 1 3.4261e-7 0 1 5.16261e-7 0 1 -6.89015e-7 0 1 7.7507e-7 0 1 -2.16218e-7 0 1 1.29268e-7 0 1 -4.33507e-7 0 1 6.92707e-7 0 1 -1.38314e-6 0 0.6266387 0.1153674 -0.7707234 0.626537 0.09602099 -0.7734542 0.6266045 0.1593573 -0.762871 0.6265934 0.2215661 -0.7471876 0.6265949 0.2647963 -0.7329815 0.6265987 0.1910367 -0.7555654 0.6266037 -0.1153739 -0.7707507 0.6264937 -0.09601294 -0.7734904 0.6266315 -0.03856396 -0.778361 0.6266005 0.0320338 -0.7786821 0.6266212 0.03857755 -0.7783686 0.62662 -0.1910302 -0.7555495 0.6265938 -0.221566 -0.7471873 0.6265332 -0.159357 -0.7629296 0.6265946 -0.2647965 -0.7329816 0.6266046 -0.03201025 -0.7786797 0.6265842 0.2719554 0.7303647 0.6265853 0.2220467 0.7470516 0.6266131 0.2928389 0.7222198 0.6265941 -0.2663459 -0.7324205 0.6266086 -0.2884206 -0.7239995 0.6265934 -0.2228794 -0.7467969 0.6265825 0.2058768 0.751671 0.6266452 0.1491608 0.7648967 0.6265926 0.3609364 0.6907291 0.6265635 0.3358829 0.7032787 0.6265823 0.4552329 0.6325802 0.626614 0.4256713 0.6528085 0.6266323 0.4864582 0.6088435 0.6265626 0.3971406 0.6705959 0.6265892 0.5097188 0.5895531 0.6266009 0.5601552 0.5418465 0.6266652 0.5939882 0.5044491 0.6265571 0.6061891 0.4898583 0.6266091 0.5427635 0.5592575 0.6265586 0.6473805 0.4339618 0.6266326 0.6795902 0.38143 0.6264785 0.6835318 0.3745785 0.6266165 0.639775 0.4450166 0.6266927 0.7130795 0.3142833 0.6265518 0.773554 -0.09511607 0.626605 0.7690479 -0.1262206 0.6265933 0.761988 -0.1635703 0.6266225 0.7389402 0.2476119 0.6265984 0.7140693 0.3122174 0.626592 0.7400675 0.2443001 0.6266721 0.7600591 0.1720241 0.626497 0.7581602 0.1808165 0.6266183 0.7788963 -0.02588945 0.6266041 0.7776218 -0.05168747 0.6266626 0.7730885 0.09812408 0.6265016 0.7712411 0.1126183 0.6265103 0.7781967 0.04352992 0.6266252 0.7789716 0.02332788 0.62658 0.7533664 -0.1995907 0.6265975 0.7444048 -0.2307319 0.6266098 0.7306622 -0.2710958 0.6266184 0.7012032 -0.3400933 0.6265678 0.7209371 -0.2960786 0.6265755 0.1381673 0.7670157 0.6265736 0.6917231 -0.359061 0.6265768 0.6570209 -0.4191958 0.6265618 0.6652912 -0.4059656 0.6266064 0.623143 -0.4680357 0.6265471 0.6171119 -0.4760374 0.6266059 0.5752513 -0.5257861 0.6264449 0.5721247 -0.5293772 0.626787 0.5218257 -0.5786502 0.6267578 0.5227052 -0.5778875 0.6265958 0.4639763 -0.6261819 0.6266192 0.4695228 -0.6220102 0.6264218 0.4122967 -0.6615188 0.6266249 0.4016086 -0.6678712 0.6266098 0.351709 -0.6954575 0.6266006 0.335531 -0.7034136 0.6265936 0.2663461 -0.7324208 0.6265821 0.288434 -0.7240171 0.6265934 0.2228794 -0.7467969 0.626669 0.07485258 0.7756823 0.6266431 0.06898331 0.7762473 0.6268302 4.24669e-4 0.7791558 0.6265537 -1.21815e-5 0.7793783 0.6263557 -0.06904858 0.7764734 0.6266385 -0.07492876 0.7756997 0.6265971 -0.1491816 0.764932 0.6264847 -0.1381212 0.7670981 0.6265795 -0.2058742 0.7516741 0.6265712 -0.2220476 0.7470632 0.6266114 -0.2719512 0.7303429 0.6265915 -0.2928476 0.722235 0.6266003 -0.360934 0.6907234 0.6266219 -0.3358649 0.7032353 0.626511 -0.3971477 0.6706399 0.6266143 -0.425673 0.6528071 0.6265545 -0.4552422 0.6326011 0.6265914 -0.4864821 0.6088665 0.6265676 -0.5427855 0.5592827 0.6266153 -0.5097057 0.5895366 0.6265428 -0.5601883 0.5418795 0.626622 -0.5940199 0.5044654 0.6265798 -0.6061679 0.4898554 0.6266007 -0.6397858 0.4450232 0.6266241 -0.6796023 0.3814226 0.6265546 -0.6473737 0.4339779 0.6264727 -0.6834964 0.3746528 0.6265563 -0.7131641 0.3143632 0.6266378 -0.7139889 0.3123221 0.626597 -0.7389915 0.2475233 0.6266518 -0.7400168 0.2443004 0.6265348 -0.7581226 0.1808436 0.6264942 -0.771241 0.1126603 0.6266512 -0.7600825 0.1719976 0.6265429 -0.7781693 0.04354679 0.6266484 -0.7731008 0.09811705 0.6266198 -0.7789761 0.02332115 0.6265769 -0.7789296 -0.02588814 0.6266124 -0.7735059 -0.09510904 0.6266146 -0.7776134 -0.05168861 0.6265759 -0.762002 -0.1635711 0.6266079 -0.7690452 -0.1262224 0.6266017 -0.7533498 -0.199586 0.6265729 -0.7444243 -0.2307357 0.6265773 -0.7209323 -0.2960705 0.6266247 -0.7306497 -0.2710955 0.6265109 -0.6917729 -0.3590744 0.626626 -0.7011954 -0.3400957 0.626608 -0.6652579 -0.4059488 0.6265138 -0.6570658 -0.4192196 0.6264389 -0.6171953 -0.4760717 0.6266728 -0.6230838 -0.4680255 0.626628 -0.5721297 -0.529155 0.6266389 -0.5752044 -0.5257982 0.6266267 -0.5230194 -0.5777454 0.6266778 -0.5220056 -0.5786063 0.6265895 -0.4639774 -0.6261875 0.626546 -0.4695029 -0.6220992 0.6265464 -0.4122555 -0.6614266 0.6266141 -0.4016077 -0.6678817 0.6265489 -0.3517431 -0.695495 0.6266121 -0.3355279 -0.7034049 2.44449e-6 0.5503641 0.8349248 1.11877e-4 0.4640942 0.8857859 5.92804e-5 0.550406 0.8348971 0 0.3728772 0.9278808 0 0.4640738 0.8857966 0 0.3728766 0.927881 -2.9981e-6 0.7057546 0.7084565 -4.51719e-4 0.7733277 0.6340065 -2.613e-4 0.7730649 0.6343269 -3.41407e-5 0.7057887 0.7084225 6.48759e-6 0.6312411 0.7755867 -7.30172e-5 0.6312827 0.7755529 1.34861e-5 0.9264571 0.3764007 4.13067e-5 0.8840929 0.4673111 -4.85558e-5 0.9264773 0.376351 4.66714e-4 0.8839977 0.467491 -4.54057e-6 0.8327897 0.5535895 5.88785e-6 0.8328347 0.5535218 2.8113e-5 0.9964031 0.08474004 -1.96648e-5 0.9964035 0.0847367 5.08274e-5 0.9828874 0.1842074 -1.57911e-5 0.959494 0.2817293 4.4069e-6 0.9828934 0.1841757 -4.20493e-5 0.9595077 0.2816827 -1.37018e-5 0.9932914 -0.1156386 5.92208e-5 0.9767228 -0.2145057 4.64491e-5 0.9767374 -0.2144392 -2.81345e-4 0.9998825 -0.01533001 -1.3178e-4 0.99988 -0.01549762 -4.45175e-6 0.9933043 -0.115528 6.26524e-6 0.8692167 -0.4944314 -6.28247e-6 0.9143791 -0.4048593 -2.08078e-5 0.8692138 -0.4944366 4.23011e-5 0.9143969 -0.404819 4.36115e-6 0.9503334 -0.3112339 -1.48137e-4 0.9502937 -0.3113549 -4.22328e-5 0.6834729 -0.7299759 -1.73296e-5 0.6835464 -0.7299072 5.39933e-5 0.7531895 -0.6578038 1.16012e-5 0.8152897 -0.5790534 2.78269e-4 0.753313 -0.6576622 2.7619e-7 0.8153098 -0.5790249 -5.22218e-5 0.5242753 -0.8515489 6.27333e-5 0.4362678 -0.899817 2.74792e-5 0.4364212 -0.8997426 9.4105e-5 0.6070232 -0.7946841 4.08613e-5 0.6069394 -0.7947482 1.35668e-5 0.5242937 -0.8515375 3.154e-4 0.1501114 -0.9886691 -1.05887e-5 0.2481362 -0.9687252 6.27413e-5 0.1499051 -0.9887005 -1.76601e-5 0.2482864 -0.9686866 -3.38573e-4 0.3442133 -0.9388915 -1.77663e-4 0.3439334 -0.9389941 -3.14952e-4 -0.150111 -0.9886691 -2.46062e-5 -0.1499317 -0.9886964 9.1808e-6 -0.05016171 -0.9987411 2.50182e-5 0.05018019 -0.9987402 3.65982e-5 -0.05010896 -0.9987438 -9.1421e-6 0.05016177 -0.9987412 3.38431e-4 -0.3442144 -0.9388911 -2.82445e-5 -0.4364228 -0.8997418 -3.86432e-5 -0.4363042 -0.8997992 1.06664e-5 -0.2481359 -0.9687253 2.04367e-6 -0.2482443 -0.9686975 1.77817e-4 -0.3439338 -0.9389939 4.1571e-5 -0.6834737 -0.7299751 -1.87861e-5 -0.6069797 -0.7947174 -9.19611e-6 -0.6835185 -0.7299332 -4.10596e-5 -0.6069392 -0.7947483 5.27778e-5 -0.524275 -0.851549 2.24535e-5 -0.5243183 -0.8515225 7.21039e-5 -0.8692423 -0.4943866 2.08718e-5 -0.8692138 -0.4944367 3.81679e-6 -0.815392 -0.5789093 1.31787e-4 -0.7531632 -0.6578338 -1.14968e-5 -0.8152898 -0.5790533 -4.53125e-4 -0.7530273 -0.6579892 -3.53844e-6 -0.9503336 -0.3112332 -1.2953e-4 -0.9767468 -0.2143964 -2.15052e-5 -0.9767287 -0.2144786 5.94376e-6 -0.9143789 -0.4048596 -4.23719e-5 -0.914397 -0.4048189 7.62026e-6 -0.9503326 -0.3112363 3.90326e-5 -0.9933144 -0.1154409 1.31779e-4 -0.99988 -0.0154972 1.36672e-5 -0.9932915 -0.1156381 1.79033e-5 -0.9963962 0.08482158 2.81343e-4 -0.9998825 -0.01532959 1.9569e-5 -0.9964035 0.08473676 3.03045e-5 -0.9828959 0.1841619 -4.38408e-6 -0.9828934 0.1841757 -1.80032e-5 -0.9595029 0.2816987 4.90977e-5 -0.9264776 0.3763502 7.85159e-5 -0.959516 0.2816546 4.20564e-5 -0.9264295 0.3764686 -7.96281e-7 -0.8840822 0.4673316 -4.66983e-4 -0.883998 0.4674906 -6.11848e-6 -0.8328353 0.5535209 4.51483e-4 -0.7733266 0.6340078 4.36903e-6 -0.8327906 0.5535883 2.61495e-4 -0.7730645 0.6343274 -2.70694e-5 -0.7057805 0.7084307 -5.06209e-5 -0.7057101 0.7085008 -9.3627e-7 -0.6312364 0.7755905 -2.30374e-5 -0.5503808 0.8349139 -5.42041e-6 -0.6312409 0.7755869 -1.27766e-6 -0.5503646 0.8349245 8.1559e-5 -0.4638582 0.8859096 0 -0.4640731 0.8857969 0 -0.3728809 0.9278792 0 -0.3728817 0.927879 -0.5579246 -0.7503069 -0.3546264 -0.5579283 -0.7994446 -0.2227205 -0.689628 -0.674546 -0.2634406 -0.08407622 0.7858004 -0.612739 -0.2509889 0.7633485 -0.5952342 -0.08458107 0.878012 -0.4711064 0.25094 -0.9629824 -0.09845876 0.08442854 -0.9912619 -0.1013501 0.2509332 -0.9324927 -0.259788 -0.2507928 -0.9630203 -0.09846287 -0.2508389 -0.9657965 0.06570452 -0.4103156 -0.9098406 0.06189739 -0.5579162 -0.8255934 -0.08441084 -0.6896241 -0.7083449 -0.1505528 -0.08408039 -0.9684312 0.2346733 -0.08407211 -0.9148406 0.3949666 -0.2507893 -0.8887507 0.3837016 0.08442407 -0.9941321 0.0676316 0.25084 -0.9657962 0.06570398 -0.2509429 -0.9407743 0.2279726 -0.4102666 -0.8863141 0.2147759 -0.6896496 -0.7233595 -0.03368479 -0.5579087 -0.8279886 0.05632859 -0.08407926 -0.8349335 0.5438905 -0.2509421 -0.8110878 0.5283604 -0.5579115 -0.8065574 0.1954488 -0.6896248 -0.7192689 0.08408296 -0.4103161 -0.8372476 0.3614656 0.2509927 -0.9407617 0.2279698 0.08443415 -0.9684018 0.2346675 -0.2509427 -0.7101278 0.6578347 -0.08442646 -0.7309811 0.677155 -0.5579128 -0.7619239 0.3289459 -0.6896488 -0.6775463 0.2555696 -0.410266 -0.7641355 0.4977738 0.5579091 -0.8065587 0.19545 0.6896471 -0.6775472 0.2555713 0.5579477 -0.7619021 0.3289374 -0.08407294 -0.6060476 0.7909729 -0.2508375 -0.5887552 0.7684061 -0.6896484 -0.7182205 -0.09243631 0.250942 -0.7101279 0.6578347 0.2509413 -0.8110879 0.5283606 0.4102208 -0.7641526 0.4977848 -0.4102248 -0.6690329 0.6197665 -0.08444827 -0.4636599 0.8819796 -0.2509504 -0.4504441 0.8568103 -0.5579135 -0.6953721 0.4529795 -0.6896479 -0.6271306 0.3620676 0.4103168 -0.6690028 0.6197381 0.2509362 -0.5887396 0.7683858 -0.6896482 -0.279065 0.6682126 -0.6003218 -0.247124 0.7606206 -0.6896321 -0.2237746 0.688718 -0.4102722 -0.5546559 0.7239017 -0.6896246 -0.3325096 0.643316 -0.5579515 -0.3861391 0.7345658 -0.5579515 -0.6087959 0.5639662 -0.6896451 -0.5601117 0.4589822 -0.6896243 -0.4782754 0.5437564 -0.5579481 -0.5047304 0.6587422 -0.1742392 -0.3042887 0.936509 -0.2885173 -0.2958757 0.9106127 -0.6896524 -0.4324231 0.5808527 -0.6896326 -0.3837455 0.6141223 -0.4103219 -0.4243023 0.8072198 -0.3984035 -0.2834338 0.8723188 -0.502826 -0.2671115 0.8220813 -0.6896533 -0.5209012 0.5030311 -0.6896309 -0.5956009 0.4119088 -0.05850845 -0.3084865 0.9494277 0.4102715 -0.5546563 0.7239018 0.2509504 -0.4504429 0.8568111 0.0844317 -0.4636991 0.8819606 0.05840975 -0.308489 0.9494329 0.1746774 -0.3042662 0.9364346 0.288623 -0.2958652 0.9105826 0.4102926 -0.4243441 0.8072126 0.3984372 -0.2834285 0.8723052 0.5579191 -0.3861556 0.7345818 0.5579396 -0.5047348 0.658746 0.6896368 -0.3837501 0.6141148 0.6003392 -0.2471343 0.7606034 0.5027603 -0.2671224 0.8221178 0.6896481 -0.2790662 0.6682123 0.6896323 -0.2237804 0.6887159 -0.08407068 -0.9941619 0.06763404 -0.6896478 -0.622873 -0.3693443 -0.5579164 -0.6795873 -0.4763301 -0.2508355 -0.9325172 -0.2597945 -0.4102675 -0.9072356 -0.09275871 -0.08407455 -0.9912915 -0.1013545 0.557937 -0.7502989 -0.3546236 0.5579391 -0.7994376 -0.2227184 0.4102703 -0.8785083 -0.2447477 -0.5579497 -0.5892956 -0.5843139 -0.6896352 -0.5547418 -0.4654728 -0.4102698 -0.8785085 -0.2447478 -0.2508453 -0.875196 -0.413653 -0.08406841 -0.9599052 -0.2674225 0.4102707 -0.8245089 -0.3896962 0.5579288 -0.6795807 -0.4763251 -0.6896216 -0.4719098 -0.5492933 -0.5579272 -0.4820789 -0.6755126 -0.2507935 -0.7927103 -0.5556195 -0.410225 -0.8245275 -0.3897049 -0.08407884 -0.9009008 -0.4258035 0.4102725 -0.7467898 -0.5234326 0.557916 -0.589312 -0.5843297 -0.6896411 -0.3765721 -0.6185376 -0.5579525 -0.3609742 -0.7472528 -0.2508445 -0.6873981 -0.6815871 -0.4102722 -0.74679 -0.5234325 -0.08407187 -0.8159837 -0.5719287 0.5579302 -0.4820781 -0.6755107 0.4102707 -0.6475875 -0.6421124 -0.5579324 -0.2295 -0.797522 -0.6896314 -0.2712706 -0.671432 -0.4103156 -0.6475737 -0.6420977 -0.2507871 -0.5623309 -0.7879657 -0.08408063 -0.7075866 -0.7016066 0.2509345 -0.562307 -0.7879359 0.4102228 -0.5297673 -0.7423368 0.2509421 -0.6873802 -0.6815693 -0.6896246 -0.1587823 -0.7065452 -0.5579465 -0.09141492 -0.8248268 -0.4102692 -0.5297554 -0.7423197 -0.2509884 -0.4210526 -0.8716189 -0.08457839 -0.5788142 -0.8110615 0.4103098 -0.3966745 -0.821155 0.250939 -0.4210578 -0.8716307 -0.6896319 -0.0421009 -0.7229353 -0.5579156 0.0492981 -0.8284322 -0.2509891 -0.2676919 -0.9302395 -0.4103114 -0.3966752 -0.8211538 0.6896252 -0.04209899 -0.7229418 0.5579386 -0.09141647 -0.8248319 0.5579454 0.04929447 -0.8284124 0.2509415 -0.267698 -0.9302507 0.4102267 -0.2522034 -0.8764175 -0.6896275 0.4524453 -0.5654266 -0.5579308 0.4470534 -0.6991827 -0.6896545 0.4049374 -0.6003353 -0.0844317 -0.4334228 -0.8972269 0.6896417 0.1340259 -0.71164 0.6896294 0.07570725 -0.7201942 -0.2509411 -0.1066315 -0.9621114 -0.4103167 -0.2521923 -0.8763785 -0.6896297 0.0757088 -0.7201938 -0.5579133 0.1885931 -0.8081865 -0.08407294 -0.2755675 -0.9575983 0.2509386 0.3761262 -0.8919411 0.2508372 0.219983 -0.9427027 0.08442676 0.2264377 -0.9703598 -0.4103174 -0.1004563 -0.9063931 -0.2507898 0.05750226 -0.9663323 -0.5579534 0.3224544 -0.7646642 -0.6896303 0.2476682 -0.6804929 -0.08407783 -0.1097669 -0.990395 -0.6896193 0.3547609 -0.6313239 -0.4102675 0.05417126 -0.9103549 -0.2509338 0.2199774 -0.9426782 0.08407336 0.3871843 -0.9181613 0.2508416 0.5214684 -0.8155669 -0.08407682 0.05919176 -0.9946998 -0.5579513 0.5587759 -0.6135634 -0.4102697 0.2072424 -0.8881044 -0.2509383 0.3761263 -0.8919411 0.08407598 0.5367838 -0.8395203 0.2509384 0.6517817 -0.715689 -0.08407241 0.226445 -0.9703889 -0.6896415 0.538145 -0.484556 -0.5579164 0.6544496 -0.5103187 -0.2507935 0.5214753 -0.8155773 -0.4102697 0.3543519 -0.8403057 -0.08407276 0.3871843 -0.9181613 -0.5579198 0.7312783 -0.3923743 -0.6896437 0.6096028 -0.390866 -0.4102674 0.4912678 -0.7683337 -0.2509386 0.6517816 -0.7156889 -0.08407574 0.5367844 -0.83952 0.5579203 0.5587906 -0.6135782 0.4102697 0.6140497 -0.6742565 0.5579301 0.6544428 -0.5103124 -0.6896401 0.6649263 -0.286827 -0.557913 0.7870754 -0.2631455 -0.4102694 0.6140498 -0.6742566 -0.08407723 0.6709415 -0.7367283 0.4102695 0.7191674 -0.5607829 0.5579308 0.7312723 -0.3923698 -0.5579406 0.8202075 -0.1263411 -0.6896355 0.7026473 -0.1751847 -0.4103153 0.7191511 -0.5607702 -0.2507851 0.8530101 -0.4576905 0.4102194 0.8036153 -0.4311873 0.5579274 0.7870666 -0.2631413 -0.4102651 0.803597 -0.4311783 -0.250787 0.9180896 -0.3069484 0.4102724 0.9013329 -0.1388368 0.2509357 0.9180532 -0.3069362 0.2507952 0.9567559 -0.1473766 -0.6896247 0.7217666 -0.05891275 -0.5579143 0.829779 0.01409363 -0.2509421 0.9678625 0.0164408 -0.410318 0.9118111 0.0154851 -0.2509877 0.9511511 0.1797687 -0.6896471 0.7023667 0.1762611 -0.557913 0.7776855 0.2897213 -0.5579294 0.8154519 0.1541209 0.2509873 0.9511513 0.1797687 0.2509405 0.9071012 0.3379295 0.4103134 0.8545691 0.3183623 -0.2509389 0.9071007 0.3379318 -0.4102682 0.8961005 0.1693638 -0.08407896 0.9337664 0.3478664 -0.08407866 0.9791243 0.185058 -0.5579355 0.717524 0.4169741 -0.6896461 0.6082155 0.3930169 -0.5579542 0.6367232 0.5322319 0.2508445 0.6271196 0.7374266 0.08407109 0.7645404 0.6390699 0.0840795 0.6455412 0.7590832 -0.5579484 0.02113687 0.8296065 -0.6896545 0.009890317 0.7240711 -0.6896339 -0.04941314 0.7224705 -0.2509352 0.7427069 0.6208204 -0.4102727 0.6997089 0.5848794 -0.2509464 0.6271023 0.7374067 0.4102284 0.02322757 0.911687 0.4102667 0.176966 0.8946308 0.2508432 0.1878448 0.9496273 -0.5579113 0.5376368 0.6322038 -0.6896445 0.4012891 0.6027916 -0.5579361 0.4230517 0.713957 -0.08407872 0.6455404 0.759084 -0.5579423 0.2963055 0.7751796 -0.6896361 0.1858358 0.699905 -0.5579289 0.1610382 0.8141143 -0.689649 0.2975474 0.6601893 -0.2509502 -0.1392022 0.9579388 -0.4103196 -0.1312016 0.9024544 -0.5579446 -0.119374 0.8212478 -0.6896347 -0.1666442 0.7047225 -0.6896461 0.06914222 0.7208382 0.2509407 0.02465486 0.9676885 0.4102926 -0.1311649 0.9024721 -0.08407449 0.0253815 0.9961362 -0.08407604 0.1933605 0.9775189 -0.250841 0.1878449 0.9496279 0.2507959 0.4934796 0.8328141 0.08443772 0.5079526 0.8572366 -0.08442407 0.7645174 0.6390509 -0.08407247 0.8615454 0.500671 -0.2509862 0.8369311 0.4863665 0.6896415 0.06913566 0.7208433 0.5579403 0.1610374 0.8141067 0.5579174 0.0211367 0.8296273 0.4103147 0.3256068 0.8518346 0.2508432 0.3456306 0.9042219 0.08407902 0.3557805 0.9307798 0.5579326 -0.1193723 0.8212561 0.6896347 -0.1666458 0.7047221 0.6896502 -0.1083964 0.7159838 0.689652 -0.04941534 0.7224531 -0.6896241 0.4942913 0.5292399 -0.4103175 0.7884721 0.4582046 -0.4102225 0.8546075 0.3183763 0.2508365 0.7427261 0.6208373 0.5579516 0.6367256 0.5322318 0.6896301 0.6082268 0.3930274 0.5579292 0.717527 0.4169773 -0.0844314 0.9962856 0.01692295 -0.2508448 0.9567435 -0.1473726 -0.08442854 0.9848144 -0.1516989 -0.6896408 0.3505903 0.6336262 -0.6896325 0.6642046 0.2885122 0.2508423 0.9678884 0.0164383 0.4103145 0.89608 0.16936 0.4102273 0.9118519 0.015486 -0.08407175 0.9450396 -0.3159624 -0.4103185 0.9013124 -0.1388339 -0.4102262 0.8649241 -0.2891727 -0.6896445 0.7217173 0.05928462 0.4102242 0.8649249 -0.2891731 0.2509327 0.8529764 -0.4576725 -0.6896481 -0.6545037 0.3098556 0.0844255 -0.6060299 0.7909489 0.5579416 -0.6088018 0.5639696 0.6896216 -0.4782776 0.5437578 0.6896387 -0.3325046 0.6433033 -0.6896361 -0.6961014 0.1996122 0.08442771 -0.7309815 0.6771544 0.5579468 -0.6953534 0.4529669 0.6896201 -0.5601294 0.458998 0.6896352 -0.4324308 0.5808674 -0.6896392 -0.7100337 0.1423031 0.08407896 -0.8349321 0.5438928 0.6896522 -0.6271265 0.3620667 0.2506915 -0.888774 0.3837115 0.6896455 -0.5209059 0.5030372 -0.6896319 -0.7237191 0.02526718 0.08407247 -0.9148416 0.3949642 0.4103156 -0.8372479 0.3614653 0.689645 -0.595591 0.4118995 -0.6896495 -0.6937205 -0.2076911 0.4102658 -0.8863147 0.2147756 0.6896384 -0.6960989 0.1996128 0.6896501 -0.6545017 0.3098553 -0.6896478 -0.6508549 -0.3174489 0.410269 -0.9098616 0.06189876 0.5579124 -0.8279861 0.05632829 0.6896357 -0.7192597 0.08407235 0.6896241 -0.7100475 0.1423068 -0.6896246 -0.5907774 -0.4188081 0.5579243 -0.8255881 -0.0844103 0.4102683 -0.9072352 -0.09275907 0.6896355 -0.7233728 -0.03368836 0.6896257 -0.7237252 0.0252664 -0.689656 -0.5150125 -0.5090548 0.08406901 -0.9599044 -0.2674249 0.2508455 -0.875196 -0.4136525 0.6896352 -0.7083337 -0.1505551 0.6896389 -0.7182294 -0.09243816 -0.6896389 -0.4256485 -0.5858513 0.08443325 -0.9008753 -0.4257874 0.2509396 -0.7926793 -0.5555979 0.6896252 -0.6745492 -0.2634398 0.6896389 -0.6937308 -0.207692 -0.6896432 -0.3250041 -0.6471202 0.08407211 -0.8159819 -0.5719314 0.6896259 -0.6228919 -0.3693532 0.6896234 -0.6508765 -0.3174579 -0.6896416 -0.215754 -0.6912631 0.08443504 -0.7075681 -0.7015827 0.6896181 -0.5547479 -0.4654908 0.6896532 -0.5907544 -0.4187932 -0.689645 -0.1007881 -0.7170994 0.08457756 -0.5788113 -0.8110636 0.5579481 -0.3609767 -0.7472549 0.6896336 -0.3765656 -0.6185498 0.6896364 -0.4718962 -0.5492864 0.6896429 -0.5150224 -0.5090625 -0.68965 0.01684635 -0.7239469 0.08407878 -0.4334376 -0.8972529 0.5579215 -0.2295022 -0.7975289 0.6896232 -0.2712751 -0.6714385 0.6896309 -0.4256534 -0.585857 -0.6896415 0.1340315 -0.7116391 0.08442705 -0.2755579 -0.9575699 0.6896266 -0.1587908 -0.7065413 0.2509868 -0.1066301 -0.9620997 0.6896517 -0.3249947 -0.647116 -0.6896469 0.191495 -0.6983673 0.08443123 -0.1097649 -0.9903652 0.4102706 -0.1004583 -0.906414 0.2508402 0.05750119 -0.9663193 0.6896476 -0.215745 -0.6912599 -0.6896374 0.3022205 -0.6580753 0.08407646 0.05919057 -0.9946998 0.4102216 0.05417239 -0.9103756 0.6896257 0.01684468 -0.7239701 0.6896436 -0.1007842 -0.7171013 -0.6896399 0.4969441 -0.526729 0.4102694 0.2072426 -0.8881044 0.5579399 0.1885892 -0.8081691 -0.68964 0.5757913 -0.4391595 0.4102687 0.3543521 -0.8403061 0.5579158 0.3224632 -0.7646878 0.6896274 0.2476718 -0.6804945 0.6896261 0.1915055 -0.6983849 -0.6896286 0.639399 -0.3399727 0.5579393 0.4470508 -0.6991777 0.4102674 0.491268 -0.7683337 0.6896256 0.3547593 -0.631318 0.6896225 0.3022283 -0.6580873 -0.689635 0.6860635 -0.2317768 0.08407723 0.6709412 -0.7367286 0.2509886 0.7633484 -0.5952345 0.6896287 0.4524443 -0.5654259 0.6896512 0.4049356 -0.6003403 -0.689639 0.7145666 -0.1174426 0.08407628 0.7858 -0.6127395 0.6896308 0.5381537 -0.4845618 0.6896356 0.4969478 -0.526731 -0.6896302 0.7241618 -2.25846e-6 0.08407455 0.8780505 -0.4711251 0.6896463 0.6096022 -0.3908621 0.6896365 0.5757943 -0.4391612 -0.6896262 0.7144607 0.1181596 0.08407175 0.9450398 -0.3159618 0.5579221 0.8202196 -0.1263441 0.6896373 0.7026455 -0.175185 0.6896195 0.664949 -0.2868238 0.6896442 0.6393872 -0.3399632 -0.6896297 0.6856005 0.2331585 0.08458119 0.9848015 -0.1516974 0.5579137 0.8297795 0.01409256 0.6896249 0.7217666 -0.05891132 0.689637 0.6860634 -0.2317713 -0.6896302 0.6383635 0.3419097 0.08407765 0.9963155 0.01692277 0.5579169 0.8154601 0.1541218 0.6896446 0.7217172 0.05928599 0.6896554 0.7145518 -0.1174359 -0.68963 0.5740176 0.4414912 0.08458471 0.9790822 0.1850497 0.5579502 0.7776625 0.2897117 0.6896442 0.7023699 0.1762601 0.6896302 0.7241617 -1.01398e-6 -0.689636 0.5359386 0.4870032 0.08407801 0.9337671 0.3478649 0.6896247 0.6642099 0.2885192 0.2510371 0.8369197 0.48636 0.6896313 0.7144553 0.1181631 -0.6896228 0.4492917 0.5679414 0.08407145 0.8615452 0.5006715 0.4102252 0.7885081 0.4582255 0.6896255 0.6856056 0.2331557 -0.6896497 0.2424949 0.682334 0.4102727 0.6997089 0.5848793 0.6896219 0.5740261 0.4414926 0.6896371 0.6383596 0.3419033 -0.6896312 0.1279063 0.7127755 -0.4102693 0.5908002 0.6947189 0.55791 0.2963123 0.7752003 0.4102692 0.5908001 0.694719 0.5579569 0.537616 0.6321813 0.6896276 0.4942901 0.5292363 0.6896312 0.5359421 0.4870061 -0.2509433 0.4934607 0.8327809 -0.0840829 0.5079666 0.8572631 -0.4102648 0.4648947 0.7845737 0.4103132 0.4648835 0.784555 0.5579395 0.4230505 0.713955 0.6896194 0.4013078 0.6028078 0.6896347 0.4492836 0.5679333 -0.2509397 0.3456217 0.9041985 -0.0840795 0.3557801 0.9307799 -0.4102702 0.3256139 0.8518533 0.6896291 0.2975602 0.6602042 0.6896389 0.3505879 0.6336295 -0.4102677 0.1769658 0.8946305 0.08407533 0.1933607 0.9775189 0.6896453 0.1858395 0.699895 0.6896504 0.2424945 0.6823332 -0.2509905 0.0246545 0.9676756 -0.4102736 0.02322697 0.9116668 0.08446651 -0.1433561 0.9860602 -0.08444988 -0.1433104 0.9860682 0.08407437 0.02538102 0.9961362 0.6896214 0.1279101 0.7127842 -0.6896291 -0.1084002 0.7160035 0.2509618 -0.1392507 0.9579287 0.6896542 0.009889006 0.7240714 0 0.9964801 -0.08383083 0 1 1.66159e-7 0 1 -1.66159e-7 -1.14486e-4 0.9443901 -0.3288274 1.4631e-5 0.9686024 -0.2486149 3.36381e-6 0.9685748 -0.2487225 0 0.9859966 -0.166766 0 0.9965075 -0.08350348 1.05321e-4 0.9859949 -0.1667756 -9.04879e-5 0.8762908 -0.4817827 1.83589e-5 0.8329473 -0.5533524 -1.90943e-5 0.8763105 -0.4817469 -2.47202e-5 0.9443737 -0.3288743 2.48666e-6 0.9135386 -0.4067523 -4.17588e-6 0.913538 -0.4067537 4.1686e-6 0.7289764 -0.6845389 -5.28467e-7 0.7289704 -0.6845453 -1.59831e-5 0.6691358 -0.7431402 -4.8588e-5 0.7837055 -0.6211326 -4.51691e-7 0.8329221 -0.5533905 -2.52399e-5 0.783688 -0.6211547 1.35461e-5 0.4633153 -0.8861936 -9.30158e-7 0.5358272 -0.8443277 -3.19456e-5 0.535817 -0.8443342 -1.33575e-6 0.6046017 -0.7965281 -4.57745e-7 0.6045983 -0.7965306 -9.90974e-6 0.6691282 -0.743147 1.64791e-5 0.3089887 -0.9510657 2.7997e-5 0.2283378 -0.973582 1.7239e-5 0.3090412 -0.9510487 2.09118e-5 0.4632589 -0.886223 2.97348e-6 0.3875169 -0.9218627 -1.23722e-5 0.387521 -0.9218609 -1.70041e-5 0.06279861 -0.9980263 -3.05336e-5 0.06277924 -0.9980275 3.16241e-5 -0.02090501 -0.9997815 4.11107e-5 0.1461357 -0.9892646 1.46651e-5 0.2283564 -0.9735776 1.67991e-5 0.1460566 -0.9892762 3.54205e-6 -0.2689216 -0.9631621 3.66457e-5 -0.1873404 -0.9822952 4.44031e-6 -0.1873874 -0.9822862 -4.40334e-5 -0.1045445 -0.9945203 -2.91283e-5 -0.1045147 -0.9945234 2.16616e-5 -0.02097404 -0.9997801 2.00816e-6 -0.4257783 -0.9048275 -2.84787e-6 -0.5000023 -0.8660241 1.26625e-5 -0.4257854 -0.9048243 -4.26788e-5 -0.2689369 -0.9631579 3.04693e-5 -0.348605 -0.9372697 3.00389e-5 -0.3485454 -0.937292 4.57664e-5 -0.6373952 -0.7705372 2.23336e-5 -0.6374415 -0.7704988 -1.89233e-5 -0.699655 -0.7144809 -2.22656e-6 -0.5707131 -0.8211497 1.23892e-5 -0.5000122 -0.8660185 -9.14559e-7 -0.5707142 -0.8211488 -4.21424e-6 -0.8553658 -0.5180246 6.6706e-6 -0.8090196 -0.5877818 -4.5232e-5 -0.8090294 -0.5877683 2.04975e-5 -0.7570073 -0.6534066 2.53629e-5 -0.7569828 -0.6534348 -2.24384e-5 -0.6996705 -0.7144657 2.54712e-5 -0.9297842 -0.368105 7.3032e-6 -0.9573209 -0.2890273 1.68344e-5 -0.9297723 -0.3681355 3.41418e-5 -0.8553808 -0.5179998 2.45753e-6 -0.8957113 -0.4446363 -3.10906e-5 -0.8957029 -0.444653 -1.34492e-5 -0.9921135 -0.1253428 9.30647e-6 -0.9921141 -0.1253383 3.21437e-5 -0.999122 -0.04189473 7.06068e-5 -0.9781385 -0.2079553 -4.49782e-6 -0.9573201 -0.2890301 4.74057e-5 -0.9781554 -0.2078751 -4.70211e-5 -0.9781553 0.2078754 3.16959e-5 -0.992117 0.1253148 1.32497e-5 -0.9921135 0.1253426 -3.21162e-5 -0.999122 0.04189473 -9.64361e-6 -0.9991232 0.04186809 9.82941e-6 -0.9991232 -0.04186838 -1.78677e-5 -0.929772 0.3681362 -4.7083e-6 -0.8957108 0.4446372 -2.54808e-5 -0.9297842 0.368105 -3.10815e-5 -0.9781435 0.2079312 -7.88062e-6 -0.9573208 0.2890274 4.86337e-6 -0.9573201 0.28903 2.74717e-6 -0.8090178 0.5877842 -7.13044e-6 -0.8090198 0.5877815 -1.95717e-5 -0.7570066 0.6534073 4.25614e-7 -0.8553642 0.5180273 3.00077e-5 -0.8957031 0.4446526 4.10876e-6 -0.8553658 0.5180247 4.30299e-5 -0.5707301 0.8211377 -2.09028e-5 -0.6374406 0.7704996 -4.26203e-5 -0.637397 0.7705356 -2.31245e-5 -0.699673 0.7144632 1.91187e-5 -0.6996694 0.7144668 -2.22616e-5 -0.7569842 0.6534333 2.85606e-5 -0.4257652 0.9048337 -1.05437e-6 -0.3485733 0.9372816 -1.88127e-6 -0.4257782 0.9048276 4.36844e-5 -0.570693 0.8211635 6.66443e-6 -0.5000056 0.8660222 -1.24942e-5 -0.5000129 0.8660181 -5.98247e-6 -0.1873894 0.9822858 -7.01717e-6 -0.1873732 0.9822889 4.65731e-5 -0.1045457 0.9945201 4.25307e-5 -0.2689371 0.9631578 2.53762e-6 -0.3485741 0.9372813 3.78503e-5 -0.2689007 0.9631679 3.41779e-5 0.06277805 0.9980276 -3.00818e-5 -0.0209068 0.9997814 1.99948e-5 0.06280016 0.9980262 -2.01458e-5 -0.02097189 0.9997801 -1.09582e-5 -0.1045335 0.9945214 -1.35775e-5 0.1461006 0.9892698 -1.78426e-5 0.146055 0.9892765 1.06907e-5 0.228356 0.9735777 2.63279e-5 0.2283415 0.9735811 6.05779e-6 0.3090279 0.951053 -1.72372e-5 0.3090415 0.9510487 1.31938e-5 0.3875203 0.9218612 4.09707e-5 0.3875026 0.9218688 -1.36857e-5 0.4633152 0.8861936 2.3446e-7 0.4632961 0.8862035 -9.66911e-6 0.5358301 0.8443259 1.83866e-6 0.5358275 0.8443275 -1.52399e-6 0.6046012 0.7965283 3.2736e-6 0.6046048 0.7965257 1.63562e-5 0.6691359 0.7431401 5.44887e-5 0.6691169 0.7431572 2.02272e-7 0.7289696 0.684546 -3.31469e-6 0.7289748 0.6845406 5.31413e-6 0.7836945 0.6211465 2.66803e-5 0.7836878 0.621155 -1.6134e-6 0.8329232 0.5533885 -1.26916e-5 0.8328975 0.5534273 1.3472e-4 0.8762829 0.4817969 1.05881e-4 0.8763276 0.4817156 4.36464e-6 0.913538 0.4067534 -2.75124e-6 0.9135386 0.4067522 1.14474e-4 0.9443901 0.3288274 2.46943e-5 0.9443737 0.3288743 -3.18019e-6 0.968575 0.2487223 -5.9965e-6 0.9685911 0.2486593 0 0.9859966 0.1667655 -1.05333e-4 0.985995 0.1667752 0 0.9964801 0.08383023 0 0.9964801 0.08383071 -4.20762e-5 0.9990756 0.0429905 -3.08556e-5 0.9990733 0.04304069 4.19226e-5 0.9990755 -0.04299056 1.9569e-5 0.991679 0.128735 3.41982e-6 0.9916771 0.1287508 -3.32275e-5 0.9769344 0.2135394 -1.45971e-5 0.9769408 0.2135109 1.17112e-5 0.9549692 0.2967051 2.50663e-5 0.9549602 0.2967337 -7.64383e-6 0.9259269 0.3777028 2.21345e-5 0.9259296 0.3776964 1.46928e-5 0.8900215 0.4559187 1.64718e-5 0.8900333 0.4558959 9.88715e-6 0.8475376 0.5307355 -1.47545e-6 0.8475406 0.5307307 2.83634e-6 0.7987806 0.6016225 4.46234e-5 0.7987536 0.6016583 -3.79845e-5 0.7440916 0.6680775 -6.58459e-5 0.7441312 0.6680336 1.92183e-5 0.6839309 0.7295469 1.16227e-5 0.6839103 0.7295662 -5.56156e-5 0.6186974 0.7856295 -1.79578e-5 0.6186645 0.7856554 -1.43049e-5 0.5488554 0.8359174 -2.97232e-6 0.5488413 0.8359267 4.83799e-6 0.4749487 0.8800135 -8.43406e-6 0.4749481 0.8800138 3.27138e-5 0.3975723 0.9175708 -1.8856e-5 0.3975631 0.917575 -4.38152e-5 0.3171734 0.9483676 1.67331e-5 0.317182 0.9483647 2.07239e-5 0.2345141 0.9721127 2.3553e-5 0.2344598 0.9721259 -4.71941e-5 0.1500805 0.9886739 -2.80063e-5 0.1500431 0.9886795 3.81253e-5 0.06445157 0.9979208 2.32731e-5 0.06453794 0.9979153 3.23074e-5 -0.02153277 0.9997682 -3.62146e-5 -0.02153044 0.9997683 5.78309e-5 -0.1073057 0.9942262 3.6742e-5 -0.1074376 0.9942119 -2.96319e-5 -0.1924634 0.9813042 -3.71234e-5 -0.1924337 0.98131 1.21652e-5 -0.2760774 0.9611355 9.64967e-6 -0.276115 0.9611246 -7.26992e-5 -0.3576675 0.933849 -7.29625e-5 -0.357722 0.9338282 2.08549e-5 -0.436691 0.8996116 3.10747e-6 -0.4366461 0.8996335 2.36656e-5 -0.5123805 0.8587586 -2.03778e-5 -0.5123775 0.8587604 1.54925e-5 -0.5842751 0.8115556 0 -0.5842981 0.8115392 -4.11399e-5 -0.6519101 0.7582964 -1.44927e-5 -0.6518941 0.75831 6.40139e-6 -0.7146602 0.6994718 9.78704e-6 -0.7146979 0.6994334 -2.44264e-5 -0.7721501 0.6354403 -9.91673e-5 -0.7721804 0.6354035 -2.69117e-6 -0.8239171 0.5667104 -5.44632e-6 -0.8239322 0.5666885 1.76318e-5 -0.8695924 0.4937705 -2.9994e-5 -0.8695933 0.4937686 7.85539e-6 -0.9088014 0.4172291 3.45055e-6 -0.9088277 0.417172 3.10447e-5 -0.941314 0.3375324 -4.13572e-5 -0.9413123 0.3375368 -5.45755e-7 -0.9668492 0.2553483 1.94412e-6 -0.9668555 0.255324 9.90535e-5 -0.9852274 0.1712513 -2.51599e-4 -0.9852366 0.1711983 0 -0.9962857 0.08611059 -1.27876e-5 -0.9962855 0.08611232 0 -1 0 0 -1 -5.10073e-7 3.10063e-5 0.9990733 -0.04304081 -1.929e-5 0.991679 -0.128735 -3.28478e-6 0.9916771 -0.128751 1.4805e-5 0.9769407 -0.2135108 -9.69064e-6 0.9769397 -0.2135157 1.18767e-5 0.9549698 -0.2967034 -1.10019e-5 0.9549691 -0.2967054 4.88905e-5 0.925938 -0.377676 2.09906e-5 0.9259204 -0.3777188 -1.57175e-5 0.8900329 -0.4558963 -5.13697e-5 0.8900064 -0.4559482 2.24891e-6 0.8475405 -0.5307309 3.17495e-5 0.8475517 -0.530713 -4.077e-5 0.7987985 -0.6015988 -8.85106e-6 0.7987743 -0.6016308 2.42449e-5 0.7441139 -0.6680529 8.23703e-5 0.7440772 -0.6680938 -1.0896e-5 0.6839107 -0.7295657 -5.84572e-5 0.6839547 -0.7295245 1.63857e-5 0.6186788 -0.7856442 6.52343e-5 0.618647 -0.7856691 2.46917e-6 0.5488411 -0.8359267 -1.96439e-5 0.548826 -0.8359367 6.08899e-6 0.4749488 -0.8800134 -5.77397e-6 0.4749482 -0.8800138 3.69968e-7 0.3975427 -0.9175837 -1.53729e-5 0.3975264 -0.9175909 2.90084e-5 0.3172059 -0.9483568 1.49128e-6 0.3171905 -0.9483619 6.90273e-6 0.2345001 -0.9721162 -2.00826e-5 0.2345133 -0.972113 4.90418e-5 0.1500813 -0.9886736 2.97783e-5 0.1500424 -0.9886796 -2.3677e-5 0.06453824 -0.9979153 -1.10209e-5 0.06449192 -0.9979183 3.70349e-5 -0.02153104 -0.9997682 1.18718e-5 -0.02151018 -0.9997687 -2.54819e-5 -0.1073474 -0.9942216 -3.41233e-5 -0.1074338 -0.9942123 3.87658e-5 -0.1924331 -0.9813101 3.18304e-5 -0.1924642 -0.981304 -3.11756e-5 -0.2761563 -0.9611128 -1.2441e-5 -0.2760771 -0.9611356 2.14768e-5 -0.357689 -0.9338408 1.90712e-5 -0.3577044 -0.933835 -1.22422e-6 -0.436649 -0.899632 -2.08055e-5 -0.436691 -0.8996116 1.85958e-5 -0.5123769 -0.8587608 6.48538e-5 -0.5123454 -0.8587796 9.53954e-6 -0.5843123 -0.8115289 -2.77767e-7 -0.5842983 -0.8115389 5.78398e-5 -0.6518795 -0.7583227 -7.13649e-6 -0.651897 -0.7583077 -2.33958e-5 -0.7147325 -0.6993979 -5.65301e-6 -0.7146619 -0.6994701 -1.83064e-5 -0.7721617 -0.6354262 -3.47087e-5 -0.7721483 -0.6354425 5.55074e-6 -0.8239324 -0.5666882 -9.53977e-6 -0.8239434 -0.5666723 -1.66523e-5 -0.8695874 -0.493779 2.9376e-5 -0.8695846 -0.4937843 -8.35987e-6 -0.908801 -0.4172299 -1.01761e-5 -0.9088474 -0.4171289 4.05041e-5 -0.9413124 -0.3375365 -3.13317e-5 -0.9413139 -0.3375325 -2.08317e-6 -0.9668554 -0.2553248 6.0536e-7 -0.966849 -0.255349 3.50887e-4 -0.9851945 -0.1714401 2.51576e-4 -0.9852367 -0.1711979 1.27869e-5 -0.9962855 -0.08611279 0 -0.9962856 -0.086111 -3.63386e-5 0.8794786 0.4759385 5.10677e-5 0.9420931 0.3353514 3.18376e-5 0.9458131 0.3247116 -3.22636e-5 0.5469257 0.8371812 -1.28138e-6 0.6562647 0.7545308 1.21612e-5 0.6772803 0.7357251 -1.42558e-5 0.7750726 -0.6318724 8.56374e-6 0.6772823 -0.7357233 -2.33779e-6 0.6562333 -0.7545581 2.72385e-5 0.9863563 0.1646251 7.71029e-5 0.9854194 0.1701434 0 -0.9458169 -0.3247004 0 -0.9458174 -0.3246991 0 -0.8794726 -0.4759498 0 -0.9863613 -0.1645947 6.19525e-5 1 0 0 -0.9863616 -0.1645929 0 -1 -4.9022e-7 5.84382e-6 0.8712888 0.4907708 0 0.7891406 0.6142127 -1.52462e-5 0.7750724 0.6318724 0 -0.4016959 0.9157732 0 -0.5469489 0.8371661 0 -0.5469495 0.8371658 0 0.08258241 0.9965842 0 -0.08258146 0.9965844 0 0.08258146 0.9965844 0 -1 4.9022e-7 0 -0.8794724 0.4759501 0 -0.9458169 0.3247004 0 -0.8794724 0.4759498 0 -0.8794723 -0.4759501 0 -0.7891398 -0.6142137 0 -0.7891396 -0.6142139 0 -0.6772813 -0.7357243 0 -0.6772814 -0.7357242 0 -0.5469494 -0.8371657 0 -0.546949 -0.837166 0 -0.4016959 -0.9157732 0 -0.401695 -0.9157736 0 -0.2454864 -0.9694 0 -0.08258146 -0.9965844 0 0.08258146 -0.9965844 0 0.08258241 -0.9965842 0 -0.08258241 -0.9965842 0 -0.2454856 -0.9694004 -1.54467e-5 0.5469576 -0.8371603 0 0.401695 -0.9157736 0 0.2454864 -0.9694 0 0.2454856 -0.9694004 0 0.4016959 -0.9157732 5.49387e-6 0.5469521 -0.837164 9.71019e-7 0.6562427 -0.7545499 3.43556e-5 0.7750735 -0.6318711 -3.66829e-5 0.6772863 -0.7357196 -4.85564e-5 0.7891463 -0.6142053 5.81518e-6 0.8712889 -0.4907705 -3.66077e-5 0.8794782 -0.4759392 1.8063e-6 0.9420912 -0.3353567 7.71319e-5 0.9854193 -0.1701435 -6.00491e-5 0.9458252 -0.3246766 2.72535e-5 0.9863563 -0.1646251 2.45764e-5 0.7891424 -0.6142104 3.75393e-6 0.871288 -0.4907721 -1.26358e-4 0.9854214 -0.1701318 -1.83517e-5 0.9458158 -0.3247038 -3.33537e-5 0.9420925 -0.3353531 4.55982e-5 0.8794775 -0.4759405 1.48971e-5 1 2.05251e-7 4.94516e-5 0.9863679 -0.1645554 0 -0.9863613 0.1645947 0 -0.9863616 0.1645929 0 -0.9458175 0.3246991 0 -0.7891398 0.6142137 0 -0.7891396 0.6142139 0 -0.6772814 0.7357242 0 -0.6772812 0.7357243 0 -0.401695 0.9157736 0 -0.2454864 0.9694 0 -0.2454856 0.9694004 0 -0.08258241 0.9965842 0 0.2454856 0.9694004 0 0.2454864 0.9694 0 0.401695 0.9157736 0 0.4016959 0.9157732 -1.53333e-5 0.5469577 0.8371603 5.77185e-5 0.6772855 0.7357203 -7.01169e-7 0.656257 0.7545374 -1.4209e-5 0.775073 0.6318717 2.45671e-5 0.7891424 0.6142104 3.81679e-6 0.8712884 0.4907715 -8.22878e-5 0.9420949 0.3353465 4.55979e-5 0.8794775 0.4759405 -1.8344e-5 0.9458158 0.3247038 -1.74516e-4 0.9854232 0.1701208 4.94588e-5 0.9863679 0.1645554 -0.7556627 -0.6526004 -0.0555582 -0.7556714 -0.6338171 -0.1650359 -0.7556285 -0.6393345 -0.1423979 -0.7556774 -0.6531888 -0.04791891 -0.7556931 -0.6525667 0.05553972 -0.7556864 -0.6531836 0.0478459 -0.7555955 -0.6393806 0.1423658 -0.755701 -0.6337851 0.1650226 -0.7556979 -0.6117055 0.2339601 -0.7556804 -0.5711413 0.3205384 -0.755725 -0.5967544 0.269748 -0.7556923 -0.5183724 0.400274 -0.7556658 -0.5426389 0.3667592 -0.7556833 -0.4728364 0.453176 -0.755693 -0.4545676 0.4714832 -0.7556963 -0.3810972 0.5326239 -0.7557019 -0.3894302 0.5265536 -0.7557035 -0.299787 0.5822714 -0.7557035 -0.2948489 0.5847876 -0.7556871 -0.2114665 0.6198542 -0.7556786 -0.1917803 0.626235 -0.7556749 -0.08318912 0.6496422 -0.7556863 -0.1189616 0.6440392 -0.7556513 -0.0239284 0.654537 -0.7556897 0.02779579 0.6543398 -0.7556499 0.07163339 0.6510468 -0.7557182 0.1379767 0.6401973 -0.7556765 0.2441964 0.6077181 -0.7556098 0.1656903 0.6337195 -0.7556679 0.2561885 0.6027715 -0.7556921 0.343383 0.5576895 -0.755684 0.3414409 0.5588917 -0.7556348 0.4189403 0.5034929 -0.7557095 0.4326767 0.4916238 -0.755685 0.4877768 0.4370517 -0.7556349 0.5462564 0.3614137 -0.7557132 0.5095365 0.4114246 -0.7556774 0.5930176 0.2779965 -0.7557015 0.5717514 0.3193989 -0.7557043 0.6175034 0.2181757 -0.7556536 0.6272025 0.1886925 -0.7557529 0.6478695 0.09540861 -0.755666 0.6455352 0.1106951 -0.755689 0.6549306 0 -0.7557204 0.6548945 1.29425e-7 -0.7556788 -0.6117267 -0.2339661 -0.7556921 -0.5967884 -0.2697655 -0.755697 -0.5426084 -0.3667403 -0.7556513 -0.5711671 -0.3205609 -0.7556821 -0.4728376 -0.4531768 -0.7557182 -0.5183539 -0.4002491 -0.7556864 -0.4545711 -0.4714905 -0.7556993 -0.3894332 -0.5265554 -0.7557349 -0.2948421 -0.5847502 -0.7555764 -0.3807207 -0.5330629 -0.7556879 -0.2994448 -0.5824679 -0.7556935 -0.2114607 -0.6198483 -0.7557066 -0.1189558 -0.6440166 -0.755682 -0.19178 -0.6262309 -0.7556759 -0.08318883 -0.6496411 -0.7556604 -0.02391684 -0.654527 -0.7556868 0.02779632 -0.654343 -0.7556489 0.07164603 -0.6510466 -0.7556408 0.165691 -0.6336826 -0.7556827 0.1379809 -0.6402384 -0.7557038 0.2441934 -0.6076853 -0.7556268 0.2562931 -0.6027787 -0.755692 0.343383 -0.5576896 -0.7556827 0.3413404 -0.558955 -0.7557117 0.4326746 -0.4916222 -0.7556669 0.4189463 -0.5034399 -0.7556799 0.509568 -0.4114471 -0.755645 0.4878097 -0.437084 -0.755649 0.5462515 -0.3613919 -0.7556989 0.571754 -0.3194001 -0.7557027 0.6175049 -0.2181772 -0.7557155 0.592976 -0.2779817 -0.755668 0.645533 -0.1106944 -0.7556792 0.6271739 -0.1886848 -0.7557402 0.647885 -0.09540414 0 0.9963989 0.08478963 0 0.9963976 0.08480423 0 0.9963989 -0.08478963 0 0.9677435 0.2519379 0 0.9677376 0.2519608 0 0.911251 0.4118517 0 0.9112563 0.4118397 0 0.8285173 0.5599636 0 0.8285151 0.5599667 0 0.7219167 0.69198 0 0.7219196 0.691977 0 0.5946297 0.8039998 0 0.5946264 0.8040022 0 0.4502214 0.8929169 0 0.4502239 0.8929157 0 0.2928135 0.9561696 0 0.2928159 0.956169 0 0.1270144 0.9919009 0 0.12701 0.9919015 0 -0.04243552 0.9990993 0 -0.04243111 0.9990994 0 -0.2106717 0.977557 0 -0.2106662 0.9775581 0 -0.37286 0.9278876 0 -0.3728614 0.9278871 0 -0.5243268 0.8515173 0 -0.5243222 0.8515201 0 -0.6606585 0.7506867 0 -0.6606488 0.7506952 0 -0.7780092 0.6282529 0 -0.7780143 0.6282466 0 -0.8730344 0.4876586 0 -0.8730342 0.4876591 0 -0.9428698 0.3331615 0 -0.9428729 0.3331527 0 -0.9856122 0.1690227 0 -0.9856114 0.1690278 0 -1 -2.12553e-6 0 -1 2.12553e-6 0 0.9963976 -0.08480423 0 0.9677435 -0.2519379 0 0.9677376 -0.2519608 0 0.9112563 -0.4118397 0 0.911251 -0.4118517 0 0.8285151 -0.5599669 0 0.8285175 -0.5599632 0 0.7219165 -0.6919802 0 0.7219196 -0.691977 0 0.5946264 -0.8040022 0 0.59463 -0.8039996 0 0.4502236 -0.8929159 0 0.4502217 -0.8929169 0 0.2928135 -0.9561696 0 0.2928159 -0.956169 0 0.1270099 -0.9919015 0 0.1270144 -0.9919009 0 -0.04243105 -0.9990994 0 -0.04243552 -0.9990993 0 -0.2106718 -0.9775568 0 -0.2106661 -0.9775581 0 -0.3728612 -0.9278872 0 -0.37286 -0.9278876 0 -0.5243221 -0.8515201 0 -0.5243272 -0.851517 0 -0.6606588 -0.7506864 0 -0.6606483 -0.7506956 0 -0.7780141 -0.6282469 0 -0.7780095 -0.6282526 0 -0.8730345 -0.4876585 0 -0.8730342 -0.4876592 0 -0.9428698 -0.3331615 0 -0.942873 -0.3331526 0 -0.9856114 -0.1690276 0 -0.9856122 -0.1690229 0 0.9856103 -0.1690336 0 1 2.20408e-6 0 1 -2.20408e-6 0 0.7780429 -0.6282113 0 0.8730299 -0.4876667 0 0.8730338 -0.4876597 0 0.9428601 -0.3331889 0 0.9856096 -0.1690379 0 0.9428603 -0.3331887 0 0.5243077 -0.851529 0 0.3728504 -0.9278914 0 0.5243031 -0.8515318 0 0.7780479 -0.628205 0 0.6606774 -0.75067 0 0.6606761 -0.7506712 0 0.04243654 -0.9990992 0 0.04244166 -0.999099 0 -0.1270165 -0.9919006 0 0.2106874 -0.9775535 0 0.3728584 -0.9278883 0 0.2106925 -0.9775524 0 -0.5946153 -0.8040103 0 -0.450205 -0.8929253 0 -0.4502062 -0.8929247 0 -0.2928305 -0.9561644 0 -0.2928342 -0.9561632 0 -0.1270111 -0.9919014 0 -0.8285223 -0.559956 0 -0.9112269 -0.4119047 0 -0.8285204 -0.559959 0 -0.5946109 -0.8040136 0 -0.7219437 -0.6919518 0 -0.7219504 -0.6919448 0 -0.9964026 -0.08474689 0 -0.996403 -0.0847426 0 -0.996403 0.0847426 0 -0.9677404 -0.2519499 0 -0.9112249 -0.4119093 0 -0.9677393 -0.2519538 0 -0.8285222 0.5599563 0 -0.9112249 0.4119093 0 -0.9112269 0.4119047 0 -0.9677404 0.2519499 0 -0.9677393 0.2519538 0 -0.9964026 0.08474689 0 -0.5946156 0.8040102 0 -0.4502066 0.8929245 0 -0.5946109 0.8040136 0 -0.8285205 0.5599588 0 -0.7219508 0.6919444 0 -0.7219433 0.6919524 0 -0.1270111 0.9919014 0 -0.1270167 0.9919006 0 0.04244172 0.999099 0 -0.2928306 0.9561644 0 -0.4502045 0.8929255 0 -0.292834 0.9561634 0 0.04243654 0.9990992 0 0.2106875 0.9775535 0 0.2106922 0.9775525 0 0.3728507 0.9278914 0 0.3728582 0.9278884 0 0.5243082 0.8515287 0 0.5243029 0.8515319 0 0.660676 0.7506713 0 0.6606773 0.75067 0 0.778043 0.6282111 0 0.778048 0.6282048 0 0.8730338 0.4876598 0 0.8730298 0.4876669 0 0.9428601 0.3331887 0 0.9428603 0.3331887 0 0.9856103 0.1690338 0 0.9856096 0.1690379 -2.67489e-5 0.9051142 0.4251686 -1.29853e-5 0.8207635 0.5712681 1.06194e-4 0.82851 0.5599744 8.35513e-6 -0.5243079 -0.8515288 6.15476e-5 -0.6606793 -0.7506683 -3.36673e-6 -0.6427885 -0.7660437 5.22081e-5 0.7219556 0.6919394 -4.1249e-5 0.7130509 0.7011124 -1.21979e-4 0.5850483 0.8109985 4.88152e-5 0.5946336 0.8039969 -8.64919e-5 0.4403885 0.8978074 5.64348e-5 0.4502038 0.8929259 5.01061e-5 0.2928194 0.9561678 -2.4362e-5 0.2832039 0.9590598 -9.65996e-5 0.1179544 0.993019 1.05652e-5 0.1270176 0.9919005 -3.70639e-5 -0.05065047 0.9987165 7.9358e-5 -0.04244166 0.999099 1.31335e-4 -0.2106779 0.9775555 -1.95728e-4 -0.2178325 0.9759861 7.3124e-5 -0.378769 0.9254913 1.56154e-4 -0.3728562 0.9278891 6.27121e-5 -0.5289546 0.8486501 1.23895e-4 -0.5243141 0.851525 1.04722e-4 -0.6606765 0.7506707 -9.1574e-6 -0.6640947 0.7476485 -3.93287e-4 -0.7803333 0.6253637 5.00174e-4 -0.7780293 0.6282279 3.94722e-5 -0.8743399 0.4853143 3.83132e-4 -0.8730597 0.4876134 2.78085e-4 -0.9428869 0.3331133 -1.71073e-4 -0.9434942 0.3313891 -6.89131e-5 -0.9857739 0.1680771 1.57757e-4 -0.98562 0.1689772 2.5974e-6 -1 1.04315e-5 4.63754e-5 -1 -3.42845e-5 7.12509e-5 0.9112283 0.4119018 4.4634e-5 0.9677334 0.2519767 -3.27586e-5 0.9637051 0.266969 -9.07108e-7 0.9948694 0.101168 3.73647e-5 0.9963976 0.0848056 2.08148e-5 0.9963975 -0.0848059 3.82657e-6 0.9977186 -0.06750965 5.56728e-5 0.9677332 -0.2519774 6.81379e-6 0.9721725 -0.2342663 -4.00576e-5 0.9189587 -0.394354 1.88733e-6 0.9112286 -0.4119012 5.36388e-5 0.82851 -0.5599744 -1.62048e-5 0.8395897 -0.5432212 2.16393e-5 0.7219561 -0.691939 -5.13571e-5 0.7363268 -0.6766262 -5.60968e-5 0.6121072 -0.7907749 5.9674e-5 0.594632 -0.803998 4.44823e-6 0.4502038 -0.8929258 -2.04192e-5 0.470466 -0.8824182 2.76593e-5 0.2928229 -0.9561668 -7.44569e-6 0.3154354 -0.9489471 -4.11333e-5 0.1514297 -0.9884681 2.63834e-5 0.1270177 -0.9919005 5.40179e-5 -0.04244172 -0.999099 -6.41285e-6 -0.01688951 -0.9998574 6.08002e-5 -0.2106788 -0.9775553 -4.31323e-5 -0.1847254 -0.9827902 3.32296e-6 -0.347305 -0.9377523 2.21571e-5 -0.372856 -0.9278892 2.04379e-6 -0.4999992 -0.8660259 -3.82356e-5 -0.8660287 -0.4999943 -1.83077e-5 -0.7660465 -0.6427852 4.40454e-5 -0.7780386 -0.6282166 2.67154e-4 -0.9856483 -0.1688117 -5.77952e-5 -0.9848111 -0.1736295 5.51617e-5 -0.9428824 -0.3331257 4.77051e-5 -0.9396889 -0.3420305 1.0104e-4 -0.8730238 -0.4876777 1.53935e-5 -0.9051142 -0.4251688 -4.33271e-5 -0.8285104 -0.5599737 5.39315e-5 -0.820763 -0.5712689 -2.87204e-5 0.5243098 0.8515276 6.49109e-6 0.6427887 0.7660436 -8.60565e-6 0.6606758 0.7506713 -7.21245e-5 -0.721955 -0.6919401 1.18107e-5 -0.7130525 -0.7011107 8.73994e-5 -0.585045 -0.811001 -1.58044e-5 -0.5946328 -0.8039975 -5.62922e-5 -0.4502046 -0.8929255 8.136e-5 -0.4403914 -0.8978059 -3.80562e-5 -0.2928222 -0.9561669 1.02336e-4 -0.2832023 -0.9590602 8.36328e-5 -0.1179487 -0.9930197 -1.69897e-6 -0.1270179 -0.9919005 -1.19265e-4 0.04244607 -0.9990988 3.5774e-5 0.05065262 -0.9987164 -1.52044e-4 0.2106783 -0.9775555 1.42865e-4 0.2178143 -0.9759903 1.50021e-4 0.3787944 -0.9254809 -4.72527e-5 0.3728556 -0.9278895 -2.36637e-4 0.5243163 -0.8515235 1.30388e-4 0.5289728 -0.8486389 -3.22067e-4 0.6606752 -0.7506718 5.10295e-6 0.6640948 -0.7476485 8.68568e-5 0.7803385 -0.6253575 -2.09724e-4 0.7780556 -0.6281954 -4.28173e-4 0.8730261 -0.4876732 2.75901e-4 0.8743625 -0.4852733 -3.00209e-4 0.9428774 -0.33314 1.83081e-4 0.9434963 -0.3313832 5.93392e-5 0.9857794 -0.1680446 -1.73163e-4 0.9856273 -0.1689342 -6.03282e-5 1 4.82801e-5 -1.04319e-5 1 -3.97213e-5 3.81167e-6 -0.9112287 -0.4119009 -2.14726e-5 -0.963706 -0.2669661 -1.00336e-4 -0.9677334 -0.2519769 2.16149e-5 -0.9948693 -0.1011689 -2.65688e-5 -0.9963976 -0.08480519 -3.38464e-5 -0.9963976 0.08480513 5.00268e-5 -0.9977189 0.06750673 -3.13562e-5 -0.9721723 0.2342671 -6.56268e-5 -0.9677332 0.2519775 2.14516e-5 -0.9189581 0.3943554 -1.61689e-5 -0.9112285 0.4119014 -4.36322e-5 -0.8285101 0.5599743 -1.7781e-5 -0.8395888 0.5432226 4.46069e-5 -0.7363268 0.6766262 1.59969e-5 -0.7219561 0.6919389 4.94253e-6 -0.6121062 0.7907757 -4.18888e-5 -0.5946326 0.8039976 -2.4471e-5 -0.4502034 0.8929262 -2.77872e-5 -0.4704642 0.8824192 -1.44041e-5 -0.315435 0.9489472 -1.07575e-5 -0.2928227 0.9561668 -6.31879e-6 -0.1514279 0.9884683 -2.33641e-5 -0.1270181 0.9919005 -1.0838e-5 0.04244172 0.999099 1.08818e-5 0.01688927 0.9998574 4.07342e-5 0.1847241 0.9827905 -5.47713e-5 0.2106792 0.9775552 2.45869e-5 0.3473045 0.9377524 2.32777e-5 0.3728561 0.9278893 -2.29259e-5 0.4999915 0.8660304 3.22796e-6 0.866026 0.4999992 -8.41292e-5 0.7780424 0.6282119 4.27419e-5 0.7660485 0.6427829 -2.76632e-4 0.9856606 0.16874 -1.46952e-4 0.9428883 0.3331092 3.93572e-5 0.9848099 0.1736361 -8.8457e-6 0.9396921 0.3420216 1.54926e-6 0.873014 0.4876952 9.47318e-6 0.08257949 0.9965845 -1.42572e-5 -0.08258038 0.9965845 9.70019e-6 -0.04244142 0.999099 3.02009e-5 0.9963976 -0.08480572 6.9011e-7 1 -1.24057e-7 3.02019e-5 0.9963975 0.08480602 1.20306e-5 -0.2106795 0.9775552 -1.0544e-5 -0.2454859 0.9694002 -2.27869e-5 -0.4016967 0.9157729 -2.23368e-5 -0.3728556 0.9278894 -5.11708e-5 -0.5469518 0.8371642 2.33958e-5 -0.5243079 0.8515288 3.39816e-5 -0.660676 0.7506712 -2.18456e-5 -0.6772835 0.7357221 4.74604e-5 -0.7891377 0.6142165 4.55175e-5 -0.7780373 0.6282183 -7.6913e-5 -0.8794795 0.4759368 1.02118e-4 -0.873019 0.4876862 9.32262e-5 -0.9428805 0.3331311 8.91811e-6 -0.9458167 0.3247011 -2.60435e-4 -0.9864004 0.1643597 4.13549e-5 -0.9856172 0.1689931 -4.284e-5 -1 0 2.99527e-5 0.1270176 0.9919005 1.25915e-5 0.2928227 0.9561668 1.02664e-5 0.2454853 0.9694004 -1.92942e-5 0.4016947 0.9157738 2.14875e-5 0.4502037 0.8929259 5.26206e-5 0.5946328 0.8039974 -1.50921e-6 0.5469483 0.8371666 -1.71778e-5 0.721956 0.6919391 -1.94246e-5 0.6772813 0.7357242 -2.18703e-5 0.7891398 0.6142138 3.09339e-6 0.8285096 0.5599749 1.60728e-5 0.9112287 0.4119008 -9.19262e-6 0.8794739 0.4759473 4.70565e-5 0.9677331 0.2519776 -4.36744e-6 0.9458174 0.324699 -3.41795e-5 0.9863613 0.1645953 3.08221e-6 0.8285096 -0.5599749 -9.19867e-6 0.8794739 -0.475947 1.60649e-5 0.9112286 -0.4119012 4.70574e-5 0.967733 -0.251978 -4.36557e-6 0.9458174 -0.3246992 -3.41786e-5 0.9863613 -0.164595 -1.53808e-6 0.5469478 -0.8371667 5.25997e-5 0.5946329 -0.8039975 2.13911e-5 0.4502037 -0.892926 -2.18498e-5 0.7891397 -0.6142138 -1.7195e-5 0.721956 -0.6919391 -1.9412e-5 0.6772816 -0.735724 2.99602e-5 0.1270174 -0.9919005 9.69367e-6 -0.04244178 -0.999099 9.51323e-6 0.08257967 -0.9965845 1.25119e-5 0.2928228 -0.9561668 1.02776e-5 0.2454864 -0.9694001 -1.93524e-5 0.4016947 -0.9157737 2.34088e-5 -0.5243079 -0.8515288 -2.27741e-5 -0.4016966 -0.9157729 -2.23171e-5 -0.3728556 -0.9278894 -1.05454e-5 -0.2454857 -0.9694003 -1.42567e-5 -0.08258038 -0.9965844 1.20525e-5 -0.2106795 -0.9775552 -5.07201e-5 -0.7891439 -0.6142084 -2.18202e-5 -0.6772834 -0.7357223 4.55005e-5 -0.7780371 -0.6282184 -5.11201e-5 -0.5469516 -0.8371642 8.33296e-5 -0.6606774 -0.75067 5.29292e-5 -0.8730167 -0.4876905 -1.25737e-4 -0.8794829 -0.4759305 9.32147e-5 -0.9428805 -0.3331311 5.69167e-5 -0.945813 -0.3247121 -2.60435e-4 -0.9864004 -0.1643597 4.13628e-5 -0.9856172 -0.1689931 -5.17536e-6 -0.08257913 -0.9965845 -3.67528e-5 0.04244178 -0.999099 3.23339e-5 0.0825811 -0.9965844 2.75616e-5 -0.9963975 0.08480602 2.75592e-5 -0.9963976 -0.08480596 -1.88299e-5 -1 0 -5.50754e-5 0.2106804 -0.977555 -1.29601e-5 0.2454846 -0.9694005 1.34665e-5 0.4016962 -0.915773 -4.50464e-5 0.3728572 -0.9278888 -3.45614e-5 0.5243084 -0.8515285 5.44102e-6 0.5469487 -0.8371661 -5.4444e-5 0.6606766 -0.7506707 5.7471e-5 0.6772859 -0.73572 -1.14962e-5 0.7891398 -0.6142138 -3.35732e-5 0.7780373 -0.6282181 -9.32404e-5 0.8730183 -0.4876877 -2.7389e-5 0.8794717 -0.4759514 -1.02475e-5 0.9428777 -0.3331392 3.57147e-5 0.9458213 -0.3246876 3.01924e-4 0.986396 -0.1643869 -5.38589e-5 0.9856179 -0.1689892 6.69521e-5 1 0 3.93484e-6 -0.1270179 -0.9919005 1.62381e-5 -0.2454843 -0.9694005 -1.60891e-5 -0.2928226 -0.9561668 5.90598e-6 -0.4016948 -0.9157737 1.80211e-6 -0.4502037 -0.8929259 2.79536e-6 -0.5946331 -0.8039972 2.12379e-5 -0.5469477 -0.8371668 5.99446e-6 -0.6772816 -0.7357239 -6.94487e-6 -0.721956 -0.6919389 8.77213e-6 -0.7891401 -0.6142132 6.577e-6 -0.8285098 -0.5599747 -3.67248e-5 -0.9112286 -0.4119009 1.48988e-5 -0.8794741 -0.4759469 6.80378e-6 -0.9458173 -0.3246993 -7.43568e-6 -0.967733 -0.2519782 3.5129e-5 -0.9863613 -0.1645952 6.57747e-6 -0.8285098 0.5599748 -3.67239e-5 -0.9112285 0.4119015 1.48942e-5 -0.8794739 0.4759472 -7.43289e-6 -0.967733 0.251978 3.513e-5 -0.9863612 0.1645954 6.80098e-6 -0.9458174 0.3246992 2.12234e-5 -0.5469473 0.8371671 1.72015e-6 -0.4502037 0.8929259 -4.36218e-5 -0.5946327 0.8039975 8.80333e-6 -0.78914 0.6142134 6.0387e-6 -0.6772814 0.735724 -6.89412e-6 -0.721956 0.6919389 3.91156e-6 -0.1270182 0.9919005 -5.031e-6 -0.08257961 0.9965845 -3.66983e-5 0.04244208 0.999099 -1.62073e-5 -0.2928229 0.9561668 5.23725e-5 -0.4016941 0.9157739 1.63475e-5 -0.2454854 0.9694004 -3.45642e-5 0.5243083 0.8515286 -4.50446e-5 0.3728573 0.9278888 5.98e-5 0.4016993 0.9157717 -1.29526e-5 0.2454845 0.9694006 -5.50365e-5 0.2106804 0.977555 3.23821e-5 0.08258116 0.9965844 -1.15203e-5 0.7891398 0.6142138 -3.35618e-5 0.7780373 0.6282182 1.11633e-5 0.6772826 0.735723 5.39003e-6 0.5469486 0.8371663 -5.44374e-5 0.6606767 0.7506707 -4.69431e-5 0.8730162 0.4876912 1.8303e-5 0.8794757 0.475944 3.57277e-5 0.9458214 0.3246876 -5.64901e-5 0.9428791 0.3331352 3.01924e-4 0.986396 0.1643869 -1.44528e-4 0.9856213 0.1689692 0 0.4257774 0.904828 0 0.4257819 0.9048259 0 0.5706678 0.821181 0 0.3545997 -0.9350183 -7.33607e-7 0.50003 -0.8660082 0 0.5000679 -0.8659862 0 0.2689675 0.9631493 0 0.2689715 0.9631482 0 0.1045499 0.9945197 0 0.1045463 0.9945201 0 -0.06285291 0.9980228 0 -0.06284904 0.998023 0 -0.2283721 0.9735739 0 -0.2283702 0.9735745 0 -0.3874794 0.9218784 0 -0.3874816 0.9218775 0 -0.5358422 0.8443183 0 -0.5358409 0.8443189 0 -0.6691271 0.743148 0 -0.6691231 0.7431517 0 -0.7836829 0.6211612 0 -0.7836881 0.6211545 0 -0.8762959 0.4817734 0 -0.8762915 0.4817815 0 -0.9443898 0.3288283 0 -0.9443853 0.3288411 0 -0.9860036 0.1667242 0 -0.9860043 0.1667202 0 -1 -1.56008e-6 0 -1 2.90759e-6 0 0.5706629 0.8211844 0 0.6996668 0.7144694 0 0.6996641 0.7144721 0 0.8090206 0.5877803 0 0.8090194 0.5877822 0 0.8956999 0.4446593 0 0.8956998 0.4446594 0 0.9573321 0.2889902 0 0.9573329 0.2889877 0 0.9921203 0.1252894 0 0.9921204 0.1252886 0 0.9991241 -0.04184848 0 0.999124 -0.04184776 0 0.9781419 -0.2079389 0 0.9781417 -0.2079396 0 0.9297674 -0.3681474 0 0.9297671 -0.3681482 0 0.8553775 -0.5180052 0 0.8553776 -0.518005 0 0.7570207 -0.6533909 0 0.7570225 -0.6533889 0 0.6374299 -0.7705084 0 0.6374337 -0.7705054 0 -0.120469 -0.9927171 0 0.04033005 -0.9991865 0 0.04032647 -0.9991866 0 0.2000167 -0.9797926 0 0.2000197 -0.9797919 0 0.3546037 -0.9350168 0 -0.4287182 -0.9034383 0 -0.4287253 -0.9034349 0 -0.5681028 -0.8229576 0 -0.1204639 -0.9927178 0 -0.2782399 -0.9605116 0 -0.2782332 -0.9605135 0 -0.7994115 -0.6007839 0 -0.8854867 -0.464665 0 -0.7994069 -0.60079 0 -0.6926959 -0.7212298 0 -0.692688 -0.7212374 0 -0.5680949 -0.8229631 0 -0.8854869 -0.4646644 0 -0.9485266 -0.3166975 0 -0.9485284 -0.3166922 0 -0.9870437 -0.1604524 0 -0.9870442 -0.1604484 0 -0.4257932 -0.9048205 0 -0.5706989 -0.8211595 0 -0.4257963 -0.9048191 0 -0.3546438 0.9350016 0 -0.5000271 0.8660098 8.16834e-7 -0.4999889 0.8660319 0 -0.2689398 -0.963157 0 -0.2689352 -0.9631583 0 -0.1045223 -0.9945226 0 -0.1045175 -0.9945231 0 0.06282043 -0.9980249 0 0.06281602 -0.9980252 0 0.2284067 -0.9735659 0 0.2284098 -0.9735652 0 0.3874998 -0.9218699 0 0.3875027 -0.9218686 0 0.5357925 -0.8443497 0 0.5357892 -0.8443519 0 0.6691157 -0.7431583 0 0.6691212 -0.7431533 0 0.7836911 -0.6211509 0 0.7836984 -0.6211417 0 0.8762944 -0.4817759 0 0.8762926 -0.4817792 0 0.9443891 -0.3288304 0 0.944389 -0.3288305 0 0.9860028 -0.166729 0 0.9860035 -0.1667249 0 1 7.92823e-6 0 1 4.11526e-5 0 -0.5706968 -0.821161 0 -0.6996831 -0.7144533 0 -0.6996807 -0.7144557 0 -0.8090031 -0.5878043 0 -0.8090068 -0.5877993 0 -0.8957064 -0.4446461 0 -0.8957092 -0.4446403 0 -0.9573347 -0.2889814 0 -0.9573329 -0.2889878 0 -0.9921126 -0.1253499 0 -0.9921137 -0.1253413 0 -0.9991233 0.04186737 0 -0.9991229 0.04187393 0 -0.9781512 0.2078949 0 -0.9781521 0.2078905 0 -0.9297716 0.3681371 0 -0.9297705 0.3681396 0 -0.8553701 0.5180174 0 -0.8553699 0.5180178 0 -0.7570073 0.6534066 0 -0.7570087 0.6534049 0 -0.6373869 0.7705439 0 -0.6373847 0.7705458 0 0.1205028 0.992713 0 -0.04021495 0.9991911 0 -0.04021942 0.9991909 0 -0.1999648 0.9798031 0 -0.3546476 0.9350001 0 -0.1999694 0.9798023 0 0.4287468 0.9034247 0 0.5681178 0.8229473 0 0.4287481 0.9034242 0 0.1204994 0.9927135 0 0.2781584 0.9605352 0 0.2781616 0.9605343 0 0.7994381 0.6007487 0 0.7994332 0.6007551 0 0.8854384 0.4647568 0 0.6926891 0.7212363 0 0.5681217 0.8229447 0 0.6926908 0.7212347 0 0.8854368 0.46476 0 0.9485309 0.3166846 0 0.9485294 0.3166893 0 0.9870526 0.1603973 0 0.9870541 0.1603884 -6.20583e-5 -0.8660243 0.5000018 -2.44705e-5 -0.9396925 0.3420205 7.47995e-5 -0.8730212 0.4876824 2.30181e-5 -0.3728559 0.9278894 2.7162e-6 -0.4999989 0.8660261 3.57199e-5 -0.5243094 0.8515278 7.55056e-5 -0.9428845 0.33312 -7.37022e-5 -0.9848083 0.173645 6.61527e-6 -1 -2.56161e-5 -8.04968e-6 -0.9856149 0.1690068 4.63602e-5 -1 3.42845e-5 3.27837e-5 -0.778038 0.6282172 6.80985e-5 -0.6606797 0.7506681 -5.51415e-5 -0.7660449 0.6427872 2.58628e-5 -0.6427876 0.7660445 2.66919e-5 0.1270176 0.9919005 -5.97374e-6 -0.01688927 0.9998574 5.44502e-5 -0.04244124 0.999099 6.14224e-5 -0.2106788 0.9775554 -4.28222e-5 -0.1847255 0.9827902 -4.52073e-5 -0.3473041 0.9377527 -2.08495e-5 0.4704667 0.8824177 5.38644e-5 0.450204 0.8929257 5.95746e-5 0.594632 0.803998 -4.11372e-5 0.1514295 0.9884681 2.76593e-5 0.292823 0.9561667 4.19386e-5 0.3154339 0.9489476 5.29843e-5 0.82851 0.5599744 5.15759e-5 0.9112288 0.4119008 -1.63815e-5 0.8395897 0.5432212 2.09161e-5 0.7219561 0.691939 -5.16493e-5 0.7363268 0.6766262 -5.66344e-5 0.6121072 0.7907748 3.73651e-5 0.9963976 -0.08480566 3.91179e-6 0.9977187 0.06750988 2.08323e-5 0.9963976 0.08480584 5.62726e-5 0.9721721 0.234268 -4.00068e-5 0.9189587 0.394354 5.59036e-5 0.9677332 0.2519774 -2.6755e-5 0.9051144 -0.4251683 2.19827e-5 0.9112284 -0.4119016 1.06193e-4 0.82851 -0.5599744 -1.05926e-6 0.9948694 -0.1011682 4.47738e-5 0.9677333 -0.2519766 -3.29129e-5 0.9637052 -0.266969 9.84151e-5 0.594634 -0.8039965 5.61498e-5 0.4502037 -0.8929259 -1.2225e-4 0.5850484 -0.8109984 5.22085e-5 0.7219556 -0.6919394 -4.12439e-5 0.7130509 -0.7011124 -1.29875e-5 0.8207636 -0.5712681 7.92677e-5 -0.04244196 -0.999099 1.83657e-6 0.1179559 -0.9930188 1.13209e-5 0.1270175 -0.9919006 -7.47648e-5 0.2831985 -0.9590613 -3.8836e-5 0.4403913 -0.897806 5.04253e-5 0.2928194 -0.9561678 -2.40781e-5 -0.3787823 -0.9254859 5.01924e-5 -0.2178083 -0.9759917 7.98184e-6 -0.3728561 -0.9278893 -3.7451e-5 -0.05065041 -0.9987165 8.19358e-5 -0.2106783 -0.9775555 1.24746e-4 -0.5243142 -0.851525 -3.34112e-5 -0.5289692 -0.848641 1.05351e-4 -0.6606767 -0.7506707 -8.64692e-6 -0.6640948 -0.7476485 -4.81216e-5 -0.7803261 -0.6253728 4.99643e-4 -0.7780293 -0.6282279 3.82776e-4 -0.8730595 -0.4876136 -2.86426e-4 -0.8743964 -0.4852125 2.78282e-4 -0.9428868 -0.3331134 -1.70829e-4 -0.9434942 -0.3313892 -6.89166e-5 -0.9857739 -0.1680771 1.57738e-4 -0.98562 -0.1689772 -4.36727e-5 0.8660253 -0.5000002 -8.35273e-5 0.8730203 -0.487684 1.44115e-5 0.9396927 -0.34202 2.38302e-5 0.3728562 -0.9278892 -8.82549e-5 0.5243144 -0.8515248 -7.24313e-6 0.4999974 -0.8660269 -7.64463e-5 0.9428831 -0.3331239 1.48622e-4 0.9848094 -0.1736389 -3.75317e-6 1 1.41804e-5 -4.53277e-5 0.9856233 -0.168958 -6.0326e-5 1 -4.82754e-5 -5.95101e-5 0.7780404 -0.6282143 2.62675e-5 0.7660439 -0.6427884 -5.72531e-5 0.6606799 -0.7506678 3.94883e-5 0.6427882 -0.7660441 -2.30765e-5 -0.127018 -0.9919005 -1.0435e-5 0.04244118 -0.999099 1.12888e-5 0.01688921 -0.9998574 -5.44838e-5 0.2106792 -0.9775553 2.43215e-5 0.3473045 -0.9377524 4.10229e-5 0.1847242 -0.9827905 1.91275e-5 -0.4704671 -0.8824175 -4.17484e-5 -0.5946326 -0.8039976 -2.38998e-5 -0.4502035 -0.892926 -5.74626e-6 -0.1514281 -0.9884683 -1.35833e-5 -0.315435 -0.9489472 -5.63869e-5 -0.2928223 -0.9561669 -4.34881e-5 -0.8285101 -0.5599743 -1.84693e-5 -0.8395889 -0.5432226 -6.2533e-5 -0.9112284 -0.4119016 -3.01111e-5 -0.7219557 -0.6919393 5.20155e-5 -0.6121081 -0.7907742 4.41081e-5 -0.7363266 -0.6766263 -2.65709e-5 -0.9963976 0.0848053 -3.38603e-5 -0.9963976 -0.08480513 4.99745e-5 -0.9977188 -0.0675069 -3.14098e-5 -0.9721723 -0.2342671 -6.5557e-5 -0.9677332 -0.2519776 2.14679e-5 -0.9189581 -0.3943553 1.54063e-5 -0.9051144 0.4251685 -4.33272e-5 -0.8285104 0.5599738 3.77779e-6 -0.9112286 0.4119012 2.15811e-5 -0.9948693 0.1011689 -2.15254e-5 -0.963706 0.2669661 -1.00387e-4 -0.9677334 0.2519769 -1.5637e-5 -0.5946328 0.8039975 8.75719e-5 -0.5850449 0.8110009 -9.50345e-6 -0.450204 0.8929257 -7.21267e-5 -0.721955 0.69194 5.39323e-5 -0.8207631 0.5712688 1.18044e-5 -0.7130524 0.7011107 -1.19077e-4 0.04244631 0.9990988 -5.8068e-7 -0.127018 0.9919004 3.80158e-5 -0.1179523 0.9930194 1.02587e-4 -0.2832015 0.9590606 -3.65414e-5 -0.2928222 0.956167 3.51269e-5 -0.4403927 0.8978053 5.6568e-5 0.3787848 0.9254848 -4.75987e-5 0.3728555 0.9278895 -8.93878e-5 0.2178128 0.9759906 3.66407e-5 0.05065262 0.9987164 -1.52044e-4 0.2106783 0.9775555 -5.15066e-5 0.5243092 0.851528 1.29572e-4 0.5289726 0.8486389 5.16277e-4 0.6641085 0.7476361 -1.36106e-4 0.6606751 0.7506719 8.65334e-5 0.7803384 0.6253575 -2.65305e-5 0.7780384 0.6282169 -4.28929e-4 0.8730262 0.4876731 2.75395e-4 0.8743625 0.4852733 1.82874e-4 0.9434962 0.3313834 -3.00477e-4 0.9428774 0.33314 5.93398e-5 0.9857794 0.1680446 -1.7316e-4 0.9856273 0.1689342 2.25948e-5 -0.4286924 0.9034506 -2.97283e-5 -0.5680663 0.8229829 3.91849e-5 -0.524308 0.8515287 3.68278e-5 0.5946326 0.8039975 -4.57005e-5 0.5000132 0.8660178 1.13817e-5 0.4502043 0.8929257 -6.0536e-7 -0.6606752 0.7506719 -6.48899e-6 -0.6927247 0.7212021 -1.74786e-5 -0.799444 0.6007407 1.25519e-5 -0.7780361 0.6282196 -4.6188e-5 -0.8854601 0.4647154 2.06158e-5 -0.8730151 0.4876933 4.34336e-5 -0.9428791 0.3331352 -8.8608e-5 -0.9485434 0.3166474 -7.67276e-5 -0.9870594 0.160355 6.67331e-5 -0.9856183 0.1689875 0 -1 1.24134e-5 2.32785e-5 -1 -1.08926e-5 1.78125e-5 -0.3728562 0.9278892 3.77428e-5 -0.2106789 0.9775553 -3.05008e-6 -0.2782173 0.9605181 -3.11322e-5 -0.1205366 0.9927089 9.41427e-6 -0.04244124 0.999099 1.34907e-5 0.127018 0.9919004 -2.64631e-5 0.04026627 0.999189 1.60388e-5 0.292823 0.9561667 -1.01561e-5 0.200026 0.9797907 -1.78311e-5 0.3546058 0.935016 -4.38094e-6 0.9112288 0.4119006 -2.79564e-5 0.8553648 0.5180263 1.54916e-5 0.8285099 0.5599746 2.31662e-5 0.721956 0.691939 -1.85147e-6 0.756995 0.6534209 -5.15543e-5 0.6374248 0.7705126 1.98521e-5 0.9991228 0.04187619 -4.0208e-5 0.9963975 0.08480614 1.01388e-5 0.9963975 -0.08480596 -6.4536e-6 0.9297764 0.3681247 3.17371e-5 0.9677331 0.2519778 -5.92992e-5 0.9781478 0.207911 1.64269e-5 0.9112284 -0.4119014 -3.95114e-6 0.8285097 -0.5599748 -2.57692e-5 0.8957114 -0.444636 2.29068e-5 0.9677331 -0.2519775 -2.75131e-5 0.9573193 -0.2890326 1.8887e-5 0.9921148 -0.1253325 2.76777e-5 0.4502037 -0.8929259 -2.56647e-5 0.5707127 -0.8211499 4.09642e-5 0.594633 -0.8039973 9.6946e-6 0.6996632 -0.714473 3.9659e-5 0.8090179 -0.5877842 2.19061e-5 0.7219559 -0.6919392 -3.20212e-5 0.1045266 -0.9945221 2.68002e-5 0.1270174 -0.9919006 2.78137e-5 -0.04244202 -0.999099 4.10504e-6 0.4257792 -0.9048271 4.33375e-5 0.2928214 -0.9561672 -5.64489e-5 0.2689183 -0.963163 4.92602e-5 -0.3728567 -0.9278889 7.03745e-5 -0.5243099 -0.8515276 -1.03731e-4 -0.3875198 -0.9218615 8.96167e-5 -0.2106802 -0.9775551 1.47758e-5 -0.2283499 -0.9735792 -3.78261e-5 -0.06279373 -0.9980266 2.55033e-5 -0.535825 -0.8443291 3.03999e-5 -0.6606758 -0.7506713 -3.268e-5 -0.6691331 -0.7431427 5.92243e-5 -0.7836893 -0.621153 2.52232e-5 -0.7780364 -0.6282193 1.13694e-4 -0.8730221 -0.4876807 -6.94913e-5 -0.8763123 -0.4817435 2.16937e-4 -0.9428846 -0.3331196 -6.51906e-5 -0.9443831 -0.3288476 -1.58485e-4 -0.986024 -0.1666036 4.11783e-4 -0.9856321 -0.1689062 2.68035e-5 0.4286943 -0.9034496 -1.08313e-5 0.5243074 -0.8515291 -8.01962e-6 0.5680645 -0.8229842 -1.81175e-5 -0.5946331 -0.8039973 -2.06437e-5 -0.4502043 -0.8929256 1.71526e-5 -0.500005 -0.8660226 -2.88836e-5 0.6606759 -0.7506713 3.71845e-5 0.692726 -0.7212008 -2.78885e-6 0.799443 -0.6007421 6.27618e-6 0.7780359 -0.6282199 -8.44128e-6 0.8730146 -0.4876943 6.51241e-5 0.8854606 -0.4647145 -5.35133e-5 0.942879 -0.3331356 8.95489e-5 0.9485435 -0.3166471 2.68847e-4 0.9870874 -0.1601829 -5.45752e-5 0.9856179 -0.1689897 4.81721e-5 1 -2.21663e-5 0 1 -4.41878e-5 -3.05874e-5 0.3728564 -0.9278891 -1.42171e-5 0.278217 -0.9605183 1.18697e-6 0.2106791 -0.9775553 0 0.120537 -0.9927089 1.41654e-5 0.0424413 -0.999099 -1.90958e-5 -0.127018 -0.9919004 3.11956e-5 -0.04026579 -0.999189 1.32211e-5 -0.2000259 -0.9797906 -3.09884e-5 -0.2928231 -0.9561667 4.76697e-6 -0.3546054 -0.9350161 -6.08135e-5 -0.9112287 -0.4119009 -3.3882e-5 -0.8285099 -0.5599744 4.20962e-5 -0.8553649 -0.5180261 -1.44639e-5 -0.721956 -0.691939 4.3558e-5 -0.6374244 -0.7705128 2.72044e-5 -0.7569955 -0.6534201 -1.09114e-5 -0.9991229 -0.04187577 1.54623e-5 -0.9963976 0.08480602 1.15833e-5 -0.9963975 -0.08480584 4.93247e-5 -0.9297766 -0.3681241 1.04876e-5 -0.9781478 -0.2079113 -2.42349e-5 -0.967733 -0.2519778 8.05897e-6 -0.9112285 0.4119012 -1.00187e-5 -0.895712 0.4446346 -8.04663e-7 -0.8285098 0.5599748 -4.42988e-5 -0.967733 0.2519777 1.06962e-6 -0.9921148 0.1253329 2.51471e-5 -0.9573193 0.2890326 -5.00917e-5 -0.450204 0.8929259 -5.81788e-5 -0.5946323 0.8039978 5.08884e-5 -0.5707119 0.8211503 1.63098e-5 -0.6996625 0.7144735 -4.23808e-5 -0.7219557 0.6919394 2.25366e-5 -0.8090165 0.587786 2.93118e-5 -0.1045261 0.9945222 -4.14147e-5 0.04244232 0.9990989 -1.65838e-5 -0.1270173 0.9919006 1.2666e-7 -0.425779 0.9048272 2.33974e-5 -0.2689191 0.9631628 -2.78966e-5 -0.2928225 0.9561668 -1.13221e-5 0.3728562 0.9278892 7.95728e-5 0.3875204 0.9218612 -4.44179e-5 0.5243083 0.8515285 -8.57816e-5 0.2106803 0.977555 4.71363e-5 0.06279397 0.9980266 3.07972e-5 0.2283537 0.9735783 8.01042e-6 0.5358274 0.8443276 3.50481e-5 0.6691331 0.7431426 -3.54795e-5 0.660676 0.7506712 2.28686e-6 0.7836934 0.6211479 -5.90787e-5 0.7780393 0.6282157 -4.38794e-5 0.8730172 0.4876896 7.43132e-5 0.8763124 0.4817434 1.03691e-4 0.9443868 0.3288366 2.66446e-5 0.9428771 0.3331411 1.68641e-4 0.986024 0.1666042 -1.18145e-4 0.9856203 0.1689759</float_array>
          <technique_common>
            <accessor source="#ID4-mesh-normals-array" count="3089" stride="3">
              <param name="X" type="float"/>
              <param name="Y" type="float"/>
              <param name="Z" type="float"/>
            </accessor>
          </technique_common>
        </source>
        <vertices id="ID4-mesh-vertices">
          <input semantic="POSITION" source="#ID4-mesh-positions"/>
        </vertices>
        <triangles material="ID10-material" count="4632">
          <input semantic="VERTEX" source="#ID4-mesh-vertices" offset="0"/>
          <input semantic="NORMAL" source="#ID4-mesh-normals" offset="1"/>
          <p>0 0 2 1 1 2 3 3 5 4 4 5 6 6 8 7 7 8 9 9 11 10 10 11 12 12 14 13 13 14 15 15 17 16 16 17 18 18 20 19 19 20 21 21 23 22 22 23 24 24 26 25 25 26 27 27 29 28 28 29 30 30 28 29 31 31 32 32 27 27 33 33 27 27 32 32 29 28 33 33 35 34 34 35 34 35 32 32 33 33 36 36 37 37 35 34 34 35 35 34 37 37 38 38 36 36 39 39 36 36 38 38 37 37 21 21 30 30 31 31 28 29 29 28 31 31 22 23 23 22 24 24 30 30 21 21 22 23 26 25 16 17 25 26 23 22 26 25 24 24 15 15 19 20 17 16 16 17 17 16 25 26 11 10 20 19 18 18 18 18 19 20 15 15 14 13 9 9 10 11 9 9 20 19 11 10 12 12 13 14 3 3 14 13 10 11 13 14 4 5 5 4 7 8 12 12 3 3 4 5 6 6 0 0 8 7 5 4 6 6 7 8 1 2 8 7 0 0 40 40 42 41 41 42 43 43 45 44 44 45 46 46 48 47 47 48 49 49 51 50 50 51 52 52 54 53 53 54 55 55 57 56 56 57 58 58 60 59 59 60 61 61 63 62 62 63 64 64 66 65 65 66 67 67 69 68 68 69 70 70 71 71 69 68 72 72 73 73 67 67 67 67 68 69 72 72 73 73 75 74 74 75 75 74 73 73 72 72 76 76 74 75 77 77 75 74 77 77 74 75 78 78 79 79 76 76 76 76 77 77 78 78 61 61 71 71 70 70 69 68 71 71 68 69 63 62 64 64 62 63 70 70 63 62 61 61 65 66 66 65 57 56 62 63 64 64 65 66 55 55 56 57 60 59 57 56 66 65 56 57 50 51 58 58 59 60 58 58 55 55 60 59 53 54 51 50 49 49 49 49 50 51 59 60 52 52 43 43 54 53 53 54 54 53 51 50 45 44 48 47 44 45 52 52 45 44 43 43 46 46 47 48 40 40 44 45 48 47 46 46 42 41 40 40 47 48 80 80 82 80 81 80 83 80 80 80 84 80 82 80 80 80 85 80 80 80 83 80 85 80 86 81 88 81 87 81 89 81 90 81 86 81 87 81 91 81 86 81 86 81 91 81 89 81 92 80 94 80 93 80 95 80 94 80 96 80 96 80 94 80 97 80 97 82 94 82 92 82 98 81 100 81 99 81 101 81 102 81 98 81 99 81 103 81 98 81 98 81 103 81 101 81 104 83 106 83 105 83 107 84 109 84 108 84 110 85 111 85 107 85 110 86 107 86 108 86 112 84 113 84 107 84 112 87 107 87 111 87 114 84 115 84 107 84 114 84 107 84 113 84 105 84 116 84 104 84 117 84 118 84 116 84 119 84 104 84 120 84 106 84 104 84 121 84 122 84 104 84 123 84 124 84 125 84 104 84 126 84 123 84 104 84 127 84 104 84 122 84 126 84 104 84 125 84 116 88 120 88 104 88 124 84 104 84 119 84 128 84 121 84 104 84 116 89 118 89 120 89 116 84 129 84 115 84 117 90 116 90 115 90 107 91 129 91 130 91 129 92 107 92 115 92 131 84 107 84 132 84 130 93 132 93 107 93 133 94 135 94 134 94 135 94 136 94 134 94 137 95 138 95 135 95 139 96 136 96 135 96 137 94 135 94 133 94 140 97 142 97 141 97 142 94 143 94 133 94 133 94 134 94 142 94 141 94 142 94 134 94 142 94 144 94 143 94 145 98 147 98 146 98 145 99 148 99 147 99 149 100 151 100 150 100 151 101 149 101 152 101 153 102 155 102 154 102 155 103 153 103 156 103 157 104 159 104 158 104 159 104 157 104 160 104 161 105 163 105 162 105 163 106 161 106 164 106 165 107 167 107 166 107 165 107 168 107 167 107 169 108 171 108 170 108 171 109 169 109 172 109 173 110 175 110 174 110 173 111 176 111 175 111 177 112 179 112 178 112 177 99 180 99 179 99 181 113 183 113 182 113 181 114 184 114 183 114 185 115 187 115 186 115 185 116 188 116 187 116 189 104 191 104 190 104 191 117 189 117 192 117 193 118 195 118 194 118 196 94 198 94 197 94 199 94 200 94 194 94 194 94 195 94 201 94 202 94 203 94 194 94 195 119 193 119 204 119 202 94 194 94 205 94 206 94 195 94 204 94 196 94 207 94 205 94 208 94 195 94 209 94 207 94 196 94 210 94 211 94 195 94 208 94 212 120 214 120 213 120 211 94 213 94 195 94 214 94 215 94 213 94 197 94 216 94 196 94 213 94 215 94 217 94 216 94 197 94 218 94 213 94 217 94 219 94 220 121 218 121 197 121 221 122 217 122 215 122 222 94 217 94 223 94 224 94 197 94 225 94 199 94 194 94 203 94 226 94 227 94 225 94 228 94 225 94 229 94 225 123 228 123 226 123 217 124 222 124 228 124 228 94 222 94 230 94 225 125 232 125 231 125 233 126 225 126 227 126 231 127 224 127 225 127 217 94 234 94 223 94 235 128 197 128 224 128 221 129 236 129 217 129 216 130 237 130 196 130 196 94 237 94 210 94 226 94 228 94 238 94 235 94 239 94 197 94 220 94 197 94 239 94 232 131 225 131 233 131 230 94 240 94 228 94 241 94 238 94 228 94 241 94 228 94 240 94 234 94 217 94 236 94 242 132 212 132 213 132 206 94 209 94 195 94 211 94 242 94 213 94 194 133 200 133 193 133 194 94 196 94 205 94 243 134 245 134 244 134 246 94 248 94 247 94 243 94 244 94 249 94 250 96 243 96 249 96 246 95 247 95 244 95 243 135 251 135 245 135 243 94 252 94 251 94 246 94 245 94 253 94 245 94 246 94 244 94 253 94 254 94 246 94 255 136 257 136 256 136 255 137 258 137 257 137 259 138 261 138 260 138 261 139 259 139 262 139 263 140 265 140 264 140 265 141 263 141 266 141 267 142 269 142 268 142 269 142 267 142 270 142 271 143 273 143 272 143 273 144 271 144 274 144 275 145 277 145 276 145 275 145 278 145 277 145 279 146 281 146 280 146 281 147 279 147 282 147 283 148 285 148 284 148 283 149 286 149 285 149 287 136 289 136 288 136 287 150 290 150 289 150 291 145 293 145 292 145 291 151 294 151 293 151 295 152 297 152 296 152 295 153 298 153 297 153 299 154 301 154 300 154 301 155 299 155 302 155 303 94 305 94 304 94 306 94 308 94 307 94 309 123 311 123 310 123 312 94 306 94 313 94 310 94 315 94 314 94 316 156 313 156 317 156 305 94 319 94 318 94 317 157 321 157 320 157 322 94 305 94 303 94 323 94 321 94 303 94 324 132 303 132 325 132 321 94 323 94 326 94 303 94 324 94 323 94 303 94 304 94 327 94 328 94 320 94 321 94 317 118 313 118 321 118 329 129 305 129 330 129 321 94 313 94 331 94 313 158 316 158 332 158 319 159 310 159 333 159 313 94 335 94 334 94 306 160 337 160 336 160 310 94 314 94 338 94 306 94 336 94 308 94 309 94 310 94 339 94 310 161 311 161 315 161 340 162 341 162 308 162 336 94 340 94 308 94 308 94 343 94 342 94 344 94 311 94 309 94 345 128 308 128 342 128 309 163 346 163 344 163 309 164 308 164 345 164 347 127 309 127 345 127 333 94 310 94 338 94 312 94 313 94 334 94 310 94 319 94 305 94 306 94 348 94 337 94 347 165 349 165 309 165 346 131 309 131 349 131 343 166 308 166 341 166 329 122 304 122 305 122 350 94 348 94 306 94 332 94 335 94 313 94 312 94 350 94 306 94 351 94 328 94 321 94 326 94 351 94 321 94 325 120 303 120 327 120 318 167 352 167 305 167 330 168 305 168 352 168 353 94 355 94 354 94 356 94 354 94 357 94 356 169 358 169 353 169 356 94 359 94 358 94 355 94 353 94 360 94 360 94 361 94 355 94 355 94 363 94 362 94 353 94 354 94 356 94 355 170 362 170 354 170 357 94 364 94 356 94 365 140 367 140 366 140 365 141 368 141 367 141 369 171 371 171 370 171 369 172 372 172 371 172 373 136 375 136 374 136 375 137 373 137 376 137 377 145 379 145 378 145 377 145 380 145 379 145 381 173 383 173 382 173 383 174 381 174 384 174 385 142 387 142 386 142 387 142 385 142 388 142 389 175 391 175 390 175 391 176 389 176 392 176 393 177 395 177 394 177 395 178 393 178 396 178 397 140 399 140 398 140 397 179 400 179 399 179 401 180 403 180 402 180 403 142 401 142 404 142 405 181 407 181 406 181 405 182 408 182 407 182 409 183 411 183 410 183 409 184 412 184 411 184 413 94 415 94 414 94 414 185 415 185 416 185 414 94 416 94 417 94 418 94 420 94 419 94 421 186 423 186 422 186 424 187 426 187 425 187 427 94 421 94 428 94 429 94 430 94 425 94 431 188 432 188 429 188 433 189 428 189 434 189 434 94 428 94 435 94 436 190 432 190 431 190 428 191 433 191 431 191 437 94 428 94 438 94 439 94 428 94 437 94 440 192 431 192 425 192 429 193 425 193 431 193 428 94 421 94 438 94 441 94 425 94 430 94 421 94 443 94 442 94 423 94 421 94 444 94 424 194 425 194 445 194 446 94 420 94 426 94 425 94 426 94 420 94 447 195 413 195 414 195 448 94 419 94 420 94 449 196 419 196 450 196 450 94 419 94 448 94 451 94 452 94 419 94 415 94 413 94 453 94 454 94 419 94 452 94 413 197 455 197 453 197 413 198 419 198 454 198 419 199 449 199 451 199 456 200 413 200 454 200 417 201 457 201 414 201 414 94 457 94 444 94 420 202 458 202 448 202 456 94 459 94 413 94 455 94 413 94 459 94 442 94 438 94 421 94 460 94 458 94 420 94 445 94 425 94 441 94 446 203 460 203 420 203 461 94 436 94 431 94 433 204 461 204 431 204 435 205 428 205 439 205 421 206 414 206 444 206 443 207 421 207 422 207 462 94 464 94 463 94 465 94 467 94 466 94 467 94 468 94 466 94 465 94 469 94 467 94 470 94 468 94 467 94 467 94 471 94 470 94 463 94 468 94 462 94 472 94 466 94 463 94 468 94 463 94 466 94 463 94 473 94 472 94 474 81 476 81 475 81 474 81 477 81 476 81 478 208 480 208 479 208 480 208 478 208 481 208 482 80 484 80 483 80 482 80 483 80 485 80 486 208 488 208 487 208 486 208 489 208 488 208 490 80 492 80 491 80 490 80 491 80 493 80 494 209 496 209 495 209 494 209 497 209 496 209 498 80 500 80 499 80 498 80 499 80 501 80 502 209 504 209 503 209 503 209 505 209 502 209 506 81 508 81 507 81 506 81 509 81 508 81 510 209 512 209 511 209 510 209 513 209 512 209 514 81 516 81 515 81 514 81 517 81 516 81 518 208 520 208 519 208 518 208 521 208 520 208 522 94 524 94 523 94 525 210 527 210 526 210 528 94 524 94 529 94 530 211 523 211 531 211 528 212 533 212 532 212 534 213 531 213 535 213 536 94 537 94 532 94 534 214 539 214 538 214 537 94 541 94 540 94 538 215 543 215 542 215 544 94 540 94 545 94 546 94 525 94 544 94 547 216 549 216 548 216 550 94 547 94 542 94 548 94 552 94 551 94 553 217 526 217 554 217 555 94 556 94 551 94 554 94 558 94 557 94 559 218 561 218 560 218 560 94 562 94 558 94 563 94 565 94 564 94 566 94 559 94 564 94 567 219 569 219 568 219 570 220 556 220 571 220 572 94 574 94 573 94 575 94 574 94 576 94 577 94 578 94 576 94 568 94 580 94 579 94 579 94 581 94 577 94 582 94 584 94 583 94 583 94 572 94 585 94 586 218 563 218 587 218 569 216 588 216 587 216 589 94 591 94 590 94 590 94 592 94 589 94 589 94 593 94 591 94 570 94 595 94 594 94 592 221 584 221 582 221 590 222 584 222 592 222 582 223 583 223 585 223 585 224 572 224 573 224 573 225 574 225 575 225 575 226 576 226 578 226 578 94 577 94 581 94 581 227 579 227 580 227 568 94 579 94 567 94 569 228 567 228 588 228 587 229 588 229 586 229 563 94 586 94 565 94 564 94 565 94 566 94 559 94 566 94 561 94 560 94 561 94 562 94 558 94 562 94 557 94 554 94 557 94 553 94 554 230 526 230 527 230 527 231 525 231 546 231 546 232 544 232 545 232 545 94 540 94 541 94 541 233 537 233 536 233 536 234 532 234 533 234 533 235 528 235 529 235 529 94 524 94 522 94 522 94 523 94 530 94 531 94 523 94 535 94 534 236 535 236 539 236 538 237 539 237 543 237 542 238 543 238 550 238 547 94 550 94 549 94 548 94 549 94 552 94 551 94 552 94 555 94 556 94 555 94 571 94 570 239 594 239 593 239 570 94 571 94 595 94 591 240 593 240 594 240 596 94 598 94 597 94 599 241 601 241 600 241 602 94 598 94 603 94 604 242 597 242 605 242 602 212 607 212 606 212 608 243 605 243 609 243 610 94 611 94 606 94 608 244 613 244 612 244 611 94 615 94 614 94 612 245 617 245 616 245 618 94 614 94 619 94 620 94 599 94 618 94 621 216 623 216 622 216 624 94 621 94 616 94 622 94 626 94 625 94 627 246 600 246 628 246 629 94 630 94 625 94 628 94 632 94 631 94 633 218 635 218 634 218 634 94 636 94 632 94 637 94 639 94 638 94 640 94 633 94 638 94 641 219 643 219 642 219 644 247 630 247 645 247 646 94 648 94 647 94 649 94 648 94 650 94 651 94 652 94 650 94 642 94 654 94 653 94 653 94 655 94 651 94 656 94 658 94 657 94 657 94 646 94 659 94 660 248 637 248 661 248 643 216 662 216 661 216 663 94 665 94 664 94 664 94 666 94 663 94 663 94 667 94 665 94 644 94 669 94 668 94 666 249 658 249 656 249 664 222 658 222 666 222 656 250 657 250 659 250 659 224 646 224 647 224 647 251 648 251 649 251 649 252 650 252 652 252 652 94 651 94 655 94 655 253 653 253 654 253 642 94 653 94 641 94 643 254 641 254 662 254 661 229 662 229 660 229 637 94 660 94 639 94 638 94 639 94 640 94 633 94 640 94 635 94 634 94 635 94 636 94 632 94 636 94 631 94 628 94 631 94 627 94 628 255 600 255 601 255 601 231 599 231 620 231 620 256 618 256 619 256 619 94 614 94 615 94 615 257 611 257 610 257 610 234 606 234 607 234 607 258 602 258 603 258 603 94 598 94 596 94 596 94 597 94 604 94 605 94 597 94 609 94 608 236 609 236 613 236 612 259 613 259 617 259 616 260 617 260 624 260 621 94 624 94 623 94 622 94 623 94 626 94 625 94 626 94 629 94 630 94 629 94 645 94 644 261 668 261 667 261 644 94 645 94 669 94 665 262 667 262 668 262 670 169 672 169 671 169 671 263 674 263 673 263 671 264 676 264 675 264 670 94 671 94 673 94 675 95 674 95 671 95 677 265 679 265 678 265 674 266 678 266 679 266 680 169 673 169 679 169 674 94 679 94 673 94 679 94 681 94 680 94 682 267 684 267 683 267 682 109 685 109 684 109 686 268 688 268 687 268 686 269 689 269 688 269 690 270 692 270 691 270 692 271 690 271 693 271 694 107 696 107 695 107 694 107 697 107 696 107 698 272 700 272 699 272 700 273 698 273 701 273 702 104 704 104 703 104 704 104 702 104 705 104 706 112 708 112 707 112 708 99 706 99 709 99 710 274 712 274 711 274 712 275 710 275 713 275 714 108 716 108 715 108 714 109 717 109 716 109 718 276 720 276 719 276 720 277 718 277 721 277 722 278 724 278 723 278 722 279 725 279 724 279 726 280 728 280 727 280 726 107 729 107 728 107 730 281 732 281 731 281 733 282 735 282 734 282 736 94 737 94 734 94 738 94 733 94 739 94 737 94 741 94 740 94 742 283 743 283 739 283 740 94 745 94 744 94 746 94 748 94 747 94 749 94 744 94 750 94 751 94 749 94 752 94 753 94 755 94 754 94 756 284 758 284 757 284 759 285 761 285 760 285 762 286 764 286 763 286 765 287 767 287 766 287 768 94 770 94 769 94 771 94 773 94 772 94 771 288 775 288 774 288 776 94 765 94 777 94 777 289 772 289 778 289 779 290 780 290 770 290 779 94 781 94 775 94 782 291 783 291 766 291 784 94 768 94 785 94 783 292 786 292 762 292 787 94 788 94 763 94 760 94 784 94 789 94 790 94 791 94 761 94 755 94 792 94 787 94 793 94 754 94 794 94 795 94 732 94 791 94 730 94 797 94 796 94 743 293 746 293 747 293 798 94 751 94 799 94 796 294 801 294 800 294 757 94 802 94 756 94 802 295 804 295 803 295 794 94 758 94 793 94 757 296 758 296 794 296 754 297 793 297 753 297 755 298 753 298 792 298 787 94 792 94 788 94 787 299 763 299 764 299 764 300 762 300 786 300 786 301 783 301 782 301 782 302 766 302 767 302 767 94 765 94 776 94 776 303 777 303 778 303 778 94 772 94 773 94 773 94 771 94 774 94 774 94 775 94 781 94 779 304 775 304 780 304 770 305 780 305 769 305 768 94 769 94 785 94 784 94 785 94 789 94 760 94 789 94 759 94 761 306 759 306 790 306 791 94 790 94 795 94 732 307 795 307 731 307 730 94 731 94 797 94 730 308 796 308 800 308 800 94 801 94 805 94 805 309 798 309 799 309 801 94 798 94 805 94 799 310 751 310 752 310 752 311 749 311 750 311 750 312 744 312 745 312 745 313 740 313 741 313 741 94 737 94 736 94 736 314 734 314 735 314 735 315 733 315 738 315 739 94 733 94 742 94 743 316 742 316 746 316 747 317 748 317 804 317 802 94 803 94 756 94 804 318 748 318 803 318 806 94 808 94 807 94 809 94 811 94 810 94 807 319 808 319 812 319 807 94 813 94 806 94 814 320 807 320 812 320 815 94 807 94 816 94 815 321 813 321 807 321 817 322 813 322 815 322 814 94 818 94 807 94 809 94 820 94 819 94 815 323 821 323 817 323 822 94 824 94 823 94 824 94 826 94 825 94 827 94 823 94 828 94 829 324 809 324 830 324 831 325 833 325 832 325 834 322 809 322 835 322 836 94 831 94 837 94 838 326 835 326 810 326 836 327 840 327 839 327 841 328 836 328 842 328 843 94 831 94 836 94 837 94 840 94 836 94 810 94 836 94 844 94 836 94 841 94 844 94 845 329 831 329 846 329 831 330 845 330 837 330 833 94 831 94 823 94 809 321 810 321 835 321 820 94 809 94 834 94 823 325 827 325 833 325 830 94 809 94 819 94 847 331 823 331 825 331 848 94 823 94 847 94 815 332 829 332 849 332 829 94 815 94 809 94 850 328 824 328 818 328 826 94 824 94 851 94 810 333 852 333 838 333 849 94 853 94 815 94 821 94 815 94 853 94 823 334 824 334 825 334 854 94 852 94 810 94 839 94 842 94 836 94 844 320 854 320 810 320 855 94 846 94 831 94 832 94 855 94 831 94 828 94 823 94 848 94 818 94 824 94 807 94 851 94 824 94 850 94 856 94 858 94 857 94 859 335 861 335 860 335 862 336 858 336 863 336 864 94 857 94 865 94 862 337 867 337 866 337 868 338 865 338 869 338 870 94 871 94 866 94 868 339 873 339 872 339 871 340 875 340 874 340 872 341 877 341 876 341 878 94 874 94 879 94 880 342 859 342 878 342 881 343 883 343 882 343 884 253 881 253 876 253 882 94 886 94 885 94 887 94 860 94 888 94 889 344 890 344 885 344 888 345 892 345 891 345 893 94 895 94 894 94 894 94 896 94 892 94 897 346 899 346 898 346 900 94 893 94 898 94 901 347 903 347 902 347 904 348 890 348 905 348 906 349 908 349 907 349 909 94 908 94 910 94 911 94 912 94 910 94 902 94 914 94 913 94 913 94 915 94 911 94 916 94 918 94 917 94 917 94 906 94 919 94 920 350 897 350 921 350 903 94 922 94 921 94 923 94 925 94 924 94 924 94 926 94 923 94 923 94 927 94 925 94 904 94 929 94 928 94 926 351 918 351 916 351 924 94 918 94 926 94 916 348 917 348 919 348 919 344 906 344 907 344 907 94 908 94 909 94 909 94 910 94 912 94 912 352 911 352 915 352 915 94 913 94 914 94 902 353 913 353 901 353 903 354 901 354 922 354 921 355 922 355 920 355 897 94 920 94 899 94 898 356 899 356 900 356 893 357 900 357 895 357 894 94 895 94 896 94 892 358 896 358 891 358 888 94 891 94 887 94 888 359 860 359 861 359 861 360 859 360 880 360 880 94 878 94 879 94 879 345 874 345 875 345 875 361 871 361 870 361 870 94 866 94 867 94 867 362 862 362 863 362 863 363 858 363 856 363 856 364 857 364 864 364 865 94 857 94 869 94 868 365 869 365 873 365 872 366 873 366 877 366 876 367 877 367 884 367 881 94 884 94 883 94 882 94 883 94 886 94 885 368 886 368 889 368 890 94 889 94 905 94 904 369 928 369 927 369 904 94 905 94 929 94 925 370 927 370 928 370 930 194 932 194 931 194 931 371 934 371 933 371 930 187 931 187 935 187 931 372 937 372 936 372 938 373 939 373 935 373 936 94 940 94 931 94 941 94 939 94 938 94 936 188 937 188 942 188 943 204 944 204 936 204 943 94 936 94 945 94 946 374 947 374 938 374 948 191 936 191 944 191 949 94 938 94 950 94 944 189 951 189 948 189 946 94 938 94 949 94 952 94 953 94 948 94 949 94 954 94 946 94 953 94 955 94 948 94 956 94 948 94 955 94 956 94 957 94 948 94 958 375 960 375 959 375 956 94 955 94 961 94 958 376 963 376 962 376 964 94 956 94 965 94 966 195 967 195 958 195 958 94 967 94 963 94 956 206 964 206 967 206 932 94 934 94 931 94 958 377 968 377 960 377 969 94 958 94 962 94 970 94 956 94 961 94 956 186 971 186 965 186 949 94 959 94 972 94 959 94 949 94 958 94 947 94 973 94 938 94 938 94 973 94 941 94 933 94 937 94 931 94 963 94 967 94 974 94 972 94 975 94 949 94 954 94 949 94 975 94 968 94 958 94 969 94 976 94 974 94 967 94 964 378 977 378 967 378 976 201 967 201 977 201 971 379 956 379 970 379 978 205 952 205 948 205 951 94 978 94 948 94 942 380 945 380 936 380 931 94 938 94 935 94 979 94 981 94 980 94 982 210 984 210 983 210 985 94 981 94 986 94 987 94 980 94 988 94 985 212 990 212 989 212 991 381 988 381 992 381 993 94 994 94 989 94 991 244 996 244 995 244 994 94 998 94 997 94 995 245 1000 245 999 245 1001 94 997 94 1002 94 1003 94 982 94 1001 94 1004 382 1006 382 1005 382 1007 94 1004 94 999 94 1005 383 1009 383 1008 383 1010 384 983 384 1011 384 1012 94 1013 94 1008 94 1011 94 1015 94 1014 94 1016 385 1018 385 1017 385 1017 94 1019 94 1015 94 1020 94 1022 94 1021 94 1023 94 1016 94 1021 94 1024 386 1026 386 1025 386 1027 250 1013 250 1028 250 1029 94 1031 94 1030 94 1032 94 1031 94 1033 94 1034 94 1035 94 1033 94 1025 94 1037 94 1036 94 1036 94 1038 94 1034 94 1039 94 1041 94 1040 94 1040 94 1029 94 1042 94 1043 94 1020 94 1044 94 1026 216 1045 216 1044 216 1046 94 1048 94 1047 94 1047 387 1049 387 1046 387 1046 94 1050 94 1048 94 1027 94 1052 94 1051 94 1049 388 1041 388 1039 388 1047 389 1041 389 1049 389 1039 247 1040 247 1042 247 1042 390 1029 390 1030 390 1030 94 1031 94 1032 94 1032 94 1033 94 1035 94 1035 94 1034 94 1038 94 1038 391 1036 391 1037 391 1025 94 1036 94 1024 94 1026 392 1024 392 1045 392 1044 393 1045 393 1043 393 1020 94 1043 94 1022 94 1021 94 1022 94 1023 94 1016 94 1023 94 1018 94 1017 94 1018 94 1019 94 1015 94 1019 94 1014 94 1011 94 1014 94 1010 94 1011 394 983 394 984 394 984 395 982 395 1003 395 1003 396 1001 396 1002 396 1002 94 997 94 998 94 998 397 994 397 993 397 993 398 989 398 990 398 990 399 985 399 986 399 986 94 981 94 979 94 979 362 980 362 987 362 988 94 980 94 992 94 991 400 992 400 996 400 995 259 996 259 1000 259 999 259 1000 259 1007 259 1004 94 1007 94 1006 94 1005 94 1006 94 1009 94 1008 94 1009 94 1012 94 1013 94 1012 94 1028 94 1027 401 1051 401 1050 401 1027 94 1028 94 1052 94 1048 402 1050 402 1051 402 1053 94 1055 94 1054 94 1056 94 1057 94 1053 94 1058 94 1055 94 1053 94 1059 94 1058 94 1053 94 1056 94 1053 94 1054 94 1055 94 1061 94 1060 94 1061 94 1062 94 1060 94 1063 94 1054 94 1060 94 1054 94 1055 94 1060 94 1060 94 1064 94 1063 94 1065 80 1067 80 1066 80 1066 80 1068 80 1065 80 1069 209 1071 209 1070 209 1070 209 1072 209 1069 209 1073 81 1075 81 1074 81 1075 81 1073 81 1076 81 1077 209 1079 209 1078 209 1077 209 1080 209 1079 209 1081 81 1083 81 1082 81 1083 81 1081 81 1084 81 1085 208 1087 208 1086 208 1085 208 1088 208 1087 208 1089 81 1091 81 1090 81 1091 81 1089 81 1092 81 1093 208 1095 208 1094 208 1095 208 1093 208 1096 208 1097 80 1099 80 1098 80 1098 80 1100 80 1097 80 1101 208 1103 208 1102 208 1101 208 1104 208 1103 208 1105 80 1107 80 1106 80 1106 80 1108 80 1105 80 1109 209 1111 209 1110 209 1109 209 1112 209 1111 209 1113 94 1115 94 1114 94 1116 403 1118 403 1117 403 1118 94 1119 94 1117 94 1116 94 1117 94 1120 94 1121 404 1117 404 1119 404 1118 405 1116 405 1122 405 1121 94 1123 94 1117 94 1116 406 1124 406 1122 406 1117 407 1123 407 1125 407 1126 94 1127 94 1116 94 1113 408 1125 408 1128 408 1129 409 1130 409 1115 409 1131 410 1132 410 1126 410 1126 403 1134 403 1133 403 1135 94 1137 94 1136 94 1138 94 1140 94 1139 94 1141 94 1142 94 1137 94 1143 94 1140 94 1137 94 1136 411 1137 411 1144 411 1142 94 1145 94 1137 94 1141 412 1140 412 1138 412 1137 413 1140 413 1141 413 1137 94 1135 94 1134 94 1130 414 1146 414 1140 414 1134 94 1147 94 1133 94 1148 94 1134 94 1126 94 1140 415 1115 415 1130 415 1149 94 1115 94 1150 94 1133 405 1131 405 1126 405 1151 94 1126 94 1152 94 1153 412 1150 412 1115 412 1115 416 1113 416 1153 416 1151 94 1127 94 1126 94 1154 411 1113 411 1128 411 1155 94 1113 94 1156 94 1116 94 1127 94 1157 94 1147 417 1134 417 1158 417 1157 94 1159 94 1116 94 1124 94 1116 94 1159 94 1152 94 1126 94 1132 94 1153 94 1113 94 1155 94 1135 94 1160 94 1134 94 1158 94 1134 94 1160 94 1145 418 1144 418 1137 418 1161 94 1139 94 1140 94 1146 419 1161 419 1140 419 1129 94 1115 94 1149 94 1113 94 1117 94 1125 94 1156 418 1113 418 1154 418 1162 94 1164 94 1163 94 1165 420 1167 420 1166 420 1168 421 1164 421 1169 421 1170 94 1163 94 1171 94 1168 422 1173 422 1172 422 1174 423 1171 423 1175 423 1176 94 1177 94 1172 94 1174 424 1179 424 1178 424 1177 425 1181 425 1180 425 1178 426 1183 426 1182 426 1184 94 1180 94 1185 94 1186 427 1165 427 1184 427 1187 343 1189 343 1188 343 1190 253 1187 253 1182 253 1188 94 1192 94 1191 94 1193 94 1166 94 1194 94 1195 428 1196 428 1191 428 1194 429 1198 429 1197 429 1199 94 1201 94 1200 94 1200 94 1202 94 1198 94 1203 430 1205 430 1204 430 1206 94 1199 94 1204 94 1207 431 1209 431 1208 431 1210 348 1196 348 1211 348 1212 432 1214 432 1213 432 1215 94 1214 94 1216 94 1217 94 1218 94 1216 94 1208 94 1220 94 1219 94 1219 94 1221 94 1217 94 1222 94 1224 94 1223 94 1223 94 1212 94 1225 94 1226 433 1203 433 1227 433 1209 94 1228 94 1227 94 1229 94 1231 94 1230 94 1230 94 1232 94 1229 94 1229 94 1233 94 1231 94 1210 94 1235 94 1234 94 1232 351 1224 351 1222 351 1230 94 1224 94 1232 94 1222 348 1223 348 1225 348 1225 428 1212 428 1213 428 1213 94 1214 94 1215 94 1215 94 1216 94 1218 94 1218 352 1217 352 1221 352 1221 94 1219 94 1220 94 1208 434 1219 434 1207 434 1209 435 1207 435 1228 435 1227 355 1228 355 1226 355 1203 94 1226 94 1205 94 1204 432 1205 432 1206 432 1199 436 1206 436 1201 436 1200 94 1201 94 1202 94 1198 437 1202 437 1197 437 1194 94 1197 94 1193 94 1194 438 1166 438 1167 438 1167 439 1165 439 1186 439 1186 94 1184 94 1185 94 1185 429 1180 429 1181 429 1181 440 1177 440 1176 440 1176 94 1172 94 1173 94 1173 441 1168 441 1169 441 1169 442 1164 442 1162 442 1162 443 1163 443 1170 443 1171 94 1163 94 1175 94 1174 444 1175 444 1179 444 1178 445 1179 445 1183 445 1182 446 1183 446 1190 446 1187 94 1190 94 1189 94 1188 94 1189 94 1192 94 1191 447 1192 447 1195 447 1196 94 1195 94 1211 94 1210 448 1234 448 1233 448 1210 94 1211 94 1235 94 1231 449 1233 449 1234 449 1236 94 1238 94 1237 94 1239 450 1241 450 1240 450 1238 94 1243 94 1242 94 1244 94 1245 94 1236 94 1246 94 1247 94 1243 94 1248 94 1245 94 1249 94 1250 451 1251 451 1248 451 1251 452 1253 452 1252 452 1254 453 1246 453 1255 453 1256 454 1258 454 1257 454 1255 94 1260 94 1259 94 1261 94 1263 94 1262 94 1264 94 1266 94 1265 94 1267 455 1269 455 1268 455 1270 94 1272 94 1271 94 1273 94 1275 94 1274 94 1276 94 1278 94 1277 94 1279 94 1281 94 1280 94 1282 94 1284 94 1283 94 1285 94 1264 94 1265 94 1286 94 1288 94 1287 94 1289 456 1275 456 1266 456 1273 94 1291 94 1290 94 1292 94 1294 94 1293 94 1295 94 1297 94 1296 94 1290 94 1298 94 1268 94 1299 457 1239 457 1263 457 1300 94 1241 94 1269 94 1270 94 1302 94 1301 94 1272 94 1270 94 1301 94 1303 94 1262 94 1304 94 1305 458 1307 458 1306 458 1304 459 1257 459 1308 459 1309 460 1256 460 1252 460 1310 461 1260 461 1307 461 1297 94 1271 94 1272 94 1271 94 1297 94 1295 94 1305 94 1306 94 1302 94 1306 94 1301 94 1302 94 1310 94 1307 94 1305 94 1259 462 1260 462 1310 462 1254 94 1255 94 1259 94 1247 94 1246 94 1254 94 1242 463 1243 463 1247 463 1237 94 1238 94 1242 94 1244 464 1236 464 1237 464 1249 94 1245 94 1244 94 1250 465 1248 465 1249 465 1253 94 1251 94 1250 94 1309 94 1252 94 1253 94 1258 94 1256 94 1309 94 1308 450 1257 450 1258 450 1303 457 1304 457 1308 457 1261 94 1262 94 1303 94 1299 94 1263 94 1261 94 1240 466 1263 466 1239 466 1300 454 1240 454 1241 454 1267 467 1300 467 1269 467 1298 452 1267 452 1268 452 1291 94 1298 94 1290 94 1274 94 1291 94 1273 94 1289 94 1274 94 1275 94 1264 94 1289 94 1266 94 1285 468 1265 468 1281 468 1282 94 1279 94 1280 94 1279 94 1285 94 1281 94 1287 462 1283 462 1284 462 1284 469 1282 469 1280 469 1286 458 1292 458 1288 458 1287 461 1288 461 1283 461 1294 94 1276 94 1293 94 1286 94 1294 94 1292 94 1277 470 1278 470 1296 470 1293 471 1276 471 1277 471 1295 472 1296 472 1278 472 1311 80 1313 80 1312 80 1311 80 1314 80 1313 80 1315 94 1317 94 1316 94 1318 94 1320 94 1319 94 1318 94 1319 94 1321 94 1322 473 1323 473 1320 473 1319 94 1320 94 1323 94 1322 94 1324 94 1323 94 1315 474 1316 474 1324 474 1324 475 1322 475 1315 475 1316 94 1317 94 1325 94 1326 84 1328 84 1327 84 1329 476 1331 476 1330 476 1329 84 1330 84 1332 84 1333 84 1334 84 1331 84 1330 84 1331 84 1334 84 1333 477 1335 477 1334 477 1326 478 1327 478 1335 478 1335 479 1333 479 1326 479 1327 480 1328 480 1336 480 1337 481 1339 481 1338 481 1340 94 1342 94 1341 94 1341 94 1343 94 1340 94 1342 94 1345 94 1344 94 1345 94 1342 94 1340 94 1346 94 1344 94 1347 94 1345 482 1347 482 1344 482 1348 483 1349 483 1346 483 1346 94 1347 94 1348 94 1349 484 1339 484 1337 484 1339 485 1349 485 1348 485 1350 94 1352 94 1351 94 1338 94 1354 94 1353 94 1355 94 1357 94 1356 94 1358 486 1360 486 1359 486 1361 487 1363 487 1362 487 1364 94 1366 94 1365 94 1367 488 1369 488 1368 488 1370 94 1372 94 1371 94 1371 94 1374 94 1373 94 1366 489 1373 489 1374 489 1373 94 1370 94 1371 94 1365 490 1366 490 1374 490 1367 491 1364 491 1369 491 1369 94 1364 94 1365 94 1358 94 1359 94 1368 94 1368 492 1359 492 1367 492 1362 493 1363 493 1360 493 1358 94 1362 94 1360 94 1361 494 1356 494 1357 494 1363 94 1361 94 1357 94 1355 495 1350 495 1351 495 1355 496 1356 496 1350 496 1354 497 1352 497 1353 497 1354 498 1351 498 1352 498 1353 94 1337 94 1338 94 1375 499 1377 499 1376 499 1378 94 1380 94 1379 94 1381 94 1383 94 1382 94 1381 94 1385 94 1384 94 1386 500 1383 500 1387 500 1388 501 1389 501 1384 501 1390 502 1391 502 1389 502 1392 94 1380 94 1393 94 1393 94 1391 94 1394 94 1395 94 1396 94 1387 94 1397 503 1398 503 1378 503 1399 94 1398 94 1400 94 1401 94 1403 94 1402 94 1404 94 1406 94 1405 94 1407 504 1408 504 1399 504 1409 505 1410 505 1408 505 1411 94 1413 94 1412 94 1414 506 1416 506 1415 506 1410 94 1418 94 1417 94 1419 94 1421 94 1420 94 1422 94 1424 94 1423 94 1425 507 1427 507 1426 507 1428 94 1430 94 1429 94 1431 94 1433 94 1432 94 1434 508 1436 508 1435 508 1437 509 1439 509 1438 509 1440 510 1442 510 1441 510 1443 511 1445 511 1444 511 1446 512 1448 512 1447 512 1449 513 1451 513 1450 513 1452 514 1454 514 1453 514 1455 94 1457 94 1456 94 1458 94 1460 94 1459 94 1461 515 1463 515 1462 515 1464 94 1466 94 1465 94 1458 94 1464 94 1467 94 1468 516 1470 516 1469 516 1471 94 1473 94 1472 94 1469 517 1475 517 1474 517 1476 94 1477 94 1468 94 1478 518 1462 518 1479 518 1466 94 1474 94 1480 94 1481 94 1476 94 1471 94 1479 94 1459 94 1482 94 1483 519 1473 519 1484 519 1454 520 1463 520 1485 520 1484 94 1456 94 1486 94 1487 521 1447 521 1488 521 1488 522 1452 522 1489 522 1490 94 1451 94 1491 94 1492 523 1455 523 1490 523 1493 94 1494 94 1444 94 1495 524 1493 524 1448 524 1439 525 1497 525 1496 525 1498 94 1497 94 1450 94 1441 94 1500 94 1499 94 1445 94 1501 94 1500 94 1502 94 1503 94 1431 94 1437 94 1504 94 1502 94 1434 94 1506 94 1505 94 1440 526 1505 526 1442 526 1425 527 1426 527 1507 527 1508 528 1507 528 1432 528 1509 529 1375 529 1510 529 1509 94 1511 94 1436 94 1512 94 1513 94 1428 94 1427 94 1513 94 1514 94 1420 530 1421 530 1515 530 1403 94 1395 94 1402 94 1422 94 1517 94 1516 94 1518 531 1430 531 1516 531 1424 94 1417 94 1519 94 1520 532 1421 532 1419 532 1419 94 1521 94 1520 94 1522 94 1520 94 1521 94 1515 533 1376 533 1377 533 1515 94 1377 94 1420 94 1376 534 1510 534 1375 534 1510 535 1511 535 1509 535 1511 536 1435 536 1436 536 1435 537 1506 537 1434 537 1506 94 1442 94 1505 94 1441 94 1499 94 1440 94 1500 538 1501 538 1499 538 1445 539 1443 539 1501 539 1444 94 1494 94 1443 94 1493 540 1495 540 1494 540 1448 94 1446 94 1495 94 1447 541 1487 541 1446 541 1488 94 1489 94 1487 94 1452 94 1453 94 1489 94 1454 542 1485 542 1453 542 1463 543 1461 543 1485 543 1462 94 1478 94 1461 94 1479 544 1482 544 1478 544 1459 545 1460 545 1482 545 1458 94 1467 94 1460 94 1464 94 1465 94 1467 94 1466 546 1480 546 1465 546 1474 94 1475 94 1480 94 1469 547 1470 547 1475 547 1468 548 1477 548 1470 548 1476 94 1481 94 1477 94 1471 94 1472 94 1481 94 1473 94 1483 94 1472 94 1484 94 1486 94 1483 94 1456 94 1457 94 1486 94 1455 94 1492 94 1457 94 1490 549 1491 549 1492 549 1451 94 1449 94 1491 94 1451 550 1498 550 1450 550 1498 551 1496 551 1497 551 1496 552 1438 552 1439 552 1438 553 1504 553 1437 553 1504 554 1503 554 1502 554 1503 555 1433 555 1431 555 1433 556 1508 556 1432 556 1508 557 1425 557 1507 557 1427 94 1514 94 1426 94 1513 558 1512 558 1514 558 1428 94 1429 94 1512 94 1430 559 1518 559 1429 559 1516 560 1517 560 1518 560 1422 561 1423 561 1517 561 1424 94 1519 94 1423 94 1417 94 1418 94 1519 94 1410 562 1409 562 1418 562 1408 563 1407 563 1409 563 1399 564 1400 564 1407 564 1398 565 1397 565 1400 565 1378 566 1379 566 1397 566 1380 567 1392 567 1379 567 1393 568 1394 568 1392 568 1391 569 1390 569 1394 569 1389 570 1388 570 1390 570 1384 94 1385 94 1388 94 1381 571 1382 571 1385 571 1383 572 1386 572 1382 572 1387 94 1396 94 1386 94 1395 573 1403 573 1396 573 1405 94 1401 94 1402 94 1404 94 1413 94 1406 94 1405 574 1406 574 1401 574 1412 94 1415 94 1411 94 1404 94 1412 94 1413 94 1416 575 1414 575 1522 575 1411 576 1415 576 1416 576 1520 532 1522 532 1414 532 1523 577 1525 577 1524 577 1526 94 1528 94 1527 94 1529 578 1531 578 1530 578 1532 579 1534 579 1533 579 1535 94 1537 94 1536 94 1529 94 1537 94 1538 94 1539 94 1536 94 1540 94 1530 580 1541 580 1534 580 1542 94 1524 94 1532 94 1540 94 1544 94 1543 94 1545 581 1547 581 1546 581 1547 582 1548 582 1544 582 1549 94 1550 94 1525 94 1551 94 1553 94 1552 94 1552 94 1550 94 1554 94 1555 583 1557 583 1556 583 1545 94 1558 94 1556 94 1559 584 1557 584 1560 584 1561 94 1562 94 1553 94 1563 94 1565 94 1564 94 1559 94 1567 94 1566 94 1568 585 1570 585 1569 585 1571 586 1572 586 1565 586 1573 587 1575 587 1574 587 1576 588 1568 588 1577 588 1578 589 1580 589 1579 589 1581 590 1583 590 1582 590 1584 94 1586 94 1585 94 1587 94 1589 94 1588 94 1590 94 1592 94 1591 94 1593 94 1592 94 1594 94 1595 591 1597 591 1596 591 1598 94 1600 94 1599 94 1526 94 1602 94 1601 94 1603 94 1605 94 1604 94 1606 94 1608 94 1607 94 1609 94 1611 94 1610 94 1527 94 1528 94 1612 94 1609 592 1613 592 1607 592 1614 593 1616 593 1615 593 1617 94 1614 94 1608 94 1615 594 1618 594 1602 594 1619 595 1621 595 1620 595 1622 94 1611 94 1623 94 1624 596 1626 596 1625 596 1627 597 1620 597 1623 597 1596 94 1624 94 1628 94 1621 94 1629 94 1626 94 1597 94 1630 94 1600 94 1631 598 1633 598 1632 598 1598 599 1635 599 1634 599 1636 600 1638 600 1637 600 1634 601 1640 601 1639 601 1639 94 1642 94 1641 94 1590 94 1594 94 1592 94 1589 94 1644 94 1643 94 1641 94 1645 94 1585 94 1646 602 1647 602 1578 602 1646 603 1586 603 1648 603 1649 604 1650 604 1582 604 1650 94 1651 94 1588 94 1652 94 1653 94 1574 94 1579 605 1654 605 1652 605 1576 94 1656 94 1655 94 1581 606 1655 606 1657 606 1575 94 1659 94 1658 94 1660 94 1662 94 1661 94 1658 94 1663 94 1661 94 1664 94 1665 94 1662 94 1666 94 1570 94 1572 94 1667 94 1669 94 1668 94 1669 607 1665 607 1668 607 1667 608 1671 608 1670 608 1566 94 1672 94 1564 94 1671 94 1562 94 1673 94 1591 94 1674 94 1590 94 1636 94 1674 94 1591 94 1643 94 1644 94 1593 94 1643 609 1593 609 1594 609 1589 94 1587 94 1644 94 1588 94 1651 94 1587 94 1650 610 1649 610 1651 610 1582 611 1583 611 1649 611 1581 612 1657 612 1583 612 1655 613 1656 613 1657 613 1576 94 1577 94 1656 94 1568 94 1569 94 1577 94 1570 614 1666 614 1569 614 1572 615 1571 615 1666 615 1565 94 1563 94 1571 94 1564 616 1672 616 1563 616 1566 617 1567 617 1672 617 1559 94 1560 94 1567 94 1557 618 1555 618 1560 618 1556 619 1558 619 1555 619 1545 620 1546 620 1558 620 1545 94 1548 94 1547 94 1548 94 1543 94 1544 94 1543 94 1539 94 1540 94 1539 621 1535 621 1536 621 1535 94 1538 94 1537 94 1538 94 1531 94 1529 94 1531 94 1541 94 1530 94 1541 94 1533 94 1534 94 1533 94 1542 94 1532 94 1542 94 1523 94 1524 94 1523 622 1549 622 1525 622 1549 94 1554 94 1550 94 1554 94 1551 94 1552 94 1551 94 1561 94 1553 94 1561 94 1673 94 1562 94 1673 623 1670 623 1671 623 1670 94 1669 94 1667 94 1665 94 1664 94 1668 94 1662 94 1660 94 1664 94 1661 94 1663 94 1660 94 1658 94 1659 94 1663 94 1575 94 1573 94 1659 94 1574 94 1653 94 1573 94 1652 94 1654 94 1653 94 1579 624 1580 624 1654 624 1578 94 1647 94 1580 94 1646 94 1648 94 1647 94 1586 94 1584 94 1648 94 1585 94 1645 94 1584 94 1641 94 1642 94 1645 94 1639 625 1640 625 1642 625 1634 94 1635 94 1640 94 1598 94 1599 94 1635 94 1600 626 1630 626 1599 626 1597 627 1595 627 1630 627 1596 628 1628 628 1595 628 1624 629 1625 629 1628 629 1626 630 1629 630 1625 630 1621 631 1619 631 1629 631 1620 632 1627 632 1619 632 1620 94 1622 94 1623 94 1622 94 1610 94 1611 94 1610 633 1613 633 1609 633 1613 94 1606 94 1607 94 1606 634 1617 634 1608 634 1617 94 1616 94 1614 94 1616 635 1618 635 1615 635 1618 94 1601 94 1602 94 1601 94 1528 94 1526 94 1612 94 1603 94 1527 94 1605 636 1632 636 1604 636 1612 637 1605 637 1603 637 1633 94 1631 94 1638 94 1604 638 1632 638 1633 638 1636 94 1637 94 1674 94 1638 639 1631 639 1637 639 1675 640 1677 640 1676 640 1678 641 1680 641 1679 641 1681 642 1683 642 1682 642 1679 84 1685 84 1684 84 1686 84 1688 84 1687 84 1686 643 1687 643 1689 643 1690 644 1692 644 1691 644 1693 84 1694 84 1688 84 1695 645 1697 645 1696 645 1698 646 1683 646 1681 646 1699 647 1700 647 1697 647 1701 648 1703 648 1702 648 1704 649 1706 649 1705 649 1707 84 1709 84 1708 84 1710 84 1711 84 1698 84 1712 650 1713 650 1704 650 1714 651 1713 651 1715 651 1714 652 1715 652 1716 652 1717 84 1719 84 1718 84 1720 653 1722 653 1721 653 1723 84 1725 84 1724 84 1726 84 1676 84 1677 84 1721 84 1727 84 1720 84 1728 654 1730 654 1729 654 1731 84 1733 84 1732 84 1728 84 1735 84 1734 84 1736 655 1738 655 1737 655 1739 656 1741 656 1740 656 1742 657 1744 657 1743 657 1745 658 1747 658 1746 658 1748 659 1750 659 1749 659 1751 84 1753 84 1752 84 1754 660 1752 660 1755 660 1756 84 1758 84 1757 84 1759 84 1761 84 1760 84 1762 661 1760 661 1763 661 1764 662 1765 662 1758 662 1766 84 1768 84 1767 84 1769 84 1766 84 1770 84 1771 84 1773 84 1772 84 1774 84 1767 84 1775 84 1776 84 1773 84 1774 84 1777 84 1765 84 1762 84 1751 663 1778 663 1753 663 1759 664 1778 664 1779 664 1780 665 1770 665 1781 665 1753 84 1755 84 1752 84 1746 84 1782 84 1781 84 1783 666 1745 666 1784 666 1755 667 1750 667 1754 667 1741 84 1786 84 1785 84 1750 668 1748 668 1754 668 1748 669 1749 669 1787 669 1740 670 1741 670 1785 670 1737 671 1739 671 1788 671 1789 672 1791 672 1790 672 1792 84 1793 84 1743 84 1736 84 1737 84 1788 84 1738 673 1736 673 1734 673 1794 84 1796 84 1795 84 1797 84 1798 84 1732 84 1735 84 1728 84 1729 84 1799 674 1798 674 1800 674 1797 675 1800 675 1798 675 1801 84 1803 84 1802 84 1726 84 1677 84 1804 84 1805 676 1807 676 1806 676 1803 677 1808 677 1807 677 1805 84 1810 84 1809 84 1676 678 1727 678 1675 678 1811 84 1813 84 1812 84 1812 679 1809 679 1811 679 1814 84 1813 84 1815 84 1816 84 1724 84 1725 84 1817 84 1815 84 1719 84 1802 84 1799 84 1818 84 1726 84 1804 84 1730 84 1819 680 1749 680 1820 680 1778 681 1751 681 1779 681 1759 682 1779 682 1761 682 1760 683 1761 683 1763 683 1762 684 1763 684 1777 684 1762 84 1765 84 1764 84 1764 84 1758 84 1756 84 1757 685 1758 685 1771 685 1705 84 1706 84 1702 84 1786 686 1821 686 1784 686 1720 687 1816 687 1722 687 1723 84 1716 84 1725 84 1713 688 1712 688 1715 688 1701 84 1702 84 1706 84 1700 84 1703 84 1701 84 1697 689 1695 689 1699 689 1696 84 1690 84 1691 84 1692 690 1690 690 1685 690 1679 691 1684 691 1678 691 1689 84 1680 84 1822 84 1689 692 1822 692 1686 692 1694 84 1693 84 1823 84 1824 84 1823 84 1693 84 1681 693 1682 693 1824 693 1708 84 1711 84 1710 84 1710 84 1707 84 1708 84 1709 694 1707 694 1718 694 1719 84 1717 84 1817 84 1763 84 1825 84 1777 84 1825 84 1826 84 1777 84 1776 695 1772 695 1773 695 1772 84 1757 84 1771 84 1775 84 1776 84 1774 84 1768 84 1775 84 1767 84 1769 696 1768 696 1766 696 1780 84 1769 84 1770 84 1782 84 1780 84 1781 84 1747 84 1782 84 1746 84 1783 84 1747 84 1745 84 1821 84 1783 84 1784 84 1785 84 1786 84 1784 84 1827 84 1828 84 1825 84 1788 697 1739 697 1740 697 1829 84 1830 84 1827 84 1738 84 1734 84 1735 84 1829 84 1832 84 1831 84 1804 698 1729 698 1730 698 1828 699 1827 699 1830 699 1832 700 1834 700 1833 700 1835 84 1834 84 1836 84 1829 84 1831 84 1830 84 1721 701 1675 701 1727 701 1832 84 1833 84 1831 84 1835 702 1838 702 1837 702 1724 84 1816 84 1720 84 1834 703 1835 703 1833 703 1839 704 1837 704 1840 704 1714 84 1716 84 1723 84 1836 84 1838 84 1835 84 1841 705 1839 705 1842 705 1712 84 1704 84 1705 84 1838 706 1840 706 1837 706 1843 84 1844 84 1841 84 1844 84 1846 84 1845 84 1842 707 1839 707 1840 707 1699 84 1703 84 1700 84 1845 708 1848 708 1847 708 1843 709 1841 709 1842 709 1691 84 1695 84 1696 84 1847 710 1850 710 1849 710 1846 84 1844 84 1843 84 1684 84 1685 84 1690 84 1848 84 1845 84 1846 84 1851 711 1849 711 1852 711 1822 84 1680 84 1678 84 1848 712 1850 712 1847 712 1853 711 1851 711 1854 711 1694 84 1687 84 1688 84 1850 84 1852 84 1849 84 1854 713 1856 713 1855 713 1682 84 1823 84 1824 84 1852 714 1854 714 1851 714 1856 84 1858 84 1857 84 1711 84 1683 84 1698 84 1853 84 1854 84 1855 84 1858 715 1860 715 1859 715 1861 716 1860 716 1862 716 1856 84 1857 84 1855 84 1717 717 1718 717 1707 717 1863 84 1862 84 1864 84 1858 84 1859 84 1857 84 1814 718 1815 718 1817 718 1860 84 1861 84 1859 84 1812 84 1813 84 1814 84 1811 719 1809 719 1810 719 1861 84 1862 84 1863 84 1806 720 1810 720 1805 720 1808 721 1806 721 1807 721 1863 84 1864 84 1819 84 1801 722 1808 722 1803 722 1818 723 1801 723 1802 723 1800 84 1818 84 1799 84 1819 84 1864 84 1787 84 1796 84 1733 84 1731 84 1731 84 1732 84 1798 84 1795 724 1792 724 1794 724 1796 725 1794 725 1733 725 1793 726 1742 726 1743 726 1795 727 1793 727 1792 727 1742 84 1791 84 1744 84 1789 84 1790 84 1820 84 1744 84 1791 84 1789 84 1749 728 1819 728 1787 728 1820 729 1790 729 1819 729 1828 730 1826 730 1825 730 1865 731 1867 731 1866 731 1868 732 1870 732 1869 732 1871 94 1873 94 1872 94 1874 733 1875 733 1872 733 1873 734 1877 734 1876 734 1878 94 1880 94 1879 94 1874 94 1882 94 1881 94 1883 94 1885 94 1884 94 1886 735 1888 735 1887 735 1889 94 1891 94 1890 94 1892 736 1894 736 1893 736 1894 737 1895 737 1893 737 1896 94 1898 94 1897 94 1868 738 1900 738 1899 738 1901 739 1893 739 1902 739 1903 94 1905 94 1904 94 1906 94 1908 94 1907 94 1904 94 1910 94 1909 94 1911 740 1913 740 1912 740 1914 94 1916 94 1915 94 1917 94 1919 94 1918 94 1920 741 1922 741 1921 741 1923 94 1925 94 1924 94 1926 94 1890 94 1891 94 1927 94 1929 94 1928 94 1930 742 1932 742 1931 742 1933 743 1935 743 1934 743 1936 744 1938 744 1937 744 1939 745 1941 745 1940 745 1942 94 1944 94 1943 94 1945 94 1947 94 1946 94 1948 746 1950 746 1949 746 1933 747 1951 747 1935 747 1952 748 1954 748 1953 748 1955 749 1957 749 1956 749 1958 94 1960 94 1959 94 1961 94 1963 94 1962 94 1934 94 1965 94 1964 94 1966 94 1968 94 1967 94 1969 94 1971 94 1970 94 1933 94 1972 94 1951 94 1973 750 1975 750 1974 750 1976 94 1977 94 1889 94 1978 751 1963 751 1961 751 1979 752 1980 752 1974 752 1981 94 1983 94 1982 94 1984 94 1979 94 1974 94 1985 94 1987 94 1986 94 1988 94 1989 94 1950 94 1990 94 1991 94 1944 94 1992 753 1994 753 1993 753 1995 754 1997 754 1996 754 1990 755 1936 755 1998 755 1999 94 2001 94 2000 94 2002 756 2004 756 2003 756 2005 94 1995 94 2006 94 1929 757 1930 757 2007 757 2008 94 2010 94 2009 94 2011 94 2013 94 2012 94 1922 758 2014 758 1921 758 2015 94 2017 94 2016 94 1997 759 2019 759 2018 759 2020 760 2022 760 2021 760 1865 94 2023 94 2017 94 2024 94 2026 94 2025 94 2027 94 2029 94 2028 94 1915 761 2031 761 2030 761 2032 762 2034 762 2033 762 1898 763 2035 763 1870 763 2036 764 1910 764 2037 764 2038 765 2040 765 2039 765 2041 94 2043 94 2042 94 2044 766 1922 766 2045 766 2046 767 2048 767 2047 767 2049 768 2043 768 2041 768 1977 769 2043 769 2049 769 2039 94 2041 94 2050 94 2042 94 2050 94 2041 94 2039 770 2050 770 2038 770 2001 771 2039 771 2051 771 2040 94 2051 94 2039 94 2052 94 2001 94 2053 94 2001 94 2051 94 2053 94 2001 94 2055 94 2054 94 2001 772 2052 772 2055 772 2056 94 2058 94 2057 94 2054 94 2000 94 2001 94 2059 94 2058 94 1999 94 2001 94 1999 94 2058 94 2058 773 2060 773 2057 773 2058 774 2059 774 2060 774 1936 775 2058 775 2061 775 2056 94 2061 94 2058 94 1937 94 2062 94 1936 94 1936 776 2061 776 1938 776 1936 94 2064 94 2063 94 2062 94 2064 94 1936 94 1998 94 2065 94 1990 94 2063 94 1998 94 1936 94 1990 777 2066 777 1991 777 2065 94 2066 94 1990 94 1991 94 1943 94 1944 94 1942 778 1940 778 1944 778 1941 779 2067 779 1940 779 1942 94 1939 94 1940 94 1979 94 2068 94 1980 94 2069 94 2070 94 1954 94 1884 94 2072 94 2071 94 1889 780 1977 780 2049 780 2073 781 2074 781 1970 781 2068 94 2076 94 2075 94 2077 94 2075 94 2076 94 1951 782 2067 782 1973 782 1985 94 1965 94 1934 94 2078 783 2080 783 2079 783 1965 94 2080 94 1964 94 1964 94 2080 94 2078 94 2078 784 2082 784 2081 784 2079 785 2082 785 2078 785 2083 94 1967 94 2081 94 2078 94 2081 94 1967 94 1967 786 2084 786 1966 786 1967 787 2083 787 2084 787 1946 94 1967 94 2085 94 1968 788 2085 788 1967 788 2086 94 1946 94 2087 94 1946 789 2085 789 2087 789 1946 94 2086 94 1945 94 1958 790 1946 790 2088 790 1947 94 2088 94 1946 94 1960 791 1958 791 2089 791 1958 94 2088 94 2089 94 1959 94 2090 94 1958 94 1958 792 2091 792 2073 792 2090 94 2091 94 1958 94 2074 94 2092 94 1970 94 1958 793 2073 793 1970 793 1971 94 1953 94 1970 94 2092 94 1969 94 1970 94 1954 94 2070 94 1953 94 1971 794 1952 794 1953 794 2069 94 2093 94 2070 94 1981 94 2095 94 2094 94 2069 94 1949 94 2093 94 2096 795 2098 795 2097 795 2095 796 2100 796 2099 796 2101 797 2103 797 2102 797 2104 798 2106 798 2105 798 2107 94 2109 94 2108 94 1913 94 2111 94 2110 94 2112 94 1879 94 2113 94 1895 94 2114 94 1905 94 1901 94 1892 94 1893 94 1912 94 1913 94 2110 94 2110 94 2108 94 2109 94 2111 94 2108 94 2110 94 1886 94 2109 94 2115 94 2107 94 2115 94 2109 94 1886 799 2116 799 1888 799 1886 800 2115 800 2116 800 2117 801 2113 801 1887 801 1886 94 1887 94 2113 94 2118 802 2113 802 2119 802 2113 94 2117 94 2119 94 2113 803 2120 803 2112 803 2113 804 2118 804 2120 804 2121 805 1880 805 2122 805 2113 806 1879 806 1880 806 1880 94 1878 94 2122 94 1880 807 2124 807 2123 807 2121 808 2124 808 1880 808 1882 94 1874 94 2123 94 1880 809 2123 809 1874 809 1881 94 2125 94 1874 94 2125 94 2126 94 1874 94 1874 810 2127 810 1875 810 2126 94 2127 94 1874 94 1875 811 2128 811 1872 811 1873 812 1876 812 1872 812 2128 94 1871 94 1872 94 1896 94 1876 94 1877 94 2129 813 1898 813 1870 813 1896 94 1897 94 1876 94 1911 94 1907 94 2130 94 1868 94 1899 94 2131 94 2132 94 2134 94 2133 94 2135 814 1914 814 2072 814 2106 815 1912 815 2105 815 2136 94 2138 94 2137 94 1911 816 1912 816 2106 816 2139 817 2140 817 2025 817 1906 818 1907 818 2131 818 1897 819 1898 819 2129 819 2071 820 1914 820 1915 820 1916 94 2031 94 1915 94 2136 821 2030 821 2141 821 2031 94 2141 94 2030 94 2136 822 2142 822 2138 822 2136 823 2141 823 2142 823 2139 824 2136 824 2143 824 2137 825 2143 825 2136 825 2144 94 2139 94 2145 94 2139 826 2143 826 2145 826 2139 731 2146 731 2140 731 2139 827 2144 827 2146 827 2139 828 2025 828 2026 828 2026 94 2148 94 2147 94 2026 829 2024 829 2148 829 2147 94 2149 94 2026 94 2026 830 2151 830 2150 830 2149 94 2151 94 2026 94 1867 831 1865 831 2150 831 2026 828 2150 828 1865 828 1866 832 2152 832 1865 832 1865 826 2153 826 2023 826 2152 94 2153 94 1865 94 2023 833 2154 833 2017 833 2017 834 2155 834 2016 834 2154 94 2155 94 2017 94 2015 94 2045 94 2017 94 2044 94 2014 94 1922 94 2015 835 2044 835 2045 835 2048 836 2156 836 2134 836 2132 94 2158 94 2157 94 2156 94 2159 94 2134 94 2157 94 2135 94 2072 94 2160 837 2158 837 2132 837 2071 838 2072 838 1914 838 2161 839 2163 839 2162 839 2008 840 2165 840 2164 840 2166 94 2167 94 1927 94 2166 94 1923 94 1924 94 1924 94 1925 94 2168 94 2163 841 2165 841 2008 841 2164 94 2022 94 2020 94 2165 94 2022 94 2164 94 2027 94 2020 94 2169 94 2021 94 2169 94 2020 94 2027 842 2170 842 2029 842 2027 94 2169 94 2170 94 2011 843 2027 843 2171 843 2028 94 2171 94 2027 94 2172 94 2011 94 2173 94 2011 844 2171 844 2173 844 2174 94 2011 94 2175 94 2011 845 2172 845 2175 845 2011 846 2174 846 2013 846 1919 94 1917 94 2012 94 2011 847 2012 847 1917 847 1918 94 2176 94 1917 94 1917 848 2178 848 2177 848 2176 849 2178 849 1917 849 2037 850 1910 850 2177 850 1917 94 2177 94 1910 94 2036 851 2179 851 1910 851 1910 852 2180 852 1909 852 2179 94 2180 94 1910 94 1909 853 2181 853 1904 853 1905 854 2114 854 1904 854 2181 94 1903 94 1904 94 1895 855 1894 855 2114 855 2032 94 2033 94 2182 94 2182 94 2033 94 2183 94 2184 856 2186 856 2185 856 2161 857 2162 857 2184 857 2034 94 2186 94 2184 94 2162 858 2163 858 2008 858 2187 859 2188 859 2005 859 2019 94 1925 94 1923 94 1948 94 1962 94 1963 94 2189 860 1978 860 2190 860 1988 861 1950 861 2094 861 1981 862 2100 862 2095 862 1993 94 2099 94 2191 94 2100 94 2191 94 2099 94 1993 863 2191 863 1992 863 2101 864 1993 864 2192 864 1994 94 2192 94 1993 94 2101 865 2193 865 2103 865 2101 866 2192 866 2193 866 2098 867 2101 867 2194 867 2102 868 2194 868 2101 868 2195 869 2098 869 2196 869 2098 94 2194 94 2196 94 2098 870 2197 870 2097 870 2098 94 2195 94 2197 94 2198 871 2003 871 2096 871 2098 872 2096 872 2003 872 2004 94 2199 94 2003 94 2003 873 2198 873 2002 873 2003 94 2200 94 1932 94 2199 874 2200 874 2003 874 1931 875 2201 875 1930 875 2003 94 1932 94 1930 94 1930 876 2202 876 2007 876 2201 877 2202 877 1930 877 2007 94 2203 94 1929 94 1927 878 2167 878 1929 878 2203 879 1928 879 1929 879 2166 880 1924 880 2167 880 2204 94 1997 94 2018 94 1997 881 2204 881 1996 881 1923 882 2018 882 2019 882 2168 94 2009 94 2010 94 1925 94 2009 94 2168 94 1995 94 1996 94 2006 94 1891 94 1889 94 2049 94 2162 883 2008 883 2009 883 1976 884 2205 884 1977 884 2104 885 1892 885 2106 885 2184 886 2185 886 2161 886 2183 887 2033 887 1901 887 2186 94 2034 94 2032 94 2104 888 1894 888 1892 888 2183 94 1901 94 1902 94 1911 889 2130 889 1913 889 2129 94 1884 94 1885 94 1907 890 1908 890 2130 890 1868 891 1869 891 1900 891 1906 892 2131 892 1899 892 2129 893 1885 893 1897 893 1870 894 2035 894 1869 894 1883 895 1884 895 2071 895 1920 94 1890 94 1926 94 2157 896 2158 896 2135 896 2133 94 2134 94 2159 94 2160 94 2132 94 2133 94 2047 94 1920 94 1921 94 2047 897 1921 897 2046 897 2046 898 2156 898 2048 898 1920 94 2047 94 1890 94 1934 94 1935 94 1985 94 2077 899 1976 899 2075 899 1976 900 2077 900 2205 900 1951 901 1972 901 2067 901 1975 94 1984 94 1974 94 2068 902 2075 902 1980 902 1975 94 1973 94 1941 94 2067 903 1941 903 1973 903 1986 904 1987 904 1957 904 1935 94 1987 94 1985 94 1955 905 1956 905 2189 905 1957 906 1987 906 1956 906 1963 94 1978 94 2189 94 2190 94 1955 94 2189 94 1962 94 1948 94 1949 94 2093 907 1949 907 1950 907 2095 94 1988 94 2094 94 1950 908 1989 908 2093 908 2094 909 1983 909 1981 909 1982 910 1983 910 2187 910 2005 754 2188 754 1995 754 2187 94 1983 94 2188 94 2206 84 2208 84 2207 84 2209 84 2211 84 2210 84 2212 84 2214 84 2213 84 2215 911 2217 911 2216 911 2218 912 2220 912 2219 912 2209 84 2222 84 2221 84 2223 84 2225 84 2224 84 2226 84 2225 84 2223 84 2227 913 2229 913 2228 913 2230 84 2223 84 2224 84 2231 84 2233 84 2232 84 2234 84 2235 84 2231 84 2236 914 2238 914 2237 914 2239 84 2241 84 2240 84 2242 915 2244 915 2243 915 2245 84 2246 84 2236 84 2247 916 2248 916 2242 916 2249 917 2207 917 2250 917 2251 84 2252 84 2207 84 2207 918 2254 918 2253 918 2255 919 2207 919 2256 919 2257 84 2207 84 2253 84 2256 920 2207 920 2257 920 2207 921 2258 921 2254 921 2250 84 2207 84 2259 84 2255 84 2259 84 2207 84 2260 84 2207 84 2252 84 2251 84 2207 84 2249 84 2247 922 2207 922 2208 922 2206 84 2207 84 2260 84 2244 84 2242 84 2248 84 2248 923 2247 923 2208 923 2242 84 2243 84 2245 84 2246 924 2238 924 2236 924 2243 84 2246 84 2245 84 2237 925 2240 925 2236 925 2241 926 2233 926 2240 926 2237 84 2239 84 2240 84 2232 84 2234 84 2231 84 2241 84 2232 84 2233 84 2235 927 2227 927 2231 927 2228 928 2224 928 2227 928 2235 929 2229 929 2227 929 2226 930 2219 930 2225 930 2228 931 2230 931 2224 931 2222 84 2219 84 2220 84 2218 84 2219 84 2226 84 2210 84 2222 84 2209 84 2221 84 2222 84 2220 84 2211 932 2212 932 2213 932 2210 933 2211 933 2213 933 2214 934 2262 934 2261 934 2213 935 2214 935 2261 935 2263 84 2261 84 2262 84 2264 84 2265 84 2263 84 2261 84 2263 84 2265 84 2264 936 2217 936 2215 936 2215 84 2265 84 2264 84 2266 937 2215 937 2216 937 2266 938 2268 938 2267 938 2268 939 2266 939 2216 939 2267 940 2270 940 2269 940 2268 941 2270 941 2267 941 2267 84 2272 84 2271 84 2269 84 2272 84 2267 84 2267 84 2274 84 2273 84 2271 84 2274 84 2267 84 2267 942 2276 942 2275 942 2273 84 2276 84 2267 84 2267 943 2278 943 2277 943 2275 944 2278 944 2267 944 2267 945 2280 945 2279 945 2277 84 2280 84 2267 84 2279 946 2281 946 2267 946 2282 947 2284 948 2283 949 2285 950 2287 951 2286 952 2288 953 2290 954 2289 955 2291 956 2293 957 2292 958 2294 959 2296 960 2295 961 2297 962 2293 957 2298 963 2291 956 2298 963 2293 957 2299 964 2297 962 2298 963 2295 961 2296 960 2292 958 2296 960 2291 956 2292 958 2294 959 2285 950 2286 952 2294 959 2295 961 2285 950 2287 951 2288 953 2289 955 2286 952 2287 951 2289 955 2282 947 2283 949 2290 954 2288 953 2282 947 2290 954 2300 965 2302 965 2301 965 2303 84 2305 84 2304 84 2306 84 2308 84 2307 84 2308 84 2310 84 2309 84 2308 966 2306 966 2310 966 2305 84 2302 84 2304 84 2311 967 2303 967 2304 967 2311 84 2312 84 2303 84 2312 84 2313 84 2303 84 2300 968 2301 968 2314 968 2304 84 2302 84 2300 84 2315 84 2300 84 2314 84 2300 84 2316 84 2309 84 2316 84 2300 84 2315 84 2309 969 2316 969 2308 969 2317 970 2319 970 2318 970 2320 971 2322 971 2321 971 2323 972 2325 972 2324 972 2326 84 2328 84 2327 84 2318 973 2328 973 2329 973 2326 84 2329 84 2328 84 2330 84 2332 84 2331 84 2333 974 2327 974 2331 974 2334 975 2336 975 2335 975 2337 84 2330 84 2335 84 2338 976 2340 976 2339 976 2341 84 2334 84 2339 84 2342 977 2344 977 2343 977 2345 84 2338 84 2343 84 2346 84 2347 84 2320 84 2348 978 2342 978 2347 978 2349 84 2351 84 2350 84 2352 84 2322 84 2351 84 2353 84 2355 84 2354 84 2349 84 2356 84 2355 84 2357 84 2359 84 2358 84 2353 979 2360 979 2359 979 2361 980 2362 980 2357 980 2361 84 2363 84 2362 84 2364 981 2366 981 2365 981 2367 84 2363 84 2365 84 2368 84 2370 84 2369 84 2371 84 2364 84 2369 84 2372 84 2374 84 2373 84 2375 982 2368 982 2373 982 2376 84 2378 84 2377 84 2379 84 2372 84 2377 84 2380 983 2382 983 2381 983 2383 84 2376 84 2381 84 2384 84 2386 84 2385 84 2387 984 2380 984 2385 984 2388 985 2389 985 2324 985 2390 84 2384 84 2389 84 2391 84 2393 84 2392 84 2323 84 2392 84 2394 84 2395 986 2397 986 2396 986 2391 84 2398 84 2397 84 2399 987 2401 987 2400 987 2395 84 2402 84 2401 84 2403 84 2405 84 2404 84 2399 988 2405 988 2403 988 2406 84 2408 84 2407 84 2409 989 2403 989 2404 989 2410 84 2412 84 2411 84 2413 84 2406 84 2411 84 2414 990 2416 990 2415 990 2417 84 2410 84 2415 84 2418 991 2420 991 2419 991 2421 992 2414 992 2419 992 2422 84 2424 84 2423 84 2423 993 2418 993 2422 993 2424 84 2426 84 2425 84 2426 84 2424 84 2422 84 2427 84 2429 84 2428 84 2421 84 2419 84 2420 84 2420 84 2418 84 2423 84 2416 84 2414 84 2421 84 2417 994 2415 994 2416 994 2412 84 2410 84 2417 84 2413 84 2411 84 2412 84 2408 84 2406 84 2413 84 2409 84 2407 84 2408 84 2399 84 2400 84 2405 84 2409 84 2404 84 2407 84 2396 995 2402 995 2395 995 2400 84 2401 84 2402 84 2398 996 2396 996 2397 996 2391 84 2392 84 2398 84 2394 997 2392 997 2393 997 2325 998 2323 998 2394 998 2388 999 2324 999 2325 999 2390 1000 2389 1000 2388 1000 2386 1001 2384 1001 2390 1001 2387 1002 2385 1002 2386 1002 2382 84 2380 84 2387 84 2383 84 2381 84 2382 84 2378 84 2376 84 2383 84 2379 1003 2377 1003 2378 1003 2374 84 2372 84 2379 84 2375 84 2373 84 2374 84 2370 84 2368 84 2375 84 2371 84 2369 84 2370 84 2366 1004 2364 1004 2371 1004 2367 84 2365 84 2366 84 2362 84 2363 84 2367 84 2358 84 2361 84 2357 84 2354 84 2360 84 2353 84 2358 1005 2359 1005 2360 1005 2356 84 2354 84 2355 84 2349 84 2350 84 2356 84 2351 84 2322 84 2350 84 2321 1006 2322 1006 2352 1006 2346 1007 2320 1007 2321 1007 2348 84 2347 84 2346 84 2344 1008 2342 1008 2348 1008 2345 1009 2343 1009 2344 1009 2340 1010 2338 1010 2345 1010 2341 1011 2339 1011 2340 1011 2336 1012 2334 1012 2341 1012 2337 1013 2335 1013 2336 1013 2332 1014 2330 1014 2337 1014 2333 84 2331 84 2332 84 2326 1015 2327 1015 2333 1015 2329 1016 2317 1016 2318 1016 2430 84 2429 84 2319 84 2317 84 2430 84 2319 84 2430 84 2428 84 2429 84 2428 84 2431 84 2427 84 2432 1017 2434 1018 2433 1019 2435 1020 2437 1021 2436 1022 2438 1023 2440 1024 2439 1025 2441 1026 2442 1027 2439 1025 2443 1028 2445 1029 2444 1030 2444 1030 2438 1023 2443 1028 2446 1031 2445 1029 2443 1028 2438 1023 2444 1030 2440 1024 2447 1032 2441 1026 2439 1025 2440 1024 2447 1032 2439 1025 2442 1027 2434 1018 2432 1017 2441 1026 2434 1018 2442 1027 2436 1022 2433 1019 2435 1020 2432 1017 2433 1019 2436 1022 2448 1033 2450 1034 2449 1035 2451 1036 2453 1037 2452 1038 2450 1034 2455 1039 2454 1040 2455 1039 2450 1034 2448 1033 2456 1041 2457 1042 2449 1035 2457 1042 2448 1033 2449 1035 2458 1043 2460 1044 2459 1045 2456 1041 2461 1046 2457 1042 2460 1044 2461 1046 2456 1041 2461 1046 2460 1044 2458 1043 2458 1043 2459 1045 2462 1047 2463 1048 2465 1049 2464 1050 2466 1051 2462 1047 2459 1045 2467 1052 2469 1053 2468 1054 2469 1053 2467 1052 2470 1055 2467 1052 2464 1050 2470 1055 2464 1050 2465 1049 2470 1055 2471 1056 2468 1054 2469 1053 2466 1051 2465 1049 2463 1048 2472 1057 2474 1058 2473 1059 2463 1048 2462 1047 2466 1051 2475 1060 2477 1061 2476 1062 2477 1061 2471 1056 2476 1062 2476 1062 2479 1063 2478 1064 2478 1064 2475 1060 2476 1062 2472 1057 2481 1065 2480 1066 2482 1067 2483 1068 2479 1063 2484 1069 2483 1068 2482 1067 2481 1065 2484 1069 2485 1070 2484 1069 2482 1067 2485 1070 2479 1063 2483 1068 2478 1064 2485 1070 2480 1066 2481 1065 2468 1054 2471 1056 2477 1061 2472 1057 2480 1066 2474 1058 2473 1059 2487 1071 2486 1072 2473 1059 2474 1058 2487 1071 2487 1071 2488 1073 2486 1072 2489 1074 2490 1075 2488 1073 2486 1072 2488 1073 2490 1075 2454 1040 2455 1039 2491 1076 2492 1077 2490 1075 2489 1074 2493 1078 2495 1079 2494 1080 2493 1078 2492 1077 2495 1079 2493 1078 2494 1080 2496 1081 2496 1081 2498 1082 2497 1083 2496 1081 2494 1080 2498 1082 2497 1083 2500 1084 2499 1085 2497 1083 2498 1082 2500 1084 2500 1084 2501 1086 2499 1085 2502 1087 2501 1086 2503 1088 2499 1085 2501 1086 2502 1087 2503 1088 2505 1089 2504 1090 2503 1088 2501 1086 2505 1089 2505 1089 2506 1091 2504 1090 2507 1092 2508 1093 2506 1091 2504 1090 2506 1091 2508 1093 2495 1079 2492 1077 2489 1074 2507 1092 2509 1094 2508 1093 2510 1095 2454 1040 2491 1076 2510 1095 2491 1076 2511 1096 2512 1097 2513 1098 2510 1095 2510 1095 2511 1096 2512 1097 2513 1098 2515 1099 2514 1100 2515 1099 2513 1098 2512 1097 2516 1101 2514 1100 2517 1102 2515 1099 2517 1102 2514 1100 2518 1103 2519 1104 2516 1101 2516 1101 2517 1102 2518 1103 2519 1104 2521 1105 2520 1106 2521 1105 2519 1104 2518 1103 2522 1107 2520 1106 2523 1108 2521 1105 2523 1108 2520 1106 2524 1109 2525 1110 2522 1107 2522 1107 2523 1108 2524 1109 2525 1110 2527 1111 2526 1112 2527 1111 2525 1110 2524 1109 2528 1113 2526 1112 2529 1114 2527 1111 2529 1114 2526 1112 2530 1115 2531 1116 2528 1113 2528 1113 2529 1114 2530 1115 2531 1116 2533 1117 2532 1118 2533 1117 2531 1116 2530 1115 2534 1119 2532 1118 2535 1120 2533 1117 2535 1120 2532 1118 2536 1121 2537 1122 2534 1119 2534 1119 2535 1120 2536 1121 2538 1123 2539 1124 2537 1122 2538 1123 2537 1122 2536 1121 2540 1125 2539 1124 2541 1126 2539 1124 2540 1125 2537 1122 2542 1127 2543 1128 2541 1126 2540 1125 2541 1126 2543 1128 2542 1127 2545 1129 2544 1130 2544 1130 2543 1128 2542 1127 2546 1131 2545 1129 2547 1132 2545 1129 2546 1131 2544 1130 2548 1133 2549 1134 2547 1132 2546 1131 2547 1132 2549 1134 2548 1133 2551 1135 2550 1136 2550 1136 2549 1134 2548 1133 2552 1137 2551 1135 2553 1138 2551 1135 2552 1137 2550 1136 2554 1139 2555 1140 2553 1138 2552 1137 2553 1138 2555 1140 2554 1139 2557 1141 2556 1142 2556 1142 2555 1140 2554 1139 2558 1143 2557 1141 2559 1144 2557 1141 2558 1143 2556 1142 2560 1145 2561 1146 2559 1144 2558 1143 2559 1144 2561 1146 2560 1145 2563 1147 2562 1148 2562 1148 2561 1146 2560 1145 2562 1148 2565 1149 2564 1150 2565 1149 2562 1148 2563 1147 2566 1151 2564 1150 2567 1152 2565 1149 2567 1152 2564 1150 2568 1153 2569 1154 2566 1151 2566 1151 2567 1152 2568 1153 2569 1154 2571 1155 2570 1156 2571 1155 2569 1154 2568 1153 2451 1036 2570 1156 2453 1037 2571 1155 2453 1037 2570 1156 2572 1157 2574 1158 2573 1159 2575 1160 2577 1161 2576 1162 2578 1163 2580 1164 2579 1165 2581 1166 2583 1167 2582 1168 2584 1169 2586 1170 2585 1171 2587 1172 2589 1173 2588 1174 2590 1175 2592 1176 2591 1177 2593 1178 2595 1179 2594 1180 2596 1181 2598 1182 2597 1183 2599 1184 2601 1185 2600 1186 2602 1187 2604 1188 2603 1189 2605 1190 2607 1191 2606 1192 2608 1193 2610 1194 2609 1195 2611 1196 2613 1197 2612 1198 2614 1199 2616 1200 2615 1201 2617 1202 2619 1203 2618 1204 2620 1205 2622 1206 2621 1207 2623 1208 2625 1209 2624 1210 2626 1211 2628 1212 2627 1213 2629 1214 2631 1215 2630 1216 2632 1217 2634 1218 2633 1219 2635 1220 2637 1221 2636 1222 2638 1223 2640 1224 2639 1225 2641 1226 2643 1227 2642 1228 2644 1229 2646 1230 2645 1231 2647 1232 2649 1233 2648 1234 2650 1235 2652 1236 2651 1237 2653 1238 2655 1239 2654 1240 2656 1241 2658 1242 2657 1243 2657 1243 2652 1236 2656 1241 2659 1244 2658 1242 2660 1245 2656 1241 2660 1245 2658 1242 2659 1244 2662 1246 2661 1247 2662 1246 2659 1244 2660 1245 2663 1248 2664 1249 2661 1247 2661 1247 2662 1246 2663 1248 2665 1250 2664 1249 2666 1251 2663 1248 2666 1251 2664 1249 2665 1250 2668 1252 2667 1253 2668 1252 2665 1250 2666 1251 2669 1254 2670 1255 2667 1253 2667 1253 2668 1252 2669 1254 2671 1256 2670 1255 2672 1257 2669 1254 2672 1257 2670 1255 2671 1256 2674 1258 2673 1259 2674 1258 2671 1256 2672 1257 2675 1260 2676 1261 2673 1259 2673 1259 2674 1258 2675 1260 2677 1262 2676 1261 2678 1263 2675 1260 2678 1263 2676 1261 2677 1262 2680 1264 2679 1265 2680 1264 2677 1262 2678 1263 2681 1266 2682 1267 2679 1265 2679 1265 2680 1264 2681 1266 2654 1240 2650 1235 2651 1237 2681 1266 2683 1268 2682 1267 2652 1236 2657 1243 2651 1237 2655 1239 2653 1238 2644 1229 2650 1235 2654 1240 2655 1239 2646 1230 2649 1233 2645 1231 2653 1238 2646 1230 2644 1229 2648 1234 2639 1225 2647 1232 2649 1233 2647 1232 2645 1231 2641 1226 2640 1224 2638 1223 2638 1223 2639 1225 2648 1234 2634 1218 2642 1228 2643 1227 2642 1228 2640 1224 2641 1226 2632 1217 2633 1219 2636 1222 2634 1218 2643 1227 2633 1219 2637 1221 2635 1220 2626 1211 2632 1217 2636 1222 2637 1221 2628 1212 2631 1215 2627 1213 2635 1220 2628 1212 2626 1211 2630 1216 2621 1207 2629 1214 2631 1215 2629 1214 2627 1213 2623 1208 2622 1206 2620 1205 2620 1205 2621 1207 2630 1216 2616 1200 2624 1210 2625 1209 2624 1210 2622 1206 2623 1208 2614 1199 2615 1201 2618 1204 2616 1200 2625 1209 2615 1201 2619 1203 2617 1202 2608 1193 2614 1199 2618 1204 2619 1203 2610 1194 2613 1197 2609 1195 2617 1202 2610 1194 2608 1193 2612 1198 2603 1189 2611 1196 2613 1197 2611 1196 2609 1195 2605 1190 2604 1188 2602 1187 2602 1187 2603 1189 2612 1198 2598 1182 2606 1192 2607 1191 2606 1192 2604 1188 2605 1190 2596 1181 2597 1183 2600 1186 2598 1182 2607 1191 2597 1183 2601 1185 2599 1184 2590 1175 2596 1181 2600 1186 2601 1185 2592 1176 2595 1179 2591 1177 2599 1184 2592 1176 2590 1175 2594 1180 2585 1171 2593 1178 2595 1179 2593 1178 2591 1177 2587 1172 2586 1170 2584 1169 2584 1169 2585 1171 2594 1180 2580 1164 2588 1174 2589 1173 2588 1174 2586 1170 2587 1172 2578 1163 2579 1165 2581 1166 2580 1164 2589 1173 2579 1165 2582 1168 2583 1167 2573 1159 2578 1163 2581 1166 2582 1168 2572 1157 2577 1161 2574 1158 2583 1167 2572 1157 2573 1159 2575 1160 2574 1158 2577 1161 2684 1269 2686 1270 2685 1271 2687 1272 2689 1273 2688 1274 2690 1275 2692 1276 2691 1277 2693 1278 2695 1279 2694 1280 2696 1281 2697 1282 2686 1270 2698 1283 2700 1284 2699 1285 2701 1286 2690 1275 2702 1287 2695 1279 2704 1288 2703 1289 2705 1290 2696 1281 2706 1291 2707 1292 2708 1293 2700 1284 2706 1291 2710 1294 2709 1295 2704 1288 2699 1285 2711 1296 2712 1297 2713 1298 2702 1287 2714 1299 2707 1292 2715 1300 2710 1294 2717 1301 2716 1302 2708 1293 2718 1303 2699 1285 2719 1304 2721 1305 2720 1306 2715 1300 2723 1307 2722 1308 2696 1281 2724 1309 2697 1282 2725 1310 2727 1311 2726 1312 2708 1293 2714 1299 2728 1313 2729 1314 2730 1315 2723 1307 2731 1316 2732 1317 2717 1301 2725 1310 2734 1318 2733 1319 2735 1320 2737 1321 2736 1322 2722 1308 2738 1323 2714 1299 2739 1324 2740 1325 2735 1320 2741 1326 2742 1327 2731 1316 2743 1328 2741 1326 2744 1329 2745 1330 2746 1331 2730 1315 2747 1332 2744 1329 2748 1333 2737 1321 2735 1320 2740 1325 2749 1334 2746 1331 2750 1335 2748 1333 2740 1325 2739 1324 2751 1336 2737 1321 2740 1325 2743 1328 2752 1337 2741 1326 2753 1338 2731 1316 2742 1327 2750 1335 2751 1336 2749 1334 2754 1339 2745 1330 2729 1314 2748 1333 2744 1329 2740 1325 2755 1340 2756 1341 2733 1319 2730 1315 2729 1314 2745 1330 2757 1342 2758 1343 2754 1339 2754 1339 2729 1314 2757 1342 2758 1343 2757 1342 2759 1344 2759 1344 2757 1342 2756 1341 2760 1345 2759 1344 2756 1341 2761 1346 2760 1345 2756 1341 2761 1346 2762 1347 2760 1345 2763 1348 2765 1349 2764 1350 2766 1351 2767 1352 2763 1348 2761 1346 2767 1352 2762 1347 2768 1353 2766 1351 2763 1348 2761 1346 2763 1348 2767 1352 2769 1354 2766 1351 2768 1353 2692 1276 2690 1275 2701 1286 2704 1288 2770 1355 2698 1283 2771 1356 2772 1357 2684 1269 2773 1358 2693 1278 2774 1359 2695 1279 2775 1360 2770 1355 2776 1361 2778 1362 2777 1363 2779 1364 2772 1357 2780 1365 2781 1366 2782 1367 2773 1358 2783 1368 2775 1360 2693 1278 2776 1361 2785 1369 2784 1370 2786 1371 2787 1372 2779 1364 2788 1373 2782 1367 2789 1374 2783 1368 2773 1358 2790 1375 2791 1376 2792 1377 2784 1370 2793 1378 2794 1379 2787 1372 2795 1380 2788 1373 2796 1381 2782 1367 2797 1382 2790 1375 2798 1383 2792 1377 2799 1384 2800 1385 2794 1379 2801 1386 2795 1380 2803 1387 2802 1388 2804 1389 2797 1382 2788 1373 2805 1390 2807 1391 2806 1392 2800 1385 2809 1393 2808 1394 2810 1395 2811 1396 2802 1388 2804 1389 2795 1380 2812 1397 2813 1398 2805 1390 2814 1399 2808 1394 2816 1400 2815 1401 2817 1402 2811 1396 2818 1403 2819 1404 2821 1405 2820 1406 2814 1399 2823 1407 2822 1408 2824 1409 2826 1410 2825 1411 2812 1397 2802 1388 2827 1412 2820 1406 2829 1413 2828 1414 2830 1415 2817 1402 2831 1416 2815 1401 2833 1417 2832 1418 2811 1396 2834 1419 2827 1412 2835 1420 2837 1421 2836 1422 2830 1415 2839 1423 2838 1424 2840 1425 2832 1418 2841 1426 2842 1427 2834 1419 2817 1402 2826 1410 2840 1425 2843 1428 2844 1429 2845 1430 2838 1424 2835 1420 2847 1431 2846 1432 2842 1427 2830 1415 2848 1433 2826 1410 2824 1409 2849 1434 2845 1430 2851 1435 2850 1436 2852 1437 2853 1438 2846 1432 2838 1424 2854 1439 2848 1433 2855 1440 2856 1441 2849 1434 2857 1442 2850 1436 2858 1443 2846 1432 2847 1431 2852 1437 2854 1439 2845 1430 2859 1444 2860 1445 2856 1441 2861 1446 2857 1442 2863 1447 2862 1448 2864 1449 2859 1444 2850 1436 2865 1450 2867 1451 2866 1452 2860 1445 2869 1453 2868 1454 2689 1273 2862 1448 2870 1455 2864 1449 2857 1442 2871 1456 2872 1457 2873 1458 2866 1452 2874 1459 2868 1454 2875 1460 2689 1273 2877 1461 2876 1462 2687 1272 2871 1456 2862 1448 2873 1458 2879 1463 2878 1464 2880 1465 2881 1466 2876 1462 2882 1467 2884 1468 2883 1469 2885 1470 2886 1471 2874 1459 2887 1472 2889 1473 2888 1474 2890 1475 2892 1476 2891 1477 2893 1478 2895 1479 2894 1480 2896 1481 2888 1474 2897 1482 2898 1483 2899 1484 2888 1474 2900 1485 2902 1486 2901 1487 2903 1488 2905 1489 2904 1490 2906 1491 2908 1492 2907 1493 2909 1494 2911 1495 2910 1496 2912 1497 2914 1498 2913 1499 2915 1500 2917 1501 2916 1502 2909 1494 2910 1496 2918 1503 2919 1504 2921 1505 2920 1506 2922 1507 2919 1504 2916 1502 2746 1331 2924 1508 2923 1509 2925 1510 2923 1509 2906 1491 2751 1336 2750 1335 2923 1509 2925 1510 2751 1336 2923 1509 2926 1511 2737 1321 2925 1510 2751 1336 2925 1510 2737 1321 2736 1322 2737 1321 2926 1511 2920 1506 2927 1512 2906 1491 2928 1513 2929 1514 2912 1497 2930 1515 2932 1516 2931 1517 2933 1518 2904 1490 2934 1519 2935 1520 2937 1521 2936 1522 2938 1523 2940 1524 2939 1525 2941 1526 2933 1518 2942 1527 2942 1527 2943 1528 2913 1499 2912 1497 2913 1499 2928 1513 2939 1525 2912 1497 2944 1529 2939 1525 2940 1524 2914 1498 2945 1530 2946 1531 2944 1529 2947 1532 2939 1525 2944 1529 2766 1351 2769 1354 2945 1530 2935 1520 2918 1503 2904 1490 2942 1527 2933 1518 2934 1519 2898 1483 2896 1481 2937 1521 2933 1518 2903 1488 2904 1490 2948 1533 2915 1500 2901 1487 2936 1522 2949 1534 2909 1494 2936 1522 2896 1481 2950 1535 2951 1536 2905 1489 2903 1488 2952 1537 2954 1538 2953 1539 2899 1484 2955 1540 2887 1472 2956 1541 2955 1540 2957 1542 2922 1507 2916 1502 2958 1543 2892 1476 2959 1544 2900 1485 2960 1545 2893 1478 2961 1546 2962 1547 2883 1469 2960 1545 2957 1542 2963 1548 2881 1466 2876 1462 2963 1548 2688 1274 2956 1541 2964 1549 2887 1472 2956 1541 2881 1466 2965 1550 2886 1471 2966 1551 2891 1477 2884 1468 2968 1552 2967 1553 2740 1325 2749 1334 2751 1336 2743 1328 2744 1329 2747 1332 2717 1301 2732 1317 2969 1554 2749 1334 2730 1315 2746 1331 2738 1323 2749 1334 2740 1325 2970 1555 2733 1319 2757 1342 2749 1334 2722 1308 2730 1315 2765 1349 2972 1556 2971 1557 2723 1307 2730 1315 2722 1308 2725 1310 2733 1319 2970 1555 2729 1314 2970 1555 2757 1342 2761 1346 2765 1349 2763 1348 2757 1342 2733 1319 2756 1341 2763 1348 2973 1558 2768 1353 2755 1340 2765 1349 2761 1346 2764 1350 2973 1558 2763 1348 2738 1323 2740 1325 2744 1329 2742 1327 2741 1326 2752 1337 2716 1302 2974 1559 2710 1294 2738 1323 2722 1308 2749 1334 2728 1313 2738 1323 2744 1329 2975 1560 2725 1310 2970 1555 2976 1561 2977 1562 2972 1556 2723 1307 2970 1555 2729 1314 2722 1308 2714 1299 2715 1300 2727 1311 2725 1310 2975 1560 2723 1307 2975 1560 2970 1555 2755 1340 2972 1556 2765 1349 2978 1563 2764 1350 2765 1349 2756 1341 2755 1340 2761 1346 2734 1318 2972 1556 2755 1340 2971 1557 2978 1563 2765 1349 2728 1313 2744 1329 2741 1326 2732 1317 2731 1316 2753 1338 2710 1294 2979 1564 2709 1295 2728 1313 2714 1299 2738 1323 2718 1303 2728 1313 2741 1326 2980 1565 2727 1311 2975 1560 2720 1306 2981 1566 2976 1561 2715 1300 2975 1560 2723 1307 2714 1299 2708 1293 2707 1292 2982 1567 2727 1311 2980 1565 2715 1300 2980 1565 2975 1560 2734 1318 2976 1561 2972 1556 2983 1568 2971 1557 2972 1556 2733 1319 2734 1318 2755 1340 2726 1312 2976 1561 2734 1318 2977 1562 2983 1568 2972 1556 2718 1303 2741 1326 2731 1316 2716 1302 2717 1301 2969 1554 2984 1569 2705 1290 2706 1291 2718 1303 2708 1293 2728 1313 2711 1296 2718 1303 2731 1316 2985 1570 2982 1567 2980 1565 2982 1567 2986 1571 2727 1311 2707 1292 2980 1565 2715 1300 2708 1293 2699 1285 2700 1284 2982 1567 2985 1570 2712 1297 2985 1570 2980 1565 2707 1292 2726 1312 2720 1306 2976 1561 2987 1572 2977 1562 2976 1561 2725 1310 2726 1312 2734 1318 2986 1571 2720 1306 2726 1312 2981 1566 2987 1572 2976 1561 2711 1296 2731 1316 2717 1301 2979 1564 2710 1294 2974 1559 2988 1573 2685 1271 2686 1270 2711 1296 2699 1285 2718 1303 2717 1301 2703 1289 2711 1296 2713 1298 2712 1297 2985 1570 2989 1574 2982 1567 2712 1297 2700 1284 2985 1570 2707 1292 2699 1285 2704 1288 2698 1283 2986 1571 2719 1304 2720 1306 2713 1298 2985 1570 2700 1284 2721 1305 2719 1304 2990 1575 2991 1576 2981 1566 2720 1306 2727 1311 2986 1571 2726 1312 2989 1574 2719 1304 2986 1571 2721 1305 2991 1576 2720 1306 2703 1289 2717 1301 2710 1294 2984 1569 2706 1291 2709 1295 2992 1577 2771 1356 2684 1269 2703 1289 2704 1288 2711 1296 2694 1280 2703 1289 2710 1294 2701 1286 2702 1287 2713 1298 2993 1578 2712 1297 2702 1287 2698 1283 2713 1298 2700 1284 2704 1288 2695 1279 2770 1355 2994 1579 2719 1304 2989 1574 2701 1286 2713 1298 2698 1283 2995 1580 2719 1304 2994 1579 2719 1304 2995 1580 2996 1581 2982 1567 2989 1574 2986 1571 2994 1579 2989 1574 2993 1578 2990 1575 2719 1304 2996 1581 2706 1291 2694 1280 2710 1294 2724 1309 2696 1281 2705 1290 2997 1582 2780 1365 2772 1357 2694 1280 2695 1279 2703 1289 2774 1359 2694 1280 2706 1291 2998 1583 2999 1584 2778 1362 2999 1584 2702 1287 2690 1275 2770 1355 2701 1286 2698 1283 2695 1279 2693 1278 2775 1360 2998 1583 2994 1579 2993 1578 2692 1276 2701 1286 2770 1355 3000 1585 2994 1579 2998 1583 3000 1585 3001 1586 2994 1579 2712 1297 2993 1578 2989 1574 2998 1583 2993 1578 2999 1584 2995 1580 2994 1579 3001 1586 2696 1281 2774 1359 2706 1291 2988 1573 2686 1270 2697 1282 3002 1587 2779 1364 2780 1365 2774 1359 2693 1278 2694 1280 2696 1281 2781 1366 2774 1359 3003 1588 2691 1277 2692 1276 2777 1363 2690 1275 2691 1277 2775 1360 2692 1276 2770 1355 2783 1368 2693 1278 2773 1358 3004 1589 2691 1277 3003 1588 3003 1588 2692 1276 2775 1360 3005 1590 2998 1583 2778 1362 3005 1590 3006 1591 2998 1583 2702 1287 2999 1584 2993 1578 2778 1362 2999 1584 2777 1363 3000 1585 2998 1583 3006 1591 2686 1270 2781 1366 2696 1281 2992 1577 2684 1269 2685 1271 2786 1371 3007 1592 2787 1372 2781 1366 2773 1358 2774 1359 2789 1374 2781 1366 2686 1270 3008 1593 3004 1589 3003 1588 2785 1369 2691 1277 3004 1589 2783 1368 3003 1588 2775 1360 2790 1375 2773 1358 2782 1367 3009 1594 3004 1589 3008 1593 3008 1593 3003 1588 2783 1368 3010 1595 2778 1362 2776 1361 3010 1595 3011 1596 2778 1362 2690 1275 2777 1363 2999 1584 2776 1361 2777 1363 2785 1369 3005 1590 2778 1362 3011 1596 2684 1269 2789 1374 2686 1270 2997 1582 2772 1357 2771 1356 2793 1378 3012 1597 2794 1379 2789 1374 2782 1367 2781 1366 2796 1381 2789 1374 2684 1269 3013 1598 3009 1594 3008 1593 2791 1376 3004 1589 3009 1594 2790 1375 3008 1593 2783 1368 2797 1382 2782 1367 2788 1373 2806 1392 3009 1594 3013 1598 3013 1598 3008 1593 2790 1375 3014 1599 2776 1361 2784 1370 3014 1599 3015 1600 2776 1361 2691 1277 2785 1369 2777 1363 2784 1370 2785 1369 2791 1376 3010 1595 2776 1361 3015 1600 2796 1381 2684 1269 2772 1357 2786 1371 2779 1364 3002 1587 2801 1386 3016 1601 2800 1385 2796 1381 2788 1373 2789 1374 2803 1387 2796 1381 2772 1357 3017 1602 2806 1392 3013 1598 2799 1384 3009 1594 2806 1392 2797 1382 3013 1598 2790 1375 2804 1389 2788 1373 2795 1380 2805 1390 2806 1392 3017 1602 3017 1602 3013 1598 2797 1382 3018 1603 2784 1370 2792 1377 3018 1603 3019 1604 2784 1370 3004 1589 2791 1376 2785 1369 2792 1377 2791 1376 2799 1384 3014 1599 2784 1370 3019 1604 2803 1387 2772 1357 2779 1364 2793 1378 2787 1372 3007 1592 2809 1393 3020 1605 2808 1394 2803 1387 2795 1380 2796 1381 2810 1395 2803 1387 2779 1364 3021 1606 2805 1390 3017 1602 3022 1607 3023 1608 2798 1383 2804 1389 3017 1602 2797 1382 2812 1397 2795 1380 2802 1388 2814 1399 2805 1390 3021 1606 3021 1606 3017 1602 2804 1389 3024 1609 2792 1377 2798 1383 3025 1610 3018 1603 2792 1377 3009 1594 2799 1384 2791 1376 2807 1391 2798 1383 2799 1384 3024 1609 3025 1610 2792 1377 2810 1395 2779 1364 2787 1372 2801 1386 2794 1379 3012 1597 2816 1400 3026 1611 2815 1401 2810 1395 2802 1388 2803 1387 2818 1403 2810 1395 2787 1372 3027 1612 2814 1399 3021 1606 3028 1613 3029 1614 3022 1607 2812 1397 3021 1606 2804 1389 2827 1412 2802 1388 2811 1396 2823 1407 2814 1399 3027 1612 2812 1397 3027 1612 3021 1606 2807 1391 3022 1607 2798 1383 3030 1615 3024 1609 2798 1383 2806 1392 2807 1391 2799 1384 2813 1398 3022 1607 2807 1391 3023 1608 3030 1615 2798 1383 2818 1403 2787 1372 2794 1379 2809 1393 2800 1385 3016 1601 2833 1417 3031 1616 2832 1418 2818 1403 2811 1396 2810 1395 2831 1416 2818 1403 2794 1379 3032 1617 2823 1407 3027 1612 2821 1405 3033 1618 3028 1613 2827 1412 3027 1612 2812 1397 2811 1396 2817 1402 2834 1419 3034 1619 2823 1407 3032 1617 2827 1412 3032 1617 3027 1612 2813 1398 3028 1613 3022 1607 3035 1620 3023 1608 3022 1607 2805 1390 2813 1398 2807 1391 2822 1408 3028 1613 2813 1398 3029 1614 3035 1620 3022 1607 2831 1416 2794 1379 2800 1385 2816 1400 2808 1394 3020 1605 2832 1418 3036 1621 2841 1426 2831 1416 2817 1402 2818 1403 2839 1423 2831 1416 2800 1385 3037 1622 3034 1619 3032 1617 3034 1619 3038 1623 2823 1407 2834 1419 3032 1617 2827 1412 2817 1402 2830 1415 2842 1427 3039 1624 3034 1619 3037 1622 3037 1622 3032 1617 2834 1419 2822 1408 2821 1405 3028 1613 3040 1625 3029 1614 3028 1613 2814 1399 2822 1408 2813 1398 3038 1623 2821 1405 2822 1408 3033 1618 3040 1625 3028 1613 2839 1423 2800 1385 2808 1394 2833 1417 2815 1401 3026 1611 2840 1425 3041 1626 2843 1428 2839 1423 2830 1415 2831 1416 2844 1429 2839 1423 2808 1394 3042 1627 3039 1624 3037 1622 3043 1628 3034 1619 3039 1624 2842 1427 3037 1622 2834 1419 2830 1415 2838 1424 2848 1433 3039 1624 3042 1627 2837 1421 3042 1627 3037 1622 2842 1427 2819 1404 2820 1406 3044 1629 3045 1630 3033 1618 2821 1405 2823 1407 3038 1623 2822 1408 3043 1628 2820 1406 3038 1623 2819 1404 3045 1630 2821 1405 2844 1429 2808 1394 2815 1401 3036 1621 2832 1418 3031 1616 3046 1631 2855 1440 2849 1434 2844 1429 2838 1424 2839 1423 2815 1401 2851 1435 2844 1429 2836 1422 2837 1421 3042 1627 3047 1632 3039 1624 2837 1421 2848 1433 3042 1627 2842 1427 2838 1424 2845 1430 2854 1439 3043 1628 3048 1633 2820 1406 2836 1422 3042 1627 2848 1433 2829 1413 2820 1406 3048 1633 3038 1623 2820 1406 2821 1405 3034 1619 3043 1628 3038 1623 3047 1632 3048 1633 3043 1628 3044 1629 2820 1406 2828 1414 2851 1435 2815 1401 2832 1418 3041 1626 2840 1425 2841 1426 3049 1634 2861 1446 2856 1441 2851 1435 2845 1430 2844 1429 2858 1443 2851 1435 2832 1418 2847 1431 2835 1420 2836 1422 3050 1635 2837 1421 2835 1420 2854 1439 2836 1422 2848 1433 2845 1430 2850 1436 2859 1444 3051 1636 3048 1633 3047 1632 2847 1431 2836 1422 2854 1439 3052 1637 3048 1633 3051 1636 3048 1633 3052 1637 3053 1638 3039 1624 3047 1632 3043 1628 3051 1636 3047 1632 3050 1635 2829 1413 3048 1633 3053 1638 2840 1425 2858 1443 2832 1418 2825 1411 2826 1410 2843 1428 3054 1639 2869 1453 2860 1445 2858 1443 2850 1436 2851 1435 2863 1447 2858 1443 2840 1425 3055 1640 3056 1641 2865 1450 3056 1641 2835 1420 2846 1432 2859 1444 2847 1431 2854 1439 2850 1436 2857 1442 2864 1449 3055 1640 3051 1636 3050 1635 2852 1437 2847 1431 2859 1444 3057 1642 3051 1636 3055 1640 3057 1642 3058 1643 3051 1636 2837 1421 3050 1635 3047 1632 3055 1640 3050 1635 3056 1641 3052 1637 3051 1636 3058 1643 2826 1410 2863 1447 2840 1425 3046 1631 2849 1434 2824 1409 3059 1644 2868 1454 2869 1453 2863 1447 2857 1442 2858 1443 2826 1410 2870 1455 2863 1447 3060 1645 2853 1438 2852 1437 2867 1451 2846 1432 2853 1438 2864 1449 2852 1437 2859 1444 2871 1456 2857 1442 2862 1448 3061 1646 2853 1438 3060 1645 3060 1645 2852 1437 2864 1449 3062 1647 3055 1640 2865 1450 3062 1647 3063 1648 3055 1640 2835 1420 3056 1641 3050 1635 2865 1450 3056 1641 2867 1451 3057 1642 3055 1640 3063 1648 2849 1434 2870 1455 2826 1410 3049 1634 2856 1441 2855 1440 2875 1460 3064 1649 2874 1459 2870 1455 2862 1448 2863 1447 2877 1461 2870 1455 2849 1434 3065 1650 3061 1646 3060 1645 2872 1457 2853 1438 3061 1646 2871 1456 3060 1645 2864 1449 2687 1272 2862 1448 2689 1273 2967 1553 3061 1646 3065 1650 3065 1650 3060 1645 2871 1456 3066 1651 2865 1450 2866 1452 3066 1651 3067 1652 2865 1450 2846 1432 2867 1451 3056 1641 2866 1452 2867 1451 2872 1457 3062 1647 2865 1450 3067 1652 2856 1441 2877 1461 2849 1434 3054 1639 2860 1445 2861 1446 2885 1470 3068 1653 2886 1471 2877 1461 2689 1273 2870 1455 2880 1465 2877 1461 2856 1441 3069 1654 2967 1553 3065 1650 2879 1463 3061 1646 2967 1553 2687 1272 3065 1650 2871 1456 2688 1274 2689 1273 2876 1462 2884 1468 2967 1553 3069 1654 3069 1654 3065 1650 2687 1272 3070 1655 2866 1452 2873 1458 3070 1655 3071 1656 2866 1452 2853 1438 2872 1457 2867 1451 2873 1458 2872 1457 2879 1463 3066 1651 2866 1452 3071 1656 2880 1465 2856 1441 2860 1445 2875 1460 2868 1454 3059 1644 2966 1551 3072 1657 2891 1477 2880 1465 2876 1462 2877 1461 2965 1550 2880 1465 2860 1445 3073 1658 2884 1468 3069 1654 3074 1659 3075 1660 2878 1464 2688 1274 3069 1654 2687 1272 2963 1548 2876 1462 2881 1466 2883 1469 2884 1468 3073 1658 3073 1658 3069 1654 2688 1274 3076 1661 2873 1458 2878 1464 3076 1661 3077 1662 2873 1458 3061 1646 2879 1463 2872 1457 2878 1464 2879 1463 2968 1552 3070 1655 2873 1458 3077 1662 2965 1550 2860 1445 2868 1454 2885 1470 2874 1459 3064 1649 2890 1475 3078 1663 2892 1476 2965 1550 2881 1466 2880 1465 2964 1549 2965 1550 2868 1454 3079 1664 2883 1469 3073 1658 3080 1665 3081 1666 3074 1659 2963 1548 3073 1658 2688 1274 2957 1542 2881 1466 2956 1541 2960 1545 2883 1469 3079 1664 2963 1548 3079 1664 3073 1658 2968 1552 3074 1659 2878 1464 3082 1667 3076 1661 2878 1464 2967 1553 2968 1552 2879 1463 2882 1467 3074 1659 2968 1552 3075 1660 3082 1667 2878 1464 2964 1549 2868 1454 2874 1459 2966 1551 2886 1471 3068 1653 2959 1544 3083 1668 2900 1485 2964 1549 2956 1541 2965 1550 2889 1473 2964 1549 2874 1459 3084 1669 2960 1545 3079 1664 3085 1670 3086 1671 3080 1665 2957 1542 3079 1664 2963 1548 2955 1540 2956 1541 2887 1472 2893 1478 2960 1545 3084 1669 2957 1542 3084 1669 3079 1664 2882 1467 3080 1665 3074 1659 3087 1672 3075 1660 3074 1659 2884 1468 2882 1467 2968 1552 2962 1547 3080 1665 2882 1467 3081 1666 3087 1672 3074 1659 2889 1473 2874 1459 2886 1471 2890 1475 2891 1477 3072 1657 2902 1486 3088 1673 2901 1487 2889 1473 2887 1472 2964 1549 2897 1482 2889 1473 2886 1471 3089 1674 2893 1478 3084 1669 3090 1675 3091 1676 3085 1670 2955 1540 3084 1669 2957 1542 2899 1484 2887 1472 2888 1474 2895 1479 2893 1478 3089 1674 2955 1540 3089 1674 3084 1669 2962 1547 3085 1670 3080 1665 3092 1677 3081 1666 3080 1665 2883 1469 2962 1547 2882 1467 2961 1546 3085 1670 2962 1547 3086 1671 3092 1677 3080 1665 2897 1482 2886 1471 2891 1477 2959 1544 2892 1476 3078 1663 2901 1487 3093 1678 2948 1533 2897 1482 2888 1474 2889 1473 2950 1535 2897 1482 2891 1477 3094 1679 2895 1479 3089 1674 2953 1539 3095 1680 3090 1675 2899 1484 3089 1674 2955 1540 2888 1474 2896 1481 2898 1483 3096 1681 2895 1479 3094 1679 2899 1484 3094 1679 3089 1674 2961 1546 3090 1675 3085 1670 3097 1682 3086 1671 3085 1670 2960 1545 2961 1546 2962 1547 2894 1480 3090 1675 2961 1546 3091 1676 3097 1682 3085 1670 2950 1535 2891 1477 2892 1476 2902 1486 2900 1485 3083 1668 2917 1501 2915 1500 3098 1683 2950 1535 2896 1481 2897 1482 2949 1534 2950 1535 2892 1476 3099 1684 3096 1681 3094 1679 3096 1681 3100 1685 2895 1479 2898 1483 3094 1679 2899 1484 2896 1481 2936 1522 2937 1521 3096 1681 3099 1684 2951 1536 3099 1684 3094 1679 2898 1483 2894 1480 2953 1539 3090 1675 3101 1686 3091 1676 3090 1675 2893 1478 2894 1480 2961 1546 3100 1685 2953 1539 2894 1480 3095 1680 3101 1686 3090 1675 2949 1534 2892 1476 2900 1485 3093 1678 2901 1487 3088 1673 3102 1687 2921 1505 2919 1504 2949 1534 2936 1522 2950 1535 2949 1534 2900 1485 2911 1495 2905 1489 2951 1536 3099 1684 3103 1688 3096 1681 2951 1536 2937 1521 3099 1684 2898 1483 2936 1522 2909 1494 2935 1520 3100 1685 2952 1537 2953 1539 2905 1489 3099 1684 2937 1521 2954 1538 2952 1537 3104 1689 3105 1690 3095 1680 2953 1539 2895 1479 3100 1685 2894 1480 3103 1688 2952 1537 3100 1685 2954 1538 3105 1690 2953 1539 2911 1495 2900 1485 2901 1487 3098 1683 2915 1500 2948 1533 3106 1691 2927 1512 2920 1506 2911 1495 2909 1494 2949 1534 2901 1487 3107 1692 2911 1495 2941 1526 2940 1524 3108 1693 3109 1694 2951 1536 2903 1488 2935 1520 2905 1489 2937 1521 2935 1520 2909 1494 2918 1503 3110 1695 2952 1537 3103 1688 2904 1490 2905 1489 2935 1520 3111 1696 2952 1537 3110 1695 2952 1537 3111 1696 3112 1697 3096 1681 3103 1688 3100 1685 3109 1694 3110 1695 3103 1688 3104 1689 2952 1537 3112 1697 3107 1692 2901 1487 2915 1500 2958 1543 2916 1502 2917 1501 3113 1698 3114 1699 2910 1496 3107 1692 2910 1496 2911 1495 2915 1500 3115 1700 3107 1692 3114 1699 2934 1519 2918 1503 3107 1692 3113 1698 2910 1496 3116 1701 2903 1488 2933 1518 2910 1496 3114 1699 2918 1503 3117 1702 3110 1695 3109 1694 2904 1490 2918 1503 2934 1519 3118 1703 3110 1695 3117 1702 3110 1695 3118 1703 3119 1704 2951 1536 3109 1694 3103 1688 3117 1702 3109 1694 3116 1701 3111 1696 3110 1695 3119 1704 2916 1502 3115 1700 2915 1500 3102 1687 2919 1504 2922 1507 3120 1705 3121 1706 3113 1698 3115 1700 3113 1698 3107 1692 3122 1707 3115 1700 2916 1502 3114 1699 3121 1706 2943 1528 3113 1698 3115 1700 3120 1705 2943 1528 2942 1527 2934 1519 3113 1698 3121 1706 3114 1699 3108 1693 3117 1702 3116 1701 2943 1528 2934 1519 3114 1699 3123 1708 3117 1702 3108 1693 3123 1708 3124 1709 3117 1702 2903 1488 3116 1701 3109 1694 3108 1693 3116 1701 2941 1526 3118 1703 3117 1702 3124 1709 2919 1504 3122 1707 2916 1502 3106 1691 2920 1506 2921 1505 3120 1705 2931 1517 2932 1516 3122 1707 3120 1705 3115 1700 3125 1710 3122 1707 2919 1504 3121 1706 2932 1516 3126 1711 2931 1517 3120 1705 3122 1707 2943 1528 3126 1711 2913 1499 2932 1516 3121 1706 3120 1705 2913 1499 2914 1498 2942 1527 3121 1706 3126 1711 2943 1528 3127 1712 3108 1693 2940 1524 3127 1712 3128 1713 3108 1693 2933 1518 2941 1526 3116 1701 2940 1524 2941 1526 2914 1498 3123 1708 3108 1693 3128 1713 2920 1506 3125 1710 2919 1504 2908 1492 2906 1491 2927 1512 3129 1714 2931 1517 3125 1710 3125 1710 2931 1517 3122 1707 3125 1710 3130 1715 3129 1714 2758 1343 3132 1716 3131 1717 3129 1714 2930 1515 2931 1517 3133 1718 3126 1711 2932 1516 2932 1516 2930 1515 3133 1718 2928 1513 2913 1499 3126 1711 3133 1718 2928 1513 3126 1711 2944 1529 2766 1351 2945 1530 2938 1523 3134 1719 2940 1524 2942 1527 2914 1498 2941 1526 2939 1525 2914 1498 2912 1497 3127 1712 2940 1524 3134 1719 2906 1491 3130 1715 2920 1506 2925 1510 2907 1493 3135 1720 3129 1714 3130 1715 2924 1508 2920 1506 3130 1715 3125 1710 3130 1715 2923 1509 2924 1508 2930 1515 3129 1714 3131 1717 2924 1508 3131 1717 3129 1714 3133 1718 2930 1515 3132 1716 2930 1515 3131 1717 3132 1716 2928 1513 3133 1718 3136 1721 3133 1718 3132 1716 3136 1721 3136 1721 2760 1345 2929 1514 2929 1514 2928 1513 3136 1721 2947 1532 3137 1722 2939 1525 2944 1529 2912 1497 2929 1514 2938 1523 2939 1525 3137 1722 2907 1493 2925 1510 2906 1491 2925 1510 3135 1720 2926 1511 2746 1331 2923 1509 2750 1335 2906 1491 2923 1509 3130 1715 2746 1331 2745 1330 2924 1508 2745 1330 2754 1339 3131 1717 2745 1330 3131 1717 2924 1508 2758 1343 3131 1717 2754 1339 2758 1343 2759 1344 3132 1716 2759 1344 2760 1345 3136 1721 2759 1344 3136 1721 3132 1716 2760 1345 2762 1347 2929 1514 2762 1347 2767 1352 2929 1514 2767 1352 2766 1351 2944 1529 2944 1529 2929 1514 2767 1352 2947 1532 2944 1529 2946 1531 3138 1723 3140 1724 3139 1725 3141 1726 3143 1727 3142 1728 3144 1729 3146 1730 3145 1731 3147 1732 3149 1733 3148 1734 3150 1735 3152 1736 3151 1737 3153 1738 3155 1739 3154 1740 3156 1741 3158 1742 3157 1743 3159 1744 3161 1745 3160 1746 3162 1747 3164 1748 3163 1749 3165 1750 3167 1751 3166 1752 3168 1753 3170 1754 3169 1755 3171 1756 3173 1757 3172 1758 3174 1759 3176 1760 3175 1761 3177 1762 3179 1763 3178 1764 3180 1765 3182 1766 3181 1767 3183 1768 3185 1769 3184 1770 3186 1771 3188 1772 3187 1773 3189 1774 3191 1775 3190 1776 3192 1777 3194 1778 3193 1779 3195 1780 3197 1781 3196 1782 3198 1783 3200 1784 3199 1785 3201 1786 3203 1787 3202 1788 3204 1789 3206 1790 3205 1791 3207 1792 3209 1793 3208 1794 3210 1795 3212 1796 3211 1797 3213 1798 3215 1799 3214 1800 3216 1801 3218 1802 3217 1803 3219 1804 3221 1805 3220 1806 3222 1807 3224 1808 3223 1809 3225 1810 3227 1811 3226 1812 3228 1813 3230 1814 3229 1815 3231 1816 3233 1817 3232 1818 3234 1819 3236 1820 3235 1821 3237 1822 3239 1823 3238 1824 3240 1825 3242 1826 3241 1827 3243 1828 3245 1829 3244 1830 3246 1831 3248 1832 3247 1833 3249 1834 3251 1835 3250 1836 3251 1835 3253 1837 3252 1838 3250 1836 3255 1839 3254 1840 3254 1840 3249 1834 3250 1836 3256 1841 3257 1842 3255 1839 3254 1840 3255 1839 3257 1842 3258 1843 3256 1841 3259 1844 3256 1841 3258 1843 3257 1842 3259 1844 3261 1845 3260 1846 3260 1846 3258 1843 3259 1844 3262 1847 3263 1848 3261 1845 3260 1846 3261 1845 3263 1848 3264 1849 3262 1847 3265 1850 3262 1847 3264 1849 3263 1848 3265 1850 3267 1851 3266 1852 3266 1852 3264 1849 3265 1850 3268 1853 3269 1854 3267 1851 3266 1852 3267 1851 3269 1854 3270 1855 3268 1853 3271 1856 3268 1853 3270 1855 3269 1854 3271 1856 3273 1857 3272 1858 3272 1858 3270 1855 3271 1856 3274 1859 3275 1860 3273 1857 3272 1858 3273 1857 3275 1860 3276 1861 3274 1859 3277 1862 3274 1859 3276 1861 3275 1860 3277 1862 3279 1863 3278 1864 3278 1864 3276 1861 3277 1862 3280 1865 3281 1866 3279 1863 3278 1864 3279 1863 3281 1866 3282 1867 3280 1865 3283 1868 3280 1865 3282 1867 3281 1866 3283 1868 3285 1869 3284 1870 3284 1870 3282 1867 3283 1868 3286 1871 3287 1872 3285 1869 3284 1870 3285 1869 3287 1872 3140 1724 3286 1871 3139 1725 3286 1871 3140 1724 3287 1872 3244 1830 3252 1838 3253 1837 3249 1834 3253 1837 3251 1835 3243 1828 3247 1833 3245 1829 3244 1830 3245 1829 3252 1838 3239 1823 3248 1832 3246 1831 3246 1831 3247 1833 3243 1828 3242 1826 3237 1822 3238 1824 3237 1822 3248 1832 3239 1823 3240 1825 3241 1827 3231 1816 3242 1826 3238 1824 3241 1827 3232 1818 3233 1817 3234 1819 3240 1825 3231 1816 3232 1818 3236 1820 3226 1812 3235 1821 3233 1817 3236 1820 3234 1819 3225 1810 3229 1815 3227 1811 3226 1812 3227 1811 3235 1821 3221 1805 3230 1814 3228 1813 3228 1813 3229 1815 3225 1810 3224 1808 3219 1804 3220 1806 3219 1804 3230 1814 3221 1805 3222 1807 3223 1809 3213 1798 3224 1808 3220 1806 3223 1809 3214 1800 3215 1799 3216 1801 3222 1807 3213 1798 3214 1800 3218 1802 3208 1794 3217 1803 3215 1799 3218 1802 3216 1801 3207 1792 3211 1797 3209 1793 3208 1794 3209 1793 3217 1803 3203 1787 3212 1796 3210 1795 3210 1795 3211 1797 3207 1792 3206 1790 3201 1786 3202 1788 3201 1786 3212 1796 3203 1787 3204 1789 3205 1791 3195 1780 3206 1790 3202 1788 3205 1791 3196 1782 3197 1781 3198 1783 3204 1789 3195 1780 3196 1782 3200 1784 3190 1776 3199 1785 3197 1781 3200 1784 3198 1783 3189 1774 3193 1779 3191 1775 3190 1776 3191 1775 3199 1785 3185 1769 3194 1778 3192 1777 3192 1777 3193 1779 3189 1774 3188 1772 3183 1768 3184 1770 3183 1768 3194 1778 3185 1769 3186 1771 3187 1773 3177 1762 3188 1772 3184 1770 3187 1773 3178 1764 3179 1763 3180 1765 3186 1771 3177 1762 3178 1764 3182 1766 3172 1758 3181 1767 3179 1763 3182 1766 3180 1765 3171 1756 3175 1761 3173 1757 3172 1758 3173 1757 3181 1767 3167 1751 3176 1760 3174 1759 3174 1759 3175 1761 3171 1756 3170 1754 3165 1750 3166 1752 3165 1750 3176 1760 3167 1751 3168 1753 3169 1755 3159 1744 3170 1754 3166 1752 3169 1755 3160 1746 3161 1745 3162 1747 3168 1753 3159 1744 3160 1746 3164 1748 3154 1740 3163 1749 3161 1745 3164 1748 3162 1747 3153 1738 3157 1743 3155 1739 3154 1740 3155 1739 3163 1749 3149 1733 3158 1742 3156 1741 3156 1741 3157 1743 3153 1738 3152 1736 3147 1732 3148 1734 3147 1732 3158 1742 3149 1733 3150 1735 3151 1737 3141 1726 3152 1736 3148 1734 3151 1737 3142 1728 3143 1727 3145 1731 3150 1735 3141 1726 3142 1728 3144 1729 3138 1723 3146 1730 3143 1727 3144 1729 3145 1731 3139 1725 3146 1730 3138 1723 3288 1873 3290 1874 3289 1875 3290 1874 3292 1876 3291 1877 3292 1876 3290 1874 3288 1873 3293 1878 3291 1877 3294 1879 3292 1876 3294 1879 3291 1877 3295 1880 3296 1881 3293 1878 3293 1878 3294 1879 3295 1880 3296 1881 3298 1882 3297 1883 3298 1882 3296 1881 3295 1880 3299 1884 3297 1883 3300 1885 3298 1882 3300 1885 3297 1883 3301 1886 3302 1887 3299 1884 3299 1884 3300 1885 3301 1886 3302 1887 3304 1888 3303 1889 3304 1888 3302 1887 3301 1886 3305 1890 3303 1889 3306 1891 3304 1888 3306 1891 3303 1889 3307 1892 3308 1893 3305 1890 3305 1890 3306 1891 3307 1892 3308 1893 3310 1894 3309 1895 3310 1894 3308 1893 3307 1892 3311 1896 3309 1895 3312 1897 3310 1894 3312 1897 3309 1895 3313 1898 3314 1899 3311 1896 3311 1896 3312 1897 3313 1898 3314 1899 3316 1900 3315 1901 3316 1900 3314 1899 3313 1898 3317 1902 3315 1901 3318 1903 3316 1900 3318 1903 3315 1901 3319 1904 3320 1905 3317 1902 3317 1902 3318 1903 3319 1904 3320 1905 3322 1906 3321 1907 3322 1906 3320 1905 3319 1904 3323 1908 3321 1907 3324 1909 3322 1906 3324 1909 3321 1907 3325 1910 3326 1911 3323 1908 3323 1908 3324 1909 3325 1910 3326 1911 3328 1912 3327 1913 3328 1912 3326 1911 3325 1910 3329 1914 3327 1913 3330 1915 3328 1912 3330 1915 3327 1913 3331 1916 3332 1917 3329 1914 3329 1914 3330 1915 3331 1916 3332 1917 3334 1918 3333 1919 3334 1918 3332 1917 3331 1916 3335 1920 3333 1919 3336 1921 3334 1918 3336 1921 3333 1919 3337 1922 3338 1923 3335 1920 3335 1920 3336 1921 3337 1922 3338 1923 3340 1924 3339 1925 3340 1924 3338 1923 3337 1922 3341 1926 3339 1925 3342 1927 3340 1924 3342 1927 3339 1925 3343 1928 3344 1929 3341 1926 3341 1926 3342 1927 3343 1928 3344 1929 3346 1930 3345 1931 3346 1930 3344 1929 3343 1928 3347 1932 3345 1931 3348 1933 3346 1930 3348 1933 3345 1931 3349 1934 3350 1935 3347 1932 3347 1932 3348 1933 3349 1934 3350 1935 3352 1936 3351 1937 3352 1936 3350 1935 3349 1934 3353 1938 3351 1937 3354 1939 3352 1936 3354 1939 3351 1937 3355 1940 3356 1941 3353 1938 3353 1938 3354 1939 3355 1940 3356 1941 3358 1942 3357 1943 3358 1942 3356 1941 3355 1940 3359 1944 3357 1943 3360 1945 3358 1942 3360 1945 3357 1943 3361 1946 3362 1947 3359 1944 3359 1944 3360 1945 3361 1946 3288 1873 3289 1875 3363 1948 3364 1949 3365 1950 3363 1948 3363 1948 3289 1875 3364 1949 3365 1950 3367 1951 3366 1952 3367 1951 3365 1950 3364 1949 3368 1953 3366 1952 3369 1954 3367 1951 3369 1954 3366 1952 3370 1955 3371 1956 3368 1953 3368 1953 3369 1954 3370 1955 3371 1956 3373 1957 3372 1958 3373 1957 3371 1956 3370 1955 3374 1959 3372 1958 3375 1960 3373 1957 3375 1960 3372 1958 3376 1961 3377 1962 3374 1959 3374 1959 3375 1960 3376 1961 3377 1962 3379 1963 3378 1964 3379 1963 3377 1962 3376 1961 3380 1965 3378 1964 3381 1966 3379 1963 3381 1966 3378 1964 3382 1967 3383 1968 3380 1965 3380 1965 3381 1966 3382 1967 3383 1968 3385 1969 3384 1970 3385 1969 3383 1968 3382 1967 3386 1971 3384 1970 3387 1972 3385 1969 3387 1972 3384 1970 3388 1973 3389 1974 3386 1971 3386 1971 3387 1972 3388 1973 3389 1974 3391 1975 3390 1976 3391 1975 3389 1974 3388 1973 3392 1977 3390 1976 3393 1978 3391 1975 3393 1978 3390 1976 3394 1979 3395 1980 3392 1977 3392 1977 3393 1978 3394 1979 3395 1980 3397 1981 3396 1982 3397 1981 3395 1980 3394 1979 3398 1983 3396 1982 3399 1984 3397 1981 3399 1984 3396 1982 3400 1985 3401 1986 3398 1983 3398 1983 3399 1984 3400 1985 3401 1986 3403 1987 3402 1988 3403 1987 3401 1986 3400 1985 3404 1989 3402 1988 3405 1990 3403 1987 3405 1990 3402 1988 3406 1991 3407 1992 3404 1989 3404 1989 3405 1990 3406 1991 3407 1992 3409 1993 3408 1994 3409 1993 3407 1992 3406 1991 3410 1995 3408 1994 3411 1996 3409 1993 3411 1996 3408 1994 3412 1997 3413 1998 3410 1995 3410 1995 3411 1996 3412 1997 3413 1998 3415 1999 3414 2000 3415 1999 3413 1998 3412 1997 3416 2001 3414 2000 3417 2002 3415 1999 3417 2002 3414 2000 3418 2003 3419 2004 3416 2001 3416 2001 3417 2002 3418 2003 3419 2004 3421 2005 3420 2006 3421 2005 3419 2004 3418 2003 3422 2007 3420 2006 3423 2008 3421 2005 3423 2008 3420 2006 3424 2009 3425 2010 3422 2007 3422 2007 3423 2008 3424 2009 3425 2010 3427 2011 3426 2012 3427 2011 3425 2010 3424 2009 3428 2013 3426 2012 3429 2014 3427 2011 3429 2014 3426 2012 3430 2015 3431 2016 3428 2013 3428 2013 3429 2014 3430 2015 3431 2016 3433 2017 3432 2018 3433 2017 3431 2016 3430 2015 3433 2017 3362 1947 3432 2018 3432 2018 3362 1947 3361 1946 3434 2019 3436 2020 3435 2021 3437 2022 3439 2023 3438 2024 3440 2025 3442 2026 3441 2027 3443 2028 3435 2021 3444 2029 3436 2020 3444 2029 3435 2021 3445 2030 3447 2031 3446 2032 3448 2033 3447 2031 3445 2030 3449 2034 3450 80 3443 2028 3443 2028 3444 2029 3449 2034 3448 2033 3451 2035 3447 2031 3452 2036 3451 2035 3448 2033 3436 2020 3434 2019 3453 2037 3453 2037 3455 2038 3454 2039 3455 2038 3453 2037 3434 2019 3439 2023 3454 2039 3438 2024 3455 2038 3438 2024 3454 2039 3456 2040 3458 2041 3457 2042 3459 2043 3461 2044 3460 2045 3451 2035 3452 2036 3462 2046 3463 2047 3465 2048 3464 2049 3466 2050 3468 2051 3467 2052 3468 2051 3466 2050 3446 2032 3469 2053 3467 2052 3470 2054 3468 2051 3470 2054 3467 2052 3471 2055 3472 2056 3469 2053 3469 2053 3470 2054 3471 2055 3472 2056 3474 2057 3473 2058 3474 2057 3472 2056 3471 2055 3474 2057 3475 2059 3473 2058 3476 2060 3478 2061 3477 2062 3475 2059 3480 2063 3479 2064 3441 2027 3442 2026 3481 2065 3482 2066 3484 2067 3483 2068 3481 2065 3486 2069 3485 2070 3482 2066 3485 2070 3486 2069 3481 2065 3487 2071 3441 2027 3481 2065 3485 2070 3487 2071 3488 2072 3487 2071 3489 2073 3485 2070 3489 2073 3487 2071 3490 2074 3491 2075 3488 2072 3488 2072 3489 2073 3490 2074 3491 2075 3493 2076 3492 2077 3493 2076 3491 2075 3490 2074 3494 2078 3492 2077 3495 2079 3493 2076 3495 2079 3492 2077 3496 2080 3449 2034 3494 2078 3494 2078 3495 2079 3496 2080 3450 80 3449 2034 3496 2080 3477 2062 3483 2068 3484 2067 3486 2069 3484 2067 3482 2066 3480 2063 3478 2061 3476 2060 3478 2061 3483 2068 3477 2062 3476 2060 3479 2064 3480 2063 3475 2059 3479 2064 3473 2058 3466 2050 3445 2030 3446 2032 3497 2081 3440 2025 3498 2082 3499 2083 3501 2084 3500 2085 3502 2086 3500 2085 3501 2084 3499 2083 3504 2087 3503 2088 3503 2088 3501 2084 3499 2083 3505 80 3503 2088 3504 2087 3500 2085 3502 2086 3498 2082 3442 2026 3440 2025 3497 2081 3497 2081 3498 2082 3502 2086 3506 2089 3462 2046 3507 2090 3462 2046 3452 2036 3507 2090 3508 2091 3465 2048 3506 2089 3506 2089 3507 2090 3508 2091 3509 2092 3463 2047 3464 2049 3464 2049 3465 2048 3508 2091 3510 2093 3509 2092 3511 2094 3509 2092 3510 2093 3463 2047 3457 2042 3512 2095 3511 2094 3510 2093 3511 2094 3512 2095 3513 2096 3458 2041 3456 2040 3458 2041 3512 2095 3457 2042 3513 2096 3515 2097 3514 2098 3515 2097 3513 2096 3456 2040 3515 2097 3516 2099 3514 2098 3460 2045 3461 2044 3516 2099 3514 2098 3516 2099 3461 2044 3517 2100 3518 2101 3459 2043 3460 2045 3517 2100 3459 2043 3518 2101 3520 2102 3519 2103 3520 2102 3518 2101 3517 2100 3437 2022 3519 2103 3521 2104 3520 2102 3521 2104 3519 2103 3521 2104 3523 2105 3522 2106 3437 2022 3521 2104 3522 2106 3524 2107 3526 2108 3525 2109 3527 2110 3525 2109 3528 2111 3529 2112 3530 2113 3527 2110 3530 2113 3531 2114 3504 2087 3531 2114 3505 80 3504 2087 3529 2112 3531 2114 3530 2113 3528 2111 3529 2112 3527 2110 3526 2108 3528 2111 3525 2109 3523 2105 3526 2108 3524 2107 3524 2107 3522 2106 3523 2105 3437 2022 3522 2106 3439 2023 3532 2115 3534 2116 3533 2117 3535 2118 3536 2119 3532 2115 3532 2115 3533 2117 3535 2118 3537 2120 3538 2121 3536 2119 3537 2120 3536 2119 3535 2118 3539 2122 3538 2121 3540 2123 3538 2121 3539 2122 3536 2119 3541 2124 3542 2125 3540 2123 3539 2122 3540 2123 3542 2125 3541 2124 3544 2126 3543 2127 3543 2127 3542 2125 3541 2124 3545 2128 3544 2126 3546 2129 3544 2126 3545 2128 3543 2127 3547 2130 3548 2131 3546 2129 3545 2128 3546 2129 3548 2131 3547 2130 3550 2132 3549 2133 3549 2133 3548 2131 3547 2130 3549 2133 3552 2134 3551 2135 3552 2134 3549 2133 3550 2132 3553 2136 3551 2135 3554 2137 3552 2134 3554 2137 3551 2135 3555 2138 3556 2139 3553 2136 3553 2136 3554 2137 3555 2138 3556 2139 3558 2140 3557 2141 3558 2140 3556 2139 3555 2138 3559 2142 3557 2141 3560 2143 3558 2140 3560 2143 3557 2141 3561 2144 3562 2145 3559 2142 3559 2142 3560 2143 3561 2144 3563 2146 3564 2147 3562 2145 3563 2146 3562 2145 3561 2144 3565 2148 3564 2147 3566 2149 3564 2147 3565 2148 3562 2145 3567 2150 3568 2151 3566 2149 3565 2148 3566 2149 3568 2151 3567 2150 3570 2152 3569 2153 3569 2153 3568 2151 3567 2150 3571 2154 3570 2152 3572 2155 3570 2152 3571 2154 3569 2153 3573 2156 3574 2157 3572 2155 3571 2154 3572 2155 3574 2157 3573 2156 3576 2158 3575 2159 3575 2159 3574 2157 3573 2156 3577 2160 3534 2116 3578 2161 3534 2116 3577 2160 3533 2117 3579 2162 3580 2163 3578 2161 3577 2160 3578 2161 3580 2163 3579 2162 3582 2164 3581 2165 3581 2165 3580 2163 3579 2162 3583 2166 3582 2164 3584 2167 3582 2164 3583 2166 3581 2165 3585 2168 3586 2169 3584 2167 3583 2166 3584 2167 3586 2169 3587 2170 3585 2168 3588 2171 3587 2170 3586 2169 3585 2168 3589 2172 3588 2171 3590 2173 3585 2168 3590 2173 3588 2171 3591 2174 3592 2175 3589 2172 3589 2172 3590 2173 3591 2174 3592 2175 3594 2176 3593 2177 3594 2176 3592 2175 3591 2174 3595 2178 3593 2177 3596 2179 3594 2176 3596 2179 3593 2177 3597 2180 3598 2181 3595 2178 3595 2178 3596 2179 3597 2180 3598 2181 3600 2182 3599 2183 3600 2182 3598 2181 3597 2180 3601 2184 3602 2185 3600 2182 3599 2183 3600 2182 3602 2185 3601 2184 3604 2186 3603 2187 3603 2187 3602 2185 3601 2184 3605 2188 3604 2186 3606 2189 3604 2186 3605 2188 3603 2187 3607 2190 3608 2191 3606 2189 3605 2188 3606 2189 3608 2191 3607 2190 3610 2192 3609 2193 3609 2193 3608 2191 3607 2190 3611 2194 3610 2192 3575 2159 3610 2192 3611 2194 3609 2193 3611 2194 3575 2159 3576 2158 3612 2195 3614 2196 3613 2197 3614 2196 3616 2198 3615 2199 3616 2198 3614 2196 3612 2195 3617 2200 3615 2199 3618 2201 3616 2198 3618 2201 3615 2199 3619 2202 3620 2203 3617 2200 3617 2200 3618 2201 3619 2202 3620 2203 3622 2204 3621 2205 3622 2204 3620 2203 3619 2202 3623 2206 3621 2205 3624 2207 3622 2204 3624 2207 3621 2205 3625 2208 3626 2209 3623 2206 3623 2206 3624 2207 3625 2208 3626 2209 3628 2210 3627 2211 3628 2210 3626 2209 3625 2208 3629 2212 3627 2211 3630 2213 3628 2210 3630 2213 3627 2211 3631 2214 3632 2215 3629 2212 3629 2212 3630 2213 3631 2214 3632 2215 3634 2216 3633 2217 3634 2216 3632 2215 3631 2214 3635 2218 3633 2217 3636 2219 3634 2216 3636 2219 3633 2217 3637 2220 3638 2221 3635 2218 3635 2218 3636 2219 3637 2220 3638 2221 3640 2222 3639 2223 3640 2222 3638 2221 3637 2220 3641 2224 3639 2223 3642 2225 3640 2222 3642 2225 3639 2223 3643 2226 3644 2227 3641 2224 3641 2224 3642 2225 3643 2226 3644 2227 3646 2228 3645 2229 3646 2228 3644 2227 3643 2226 3647 2230 3645 2229 3648 2231 3646 2228 3648 2231 3645 2229 3649 2232 3650 2233 3647 2230 3647 2230 3648 2231 3649 2232 3612 2195 3613 2197 3651 2234 3652 2235 3653 2236 3651 2234 3651 2234 3613 2197 3652 2235 3653 2236 3655 2237 3654 2238 3655 2237 3653 2236 3652 2235 3656 2239 3654 2238 3657 2240 3655 2237 3657 2240 3654 2238 3658 2241 3659 2242 3656 2239 3656 2239 3657 2240 3658 2241 3659 2242 3661 2243 3660 2244 3661 2243 3659 2242 3658 2241 3662 2245 3660 2244 3663 2246 3661 2243 3663 2246 3660 2244 3664 2247 3665 2248 3662 2245 3662 2245 3663 2246 3664 2247 3665 2248 3667 2249 3666 2250 3667 2249 3665 2248 3664 2247 3668 2251 3666 2250 3669 2252 3667 2249 3669 2252 3666 2250 3670 2253 3671 2254 3668 2251 3668 2251 3669 2252 3670 2253 3671 2254 3673 2255 3672 2256 3673 2255 3671 2254 3670 2253 3674 2257 3672 2256 3675 2258 3673 2255 3675 2258 3672 2256 3676 2259 3677 2260 3674 2257 3674 2257 3675 2258 3676 2259 3677 2260 3679 2261 3678 2262 3679 2261 3677 2260 3676 2259 3680 2263 3678 2262 3681 2264 3679 2261 3681 2264 3678 2262 3682 2265 3683 2266 3680 2263 3680 2263 3681 2264 3682 2265 3683 2266 3685 2267 3684 2268 3685 2267 3683 2266 3682 2265 3685 2267 3650 2233 3684 2268 3684 2268 3650 2233 3649 2232 3686 2269 3688 2270 3687 2271 3689 2272 3691 2273 3690 2274 3692 2275 3694 2276 3693 2277 3695 2278 3697 2279 3696 2280 3698 2281 3700 2282 3699 2283 3701 2284 3703 2285 3702 2286 3704 2287 3706 2288 3705 2289 3707 2290 3709 2291 3708 2292 3710 2293 3712 2294 3711 2295 3713 2296 3715 2297 3714 2298 3716 2299 3718 2300 3717 2301 3719 2302 3721 2303 3720 2304 3722 2305 3724 2306 3723 2307 3725 2308 3727 2309 3726 2310 3728 2311 3730 2312 3729 2313 3731 2314 3733 2315 3732 2316 3734 2317 3736 2318 3735 2319 3737 2320 3739 2321 3738 2322 3740 2323 3742 2324 3741 2325 3743 2326 3745 2327 3744 2328 3744 2328 3738 2322 3743 2326 3746 2329 3747 2330 3745 2327 3744 2328 3745 2327 3747 2330 3748 2331 3746 2329 3749 2332 3746 2329 3748 2331 3747 2330 3749 2332 3751 2333 3750 2334 3750 2334 3748 2331 3749 2332 3752 2335 3753 2336 3751 2333 3750 2334 3751 2333 3753 2336 3754 2337 3752 2335 3755 2338 3752 2335 3754 2337 3753 2336 3755 2338 3757 2339 3756 2340 3756 2340 3754 2337 3755 2338 3758 2341 3759 2342 3757 2339 3756 2340 3757 2339 3759 2342 3688 2270 3758 2341 3687 2271 3758 2341 3688 2270 3759 2342 3739 2321 3737 2320 3741 2325 3738 2322 3739 2321 3743 2326 3733 2315 3742 2324 3740 2323 3740 2323 3741 2325 3737 2320 3736 2318 3731 2314 3732 2316 3731 2314 3742 2324 3733 2315 3734 2317 3735 2319 3725 2308 3736 2318 3732 2316 3735 2319 3726 2310 3727 2309 3728 2311 3734 2317 3725 2308 3726 2310 3730 2312 3720 2304 3729 2313 3727 2309 3730 2312 3728 2311 3719 2302 3723 2307 3721 2303 3720 2304 3721 2303 3729 2313 3715 2297 3724 2306 3722 2305 3722 2305 3723 2307 3719 2302 3718 2300 3713 2296 3714 2298 3713 2296 3724 2306 3715 2297 3716 2299 3717 2301 3707 2290 3718 2300 3714 2298 3717 2301 3708 2292 3709 2291 3710 2293 3716 2299 3707 2290 3708 2292 3712 2294 3702 2286 3711 2295 3709 2291 3712 2294 3710 2293 3701 2284 3705 2289 3703 2285 3702 2286 3703 2285 3711 2295 3697 2279 3706 2288 3704 2287 3704 2287 3705 2289 3701 2284 3700 2282 3695 2278 3696 2280 3695 2278 3706 2288 3697 2279 3698 2281 3699 2283 3689 2272 3700 2282 3696 2280 3699 2283 3690 2274 3691 2273 3693 2277 3698 2281 3689 2272 3690 2274 3692 2275 3686 2269 3694 2276 3691 2273 3692 2275 3693 2277 3687 2271 3694 2276 3686 2269 3760 2343 3762 2344 3761 2345 3763 2346 3765 2347 3764 2348 3766 2349 3762 2344 3767 2350 3762 2344 3766 2349 3761 2345 3768 2351 3769 2352 3767 2350 3766 2349 3767 2350 3769 2352 3768 2351 3771 2353 3770 2354 3770 2354 3769 2352 3768 2351 3772 2355 3771 2353 3773 2356 3771 2353 3772 2355 3770 2354 3774 2357 3775 2358 3773 2356 3772 2355 3773 2356 3775 2358 3774 2357 3777 2359 3776 2360 3776 2360 3775 2358 3774 2357 3778 2361 3777 2359 3779 2362 3777 2359 3778 2361 3776 2360 3780 2363 3781 2364 3779 2362 3778 2361 3779 2362 3781 2364 3780 2363 3783 2365 3782 2366 3782 2366 3781 2364 3780 2363 3784 2367 3783 2365 3785 2368 3783 2365 3784 2367 3782 2366 3786 2369 3787 2370 3785 2368 3784 2367 3785 2368 3787 2370 3786 2369 3789 2371 3788 2372 3788 2372 3787 2370 3786 2369 3790 2373 3789 2371 3791 2374 3789 2371 3790 2373 3788 2372 3792 2375 3793 2376 3791 2374 3790 2373 3791 2374 3793 2376 3792 2375 3795 2377 3794 2378 3794 2378 3793 2376 3792 2375 3760 2343 3761 2345 3796 2379 3796 2379 3798 2380 3797 2381 3797 2381 3760 2343 3796 2379 3799 2382 3798 2380 3800 2383 3798 2380 3799 2382 3797 2381 3801 2384 3802 2385 3800 2383 3799 2382 3800 2383 3802 2385 3801 2384 3804 2386 3803 2387 3803 2387 3802 2385 3801 2384 3805 2388 3804 2386 3806 2389 3804 2386 3805 2388 3803 2387 3807 2390 3808 2391 3806 2389 3805 2388 3806 2389 3808 2391 3807 2390 3810 2392 3809 2393 3809 2393 3808 2391 3807 2390 3811 2394 3810 2392 3812 2395 3810 2392 3811 2394 3809 2393 3813 2396 3814 2397 3812 2395 3811 2394 3812 2395 3814 2397 3813 2396 3816 2398 3815 2399 3815 2399 3814 2397 3813 2396 3817 2400 3816 2398 3818 2401 3816 2398 3817 2400 3815 2399 3819 2402 3820 2403 3818 2401 3817 2400 3818 2401 3820 2403 3819 2402 3822 2404 3821 2405 3821 2405 3820 2403 3819 2402 3823 2406 3822 2404 3824 2407 3822 2404 3823 2406 3821 2405 3763 2346 3825 2408 3824 2407 3823 2406 3824 2407 3825 2408 3826 2409 3828 2410 3827 2411 3829 2412 3831 2413 3830 2414 3832 2415 3833 2416 3830 2414 3829 2412 3794 2378 3795 2377 3795 2377 3831 2413 3829 2412 3826 2409 3833 2416 3832 2415 3831 2413 3832 2415 3830 2414 3827 2411 3828 2410 3765 2347 3833 2416 3826 2409 3827 2411 3763 2346 3764 2348 3825 2408 3765 2347 3828 2410 3764 2348 3834 2417 3836 2418 3835 2419 3837 2420 3839 2421 3838 2422 3840 2423 3841 2424 3835 2419 3835 2419 3836 2418 3840 2423 3842 2425 3841 2424 3843 2426 3840 2423 3843 2426 3841 2424 3842 2425 3845 2427 3844 2428 3845 2427 3842 2425 3843 2426 3846 2429 3847 2430 3844 2428 3844 2428 3845 2427 3846 2429 3848 2431 3847 2430 3849 2432 3846 2429 3849 2432 3847 2430 3848 2431 3851 2433 3850 2434 3851 2433 3848 2431 3849 2432 3852 2435 3853 2436 3850 2434 3850 2434 3851 2433 3852 2435 3854 2437 3853 2436 3855 2438 3852 2435 3855 2438 3853 2436 3854 2437 3857 2439 3856 2440 3857 2439 3854 2437 3855 2438 3858 2441 3859 2442 3856 2440 3856 2440 3857 2439 3858 2441 3860 2443 3859 2442 3861 2444 3858 2441 3861 2444 3859 2442 3860 2443 3863 2445 3862 2446 3863 2445 3860 2443 3861 2444 3864 2447 3865 2448 3862 2446 3862 2446 3863 2445 3864 2447 3866 2449 3865 2448 3867 2450 3864 2447 3867 2450 3865 2448 3866 2449 3869 2451 3868 2452 3869 2451 3866 2449 3867 2450 3834 2417 3870 2453 3836 2418 3870 2453 3872 2454 3871 2455 3872 2454 3870 2453 3834 2417 3873 2456 3874 2457 3871 2455 3871 2455 3872 2454 3873 2456 3875 2458 3874 2457 3876 2459 3873 2456 3876 2459 3874 2457 3875 2458 3878 2460 3877 2461 3878 2460 3875 2458 3876 2459 3879 2462 3880 2463 3877 2461 3877 2461 3878 2460 3879 2462 3881 2464 3880 2463 3882 2465 3879 2462 3882 2465 3880 2463 3881 2464 3884 2466 3883 2467 3884 2466 3881 2464 3882 2465 3885 2468 3886 2469 3883 2467 3883 2467 3884 2466 3885 2468 3887 2470 3886 2469 3888 2471 3885 2468 3888 2471 3886 2469 3887 2470 3890 2472 3889 2473 3890 2472 3887 2470 3888 2471 3891 2474 3892 2475 3889 2473 3889 2473 3890 2472 3891 2474 3893 2476 3892 2475 3894 2477 3891 2474 3894 2477 3892 2475 3893 2476 3896 2478 3895 2479 3896 2478 3893 2476 3894 2477 3897 2480 3898 2481 3895 2479 3895 2479 3896 2478 3897 2480 3837 2420 3898 2481 3899 2482 3897 2480 3899 2482 3898 2481 3900 2483 3902 2484 3901 2485 3903 2486 3905 2487 3904 2488 3906 2489 3905 2487 3907 2490 3903 2486 3868 2452 3869 2451 3868 2452 3903 2486 3904 2488 3900 2483 3906 2489 3907 2490 3904 2488 3905 2487 3906 2489 3902 2484 3838 2422 3901 2485 3907 2490 3902 2484 3900 2483 3837 2420 3899 2482 3839 2421 3838 2422 3839 2421 3901 2485 3908 2491 3910 2492 3909 2493 3911 2494 3913 2495 3912 2496 3914 2497 3910 2492 3915 2498 3910 2492 3914 2497 3909 2493 3916 2499 3917 2500 3915 2498 3914 2497 3915 2498 3917 2500 3916 2499 3919 2501 3918 2502 3918 2502 3917 2500 3916 2499 3920 2503 3919 2501 3921 2504 3919 2501 3920 2503 3918 2502 3922 2505 3923 2506 3921 2504 3920 2503 3921 2504 3923 2506 3922 2505 3925 2507 3924 2508 3924 2508 3923 2506 3922 2505 3926 2509 3925 2507 3927 2510 3925 2507 3926 2509 3924 2508 3928 2511 3929 2512 3927 2510 3926 2509 3927 2510 3929 2512 3928 2511 3931 81 3930 2513 3930 2513 3929 2512 3928 2511 3908 2491 3909 2493 3932 2514 3932 2514 3934 2515 3933 2516 3933 2516 3908 2491 3932 2514 3935 2517 3934 2515 3936 2518 3934 2515 3935 2517 3933 2516 3937 2519 3938 2520 3936 2518 3935 2517 3936 2518 3938 2520 3937 2519 3940 2521 3939 2522 3939 2522 3938 2520 3937 2519 3941 2523 3940 2521 3942 2524 3940 2521 3941 2523 3939 2522 3943 2525 3944 2526 3942 2524 3941 2523 3942 2524 3944 2526 3943 2525 3946 2527 3945 2528 3945 2528 3944 2526 3943 2525 3947 2529 3946 2527 3912 2496 3946 2527 3947 2529 3945 2528 3947 2529 3912 2496 3913 2495 3948 2530 3950 2531 3949 2532 3951 2533 3953 2534 3952 2535 3954 2536 3956 2537 3955 2538 3957 2539 3959 2540 3958 2541 3960 2542 3962 2543 3961 2544 3963 2545 3965 2546 3964 2547 3966 2548 3968 2549 3967 2550 3969 2551 3971 2552 3970 2553 3972 2554 3974 2555 3973 2556 3975 2557 3976 2558 3974 2555 3977 2559 3978 2560 3972 2554 3972 2554 3973 2556 3977 2559 3978 2560 3980 2561 3979 2562 3980 2561 3978 2560 3977 2559 3981 2563 3979 2562 3982 2564 3980 2561 3982 2564 3979 2562 3930 2513 3931 81 3981 2563 3981 2563 3982 2564 3930 2513 3966 2548 3976 2558 3975 2557 3974 2555 3976 2558 3973 2556 3968 2549 3969 2551 3967 2550 3975 2557 3968 2549 3966 2548 3970 2553 3971 2552 3962 2543 3967 2550 3969 2551 3970 2553 3960 2542 3961 2544 3965 2546 3962 2543 3971 2552 3961 2544 3955 2538 3963 2545 3964 2547 3963 2545 3960 2542 3965 2546 3958 2541 3956 2537 3954 2536 3954 2536 3955 2538 3964 2547 3957 2539 3948 2530 3959 2540 3958 2541 3959 2540 3956 2537 3950 2531 3953 2534 3949 2532 3957 2539 3950 2531 3948 2530 3951 2533 3952 2535 3911 2494 3949 2532 3953 2534 3951 2533 3913 2495 3911 2494 3952 2535 3983 2565 3985 2566 3984 2567 3986 2568 3988 2569 3987 2570 3989 2571 3990 2572 3984 2567 3984 2567 3985 2566 3989 2571 3991 2573 3990 2572 3992 2574 3989 2571 3992 2574 3990 2572 3991 2573 3994 2575 3993 2576 3994 2575 3991 2573 3992 2574 3995 2577 3996 2578 3993 2576 3993 2576 3994 2575 3995 2577 3997 2579 3996 2578 3998 2580 3995 2577 3998 2580 3996 2578 3997 2579 4000 2581 3999 2582 4000 2581 3997 2579 3998 2580 4001 2583 4002 2584 3999 2582 3999 2582 4000 2581 4001 2583 4003 2585 4002 2584 4004 2586 4001 2583 4004 2586 4002 2584 4003 2585 4006 2587 4005 80 4006 2587 4003 2585 4004 2586 3983 2565 4007 2588 3985 2566 4007 2588 4009 2589 4008 2590 4009 2589 4007 2588 3983 2565 4010 2591 4011 2592 4008 2590 4008 2590 4009 2589 4010 2591 4012 2593 4011 2592 4013 2594 4010 2591 4013 2594 4011 2592 4012 2593 4015 2595 4014 2596 4015 2595 4012 2593 4013 2594 4016 2597 4017 2598 4014 2596 4014 2596 4015 2595 4016 2597 4018 2599 4017 2598 4019 2600 4016 2597 4019 2600 4017 2598 4018 2599 4021 2601 4020 2602 4021 2601 4018 2599 4019 2600 4022 2603 3988 2569 4020 2602 4020 2602 4021 2601 4022 2603 4022 2603 3987 2570 3988 2569 4023 2604 4025 2605 4024 2606 4026 2607 4028 2608 4027 2609 4029 2610 4031 2611 4030 2612 4032 2613 4034 2614 4033 2615 4035 2616 4037 2617 4036 2618 4038 2619 4040 2620 4039 2621 4041 2622 4043 2623 4042 2624 4044 2625 4046 2626 4045 2627 4047 2628 4049 2629 4048 2630 4050 2631 4048 2630 4051 2632 4052 2633 4047 2628 4053 2634 4047 2628 4052 2633 4049 2629 4053 2634 4055 2635 4054 2636 4054 2636 4052 2633 4053 2634 4056 2637 4057 2638 4055 2635 4054 2636 4055 2635 4057 2638 4006 2587 4056 2637 4005 80 4056 2637 4006 2587 4057 2638 4041 2622 4050 2631 4051 2632 4048 2630 4049 2629 4051 2632 4042 2624 4043 2623 4044 2625 4050 2631 4041 2622 4042 2624 4046 2626 4036 2618 4045 2627 4043 2623 4046 2626 4044 2625 4035 2616 4039 2621 4037 2617 4036 2618 4037 2617 4045 2627 4031 2611 4040 2620 4038 2619 4038 2619 4039 2621 4035 2616 4034 2614 4029 2610 4030 2612 4029 2610 4040 2620 4031 2611 4032 2613 4033 2615 4023 2604 4034 2614 4030 2612 4033 2615 4024 2606 4025 2605 4027 2609 4032 2613 4023 2604 4024 2606 4026 2607 3986 2568 4028 2608 4025 2605 4026 2607 4027 2609 3987 2570 4028 2608 3986 2568 4058 2639 4060 2640 4059 2641 4061 2642 4063 2643 4062 2644 4060 2640 4065 2645 4064 2646 4065 2645 4060 2640 4058 2639 4066 2647 4064 2646 4067 2648 4065 2645 4067 2648 4064 2646 4068 2649 4069 2650 4066 2647 4066 2647 4067 2648 4068 2649 4069 2650 4071 2651 4070 2652 4071 2651 4069 2650 4068 2649 4072 2653 4070 2652 4073 2654 4071 2651 4073 2654 4070 2652 4074 2655 4075 2656 4072 2653 4072 2653 4073 2654 4074 2655 4075 2656 4077 2657 4076 2658 4077 2657 4075 2656 4074 2655 4078 2659 4076 2658 4079 2660 4077 2657 4079 2660 4076 2658 4080 2661 4081 2662 4078 2659 4078 2659 4079 2660 4080 2661 4081 2662 4083 2663 4082 2664 4083 2663 4081 2662 4080 2661 4084 2665 4082 2664 4085 2666 4083 2663 4085 2666 4082 2664 4086 2667 4087 2668 4084 2665 4084 2665 4085 2666 4086 2667 4058 2639 4059 2641 4088 2669 4089 2670 4090 2671 4088 2669 4088 2669 4059 2641 4089 2670 4090 2671 4092 2672 4091 2673 4092 2672 4090 2671 4089 2670 4093 2674 4091 2673 4094 2675 4092 2672 4094 2675 4091 2673 4095 2676 4096 2677 4093 2674 4093 2674 4094 2675 4095 2676 4096 2677 4098 2678 4097 2679 4098 2678 4096 2677 4095 2676 4099 2680 4097 2679 4100 2681 4098 2678 4100 2681 4097 2679 4101 2682 4102 2683 4099 2680 4099 2680 4100 2681 4101 2682 4102 2683 4104 2684 4103 2685 4104 2684 4102 2683 4101 2682 4105 2686 4103 2685 4106 2687 4104 2684 4106 2687 4103 2685 4107 2688 4108 2689 4105 2686 4105 2686 4106 2687 4107 2688 4108 2689 4110 2690 4109 2691 4110 2690 4108 2689 4107 2688 4110 2690 4062 2644 4109 2691 4109 2691 4062 2644 4063 2643 4111 2692 4113 2693 4112 2694 4114 2695 4116 2696 4115 2697 4117 2698 4119 2699 4118 2700 4120 2701 4122 2702 4121 2703 4123 2704 4125 2705 4124 2706 4126 2707 4128 2708 4127 2709 4129 2710 4131 2711 4130 2712 4131 2711 4129 2710 4125 2705 4132 2713 4130 2712 4133 2714 4131 2711 4133 2714 4130 2712 4087 2668 4086 2667 4132 2713 4132 2713 4133 2714 4087 2668 4124 2706 4128 2708 4123 2704 4125 2705 4129 2710 4124 2706 4118 2700 4126 2707 4127 2709 4126 2707 4123 2704 4128 2708 4121 2703 4119 2699 4117 2698 4117 2698 4118 2700 4127 2709 4120 2701 4111 2692 4122 2702 4121 2703 4122 2702 4119 2699 4113 2693 4116 2696 4112 2694 4120 2701 4113 2693 4111 2692 4114 2695 4115 2697 4061 2642 4112 2694 4116 2696 4114 2695 4063 2643 4061 2642 4115 2697 4134 2715 4136 2716 4135 2717 4137 2718 4139 2719 4138 2720 4135 2717 4141 2721 4140 2722 4140 2722 4134 2715 4135 2717 4142 2723 4143 2724 4141 2721 4140 2722 4141 2721 4143 2724 4144 2725 4142 2723 4145 2726 4142 2723 4144 2725 4143 2724 4145 2726 4147 2727 4146 2728 4146 2728 4144 2725 4145 2726 4148 2729 4149 2730 4147 2727 4146 2728 4147 2727 4149 2730 4150 2731 4148 2729 4151 2732 4148 2729 4150 2731 4149 2730 4151 2732 4153 2733 4152 2734 4152 2734 4150 2731 4151 2732 4154 2735 4155 2736 4153 2733 4152 2734 4153 2733 4155 2736 4156 2737 4154 2735 4157 2738 4154 2735 4156 2737 4155 2736 4157 2738 4159 2739 4158 2740 4158 2740 4156 2737 4157 2738 4160 2741 4161 2742 4159 2739 4158 2740 4159 2739 4161 2742 4162 2743 4160 2741 4163 2744 4160 2741 4162 2743 4161 2742 4134 2715 4164 2745 4136 2716 4165 2746 4164 2745 4166 2747 4164 2745 4165 2746 4136 2716 4166 2747 4168 2748 4167 2749 4167 2749 4165 2746 4166 2747 4169 2750 4170 2751 4168 2748 4167 2749 4168 2748 4170 2751 4171 2752 4169 2750 4172 2753 4169 2750 4171 2752 4170 2751 4172 2753 4174 2754 4173 2755 4173 2755 4171 2752 4172 2753 4175 2756 4176 2757 4174 2754 4173 2755 4174 2754 4176 2757 4177 2758 4175 2756 4178 2759 4175 2756 4177 2758 4176 2757 4178 2759 4180 2760 4179 2761 4179 2761 4177 2758 4178 2759 4181 2762 4182 2763 4180 2760 4179 2761 4180 2760 4182 2763 4183 2764 4181 2762 4184 2765 4181 2762 4183 2764 4182 2763 4184 2765 4186 2766 4185 2767 4185 2767 4183 2764 4184 2765 4185 2767 4186 2766 4139 2719 4186 2766 4138 2720 4139 2719 4187 2768 4189 2769 4188 2770 4190 2771 4192 2772 4191 2773 4193 2774 4195 2775 4194 2776 4196 2777 4198 2778 4197 2779 4199 2780 4201 2781 4200 2782 4202 2783 4204 2784 4203 2785 4205 2786 4207 2787 4206 2788 4206 2788 4200 2782 4205 2786 4208 2789 4209 2790 4207 2787 4206 2788 4207 2787 4209 2790 4163 2744 4208 2789 4162 2743 4208 2789 4163 2744 4209 2790 4201 2781 4199 2780 4203 2785 4200 2782 4201 2781 4205 2786 4195 2775 4204 2784 4202 2783 4202 2783 4203 2785 4199 2780 4198 2778 4193 2774 4194 2776 4193 2774 4204 2784 4195 2775 4196 2777 4197 2779 4187 2768 4198 2778 4194 2776 4197 2779 4188 2770 4189 2769 4191 2773 4196 2777 4187 2768 4188 2770 4190 2771 4137 2718 4192 2772 4189 2769 4190 2771 4191 2773 4138 2720 4192 2772 4137 2718 4210 2791 4212 2792 4211 2793 4213 2794 4215 2795 4214 2796 4216 2797 4212 2792 4217 2798 4212 2792 4216 2797 4211 2793 4218 2799 4219 2800 4217 2798 4216 2797 4217 2798 4219 2800 4220 2801 4219 2800 4218 2799 4221 2802 4210 2791 4211 2793 4221 2802 4223 2803 4222 2804 4222 2804 4210 2791 4221 2802 4224 2805 4223 2803 4214 2796 4223 2803 4224 2805 4222 2804 4224 2805 4214 2796 4215 2795 4225 2806 4227 2807 4226 2808 4228 2809 4230 2810 4229 2811 4231 2812 4233 2813 4232 2814 4234 2815 4236 2816 4235 2817 4237 2818 4239 2819 4238 2820 4240 2821 4242 2822 4241 2823 4243 2824 4245 2825 4244 2826 4246 2827 4248 2828 4247 2829 4249 2830 4251 2831 4250 2832 4252 2833 4254 2834 4253 2835 4255 2836 4257 2837 4256 2838 4258 2839 4260 2840 4259 2841 4261 2842 4263 2843 4262 2844 4264 2845 4266 2846 4265 2847 4267 2848 4269 2849 4268 2850 4270 2851 4271 2852 4269 2849 4272 2853 4273 2854 4267 2848 4267 2848 4268 2850 4272 2853 4273 2854 4275 2855 4274 2856 4275 2855 4273 2854 4272 2853 4276 2857 4274 2856 4277 2858 4275 2855 4277 2858 4274 2856 4278 2859 4279 2860 4276 2857 4276 2857 4277 2858 4278 2859 4279 2860 4281 2861 4280 2862 4281 2861 4279 2860 4278 2859 4282 2863 4280 2862 4283 2864 4281 2861 4283 2864 4280 2862 4220 2801 4218 2799 4282 2863 4282 2863 4283 2864 4220 2801 4261 2842 4271 2852 4270 2851 4269 2849 4271 2852 4268 2850 4263 2843 4264 2845 4262 2844 4270 2851 4263 2843 4261 2842 4265 2847 4266 2846 4257 2837 4262 2844 4264 2845 4265 2847 4255 2836 4256 2838 4260 2840 4257 2837 4266 2846 4256 2838 4250 2832 4258 2839 4259 2841 4258 2839 4255 2836 4260 2840 4253 2835 4251 2831 4249 2830 4249 2830 4250 2832 4259 2841 4252 2833 4243 2824 4254 2834 4253 2835 4254 2834 4251 2831 4245 2825 4246 2827 4244 2826 4252 2833 4245 2825 4243 2824 4247 2829 4248 2828 4239 2819 4244 2826 4246 2827 4247 2829 4237 2818 4238 2820 4242 2822 4239 2819 4248 2828 4238 2820 4232 2814 4240 2821 4241 2823 4240 2821 4237 2818 4242 2822 4235 2817 4233 2813 4231 2812 4231 2812 4232 2814 4241 2823 4234 2815 4225 2806 4236 2816 4235 2817 4236 2816 4233 2813 4227 2807 4230 2810 4226 2808 4234 2815 4227 2807 4225 2806 4228 2809 4229 2811 4213 2794 4226 2808 4230 2810 4228 2809 4215 2795 4213 2794 4229 2811 4284 2865 4286 2866 4285 2867 4287 2868 4289 2869 4288 2870 4290 2871 4291 2872 4285 2867 4285 2867 4286 2866 4290 2871 4292 2873 4291 2872 4293 2874 4290 2871 4293 2874 4291 2872 4294 2875 4292 2873 4293 2874 4295 2876 4286 2866 4284 2865 4295 2876 4297 2877 4296 2878 4297 2877 4295 2876 4284 2865 4298 2879 4289 2869 4296 2878 4296 2878 4297 2877 4298 2879 4298 2879 4288 2870 4289 2869 4299 2880 4301 2881 4300 2882 4302 2883 4304 2884 4303 2885 4305 2886 4307 2887 4306 2888 4308 2889 4310 2890 4309 2891 4311 2892 4313 2893 4312 2894 4314 2895 4316 2896 4315 2897 4317 2898 4319 2899 4318 2900 4320 2901 4322 2902 4321 2903 4323 2904 4325 2905 4324 2906 4326 2907 4328 2908 4327 2909 4329 2910 4331 2911 4330 2912 4332 2913 4334 2914 4333 2915 4335 2916 4337 2917 4336 2918 4338 2919 4340 2920 4339 2921 4341 2922 4343 2923 4342 2924 4344 2925 4342 2924 4345 2926 4346 2927 4341 2922 4347 2928 4341 2922 4346 2927 4343 2923 4347 2928 4349 2929 4348 2930 4348 2930 4346 2927 4347 2928 4350 2931 4351 2932 4349 2929 4348 2930 4349 2929 4351 2932 4352 2933 4350 2931 4353 2934 4350 2931 4352 2933 4351 2932 4353 2934 4355 2935 4354 2936 4354 2936 4352 2933 4353 2934 4356 2937 4357 2938 4355 2935 4354 2936 4355 2935 4357 2938 4294 2875 4356 2937 4292 2873 4356 2937 4294 2875 4357 2938 4335 2916 4344 2925 4345 2926 4342 2924 4343 2923 4345 2926 4336 2918 4337 2917 4338 2919 4344 2925 4335 2916 4336 2918 4340 2920 4330 2912 4339 2921 4337 2917 4340 2920 4338 2919 4329 2910 4333 2915 4331 2911 4330 2912 4331 2911 4339 2921 4325 2905 4334 2914 4332 2913 4332 2913 4333 2915 4329 2910 4328 2908 4323 2904 4324 2906 4323 2904 4334 2914 4325 2905 4326 2907 4327 2909 4317 2898 4328 2908 4324 2906 4327 2909 4318 2900 4319 2899 4320 2901 4326 2907 4317 2898 4318 2900 4322 2902 4312 2894 4321 2903 4319 2899 4322 2902 4320 2901 4311 2892 4315 2897 4313 2893 4312 2894 4313 2893 4321 2903 4307 2887 4316 2896 4314 2895 4314 2895 4315 2897 4311 2892 4310 2890 4305 2886 4306 2888 4305 2886 4316 2896 4307 2887 4308 2889 4309 2891 4299 2880 4310 2890 4306 2888 4309 2891 4300 2882 4301 2881 4303 2885 4308 2889 4299 2880 4300 2882 4302 2883 4287 2868 4304 2884 4301 2881 4302 2883 4303 2885 4288 2870 4304 2884 4287 2868 4358 2939 4360 2940 4359 2941 4361 2942 4363 2943 4362 2944 4364 2945 4360 2940 4365 2946 4360 2940 4364 2945 4359 2941 4366 2947 4367 2948 4365 2946 4364 2945 4365 2946 4367 2948 4366 2947 4369 2949 4368 2950 4368 2950 4367 2948 4366 2947 4370 2951 4369 2949 4371 2952 4369 2949 4370 2951 4368 2950 4372 2953 4373 2954 4371 2952 4370 2951 4371 2952 4373 2954 4372 2953 4375 2955 4374 2956 4374 2956 4373 2954 4372 2953 4358 2939 4359 2941 4376 2957 4376 2957 4378 2958 4377 2959 4377 2959 4358 2939 4376 2957 4379 2960 4378 2958 4380 2961 4378 2958 4379 2960 4377 2959 4381 2962 4382 2963 4380 2961 4379 2960 4380 2961 4382 2963 4381 2962 4384 2964 4383 2965 4383 2965 4382 2963 4381 2962 4385 2966 4384 2964 4362 2944 4384 2964 4385 2966 4383 2965 4385 2966 4362 2944 4363 2943 4386 2967 4388 2968 4387 2969 4389 2970 4391 2971 4390 2972 4392 2973 4394 2974 4393 2975 4395 2976 4397 2977 4396 2978 4398 2979 4400 2980 4399 2981 4401 2982 4403 2983 4402 2984 4404 2985 4406 2986 4405 2987 4407 2988 4409 2989 4408 2990 4410 2991 4412 2992 4411 2993 4413 2994 4415 2995 4414 2996 4416 2997 4418 2998 4417 2999 4419 3000 4421 3001 4420 3002 4422 3003 4424 3004 4423 3005 4424 3004 4422 3003 4418 2998 4425 3006 4423 3005 4426 3007 4424 3004 4426 3007 4423 3005 4427 3008 4428 3009 4425 3006 4425 3006 4426 3007 4427 3008 4428 3009 4430 3010 4429 3011 4430 3010 4428 3009 4427 3008 4431 3012 4429 3011 4432 3013 4430 3010 4432 3013 4429 3011 4374 2956 4375 2955 4431 3012 4431 3012 4432 3013 4374 2956 4417 2999 4421 3001 4416 2997 4418 2998 4422 3003 4417 2999 4411 2993 4419 3000 4420 3002 4419 3000 4416 2997 4421 3001 4414 2996 4412 2992 4410 2991 4410 2991 4411 2993 4420 3002 4413 2994 4404 2985 4415 2995 4414 2996 4415 2995 4412 2992 4406 2986 4407 2988 4405 2987 4413 2994 4406 2986 4404 2985 4408 2990 4409 2989 4400 2980 4405 2987 4407 2988 4408 2990 4398 2979 4399 2981 4403 2983 4400 2980 4409 2989 4399 2981 4393 2975 4401 2982 4402 2984 4401 2982 4398 2979 4403 2983 4396 2978 4394 2974 4392 2973 4392 2973 4393 2975 4402 2984 4395 2976 4386 2967 4397 2977 4396 2978 4397 2977 4394 2974 4388 2968 4391 2971 4387 2969 4395 2976 4388 2968 4386 2967 4389 2970 4390 2972 4361 2942 4387 2969 4391 2971 4389 2970 4363 2943 4361 2942 4390 2972 4433 3014 4435 3015 4434 3016 4436 3017 4438 3018 4437 3019 4439 3020 4440 3021 4434 3016 4434 3016 4435 3015 4439 3020 4441 3022 4440 3021 4442 3023 4439 3020 4442 3023 4440 3021 4441 3022 4444 3024 4443 3025 4444 3024 4441 3022 4442 3023 4445 3026 4446 3027 4443 3025 4443 3025 4444 3024 4445 3026 4447 3028 4446 3027 4448 3029 4445 3026 4448 3029 4446 3027 4447 3028 4450 3030 4449 3031 4450 3030 4447 3028 4448 3029 4433 3014 4451 3032 4435 3015 4451 3032 4453 3033 4452 3034 4453 3033 4451 3032 4433 3014 4454 3035 4455 3036 4452 3034 4452 3034 4453 3033 4454 3035 4456 3037 4455 3036 4457 3038 4454 3035 4457 3038 4455 3036 4456 3037 4459 3039 4458 3040 4459 3039 4456 3037 4457 3038 4460 3041 4438 3018 4458 3040 4458 3040 4459 3039 4460 3041 4460 3041 4437 3019 4438 3018 4461 3042 4463 3043 4462 3044 4464 3045 4466 3046 4465 3047 4467 3048 4469 3049 4468 3050 4470 3051 4472 3052 4471 3053 4473 3054 4475 3055 4474 3056 4476 3057 4478 3058 4477 3059 4479 3060 4481 3061 4480 3062 4482 3063 4484 3064 4483 3065 4485 3066 4487 3067 4486 3068 4488 3069 4490 3070 4489 3071 4491 3072 4493 3073 4492 3074 4494 3075 4496 3076 4495 3077 4497 3078 4499 3079 4498 3080 4498 3080 4492 3074 4497 3078 4500 3081 4501 3082 4499 3079 4498 3080 4499 3079 4501 3082 4502 3083 4500 3081 4503 3084 4500 3081 4502 3083 4501 3082 4503 3084 4505 3085 4504 3086 4504 3086 4502 3083 4503 3084 4506 3087 4507 3088 4505 3085 4504 3086 4505 3085 4507 3088 4450 3030 4506 3087 4449 3031 4506 3087 4450 3030 4507 3088 4493 3073 4491 3072 4495 3077 4492 3074 4493 3073 4497 3078 4487 3067 4496 3076 4494 3075 4494 3075 4495 3077 4491 3072 4490 3070 4485 3066 4486 3068 4485 3066 4496 3076 4487 3067 4488 3069 4489 3071 4479 3060 4490 3070 4486 3068 4489 3071 4480 3062 4481 3061 4482 3063 4488 3069 4479 3060 4480 3062 4484 3064 4474 3056 4483 3065 4481 3061 4484 3064 4482 3063 4473 3054 4477 3059 4475 3055 4474 3056 4475 3055 4483 3065 4469 3049 4478 3058 4476 3057 4476 3057 4477 3059 4473 3054 4472 3052 4467 3048 4468 3050 4467 3048 4478 3058 4469 3049 4470 3051 4471 3053 4461 3042 4472 3052 4468 3050 4471 3053 4462 3044 4463 3043 4465 3047 4470 3051 4461 3042 4462 3044 4464 3045 4436 3017 4466 3046 4463 3043 4464 3045 4465 3047 4437 3019 4466 3046 4436 3017</p>
        </triangles>
      </mesh>
    </geometry>
  </library_geometries>
  <library_visual_scenes>
    <visual_scene id="Scene" name="Scene">
      <node id="RASM-1004-V1_000_10IN_ROUND_SHELL_MODEL" name="RASM-1004-V1.000_10IN ROUND SHELL MODEL" type="NODE">
        <matrix sid="transform">1 0 0 0 0 1 0 0 0 0 1 0 0 0 0 1</matrix>
        <node id="Object" name="Object" type="NODE">
          <matrix sid="transform">7.54979e-8 8.74228e-8 -1 -1.09207e-7 0 -1 -8.74228e-8 2.00959e-6 -1 6.60024e-15 -7.54979e-8 -0.0794988 0 0 0 1</matrix>
          <instance_geometry url="#ID4-mesh" name="Object">
            <bind_material>
              <technique_common>
                <instance_material symbol="ID10-material" target="#ID10-material"/>
              </technique_common>
            </bind_material>
          </instance_geometry>
        </node>
      </node>
      <node id="Camera" name="Camera" type="NODE">
        <matrix sid="transform">0.6859207 -0.3240135 0.6515582 7.358891 0.7276763 0.3054208 -0.6141704 -6.925791 0 0.8953956 0.4452714 4.958309 0 0 0 1</matrix>
        <instance_camera url="#Camera-camera"/>
      </node>
      <node id="Light" name="Light" type="NODE">
        <matrix sid="transform">-0.2908646 -0.7711008 0.5663932 4.076245 0.9551712 -0.1998834 0.2183912 1.005454 -0.05518906 0.6045247 0.7946723 5.903862 0 0 0 1</matrix>
        <instance_light url="#Light-light"/>
      </node>
    </visual_scene>
  </library_visual_scenes>
  <scene>
    <instance_visual_scene url="#Scene"/>
  </scene>
</COLLADA>