<?xml version="1.0" encoding="utf-8"?>
<COLLADA xmlns="http://www.collada.org/2005/11/COLLADASchema" version="1.4.1" xmlns:xsi="http://www.w3.org/2001/XMLSchema-instance">
  <asset>
    <contributor>
      <author>Blender User</author>
      <authoring_tool>Blender 4.4.3 commit date:2025-04-29, commit time:14:09, hash:802179c51ccc</authoring_tool>
    </contributor>
    <created>2026-06-14T19:41:02</created>
    <modified>2026-06-14T19:41:02</modified>
    <unit name="meter" meter="1"/>
    <up_axis>Z_UP</up_axis>
  </asset>
  <library_cameras>
    <camera id="Camera-camera" name="Camera">
      <optics>
        <technique_common>
          <perspective>
            <xfov sid="xfov">39.59775</xfov>
            <aspect_ratio>1.777778</aspect_ratio>
            <znear sid="znear">0.1</znear>
            <zfar sid="zfar">100</zfar>
          </perspective>
        </technique_common>
      </optics>
      <extra>
        <technique profile="blender">
          <shiftx sid="shiftx" type="float">0</shiftx>
          <shifty sid="shifty" type="float">0</shifty>
          <dof_distance sid="dof_distance" type="float">10</dof_distance>
        </technique>
      </extra>
    </camera>
  </library_cameras>
  <library_lights>
    <light id="Light-light" name="Light">
      <technique_common>
        <point>
          <color sid="color">1000 1000 1000</color>
          <constant_attenuation>1</constant_attenuation>
          <linear_attenuation>0</linear_attenuation>
          <quadratic_attenuation>0</quadratic_attenuation>
        </point>
      </technique_common>
      <extra>
        <technique profile="blender">
          <type sid="type" type="int">0</type>
          <flag sid="flag" type="int">0</flag>
          <mode sid="mode" type="int">2097153</mode>
          <red sid="red" type="float">1</red>
          <green sid="green" type="float">1</green>
          <blue sid="blue" type="float">1</blue>
          <energy sid="blender_energy" type="float">1000</energy>
          <spotsize sid="spotsize" type="float">75</spotsize>
          <spotblend sid="spotblend" type="float">0.15</spotblend>
          <clipsta sid="clipsta" type="float">0.04999995</clipsta>
          <clipend sid="clipend" type="float">40</clipend>
          <radius sid="radius" type="float">0.1</radius>
          <area_shape sid="area_shape" type="int">1</area_shape>
          <area_size sid="area_size" type="float">0.1</area_size>
          <area_sizey sid="area_sizey" type="float">0.1</area_sizey>
          <area_sizez sid="area_sizez" type="float">1</area_sizez>
        </technique>
      </extra>
    </light>
  </library_lights>
  <library_effects>
    <effect id="_91_191_191-effect">
      <profile_COMMON>
        <technique sid="common">
          <lambert>
            <emission>
              <color sid="emission">0 0 0 1</color>
            </emission>
            <diffuse>
              <color sid="diffuse">0.74902 0.74902 0.74902 1</color>
            </diffuse>
            <index_of_refraction>
              <float sid="ior">1.5</float>
            </index_of_refraction>
          </lambert>
        </technique>
      </profile_COMMON>
    </effect>
  </library_effects>
  <library_images/>
  <library_materials>
    <material id="_91_191_191-material" name="191,191,191">
      <instance_effect url="#_91_191_191-effect"/>
    </material>
  </library_materials>
  <library_geometries>
    <geometry id="XL-430_new_TOP-mesh" name="XL-430_new_TOP">
      <mesh>
        <source id="XL-430_new_TOP-mesh-positions">
          <float_array id="XL-430_new_TOP-mesh-positions-array" count="5136">-10.24524 -0.03129357 4.5 -10.24524 -0.03129357 1 -10.18717 -1.120802 4.5 -10.18717 1.058214 4.5 -10.18717 -1.120802 1 -10.18717 1.058214 1 -10.01362 -2.197966 4.5 -10.01362 2.135378 4.5 -10.01362 -2.197966 1 -10.01362 2.135378 1 -9.726565 -3.25058 4.5 -9.726565 3.187992 4.5 -9.726565 -3.25058 1 -9.726565 3.187992 1 -9.329245 -4.266718 4.5 -9.329245 4.204132 4.5 -9.329245 -4.266718 1 -9.329245 4.204132 1 -9.191883 0.05838239 1 -9.165153 -0.2983186 1 -9.112287 0.4071154 1 -9.034469 -0.6312936 1 -8.991823 -0.1138725 4.5 -8.991823 -0.1138725 1.200001 -8.96464 0.2141914 4.5 -8.96464 0.2141914 1.200001 -8.933436 0.7168945 1 -8.911012 -0.4329886 4.5 -8.911012 -0.4329886 1.200001 -8.832405 0.5156545 4.5 -8.832405 0.5156545 1.200001 -8.826168 -5.234868 4.5 -8.826168 5.172281 4.5 -8.826168 -5.234868 1 -8.826168 5.172281 1 -8.811446 -0.9109556 1 -8.730963 -0.7085756 4.5 -8.730963 -0.7085756 1.200001 -8.671223 0.9601935 1 -8.609452 0.7578474 4.5 -8.609452 0.7578474 1.200001 -8.515899 -1.112457 1 -8.471186 -0.9107676 4.5 -8.471186 -0.9107676 1.200001 -8.463989 -2.231924 4.5 -8.463989 2.169336 4.5 -8.463989 -2.231924 2.5 -8.463989 2.169336 2.5 -8.348945 1.115393 1 -8.319938 0.9145234 4.5 -8.319938 0.9145234 1.200001 -8.223032 -6.144059 4.5 -8.223032 6.081472 4.5 -8.223032 -6.144059 1 -8.223032 6.081472 1 -8.17409 -1.217891 1 -8.172583 -3.14474 4.5 -8.172583 3.082152 4.5 -8.172583 -3.14474 2.5 -8.172583 3.082152 2.5 -8.159833 -1.017655 4.5 -8.159833 -1.017655 1.200001 -8.018751 -2.281171 4.5 -8.018751 2.218583 4.5 -8.018751 -2.281171 2.5 -8.018751 2.218583 2.5 -7.995239 0.9687064 4.5 -7.995239 0.9687064 1.200001 -7.995239 1.168706 1 -7.830644 -1.017655 4.5 -7.830644 -1.017655 1.200001 -7.816388 -1.217891 1 -7.783113 -4.020218 4.5 -7.783113 3.957631 4.5 -7.783113 -4.020218 2.5 -7.783113 3.957631 2.5 -7.670539 0.9145234 4.5 -7.670539 0.9145234 1.200001 -7.641533 1.115393 1 -7.572581 -2.24124 4.5 -7.572581 2.178652 4.5 -7.572581 -2.24124 2.5 -7.572581 2.178652 2.5 -7.526674 -6.983989 4.5 -7.526674 6.921402 4.5 -7.526674 -6.983989 1 -7.526674 6.921402 1 -7.519292 -0.9107676 4.5 -7.519292 -0.9107676 1.200001 -7.474578 -1.112457 1 -7.381026 0.7578474 4.5 -7.381026 0.7578474 1.200001 -7.319255 0.9601935 1 -7.30025 -4.847861 4.5 -7.30025 4.785274 4.5 -7.30025 -4.847861 2.5 -7.30025 4.785274 2.5 -7.259515 -0.7085756 4.5 -7.259515 -0.7085756 1.200001 -7.179032 -0.9109556 1 -7.158073 0.5156545 4.5 -7.158073 0.5156545 1.200001 -7.143164 -2.113713 4.5 -7.143164 2.051125 4.5 -7.143164 -2.113713 2.5 -7.143164 2.051125 2.5 -7.079466 -0.4329886 4.5 -7.079466 -0.4329886 1.200001 -7.057041 0.7168945 1 -7.040742 -4.46579 4.5 -7.040742 4.403203 4.5 -7.040742 -4.46579 2.5 -7.040742 4.403203 2.5 -7.025839 0.2141914 4.5 -7.025839 0.2141914 1.200001 -6.998654 -0.1138725 4.5 -6.998654 -0.1138725 1.200001 -6.956008 -0.6312936 1 -6.87819 0.4071154 1 -6.825326 -0.2983186 1 -6.798594 0.05838239 1 -6.74752 -1.903645 4.5 -6.74752 1.841057 4.5 -6.74752 -1.903645 2.5 -6.74752 1.841057 2.5 -6.74498 -7.745143 4.5 -6.74498 7.682557 4.5 -6.74498 -7.745143 1 -6.74498 7.682557 1 -6.698507 5.71227 1 -6.69468 -4.159909 4.5 -6.69468 4.097322 4.5 -6.69468 -4.159909 2.5 -6.69468 4.097322 2.5 -6.687772 -5.860972 1 -6.687772 -5.515323 1 -6.669964 5.367801 1 -6.613655 6.04734 1 -6.575541 -6.187892 1 -6.575541 -5.188402 1 -6.531118 5.051265 1 -6.498468 5.547132 4.5 -6.498468 5.547132 1.200001 -6.48762 -5.844335 4.5 -6.48762 -5.53196 4.5 -6.48762 -5.844335 1.200001 -6.48762 -5.53196 1.200001 -6.469645 5.858175 4.5 -6.469645 5.858175 1.200001 -6.424603 6.336707 1 -6.412982 5.246683 4.5 -6.412982 5.246683 1.200001 -6.401333 -1.619363 4.5 -6.401333 1.556775 4.5 -6.401333 -1.619363 2.5 -6.401333 1.556775 2.5 -6.374778 -6.135614 4.5 -6.374778 -5.24068 4.5 -6.374778 -6.135614 1.200001 -6.374778 -5.24068 1.200001 -6.363239 -6.460658 1 -6.363239 -4.915637 1 -6.330408 6.137801 4.5 -6.330408 6.137801 1.200001 -6.297016 4.796964 1 -6.283635 -3.949282 4.5 -6.283635 3.886694 4.5 -6.283635 -3.949282 2.5 -6.283635 3.886694 2.5 -6.224734 4.997404 4.5 -6.224734 4.997404 1.200001 -6.164333 -6.366462 4.5 -6.164333 -5.009833 4.5 -6.164333 -6.366462 1.200001 -6.164333 -5.009833 1.200001 -6.152745 -2.407241 4.5 -6.152745 2.344653 4.5 -6.152745 -2.407241 2.5 -6.152745 2.344653 2.5 -6.151838 6.549008 1 -6.09956 6.348246 4.5 -6.09956 6.348246 1.200001 -6.081019 -0.4475725 2.200001 -6.081019 0.3849854 2.200001 -6.081019 -0.4475725 1 -6.081019 0.3849854 1 -6.073873 -6.649709 1 -6.073873 -4.726585 1 -5.993028 4.632452 1 -5.967652 -1.272376 2.200001 -5.967652 1.209788 2.200001 -5.967652 -1.272376 1 -5.967652 1.209788 1 -5.959149 4.83296 4.5 -5.959149 4.83296 1.200001 -5.88681 -8.418897 4.5 -5.88681 8.356309 4.5 -5.88681 -8.418897 1 -5.88681 8.356309 1 -5.884707 -6.505699 4.5 -5.884707 -4.870596 4.5 -5.884707 -6.505699 1.200001 -5.884707 -4.870596 1.200001 -5.833226 -3.847037 4.5 -5.833226 3.784449 4.5 -5.833226 -3.847037 2.5 -5.833226 3.784449 2.5 -5.824918 6.66124 1 -5.80828 6.461088 4.5 -5.80828 6.461088 1.200001 -5.807674 -3.157889 4.5 -5.807674 3.095301 4.5 -5.807674 -3.157889 2.5 -5.807674 3.095301 2.5 -5.743031 -2.07406 2.200001 -5.743031 2.011472 2.200001 -5.743031 -2.07406 1 -5.743031 2.011472 1 -5.738802 -6.734561 1 -5.738802 -4.641733 1 -5.652094 4.77556 4.5 -5.652094 4.77556 1.200001 -5.652094 4.575561 1 -5.573665 -6.534523 4.5 -5.573665 -4.841773 4.5 -5.573665 -6.534523 1.200001 -5.573665 -4.841773 1.200001 -5.495906 6.461088 4.5 -5.495906 6.461088 1.200001 -5.479269 6.66124 1 -5.411339 -2.837691 2.200001 -5.411339 2.775103 2.200001 -5.411339 -2.837691 1 -5.411339 2.775103 1 -5.394333 -6.706018 1 -5.394333 -4.670278 1 -5.371528 -3.859547 4.5 -5.371528 3.796959 4.5 -5.371528 -3.859547 2.5 -5.371528 3.796959 2.5 -5.345038 4.83296 4.5 -5.345038 4.83296 1.200001 -5.311159 4.632452 1 -5.273215 -6.449037 4.5 -5.273215 -4.927258 4.5 -5.273215 -6.449037 1.200001 -5.273215 -4.927258 1.200001 -5.204626 6.348246 4.5 -5.204626 6.348246 1.200001 -5.152348 6.549008 1 -5.095239 -0.03129357 4.5 -5.095239 -0.03129357 2.200001 -5.079452 4.997404 4.5 -5.079452 4.997404 1.200001 -5.077797 -6.567173 1 -5.077797 -4.809123 1 -5.038276 -0.7914096 4.5 -5.038276 0.7288224 4.5 -5.038276 -0.7914096 2.200001 -5.038276 0.7288224 2.200001 -5.023936 -6.260788 4.5 -5.023936 -5.115506 4.5 -5.023936 -6.260788 1.200001 -5.023936 -5.115506 1.200001 -5.00717 4.796964 1 -4.978755 -3.549044 2.200001 -4.978755 3.486456 2.200001 -4.978755 -3.549044 1 -4.978755 3.486456 1 -4.973779 6.137801 4.5 -4.973779 6.137801 1.200001 -4.961885 -8.997615 4.5 -4.961885 8.935028 4.5 -4.961885 -8.997615 1 -4.961885 8.935028 1 -4.891204 5.246683 4.5 -4.891204 5.246683 1.200001 -4.879583 6.336707 1 -4.86866 -1.534545 4.5 -4.86866 1.471957 4.5 -4.86866 -1.534545 2.200001 -4.86866 1.471957 2.200001 -4.859492 -5.995203 4.5 -4.859492 -5.381093 4.5 -4.859492 -5.995203 1.200001 -4.859492 -5.381093 1.200001 -4.834542 5.858175 4.5 -4.834542 5.858175 1.200001 -4.823496 -6.33307 1 -4.823496 -5.043224 1 -4.811807 -7.336304 4.5 -4.811807 7.273717 4.5 -4.811807 -7.336304 2.5 -4.811807 7.273717 2.5 -4.805719 5.547132 4.5 -4.805719 5.547132 1.200001 -4.802093 -5.688148 4.5 -4.802093 -5.688148 1.200001 -4.773068 5.051265 1 -4.690531 6.04734 1 -4.658985 -6.029082 1 -4.658985 -5.347213 1 -4.634223 5.367801 1 -4.605679 5.71227 1 -4.602093 -5.688148 1 -4.59018 -2.244101 4.5 -4.59018 2.181513 4.5 -4.59018 -2.244101 2.200001 -4.59018 2.181513 2.200001 -4.453338 -4.194868 2.200001 -4.453338 4.132281 2.200001 -4.453338 -4.194868 1 -4.453338 4.132281 1 -4.429736 -7.076797 4.5 -4.429736 7.01421 4.5 -4.429736 -7.076797 2.5 -4.429736 7.01421 2.5 -4.209057 -2.904226 4.5 -4.209057 2.841638 4.5 -4.209057 -2.904226 2.200001 -4.209057 2.841638 2.200001 -4.123855 -6.730734 4.5 -4.123855 6.668148 4.5 -4.123855 -6.730734 2.5 -4.123855 6.668148 2.5 -3.984164 -7.819168 4.5 -3.984164 7.756581 4.5 -3.984164 -7.819168 2.5 -3.984164 7.756581 2.5 -3.980687 -9.474742 4.5 -3.980687 9.412155 4.5 -3.980687 -9.474742 1 -3.980687 9.412155 1 -3.913227 -6.319689 4.5 -3.913227 6.257102 4.5 -3.913227 -6.319689 2.5 -3.913227 6.257102 2.5 -3.844875 -4.763133 2.200001 -3.844875 4.700546 2.200001 -3.844875 -4.763133 1 -3.844875 4.700546 1 -3.823492 -5.407582 4.5 -3.823492 5.344995 4.5 -3.823492 -5.407582 2.5 -3.823492 5.344995 2.5 -3.810982 -5.86928 4.5 -3.810982 5.806694 4.5 -3.810982 -5.86928 2.5 -3.810982 5.806694 2.5 -3.733804 -3.500174 4.5 -3.733804 3.437587 4.5 -3.733804 -3.500174 2.200001 -3.733804 3.437587 2.200001 -3.175037 -4.018634 4.5 -3.175037 3.956047 4.5 -3.175037 -4.018634 2.200001 -3.175037 3.956047 2.200001 -3.164701 -5.243251 2.200001 -3.164701 5.180665 2.200001 -3.164701 -5.243251 1 -3.164701 5.180665 1 -3.121834 -5.843729 4.5 -3.121834 5.781142 4.5 -3.121834 -5.843729 2.5 -3.121834 5.781142 2.5 -3.108685 -8.208639 4.5 -3.108685 8.146051 4.5 -3.108685 -8.208639 2.5 -3.108685 8.146051 2.5 -2.954332 -9.84487 4.5 -2.954332 9.782282 4.5 -2.954332 -9.84487 1 -2.954332 9.782282 1 -2.545239 -4.448023 4.5 -2.545239 4.385437 4.5 -2.545239 -4.448023 2.200001 -2.545239 4.385437 2.200001 -2.425486 -5.626282 2.200001 -2.425486 5.563695 2.200001 -2.425486 -5.626282 1 -2.425486 5.563695 1 -2.371186 -6.188799 4.5 -2.371186 6.126213 4.5 -2.371186 -6.188799 2.5 -2.371186 6.126213 2.5 -2.245116 -8.054806 4.5 -2.245116 7.992218 4.5 -2.245116 -8.054806 2.5 -2.245116 7.992218 2.5 -2.205185 -7.608635 4.5 -2.205185 7.546049 4.5 -2.205185 -7.608635 2.5 -2.205185 7.546049 2.5 -2.195869 -8.500044 4.5 -2.195869 8.437457 4.5 -2.195869 -8.500044 2.5 -2.195869 8.437457 2.5 -2.077658 -7.179218 4.5 -2.077658 7.116631 4.5 -2.077658 -7.179218 2.5 -2.077658 7.116631 2.5 -1.894448 -10.10381 4.5 -1.894448 10.04122 4.5 -1.894448 -10.10381 1 -1.894448 10.04122 1 -1.86759 -6.783575 4.5 -1.86759 6.720988 4.5 -1.86759 -6.783575 2.5 -1.86759 6.720988 2.5 -1.858478 -4.778749 4.5 -1.858478 4.716163 4.5 -1.858478 -4.778749 2.200001 -1.858478 4.716163 2.200001 -1.640999 -5.905089 2.200001 -1.640999 5.842503 2.200001 -1.640999 -5.905089 1 -1.640999 5.842503 1 -1.583308 -6.437387 4.5 -1.583308 6.374801 4.5 -1.583308 -6.437387 2.5 -1.583308 6.374801 2.5 -1.195239 -8.031294 1 -1.181836 7.789855 1 -1.181836 8.147558 1 -1.141926 -8.385001 1 -1.141926 -7.677587 1 -1.130096 -5.003426 4.5 -1.130096 4.940839 4.5 -1.130096 -5.003426 2.200001 -1.130096 4.940839 2.200001 -1.076402 7.448046 1 -1.076402 8.489367 1 -0.9952388 -8.031294 4.5 -0.9952388 -8.031294 1.200001 -0.9867258 -8.707279 1 -0.9867258 -7.355309 1 -0.9815998 7.804111 4.5 -0.9815998 8.133301 4.5 -0.9815998 7.804111 1.200001 -0.9815998 8.133301 1.200001 -0.9410558 -8.355994 4.5 -0.9410558 -7.706593 4.5 -0.9410558 -8.355994 1.200001 -0.9410558 -7.706593 1.200001 -0.8749008 7.1525 1 -0.8749008 8.784914 1 -0.8747128 7.49276 4.5 -0.8747128 8.444654 4.5 -0.8747128 7.49276 1.200001 -0.8747128 8.444654 1.200001 -0.8258558 -6.074477 2.200001 -0.8258558 6.01189 2.200001 -0.8258558 -6.074477 1 -0.8258558 6.01189 1 -0.8130468 -10.24862 4.5 -0.8130468 10.18603 4.5 -0.8130468 -10.24862 1 -0.8130468 10.18603 1 -0.7843798 -8.645507 4.5 -0.7843798 -7.41708 4.5 -0.7843798 -8.645507 1.200001 -0.7843798 -7.41708 1.200001 -0.7434268 -8.969491 1 -0.7434268 -7.093095 1 -0.6725208 7.232983 4.5 -0.6725208 8.704431 4.5 -0.6725208 7.232983 1.200001 -0.6725208 8.704431 1.200001 -0.5952388 6.929476 1 -0.5952388 9.007937 1 -0.5421868 -8.86846 4.5 -0.5421868 -7.194128 4.5 -0.5421868 -8.86846 1.200001 -0.5421868 -7.194128 1.200001 -0.4336478 -9.148343 1 -0.4336478 -6.914244 1 -0.3969337 7.052934 4.5 -0.3969337 8.88448 4.5 -0.3969337 7.052934 1.200001 -0.3969337 8.88448 1.200001 -0.3763617 -5.117033 4.5 -0.3763617 5.054446 4.5 -0.3763617 -5.117033 2.200001 -0.3763617 5.054446 2.200001 -0.2622637 6.798794 1 -0.2622637 9.138621 1 -0.2407237 -9.000696 4.5 -0.2407237 -7.061893 4.5 -0.2407237 -9.000696 1.200001 -0.2407237 -7.061893 1.200001 -0.08491474 -9.227938 1 -0.08491474 -6.834649 1 -0.07781773 6.972122 4.5 -0.07781773 8.965291 4.5 -0.07781773 6.972122 1.200001 -0.07781773 8.965291 1.200001 0.004761219 -6.131293 2.200001 0.004761219 6.068706 2.200001 0.004761219 -6.131293 1 0.004761219 6.068706 1 0.08734023 -9.027878 4.5 0.08734023 -7.034708 4.5 0.08734023 -9.027878 1.200001 0.08734023 -7.034708 1.200001 0.09443724 6.772062 1 0.09443724 9.16535 1 0.2502462 6.999307 4.5 0.2502462 8.938108 4.5 0.2502462 6.999307 1.200001 0.2502462 8.938108 1.200001 0.2717862 -9.201209 1 0.2717862 -6.861381 1 0.2776212 -10.27766 4.5 0.2776212 10.21507 4.5 0.2776212 -10.27766 1 0.2776212 10.21507 1 0.3858842 -5.117033 4.5 0.3858842 5.054446 4.5 0.3858842 -5.117033 2.200001 0.3858842 5.054446 2.200001 0.4064562 -8.947068 4.5 0.4064562 -7.11552 4.5 0.4064562 -8.947068 1.200001 0.4064562 -7.11552 1.200001 0.4431703 6.851657 1 0.4431703 9.085755 1 0.5517092 7.131541 4.5 0.5517092 8.805872 4.5 0.5517092 7.131541 1.200001 0.5517092 8.805872 1.200001 0.6047613 -9.070525 1 0.6047613 -6.992063 1 0.6820432 -8.767019 4.5 0.6820432 -7.295569 4.5 0.6820432 -8.767019 1.200001 0.6820432 -7.295569 1.200001 0.7529492 7.030508 1 0.7529492 8.906904 1 0.7939022 7.354494 4.5 0.7939022 8.58292 4.5 0.7939022 7.354494 1.200001 0.7939022 8.58292 1.200001 0.8353782 -6.074477 2.200001 0.8353782 6.01189 2.200001 0.8353782 -6.074477 1 0.8353782 6.01189 1 0.8842352 -8.507242 4.5 0.8842352 -7.555346 4.5 0.8842352 -8.507242 1.200001 0.8842352 -7.555346 1.200001 0.8844232 -8.847501 1 0.8844232 -7.215086 1 0.9505782 7.644007 4.5 0.9505782 8.293406 4.5 0.9505782 7.644007 1.200001 0.9505782 8.293406 1.200001 0.9911223 -8.195889 4.5 0.9911223 -7.866698 4.5 0.9911223 -8.195889 1.200001 0.9911223 -7.866698 1.200001 0.9962483 7.292723 1 0.9962483 8.644691 1 1.004761 7.968707 4.5 1.004761 7.968707 1.200001 1.085924 -8.551955 1 1.085924 -7.510632 1 1.139618 -5.003426 4.5 1.139618 4.940839 4.5 1.139618 -5.003426 2.200001 1.139618 4.940839 2.200001 1.151448 7.615001 1 1.151448 8.322413 1 1.191358 -8.210145 1 1.191358 -7.852442 1 1.204761 7.968707 1 1.365198 -10.19061 4.5 1.365198 10.12802 4.5 1.365198 -10.19061 1 1.365198 10.12802 1 1.59283 -6.437387 4.5 1.59283 6.374801 4.5 1.59283 -6.437387 2.5 1.59283 6.374801 2.5 1.650521 -5.905089 2.200001 1.650521 5.842503 2.200001 1.650521 -5.905089 1 1.650521 5.842503 1 1.868 -4.778749 4.5 1.868 4.716163 4.5 1.868 -4.778749 2.200001 1.868 4.716163 2.200001 1.877112 -6.783575 4.5 1.877112 6.720988 4.5 1.877112 -6.783575 2.5 1.877112 6.720988 2.5 2.08718 -7.179218 4.5 2.08718 7.116631 4.5 2.08718 -7.179218 2.5 2.08718 7.116631 2.5 2.205391 -8.500044 4.5 2.205391 8.437457 4.5 2.205391 -8.500044 2.5 2.205391 8.437457 2.5 2.214707 -7.608635 4.5 2.214707 7.546049 4.5 2.214707 -7.608635 2.5 2.214707 7.546049 2.5 2.254638 -8.054806 4.5 2.254638 7.992218 4.5 2.254638 -8.054806 2.5 2.254638 7.992218 2.5 2.380708 -6.188799 4.5 2.380708 6.126213 4.5 2.380708 -6.188799 2.5 2.380708 6.126213 2.5 2.435008 -5.626282 2.200001 2.435008 5.563695 2.200001 2.435008 -5.626282 1 2.435008 5.563695 1 2.43736 -9.988451 4.5 2.43736 9.925863 4.5 2.43736 -9.988451 1 2.43736 9.925863 1 2.554761 -4.448023 4.5 2.554761 4.385437 4.5 2.554761 -4.448023 2.200001 2.554761 4.385437 2.200001 3.118207 -8.208639 4.5 3.118207 8.146051 4.5 3.118207 -8.208639 2.5 3.118207 8.146051 2.5 3.131356 -5.843729 4.5 3.131356 5.781142 4.5 3.131356 -5.843729 2.5 3.131356 5.781142 2.5 3.174223 -5.243251 2.200001 3.174223 5.180665 2.200001 3.174223 -5.243251 1 3.174223 5.180665 1 3.184559 -4.018634 4.5 3.184559 3.956047 4.5 3.184559 -4.018634 2.200001 3.184559 3.956047 2.200001 3.481959 -9.673472 4.5 3.481959 9.610884 4.5 3.481959 -9.673472 1 3.481959 9.610884 1 3.743326 -3.500174 4.5 3.743326 3.437587 4.5 3.743326 -3.500174 2.200001 3.743326 3.437587 2.200001 3.820504 -5.86928 4.5 3.820504 5.806694 4.5 3.820504 -5.86928 2.5 3.820504 5.806694 2.5 3.833014 -5.407582 4.5 3.833014 5.344995 4.5 3.833014 -5.407582 2.5 3.833014 5.344995 2.5 3.854397 -4.763133 2.200001 3.854397 4.700546 2.200001 3.854397 -4.763133 1 3.854397 4.700546 1 3.922749 -6.319689 4.5 3.922749 6.257102 4.5 3.922749 -6.319689 2.5 3.922749 6.257102 2.5 3.993686 -7.819168 4.5 3.993686 7.756581 4.5 3.993686 -7.819168 2.5 3.993686 7.756581 2.5 4.133377 -6.730734 4.5 4.133377 6.668148 4.5 4.133377 -6.730734 2.5 4.133377 6.668148 2.5 4.218579 -2.904226 4.5 4.218579 2.841638 4.5 4.218579 -2.904226 2.200001 4.218579 2.841638 2.200001 4.439258 -7.076797 4.5 4.439258 7.01421 4.5 4.439258 -7.076797 2.5 4.439258 7.01421 2.5 4.46286 -4.194868 2.200001 4.46286 4.132281 2.200001 4.46286 -4.194868 1 4.46286 4.132281 1 4.487161 -9.249244 4.5 4.487161 9.186656 4.5 4.487161 -9.249244 1 4.487161 9.186656 1 4.599702 -2.244101 4.5 4.599702 2.181513 4.5 4.599702 -2.244101 2.200001 4.599702 2.181513 2.200001 4.611615 5.625562 1 4.615201 -5.774857 1 4.643745 -5.430387 1 4.668507 5.284626 1 4.668507 5.966495 1 4.700053 -6.109927 1 4.78259 -5.113852 1 4.811615 5.625562 4.5 4.811615 5.625562 1.200001 4.815241 -5.609719 4.5 4.815241 -5.609719 1.200001 4.821329 -7.336304 4.5 4.821329 7.273717 4.5 4.821329 -7.336304 2.5 4.821329 7.273717 2.5 4.833018 4.980638 1 4.833018 6.270483 1 4.844064 -5.920762 4.5 4.844064 -5.920762 1.200001 4.869014 5.318506 4.5 4.869014 5.932617 4.5 4.869014 5.318506 1.200001 4.869014 5.932617 1.200001 4.878182 -1.534545 4.5 4.878182 1.471957 4.5 4.878182 -1.534545 2.200001 4.878182 1.471957 2.200001 4.889105 -6.399293 1 4.900726 -5.309269 4.5 4.900726 -5.309269 1.200001 4.983301 -6.200387 4.5 4.983301 -6.200387 1.200001 4.988277 -3.549044 2.200001 4.988277 3.486456 2.200001 4.988277 -3.549044 1 4.988277 3.486456 1 5.016692 -4.85955 1 5.033458 5.052919 4.5 5.033458 6.198202 4.5 5.033458 5.052919 1.200001 5.033458 6.198202 1.200001 5.047798 -0.7914096 4.5 5.047798 0.7288224 4.5 5.047798 -0.7914096 2.200001 5.047798 0.7288224 2.200001 5.087319 4.746536 1 5.087319 6.504586 1 5.088974 -5.05999 4.5 5.088974 -5.05999 1.200001 5.104761 -0.03129357 4.5 5.104761 -0.03129357 2.200001 5.16187 -6.611595 1 5.214148 -6.410832 4.5 5.214148 -6.410832 1.200001 5.282737 4.864672 4.5 5.282737 6.38645 4.5 5.282737 4.864672 1.200001 5.282737 6.38645 1.200001 5.320681 -4.695039 1 5.35456 -4.895546 4.5 5.35456 -4.895546 1.200001 5.38105 -3.859547 4.5 5.38105 3.796959 4.5 5.38105 -3.859547 2.5 5.38105 3.796959 2.5 5.403855 4.607691 1 5.403855 6.643432 1 5.420861 -2.837691 2.200001 5.420861 2.775103 2.200001 5.420861 -2.837691 1 5.420861 2.775103 1 5.441575 -8.720572 4.5 5.441575 8.657984 4.5 5.441575 -8.720572 1 5.441575 8.657984 1 5.488791 -6.723826 1 5.505428 -6.523674 4.5 5.505428 -6.523674 1.200001 5.583187 4.779187 4.5 5.583187 6.471936 4.5 5.583187 4.779187 1.200001 5.583187 6.471936 1.200001 5.661616 -4.838147 4.5 5.661616 -4.838147 1.200001 5.661616 -4.638147 1 5.748324 4.579146 1 5.748324 6.671975 1 5.752553 -2.07406 2.200001 5.752553 2.011472 2.200001 5.752553 -2.07406 1 5.752553 2.011472 1 5.817196 -3.157889 4.5 5.817196 3.095301 4.5 5.817196 -3.157889 2.5 5.817196 3.095301 2.5 5.817802 -6.523674 4.5 5.817802 -6.523674 1.200001 5.83444 -6.723826 1 5.842748 -3.847037 4.5 5.842748 3.784449 4.5 5.842748 -3.847037 2.5 5.842748 3.784449 2.5 5.894229 4.80801 4.5 5.894229 6.443112 4.5 5.894229 4.80801 1.200001 5.894229 6.443112 1.200001 5.968671 -4.895546 4.5 5.968671 -4.895546 1.200001 5.977174 -1.272376 2.200001 5.977174 1.209788 2.200001 5.977174 -1.272376 1 5.977174 1.209788 1 6.00255 -4.695039 1 6.083395 4.663999 1 6.083395 6.587122 1 6.090541 -0.4475725 2.200001 6.090541 0.3849854 2.200001 6.090541 -0.4475725 1 6.090541 0.3849854 1 6.109082 -6.410832 4.5 6.109082 -6.410832 1.200001 6.16136 -6.611595 1 6.162267 -2.407241 4.5 6.162267 2.344653 4.5 6.162267 -2.407241 2.5 6.162267 2.344653 2.5 6.173855 4.947247 4.5 6.173855 6.303875 4.5 6.173855 4.947247 1.200001 6.173855 6.303875 1.200001 6.234256 -5.05999 4.5 6.234256 -5.05999 1.200001 6.293157 -3.949282 4.5 6.293157 3.886694 4.5 6.293157 -3.949282 2.5 6.293157 3.886694 2.5 6.306538 -4.85955 1 6.334388 -8.093447 4.5 6.334388 8.030859 4.5 6.334388 -8.093447 1 6.334388 8.030859 1 6.33993 -6.200387 4.5 6.33993 -6.200387 1.200001 6.372761 4.853051 1 6.372761 6.398071 1 6.3843 5.178093 4.5 6.3843 6.073028 4.5 6.3843 5.178093 1.200001 6.3843 6.073028 1.200001 6.410855 -1.619363 4.5 6.410855 1.556775 4.5 6.410855 -1.619363 2.5 6.410855 1.556775 2.5 6.422504 -5.309269 4.5 6.422504 -5.309269 1.200001 6.434125 -6.399293 1 6.479167 -5.920762 4.5 6.479167 -5.920762 1.200001 6.497142 5.469374 4.5 6.497142 5.781748 4.5 6.497142 5.469374 1.200001 6.497142 5.781748 1.200001 6.50799 -5.609719 4.5 6.50799 -5.609719 1.200001 6.54064 -5.113852 1 6.585063 5.125815 1 6.585063 6.125306 1 6.623177 -6.109927 1 6.679486 -5.430387 1 6.697294 5.452736 1 6.697294 5.798386 1 6.704202 -4.159909 4.5 6.704202 4.097322 4.5 6.704202 -4.159909 2.5 6.704202 4.097322 2.5 6.708029 -5.774857 1 6.757042 -1.903645 4.5 6.757042 1.841057 4.5 6.757042 -1.903645 2.5 6.757042 1.841057 2.5 6.808116 -0.1209695 1 6.834848 0.2357314 1 6.887712 -0.4697026 1 6.96553 0.5687065 1 7.008176 0.05128538 4.5 7.008176 0.05128538 1.200001 7.035361 -0.2767786 4.5 7.035361 -0.2767786 1.200001 7.050264 -4.46579 4.5 7.050264 4.403203 4.5 7.050264 -4.46579 2.5 7.050264 4.403203 2.5 7.066563 -0.7794816 1 7.088988 0.3704015 4.5 7.088988 0.3704015 1.200001 7.152686 -2.113713 4.5 7.152686 2.051125 4.5 7.152686 -2.113713 2.5 7.152686 2.051125 2.5 7.155484 -7.374974 4.5 7.155484 7.312387 4.5 7.155484 -7.374974 1 7.155484 7.312387 1 7.167595 -0.5782416 4.5 7.167595 -0.5782416 1.200001 7.188554 0.8483684 1 7.269037 0.6459884 4.5 7.269037 0.6459884 1.200001 7.309772 -4.847861 4.5 7.309772 4.785274 4.5 7.309772 -4.847861 2.5 7.309772 4.785274 2.5 7.328777 -1.022781 1 7.390548 -0.8204346 4.5 7.390548 -0.8204346 1.200001 7.4841 1.049869 1 7.528814 0.8481804 4.5 7.528814 0.8481804 1.200001 7.582103 -2.24124 4.5 7.582103 2.178652 4.5 7.582103 -2.24124 2.5 7.582103 2.178652 2.5 7.651055 -1.177981 1 7.680061 -0.9771106 4.5 7.680061 -0.9771106 1.200001 7.792635 -4.020218 4.5 7.792635 3.957631 4.5 7.792635 -4.020218 2.5 7.792635 3.957631 2.5 7.82591 1.155303 1 7.840166 0.9550675 4.5 7.840166 0.9550675 1.200001 7.895559 -6.573297 4.5 7.895559 6.51071 4.5 7.895559 -6.573297 1 7.895559 6.51071 1 8.004762 -1.031294 4.5 8.004762 -1.031294 1.200001 8.004762 -1.231294 1 8.028274 -2.281171 4.5 8.028274 2.218583 4.5 8.028274 -2.281171 2.5 8.028274 2.218583 2.5 8.169357 0.9550675 4.5 8.169357 0.9550675 1.200001 8.182106 -3.14474 4.5 8.182106 3.082152 4.5 8.182106 -3.14474 2.5 8.182106 3.082152 2.5 8.183613 1.155303 1 8.329462 -0.9771106 4.5 8.329462 -0.9771106 1.200001 8.358469 -1.177981 1 8.473512 -2.231924 4.5 8.473512 2.169336 4.5 8.473512 -2.231924 2.5 8.473512 2.169336 2.5 8.48071 0.8481804 4.5 8.48071 0.8481804 1.200001 8.525423 1.049869 1 8.54623 -5.697494 4.5 8.54623 5.634908 4.5 8.54623 -5.697494 1 8.54623 5.634908 1 8.618975 -0.8204346 4.5 8.618975 -0.8204346 1.200001 8.680747 -1.022781 1 8.740487 0.6459884 4.5 8.740487 0.6459884 1.200001 8.820969 0.8483684 1 8.841928 -0.5782416 4.5 8.841928 -0.5782416 1.200001 8.920536 0.3704015 4.5 8.920536 0.3704015 1.200001 8.942959 -0.7794816 1 8.974164 -0.2767786 4.5 8.974164 -0.2767786 1.200001 9.001346 0.05128538 4.5 9.001346 0.05128538 1.200001 9.043992 0.5687065 1 9.100121 -4.757492 4.5 9.100121 4.694905 4.5 9.100121 -4.757492 1 9.100121 4.694905 1 9.12181 -0.4697026 1 9.174676 0.2357314 1 9.201406 -0.1209695 1 9.550958 -3.76394 4.5 9.550958 3.701352 4.5 9.550958 -3.76394 1 9.550958 3.701352 1 9.893633 -2.728095 4.5 9.893633 2.665507 4.5 9.893633 -2.728095 1 9.893633 2.665507 1 10.12426 -1.661695 4.5 10.12426 1.599107 4.5 10.12426 -1.661695 1 10.12426 1.599107 1 10.24023 -0.5768206 4.5 10.24023 0.5142334 4.5 10.24023 -0.5768206 1 10.24023 0.5142334 1 -5.045239 -0.03129357 1.51111 -5.040946 -0.2394856 5.2 -5.033762 0.3089764 5.2 -5.017575 0.4965754 1.51111 -5.017575 -0.5591626 1.51111 -4.988603 -0.7854906 5.2 -4.967137 0.8534234 5.2 -4.934885 1.01866 1.51111 -4.934885 -1.081248 1.51111 -4.877353 -1.322599 5.2 -4.841858 1.387433 5.2 -4.838573 0.2229064 1.200001 -4.836501 -0.3222866 1.200001 -4.798074 1.529242 1.51111 -4.798074 -1.59183 1.51111 -4.779442 0.7648875 1.200001 -4.773254 -0.8638036 1.200001 -4.708506 -1.844472 5.2 -4.659855 1.296808 1.200001 -4.659401 1.904705 5.2 -4.64963 -1.3948 1.200001 -4.608644 2.022726 1.51111 -4.608644 -2.085314 1.51111 -4.484055 -2.344955 5.2 -4.481325 1.811946 1.200001 -4.46719 -1.908567 1.200001 -4.42192 2.399138 5.2 -4.368667 2.493706 1.51111 -4.368667 -2.556294 1.51111 -4.368667 2.493706 2.200001 -4.368667 -2.556294 2.200001 -4.246107 2.303792 1.200001 -4.228241 -2.398611 1.200001 -4.206648 -2.818143 5.2 -4.172156 2.834074 1.534864 -4.172156 -2.896661 1.534864 -4.132215 2.864898 5.2 -4.067812 -3.01737 2.200001 -4.064353 2.959494 2.200001 -3.973854 3.177543 1.606562 -3.973854 -3.240131 1.606562 -3.957172 2.76613 1.200001 -3.943626 -0.1441556 0 -3.943626 -0.1441556 1.200001 -3.935802 -2.858741 1.200001 -3.927753 0.3399674 0 -3.927753 0.3399674 1.200001 -3.900125 -0.6265806 0 -3.900125 -0.6265806 1.200001 -3.879558 -3.258454 3 -3.879558 -3.258454 5.2 -3.852743 0.8185074 0 -3.852743 0.8185074 1.200001 -3.797902 -1.100055 0 -3.797902 -1.100055 1.200001 -3.793705 3.296491 5.2 -3.771916 3.52731 1.727518 -3.771916 -3.589898 1.727518 -3.766468 -3.080938 3 -3.719725 1.284268 0 -3.719725 1.284268 1.200001 -3.718552 -3.442957 2.200001 -3.710645 3.388978 2.200001 -3.638496 -1.557458 0 -3.638496 -1.557458 1.200001 -3.618174 3.19312 1.200001 -3.593569 -3.283143 1.200001 -3.566165 -2.766525 2.530815 -3.564382 3.886769 1.9 -3.564382 -3.949357 1.9 -3.564382 3.886769 2.200001 -3.564382 -3.949357 2.200001 -3.530699 1.730246 0 -3.530699 1.730246 1.200001 -3.507949 -3.65943 3 -3.473667 -1.591384 0 -3.473667 -1.591384 1.200001 -3.410383 3.688826 5.2 -3.400468 -3.484829 3 -3.382032 -2.477493 2.103771 -3.324743 -1.669749 0 -3.324743 -1.669749 1.200001 -3.325039 -3.827994 2.200001 -3.311837 3.776945 2.200001 -3.288507 2.149734 0 -3.288507 2.149734 1.200001 -3.233394 3.579364 1.200001 -3.211991 -2.210583 1.713945 -3.205866 -3.666453 1.200001 -3.203438 -1.786389 0 -3.203438 -1.786389 1.200001 -3.203167 -4.250202 1.9 -3.203167 -4.250202 2.200001 -3.138564 -2.423366 0 -3.138564 -2.423366 1.200001 -3.131747 4.24098 1.9 -3.131747 4.24098 2.200001 -3.119295 -1.932128 0 -3.119295 -1.932128 1.200001 -3.095173 -4.017885 3 -3.085531 -2.263656 0 -3.085531 -2.263656 1.200001 -3.078935 -2.095501 0 -3.078935 -2.095501 1.200001 -3.075398 -2.256742 1.599998 -3.054279 -1.963025 1.35722 -2.996792 2.536424 0 -2.996792 2.536424 1.200001 -2.991461 -3.845103 3 -2.986772 4.037272 5.2 -2.907381 -1.732441 1.03014 -2.891951 -4.167905 2.200001 -2.87277 4.118685 2.200001 -2.836299 -2.775538 0 -2.836299 -2.775538 1.200001 -2.816716 -4.517858 1.9 -2.816716 -4.517858 2.200001 -2.814156 -2.579568 1.599998 -2.807695 3.919983 1.200001 -2.777591 -4.003827 1.200001 -2.769982 -1.516768 0.7298031 -2.745158 -0.01023358 0 -2.743874 0.05536037 3.4 -2.727049 -0.3470715 3.4 -2.717866 -0.4183376 0 -2.711619 0.3974044 0 -2.701733 0.4559344 3.4 -2.664204 4.547639 1.9 -2.664204 4.547639 2.200001 -2.659941 2.884502 0 -2.659941 2.884502 1.200001 -2.65162 -0.7427296 3.4 -2.646067 -4.329619 3 -2.640931 -1.314199 0.4537697 -2.630345 -0.8178796 0 -2.617989 0.7955585 0 -2.601531 0.8460555 3.4 -2.544613 -4.157208 3 -2.527869 4.33772 5.2 -2.520463 -2.870878 1.599998 -2.519205 -1.123126 0.1999988 -2.519205 -1.123126 3.4 -2.519205 -1.123126 5.2 -2.494814 -3.089827 0 -2.494814 -3.089827 1.200001 -2.487903 0.1600794 3.4 -2.487903 -0.2226666 3.4 -2.487903 0.1600794 3.799999 -2.487903 -0.2226666 3.799999 -2.484531 -1.200021 0 -2.46634 1.175421 0 -2.445418 1.217355 3.4 -2.429477 0.5383405 3.4 -2.429477 -0.6009276 3.4 -2.429477 0.5383405 3.799999 -2.429477 -0.6009276 3.799999 -2.424434 -4.458652 2.200001 -2.408068 -4.750218 1.9 -2.408068 -4.750218 2.200001 -2.398773 4.410048 2.200001 -2.353566 -1.44579 0.1999988 -2.346457 4.210671 1.200001 -2.334501 -1.477099 3.4 -2.334501 -1.477099 5.2 -2.314158 -4.291001 1.200001 -2.313995 0.9032495 3.4 -2.313995 -0.9658366 3.4 -2.313995 0.9032495 3.799999 -2.313995 -0.9658366 3.799999 -2.283018 3.188732 0 -2.283651 -1.556309 0 -2.283018 3.188732 1.200001 -2.260026 1.52859 0 -2.236742 1.561868 3.4 -2.196846 -3.128538 1.599998 -2.166955 4.803337 1.9 -2.166955 4.803337 2.200001 -2.165896 -4.590981 3 -2.146903 -1.743848 0.1999988 -2.144163 1.246253 3.4 -2.144163 -1.308841 3.4 -2.144163 1.246253 3.799999 -2.144163 -1.308841 3.799999 -2.118823 -3.361893 0 -2.118823 -3.361893 1.200001 -2.100488 -1.800595 3.4 -2.100488 -1.800595 5.2 -2.065567 -4.417206 3 -2.039087 4.586627 5.2 -2.032148 -1.878861 0 -2.02521 -4.655267 2.984823 -2.003612 1.847252 0 -1.980438 -4.945456 1.9 -1.980438 -4.945456 2.200001 -1.97998 1.872204 3.4 -1.928046 -4.696779 2.200001 -1.923962 1.559312 3.4 -1.923962 -1.6219 3.4 -1.923962 1.559312 3.799999 -1.923962 -1.6219 3.799999 -1.902813 -2.012117 0.1999988 -1.896605 -4.477015 2.980337 -1.895601 4.647501 2.200001 -1.883892 -4.714828 2.939104 -1.871692 3.44454 0 -1.871692 3.44454 1.200001 -1.855509 4.447758 1.200001 -1.84714 -3.349494 1.599998 -1.822098 -2.086795 3.4 -1.822098 -2.086795 5.2 -1.821422 -4.524349 1.200001 -1.752005 -4.765851 2.863974 -1.735585 -2.160541 0 -1.72423 -4.502371 2.924993 -1.713516 -3.587981 0 -1.713516 -3.587981 1.200001 -1.70277 2.124358 0 -1.68064 2.141704 3.4 -1.658553 1.835089 3.4 -1.658553 -1.897677 3.4 -1.658553 1.835089 3.799999 -1.658553 -1.897677 3.799999 -1.645535 5.005226 1.9 -1.645535 5.005226 2.200001 -1.637923 -4.806656 2.766294 -1.625541 -2.24593 0.1999988 -1.557797 -4.496095 2.840458 -1.543058 -4.838227 2.647291 -1.53719 -5.102031 1.9 -1.53719 -5.102031 2.200001 -1.526194 4.781053 5.2 -1.505199 -2.329667 3.4 -1.505199 -2.329667 5.2 -1.475488 -3.53113 1.599998 -1.469138 -4.861419 2.50729 -1.432148 3.64808 0 -1.432148 3.64808 1.200001 -1.423801 -4.875047 2.354561 -1.418692 -4.896787 1.541355 -1.408686 -4.879455 2.200001 -1.406667 -4.46384 2.735794 -1.400524 -2.39512 0 -1.395239 -0.03129357 4.9 -1.395239 -0.03129357 5.2 -1.369362 4.82816 2.200001 -1.364155 2.353778 0 -1.364646 0.2597824 4.9 -1.364646 -0.3223696 4.9 -1.364646 0.2597824 5.2 -1.364646 -0.3223696 5.2 -1.354158 2.06712 3.4 -1.354158 -2.129708 3.4 -1.354158 2.06712 3.799999 -1.354158 -2.129708 3.799999 -1.345144 2.364589 3.4 -1.341053 4.628243 1.200001 -1.31991 -2.44122 0.1999988 -1.30561 -4.700922 1.200001 -1.284489 -3.76497 0 -1.284489 -3.76497 1.200001 -1.276749 -4.412644 2.619907 -1.274203 0.5381374 4.9 -1.274203 -0.6007246 4.9 -1.274203 0.5381374 5.2 -1.274203 -0.6007246 5.2 -1.161779 -4.343247 2.489302 -1.156472 -2.524091 3.4 -1.156472 -2.524091 5.2 -1.127863 0.7916054 4.9 -1.127863 -0.8541926 4.9 -1.127863 0.7916054 5.2 -1.127863 -0.8541926 5.2 -1.105748 5.151059 1.9 -1.105748 5.151059 2.200001 -1.086295 -3.671292 1.599998 -1.06597 -4.258404 2.347481 -1.034375 -2.577408 0 -1.017911 2.249965 3.4 -1.017911 -2.312553 3.4 -1.017911 2.249965 3.799999 -1.017911 -2.312553 3.799999 -0.9952568 2.530436 0 -0.9952388 4.918706 5.2 -0.9952388 2.554937 5.2 -0.9945428 -4.162138 2.200001 -0.9912368 -2.59459 0.1999988 -0.9806898 2.536076 3.4 -0.9709958 3.79629 0 -0.9709958 3.79629 1.200001 -0.9320218 1.009109 4.9 -0.9320218 -1.071697 4.9 -0.9320218 1.009109 5.2 -0.9320218 -1.071697 5.2 -0.9286558 4.931693 5.133417 -0.9036138 -4.004645 1.967819 -0.8619868 4.943769 5.066748 -0.8376628 -3.890416 0 -0.8376628 -3.890416 1.200001 -0.8264418 4.949831 2.200001 -0.8150938 -3.851325 1.742693 -0.8095898 4.74985 1.200001 -0.7952388 4.954937 4.2 -0.7952388 2.754937 4.2 -0.7952388 4.954937 5 -0.7952388 2.754937 5 -0.7832658 -2.665969 3.4 -0.7832658 -2.665969 5.2 -0.7289728 -3.702158 1.524635 -0.6952388 1.181142 4.9 -0.6952388 -1.24373 4.9 -0.6952388 1.181142 5.2 -0.6952388 -1.24373 5.2 -0.6576928 2.37934 3.4 -0.6576928 -2.441928 3.4 -0.6576928 2.37934 3.799999 -0.6576928 -2.441928 3.799999 -0.6452388 -2.703372 0 -0.6452388 -3.557126 0 -0.6452388 -2.703372 0.2000007 -0.6452388 -2.906268 0.4633846 -0.6452388 -3.116136 0.7367706 -0.6452388 -3.333062 1.020187 -0.6452388 -3.557126 1.313663 -0.6042378 2.650426 0 -0.5950948 2.652486 3.4 -0.5536008 5.239212 1.9 -0.5536008 5.239212 2.200001 -0.4951707 3.886941 0 -0.4951707 3.886941 1.200001 -0.4278628 1.300185 4.9 -0.4278628 -1.362773 4.9 -0.4278628 1.300185 5.2 -0.4278628 -1.362773 5.2 -0.3934497 -2.75231 3.4 -0.3934497 -2.75231 5.2 -0.3833748 3.761158 0 -0.3833748 3.761158 1.200001 -0.2819477 2.452211 3.4 -0.2819477 -2.514799 3.4 -0.2819477 2.452211 3.799999 -0.2819477 -2.514799 3.799999 -0.2734317 5.011039 2.200001 -0.2678378 4.811039 1.200001 -0.2629078 5.011608 4.2 -0.2410467 3.671368 0 -0.2410467 3.671368 1.200001 -0.1997467 2.711091 0 -0.1966307 2.711322 3.4 -0.1415787 1.361037 4.9 -0.1415787 -1.423625 4.9 -0.1415787 1.361037 5.2 -0.1415787 -1.423625 5.2 -0.07938075 3.624635 0 -0.07938075 3.624635 1.200001 0.004761219 5.268707 1.9 0.004761219 5.268707 2.200001 0.004761219 -2.781294 3.4 0.004761219 -2.781294 5.2 0.08890318 3.624635 0 0.08890318 3.624635 1.200001 0.1005182 2.466872 3.4 0.1005182 -2.52946 3.4 0.1005182 2.466872 3.799999 0.1005182 -2.52946 3.799999 0.1511012 1.361037 4.9 0.1511012 -1.423625 4.9 0.1511012 1.361037 5.2 0.1511012 -1.423625 5.2 0.2061532 2.711322 3.4 0.2092692 2.711091 0 0.2505692 3.671368 0 0.2505692 3.671368 1.200001 0.2724303 5.011608 4.2 0.2773603 4.811039 1.200001 0.2829542 5.011039 2.200001 0.3928973 3.761158 0 0.3928973 3.761158 1.200001 0.4029722 -2.75231 3.4 0.4029722 -2.75231 5.2 0.4373853 1.300185 4.9 0.4373853 -1.362773 4.9 0.4373853 1.300185 5.2 0.4373853 -1.362773 5.2 0.4807392 2.422977 3.4 0.4807392 -2.485565 3.4 0.4807392 2.422977 3.799999 0.4807392 -2.485565 3.799999 0.5046932 3.886941 0 0.5046932 3.886941 1.200001 0.5631232 5.239212 1.9 0.5631232 5.239212 2.200001 0.6046172 2.652486 3.4 0.6137602 2.650426 0 0.6547612 -2.703372 0 0.6547612 -3.557126 0 0.6547612 -2.703372 0.2000007 0.6547612 -2.906604 0.4638214 0.6547612 -3.116589 0.7373638 0.6547612 -3.333405 1.020637 0.6547612 -3.557126 1.313665 0.7047612 1.181142 4.9 0.7047612 -1.24373 4.9 0.7047612 1.181142 5.2 0.7047612 -1.24373 5.2 0.7384052 -3.702003 1.524408 0.7927882 -2.665969 3.4 0.7927882 -2.665969 5.2 0.8047612 4.954937 4.2 0.8047612 2.754937 4.2 0.8047612 4.954937 5 0.8047612 2.754937 5 0.8191123 4.74985 1.200001 0.8244972 -3.851118 1.742392 0.8359642 4.949831 2.200001 0.8471852 -3.890416 0 0.8471852 -3.890416 1.200001 0.8498032 2.321556 3.4 0.8498032 -2.384144 3.4 0.8498032 2.321556 3.799999 0.8498032 -2.384144 3.799999 0.8715092 4.943769 5.066748 0.9130472 -4.00449 1.967592 0.9381783 4.931693 5.133417 0.9415442 1.009109 4.9 0.9415442 -1.071697 4.9 0.9415442 1.009109 5.2 0.9415442 -1.071697 5.2 0.9805182 3.79629 0 0.9805182 3.79629 1.200001 0.9902122 2.536076 3.4 1.000759 -2.59459 0.2000007 1.004065 -4.162138 2.200001 1.004779 2.530436 0 1.004761 4.918706 5.2 1.004761 2.554937 5.2 1.043897 -2.577408 0 1.075492 -4.258404 2.347481 1.095817 -3.671292 1.6 1.11527 5.151059 1.9 1.11527 5.151059 2.200001 1.137385 0.7916054 4.9 1.137385 -0.8541926 4.9 1.137385 0.7916054 5.2 1.137385 -0.8541926 5.2 1.165994 -2.524091 3.4 1.165994 -2.524091 5.2 1.171301 -4.343247 2.489302 1.199061 2.164987 3.4 1.199061 -2.227575 3.4 1.199061 2.164987 3.799999 1.199061 -2.227575 3.799999 1.283725 0.5381374 4.9 1.283725 -0.6007246 4.9 1.283725 0.5381374 5.2 1.283725 -0.6007246 5.2 1.286271 -4.412644 2.619907 1.294011 -3.76497 0 1.294011 -3.76497 1.200001 1.315132 -4.700922 1.200001 1.329432 -2.44122 0.2000007 1.350575 4.628243 1.200001 1.354666 2.364589 3.4 1.373677 2.353778 0 1.374168 0.2597824 4.9 1.374168 -0.3223696 4.9 1.374168 0.2597824 5.2 1.374168 -0.3223696 5.2 1.378884 4.82816 2.200001 1.404761 -0.03129357 4.9 1.404761 -0.03129357 5.2 1.410046 -2.39512 0 1.416189 -4.46384 2.735794 1.418208 -4.879455 2.200001 1.428214 -4.896787 1.541355 1.433323 -4.875047 2.354561 1.44167 3.64808 0 1.44167 3.64808 1.200001 1.47866 -4.861419 2.50729 1.48501 -3.531131 1.6 1.514721 -2.329667 3.4 1.514721 -2.329667 5.2 1.520325 1.956938 3.4 1.520325 -2.019526 3.4 1.520325 1.956938 3.799999 1.520325 -2.019526 3.799999 1.535716 4.781053 5.2 1.546712 -5.102031 1.9 1.546712 -5.102031 2.200001 1.55258 -4.838227 2.647291 1.567319 -4.496095 2.840458 1.635063 -2.245931 0.2000007 1.647445 -4.806656 2.766294 1.655057 5.005226 1.9 1.655057 5.005226 2.200001 1.690162 2.141704 3.4 1.712292 2.124358 0 1.723038 -3.587981 0 1.723038 -3.587981 1.200001 1.733752 -4.502371 2.924993 1.745107 -2.160541 0 1.761527 -4.765851 2.863974 1.806065 1.702287 3.4 1.806065 -1.764875 3.4 1.806065 1.702287 3.799999 1.806065 -1.764875 3.799999 1.830944 -4.524349 1.200001 1.83162 -2.086795 3.4 1.83162 -2.086795 5.2 1.856662 -3.349495 1.6 1.865031 4.447758 1.200001 1.881214 3.44454 0 1.881214 3.44454 1.200001 1.893414 -4.714828 2.939104 1.905123 4.647501 2.200001 1.906127 -4.477015 2.980337 1.912335 -2.012118 0.2000007 1.937568 -4.696779 2.200001 1.98996 -4.945456 1.9 1.98996 -4.945456 2.200001 1.989502 1.872204 3.4 2.013134 1.847252 0 2.034732 -4.655267 2.984823 2.04167 -1.878861 0 2.048609 4.586627 5.2 2.049584 1.407003 3.4 2.049584 -1.469591 3.4 2.049584 1.407003 3.799999 2.049584 -1.469591 3.799999 2.075089 -4.417206 3 2.11001 -1.800595 3.4 2.11001 -1.800595 5.2 2.128345 -3.361893 0 2.128345 -3.361893 1.200001 2.156425 -1.743849 0.2000007 2.175418 -4.590981 3 2.176477 4.803337 1.9 2.176477 4.803337 2.200001 2.206369 -3.128538 1.6 2.245175 1.078006 3.4 2.245175 -1.140594 3.4 2.245175 1.078006 3.799999 2.245175 -1.140594 3.799999 2.246264 1.561868 3.4 2.269548 1.52859 0 2.29254 3.188732 0 2.293173 -1.556309 0 2.29254 3.188732 1.200001 2.32368 -4.291001 1.200001 2.344023 -1.477099 3.4 2.344023 -1.477099 5.2 2.355979 4.210671 1.200001 2.363087 -1.44579 0.2000007 2.388252 0.7230075 3.4 2.388252 -0.7855946 3.4 2.388252 0.7230075 3.799999 2.388252 -0.7855946 3.799999 2.408295 4.410048 2.200001 2.41759 -4.750218 1.9 2.41759 -4.750218 2.200001 2.433956 -4.458652 2.200001 2.45494 1.217355 3.4 2.475862 1.175421 0 2.475462 0.3503294 3.4 2.475462 -0.4129166 3.4 2.475462 0.3503294 3.799999 2.475462 -0.4129166 3.799999 2.494053 -1.200021 0 2.504336 -3.089827 0 2.504336 -3.089827 1.200001 2.504761 -0.03129357 3.4 2.504761 -0.03129357 3.799999 2.528727 -1.123126 0.2000007 2.528727 -1.123126 3.4 2.528727 -1.123126 5.2 2.529985 -2.870878 1.6 2.537391 4.33772 5.2 2.554135 -4.157208 3 2.611053 0.8460555 3.4 2.627511 0.7955585 0 2.639867 -0.8178796 0 2.650453 -1.314198 0.4537716 2.655589 -4.329619 3 2.661142 -0.7427296 3.4 2.669463 2.884502 0 2.669463 2.884502 1.200001 2.673726 4.547639 1.9 2.673726 4.547639 2.200001 2.711255 0.4559344 3.4 2.721141 0.3974044 0 2.727388 -0.4183376 0 2.736571 -0.3470715 3.4 2.753396 0.05536037 3.4 2.75468 -0.01023358 0 2.779504 -1.516768 0.7298031 2.787113 -4.003827 1.200001 2.817217 3.919983 1.200001 2.823678 -2.579568 1.6 2.826238 -4.517858 1.9 2.826238 -4.517858 2.200001 2.845821 -2.775538 0 2.845821 -2.775538 1.200001 2.882292 4.118685 2.200001 2.901473 -4.167905 2.200001 2.916902 -1.732441 1.030142 2.996294 4.037272 5.2 3.000983 -3.845103 3 3.006314 2.536424 0 3.006314 2.536424 1.200001 3.063801 -1.963025 1.357222 3.08492 -2.256742 1.6 3.088457 -2.095501 0 3.088457 -2.095501 1.200001 3.095053 -2.263656 0 3.095053 -2.263656 1.200001 3.104695 -4.017885 3 3.128817 -1.932128 0 3.128817 -1.932128 1.200001 3.141269 4.24098 1.9 3.141269 4.24098 2.200001 3.148086 -2.423366 0 3.148086 -2.423366 1.200001 3.21296 -1.786389 0 3.21296 -1.786389 1.200001 3.212689 -4.250202 1.9 3.212689 -4.250202 2.200001 3.215388 -3.666453 1.200001 3.221513 -2.210583 1.713945 3.242916 3.579364 1.200001 3.298029 2.149734 0 3.298029 2.149734 1.200001 3.321359 3.776945 2.200001 3.334265 -1.669749 0 3.334265 -1.669749 1.200001 3.334561 -3.827994 2.200001 3.391553 -2.477493 2.103771 3.40999 -3.484829 3 3.419905 3.688826 5.2 3.483189 -1.591384 0 3.483189 -1.591384 1.200001 3.517471 -3.65943 3 3.540221 1.730246 0 3.540221 1.730246 1.200001 3.573904 3.886769 1.9 3.573904 -3.949357 1.9 3.573904 3.886769 2.200001 3.573904 -3.949357 2.200001 3.575687 -2.766525 2.530815 3.603091 -3.283143 1.200001 3.627696 3.19312 1.200001 3.648018 -1.557458 0 3.648018 -1.557458 1.200001 3.720167 3.388978 2.200001 3.728074 -3.442957 2.200001 3.729247 1.284268 0 3.729247 1.284268 1.200001 3.775989 -3.080937 3 3.781438 3.52731 1.727518 3.781438 -3.589898 1.727518 3.803227 3.296491 5.2 3.807424 -1.100055 0 3.807424 -1.100055 1.200001 3.862265 0.8185074 0 3.862265 0.8185074 1.200001 3.88908 -3.258454 3 3.88908 -3.258454 5.2 3.909647 -0.6265806 0 3.909647 -0.6265806 1.200001 3.937275 0.3399674 0 3.937275 0.3399674 1.200001 3.945324 -2.858741 1.200001 3.953148 -0.1441556 0 3.953148 -0.1441556 1.200001 3.966694 2.76613 1.200001 3.983376 3.177543 1.606562 3.983376 -3.240131 1.606562 4.073875 2.959494 2.200001 4.077334 -3.01737 2.200001 4.141737 2.864898 5.2 4.181678 2.834074 1.534864 4.181678 -2.896661 1.534864 4.21617 -2.818143 5.2 4.237763 -2.398611 1.200001 4.255629 2.303792 1.200001 4.378189 2.493706 1.51111 4.378189 -2.556294 1.51111 4.378189 2.493706 2.200001 4.378189 -2.556294 2.200001 4.431442 2.399138 5.2 4.476712 -1.908567 1.200001 4.490847 1.811946 1.200001 4.493577 -2.344955 5.2 4.618166 2.022726 1.51111 4.618166 -2.085314 1.51111 4.659152 -1.3948 1.200001 4.668923 1.904705 5.2 4.669377 1.296808 1.200001 4.718028 -1.844472 5.2 4.782776 -0.8638036 1.200001 4.788964 0.7648875 1.200001 4.807596 1.529242 1.51111 4.807596 -1.59183 1.51111 4.846023 -0.3222866 1.200001 4.848095 0.2229064 1.200001 4.85138 1.387433 5.2 4.886875 -1.322599 5.2 4.944407 1.01866 1.51111 4.944407 -1.081248 1.51111 4.976659 0.8534234 5.2 4.998125 -0.7854906 5.2 5.027097 0.4965754 1.51111 5.027097 -0.5591626 1.51111 5.043284 0.3089764 5.2 5.050468 -0.2394856 5.2 5.054761 -0.03129357 1.51111</float_array>
          <technique_common>
            <accessor source="#XL-430_new_TOP-mesh-positions-array" count="1712" stride="3">
              <param name="X" type="float"/>
              <param name="Y" type="float"/>
              <param name="Z" type="float"/>
            </accessor>
          </technique_common>
        </source>
        <source id="XL-430_new_TOP-mesh-normals">
          <float_array id="XL-430_new_TOP-mesh-normals-array" count="8553">-0.9943347 0.1062948 0 -1 -1.34426e-6 0 -1 1.34426e-6 0 -0.9943347 -0.1062948 0 -0.9943349 -0.106293 0 -0.9774033 -0.2113832 0 -0.9774038 -0.2113813 0 -0.9493972 -0.314078 0 -0.9493983 -0.3140747 0 -0.9106338 -0.4132146 0 -0.9106353 -0.413211 0 -0.8615534 -0.5076671 0 -0.861555 -0.5076643 0 -0.8027109 -0.5963684 0 -0.8027128 -0.5963658 0 -0.7347732 -0.6783129 0 -0.7347751 -0.6783109 0 -0.6585106 -0.7525715 0 -0.6585122 -0.75257 0 -0.5747866 -0.8183034 0 -0.5747886 -0.818302 0 -0.48455 -0.8747636 0 -0.4845525 -0.8747622 0 -0.3888231 -0.9213125 0 -0.3888258 -0.9213113 0 -0.2886906 -0.9574224 0 -0.2886933 -0.9574217 0 -0.1852875 -0.9826844 0 -0.1852901 -0.9826838 0 -0.07978457 -0.9968121 0 -0.07978731 -0.9968119 0 0.02662211 -0.9996457 0 0.02661943 -0.9996457 0 0.1327269 -0.9911527 0 0.1327242 -0.991153 0 0.237328 -0.9714297 0 0.2373253 -0.9714303 0 0.33924 -0.9406999 0 0.3392373 -0.940701 0 0.4373087 -0.8993116 0 0.4373061 -0.8993128 0 0.5304226 -0.8477334 0 0.53042 -0.847735 0 0.6175259 -0.7865505 0 0.6175236 -0.7865523 0 0.6976323 -0.7164559 0 0.6976307 -0.7164576 0 0.7698346 -0.6382435 0 0.769833 -0.6382456 0 0.8333142 -0.5527997 0 0.8333131 -0.5528014 0 0.8873528 -0.4610914 0 0.8873516 -0.4610936 0 0.9313367 -0.3641594 0 0.9313355 -0.3641625 0 0.9647684 -0.2631006 0 0.9647676 -0.263104 0 0.9872688 -0.1590611 0 0.9872681 -0.1590653 0 0.9985828 -0.05322057 0 0.9985826 -0.05322408 0 0.9985826 0.05322408 0 0.9985828 0.05322057 0 0.9872681 0.1590653 0 0.9872688 0.1590611 0 0.9647676 0.263104 0 0.9647685 0.2631006 0 0.9313355 0.3641625 0 0.9313367 0.3641594 0 0.8873517 0.4610934 0 0.8873528 0.4610914 0 0.8333131 0.5528013 0 0.8333142 0.5527997 0 0.769833 0.6382456 0 0.7698346 0.6382435 0 0.6976305 0.7164579 0 0.6976321 0.7164562 0 0.6175234 0.7865526 0 0.6175257 0.7865508 0 0.53042 0.847735 0 0.5304226 0.8477334 0 0.4373061 0.8993128 0 0.4373087 0.8993116 0 0.3392373 0.940701 0 0.33924 0.9406999 0 0.2373253 0.9714303 0 0.237328 0.9714297 0 0.1327242 0.991153 0 0.1327269 0.9911527 0 0.02661943 0.9996457 0 0.02662211 0.9996457 0 -0.07978731 0.9968119 0 -0.07978457 0.9968121 0 -0.1852901 0.9826838 0 -0.1852875 0.9826844 0 -0.2886933 0.9574217 0 -0.2886906 0.9574224 0 -0.3888258 0.9213113 0 -0.3888231 0.9213125 0 -0.4845525 0.8747622 0 -0.48455 0.8747636 0 -0.5747883 0.8183022 0 -0.5747863 0.8183036 0 -0.658512 0.7525703 0 -0.6585103 0.7525717 0 -0.7347751 0.6783108 0 -0.7347732 0.6783129 0 -0.8027129 0.5963658 0 -0.802711 0.5963684 0 -0.861555 0.5076643 0 -0.8615533 0.5076672 0 -0.9106354 0.413211 0 -0.9106338 0.4132145 0 -0.9493983 0.3140746 0 -0.9493972 0.314078 0 -0.9774038 0.2113813 0 -0.9774033 0.2113832 0 -0.9943349 0.1062929 0 0 0 -1 0 0 -1 0 0 -1 0 0 -1 0 0 -1 0 0 -1 0 0 -1 0 0 -1 0 0 -1 0 0 -1 0 0 -1 0 0 -1 0 0 -1 0 0 -1 0 0 -1 0 0 -1 0 0 -1 0 0 -1 0 0 -1 0 0 -1 0 0 -1 0 0 -1 0 0 -1 0 0 -1 0 0 -1 0 0 -1 0 0 -1 0 0 -1 0.1361671 0.990686 0 0.1361657 0.9906862 0 6.86985e-7 1 0 -7.01248e-7 1 0 -0.1361656 0.9906862 0 -0.136167 0.9906859 0 -0.2697959 0.9629176 0 -0.2697972 0.9629172 0 -0.398401 0.9172114 0 -0.3984022 0.9172108 0 -0.5195835 0.8544197 0 -0.5195845 0.8544192 0 -0.6310876 0.7757117 0 -0.6310884 0.7757109 0 -0.7308353 0.6825538 0 -0.7308365 0.6825527 0 -0.8169691 0.5766814 0 -0.8169701 0.5766801 0 -0.8878847 0.460066 0 -0.8878855 0.4600647 0 -0.942261 0.3348797 0 -0.9422612 0.3348789 0 -0.979084 0.2034568 0 -0.9790841 0.203456 0 -0.9976688 0.06824344 0 -0.9976689 0.06824207 0 -0.9976689 -0.06824207 0 -0.9976688 -0.06824344 0 -0.9790841 -0.203456 0 -0.979084 -0.2034568 0 -0.9422612 -0.334879 0 -0.942261 -0.3348797 0 -0.8878855 -0.4600648 0 -0.8878849 -0.4600659 0 -0.8169702 -0.57668 0 -0.8169693 -0.5766813 0 -0.7308365 -0.6825526 0 -0.7308356 -0.6825537 0 -0.6310884 -0.7757109 0 -0.6310876 -0.7757117 0 -0.5195846 -0.8544191 0 -0.5195835 -0.8544197 0 -0.3984022 -0.9172108 0 -0.398401 -0.9172114 0 -0.2697972 -0.9629172 0 -0.2697959 -0.9629176 0 -0.136167 -0.9906859 0 -0.1361657 -0.9906862 0 -6.96493e-7 -1 0 6.91739e-7 -1 0 0.1361657 -0.9906862 0 0.1361671 -0.990686 0 0.2697959 -0.9629176 0 0.2697972 -0.9629172 0 0.398401 -0.9172114 0 0.3984022 -0.9172108 0 0.5195835 -0.8544197 0 0.5195845 -0.8544192 0 0.6310876 -0.7757117 0 0.6310884 -0.7757109 0 0.7308356 -0.6825537 0 0.7308365 -0.6825526 0 0.8169692 -0.5766813 0 0.8169702 -0.57668 0 0.8878847 -0.460066 0 0.8878855 -0.4600647 0 0.942261 -0.3348797 0 0.9422612 -0.3348789 0 0.979084 -0.2034568 0 0.9790841 -0.203456 0 0.9976688 -0.06824344 0 0.9976689 -0.06824207 0 0.9976689 0.06824207 0 0.9976688 0.06824344 0 0.9790841 0.203456 0 0.979084 0.2034568 0 0.9422612 0.334879 0 0.942261 0.3348797 0 0.8878855 0.4600648 0 0.8878849 0.4600659 0 0.8169701 0.5766801 0 0.8169692 0.5766814 0 0.7308364 0.6825528 0 0.7308354 0.6825538 0 0.6310884 0.7757109 0 0.6310876 0.7757117 0 0.5195846 0.8544191 0 0.5195835 0.8544197 0 0.3984022 0.9172108 0 0.398401 0.9172114 0 0.2697972 0.9629172 0 0.2697959 0.9629175 0 0 0 -1 0 0 -1 0 0 -1 0 0 -1 0 0 -1 -1.36442e-7 0 -1 0 0 -1 0 0 -1 0 0 -1 0 0 -1 0 0 -1 0 0 -1 0 0 -1 0 0 -1 0 0 -1 0 0 -1 0 0 -1 1.21485e-7 0 -1 0 0 -1 0 0 -1 0 0 -1 0 0 -1 0 0 -1 0 0 -1 0 0 -1 0 0 -1 0 0 -1 1.38462e-7 0 -1 0 0 -1 0 0 -1 0 0 -1 2.11381e-7 0 -1 0 0 -1 1.46947e-7 0 -1 0 0 -1 0 0 -1 0 0 -1 0 0 -1 0 0 -1 0 0 -1 0 0 -1 0 0 -1 0 0 -1 0 0 -1 1.36442e-7 0 -1 0 0 -1 0 0 -1 0 0 -1 0 0 -1 1.31222e-7 0 -1 -1.58732e-7 0 -1 0 0 -1 -1.62696e-7 0 -1 0 0 -1 0 0 -1 0 0 -1 -1.21485e-7 0 -1 0 0 -1 0 0 -1 0 0 -1 0 0 -1 0 0 -1 0 0 -1 0 0 -1 0 0 -1 0 0 -1 -1.38462e-7 0 -1 0 0 -1 0 0 -1 0 0 -1 -2.11381e-7 0 -1 0 0 -1 -1.81621e-7 0 -1 0 0 -1 0 0 -1 0 0 -1 0 0 -1 0 0 -1 0.9888312 -0.1490406 0 0.9888306 -0.149044 0 1 1.52212e-6 0 1 -1.52212e-6 0 0.9888306 0.149044 0 0.9888311 0.1490406 0 0.9555723 0.2947571 0 0.9555735 0.294753 0 0.900968 0.4338855 0 0.90097 0.4338817 0 0.826238 0.5633212 0 0.82624 0.5633183 0 0.7330507 0.6801741 0 0.7330532 0.6801714 0 0.6234882 0.7818329 0 0.6234914 0.7818304 0 0.4999981 0.8660266 0 0.5000016 0.8660246 0 0.3653389 0.9308746 0 0.3653426 0.9308732 0 0.2225189 0.9749284 0 0.2225227 0.9749275 0 0.07472801 0.997204 0 0.07473188 0.9972038 0 -0.07473188 0.9972038 0 -0.07472801 0.997204 0 -0.2225227 0.9749275 0 -0.2225189 0.9749284 0 -0.3653426 0.9308732 0 -0.3653389 0.9308746 0 -0.5000016 0.8660246 0 -0.4999981 0.8660265 0 -0.6234913 0.7818303 0 -0.6234881 0.781833 0 -0.7330534 0.6801711 0 -0.7330504 0.6801744 0 -0.8262405 0.5633177 0 -0.8262376 0.5633218 0 -0.9009701 0.4338814 0 -0.9009678 0.4338859 0 -0.9555735 0.294753 0 -0.9555723 0.2947571 0 -0.9888312 0.1490401 0 -0.9888305 0.1490443 0 -1 -2.39495e-6 0 -1 2.39495e-6 0 -0.9888305 -0.1490444 0 -0.9888312 -0.1490401 0 -0.9555723 -0.2947572 0 -0.9555735 -0.294753 0 -0.9009678 -0.4338859 0 -0.9009701 -0.4338814 0 -0.8262376 -0.5633218 0 -0.8262405 -0.5633177 0 -0.7330505 -0.6801742 0 -0.7330535 -0.680171 0 -0.6234883 -0.7818328 0 -0.6234916 -0.7818302 0 -0.4999981 -0.8660265 0 -0.5000016 -0.8660245 0 -0.3653389 -0.9308746 0 -0.3653426 -0.9308732 0 -0.2225189 -0.9749284 0 -0.2225227 -0.9749275 0 -0.07472801 -0.997204 0 -0.07473188 -0.9972038 0 0.07473188 -0.9972038 0 0.07472801 -0.997204 0 0.2225227 -0.9749275 0 0.2225189 -0.9749284 0 0.3653426 -0.9308732 0 0.3653389 -0.9308746 0 0.5000016 -0.8660245 0 0.4999982 -0.8660265 0 0.6234915 -0.7818302 0 0.6234884 -0.7818326 0 0.7330533 -0.6801713 0 0.7330508 -0.6801739 0 0.82624 -0.5633183 0 0.826238 -0.5633212 0 0.90097 -0.4338817 0 0.900968 -0.4338855 0 0.9555735 -0.294753 0 0.9555723 -0.2947571 0 -5.0932e-7 0 1 0 0 1 0 0 1 0 0 1 -6.31469e-7 0 1 5.90843e-7 0 1 0 0 1 6.35734e-7 0 1 1.51608e-7 0 1 0 0 1 -3.86116e-7 0 1 1.33691e-7 0 1 -4.18442e-7 0 1 2.38809e-7 0 1 0 0 1 0 0 1 0 0 1 -2.95337e-7 0 1 0 0 1 -5.78177e-7 0 1 4.67425e-7 0 1 -1.20025e-6 0 1 2.02253e-7 0 1 -1.21892e-6 0 1 0 0 1 -1.30794e-7 0 1 -2.85012e-7 0 1 2.70045e-7 0 1 0 0 1 2.09915e-7 0 1 -3.39572e-7 0 1 2.16684e-7 0 1 8.54792e-7 0 1 7.0296e-7 0 1 1.39498e-7 0 1 0 0 1 0 0 1 4.90267e-7 0 1 -5.05659e-7 0 1 -1.31431e-7 0 1 4.4912e-7 0 1 -2.52116e-7 0 1 2.88277e-7 0 1 0 0 1 0 0 1 -6.20807e-7 0 1 1.88444e-7 0 1 2.11904e-7 0 1 -2.72568e-7 0 1 -2.1597e-7 0 1 3.01794e-7 0 1 1.79854e-7 0 1 0 0 1 0 0 1 7.53514e-7 0 1 0 0 1 1.06373e-6 0 1 3.86115e-7 0 1 -5.22298e-7 0 1 4.1844e-7 0 1 -3.26725e-7 0 1 1.39633e-7 0 1 1.61693e-7 0 1 0 0 1 0 0 1 0 0 1 4.00988e-7 0 1 0 0 1 1.23276e-7 0 1 0 0 1 -2.09915e-7 0 1 0 0 1 2.33797e-7 0 1 0 0 1 -2.70045e-7 0 1 2.85012e-7 0 1 1.30794e-7 0 1 3.35975e-7 0 1 0 0 1 0 0 1 0 0 1 0 0 1 0 0 1 0 0 1 0 0 1 -4.90267e-7 0 1 5.0566e-7 0 1 -3.22619e-7 0 1 1.60172e-6 0 1 -2.62736e-7 0 1 -6.46283e-7 0 1 -1.19563e-7 0 1 1.27705e-7 0 1 0 0 1 -2.68604e-7 0 1 1.53359e-7 0 1 -2.88555e-7 0 1 0 0 1 0 0 1 1.48571e-7 0 1 0 0 1 6.42307e-7 0 1 -5.00069e-7 0 1 1.28506e-6 0 1 -6.96415e-7 0 1 5.16128e-7 0 1 0 0 1 -1.69198e-7 0 1 0 0 1 -1.6329e-7 0 1 -2.17817e-7 0 1 -2.26593e-7 0 1 -1.81303e-7 0 1 4.73044e-7 0 1 -2.24717e-7 0 1 0 0 1 -1.37609e-7 0 1 0 0 1 3.80994e-7 0 1 0 0 1 2.21013e-7 0 1 1.62885e-7 0 1 0 0 1 0 0 1 2.83357e-7 0 1 0 0 1 -3.33352e-7 0 1 0 0 1 -3.80995e-7 0 1 -2.23687e-7 0 1 0 0 1 0 0 1 2.24717e-7 0 1 1.36167e-7 0 1 0 0 1 0 0 1 0 0 1 1.31477e-7 0 1 0 0 1 1.53231e-7 0 1 -5.94497e-7 0 1 0 0 1 0 0 1 0 0 1 3.08496e-7 0 1 0 0 1 1.21523e-7 0 1 1.44054e-7 0 1 1.69199e-7 0 1 0 0 1 1.6329e-7 0 1 0 0 1 0 0 1 1.24658e-7 0 1 0 0 1 -4.73045e-7 0 1 -3.54089e-7 0 1 0 0 1 1.37609e-7 0 1 0 0 1 -3.80994e-7 0 1 0 0 1 -2.21013e-7 0 1 -1.62885e-7 0 1 0 0 1 0 0 1 -2.83357e-7 0 1 0 0 1 3.33352e-7 0 1 3.80995e-7 0 1 2.23687e-7 0 1 1.21305e-7 0 1 0 0 1 0 0 1 0 0 1 -4.6592e-7 0 1 0 0 1 -1.31477e-7 0 1 0 0 1 -1.53231e-7 0 1 0 0 1 -4.99492e-7 0 1 -3.68798e-7 0 1 -4.38701e-7 0 1 -4.53762e-7 0 1 -8.25732e-7 0 1 2.00734e-7 0 1 -5.04714e-7 0 1 -4.27897e-7 0 1 -6.60804e-7 0 1 5.04616e-7 0 1 7.3351e-7 0 1 -6.80641e-7 0 1 4.81613e-7 0 1 -5.96214e-7 0 1 0 0 1 -8.24395e-7 0 1 0 0 1 4.99492e-7 0 1 3.68799e-7 0 1 4.38701e-7 0 1 4.53762e-7 0 1 0 0 1 -4.02414e-7 0 1 0 0 1 4.27897e-7 0 1 2.49745e-7 0 1 6.45398e-7 0 1 1.43893e-7 0 1 6.2101e-7 0 1 -1.38982e-6 0 1 2.41997e-6 0 1 1.16715e-6 0 1 -5.36753e-7 0 1 -5.56374e-7 0 1 5.29396e-7 0 1 1.56181e-7 0 1 7.04305e-7 0 1 -9.3197e-7 0 1 4.4223e-7 0 1 5.22442e-7 0 1 1.2905e-6 0 1 5.36752e-7 0 1 5.56373e-7 0 1 -5.29395e-7 0 1 -1.56181e-7 0 1 -7.04305e-7 0 1 7.15132e-7 0 1 5.22441e-7 0 1 0.9458172 -0.3246997 0 0.9458179 -0.3246979 0 1 -7.11694e-7 0 1 1.1541e-6 0 0.9458179 0.3246979 0 0.9458172 0.3246995 0 0.7891408 0.6142123 0 0.7891396 0.6142138 0 0.5469495 0.8371657 0 0.5469477 0.8371668 0 0.2454862 0.9694002 0 0.2454844 0.9694006 0 -0.08257991 0.9965845 0 -0.08258175 0.9965844 0 -0.4016926 0.9157746 0 -0.4016944 0.9157738 0 -0.6772804 0.735725 0 -0.677282 0.7357235 0 -0.8794739 0.4759471 0 -0.8794749 0.4759452 0 -0.9863613 0.1645947 0 -0.9863616 0.1645931 0 -0.9863615 -0.1645935 0 -0.9863613 -0.1645952 0 -0.8794747 -0.4759457 0 -0.8794738 -0.4759474 0 -0.677282 -0.7357235 0 -0.6772804 -0.735725 0 -0.4016963 -0.915773 0 -0.4016945 -0.9157738 0 -0.08258026 -0.9965844 0 -0.08257842 -0.9965847 0 0.245486 -0.9694002 0 0.2454878 -0.9693997 0 0.5469461 -0.8371679 0 0.5469478 -0.8371667 0 0.7891394 -0.6142141 0 0.7891407 -0.6142125 0 0.6756918 0.2084174 -0.7071088 0.7071078 0 -0.7071058 0.7070994 0 -0.7071142 0.6756919 -0.2084165 -0.707109 0.6687957 -0.2296025 -0.7071033 0.5842256 -0.3983315 -0.7071157 0.5579991 -0.4343032 -0.7071193 0.4408753 -0.5528405 -0.7071042 0.3867382 -0.5919551 -0.7071228 0.2583366 -0.6582245 -0.7071087 0.1735809 -0.6854687 -0.7071085 0.0528444 -0.7051448 -0.7070915 -0.05838513 -0.7046799 -0.7071192 -0.1573448 -0.6893734 -0.7071117 -0.2840257 -0.6475313 -0.7071298 -0.3535478 -0.6123696 -0.7071121 -0.4789127 -0.5202406 -0.7071014 -0.5183629 -0.4809467 -0.7070999 -0.6218909 -0.3365551 -0.7070943 -0.6370965 -0.3067875 -0.7070994 -0.697461 -0.1163908 -0.7071079 -0.699208 -0.1053907 -0.7071075 -0.6992073 0.1053864 -0.7071089 -0.6974688 0.1163966 -0.7070991 -0.6370632 0.3068123 -0.7071186 -0.6218624 0.33654 -0.7071266 -0.5183627 0.4809484 -0.7070989 -0.4789108 0.5202428 -0.7071012 -0.3535488 0.61237 -0.7071113 -0.2840444 0.6475576 -0.7070983 -0.1573453 0.6893713 -0.7071136 -0.05838841 0.7046784 -0.7071204 0.05284386 0.7051444 -0.7070919 0.1735807 0.6854715 -0.7071058 0.2583394 0.6582268 -0.7071056 0.3867388 0.5919585 -0.7071198 0.4408761 0.5528415 -0.707103 0.5579981 0.4343037 -0.70712 0.5842248 0.3983321 -0.707116 0.6687948 0.2296023 -0.7071042 0.3246995 0.9458172 0 0.3246985 0.9458176 0 9.71366e-7 1 0 -1.18295e-6 1 0 -0.3246969 0.9458182 0 -0.3247004 0.9458169 0 -0.6142107 0.7891421 0 -0.6142153 0.7891386 0 -0.8371655 0.5469496 0 -0.8371672 0.5469471 0 -0.9693999 0.2454871 0 -0.9694008 0.2454835 0 -0.9965847 -0.082578 0 -0.9965842 -0.08258306 0 -0.9157752 -0.4016911 0 -0.9157733 -0.4016954 0 -0.7357254 -0.67728 0 -0.735723 -0.6772826 0 -0.4759469 -0.8794741 0 -0.4759458 -0.8794746 0 -0.164595 -0.9863613 0 -0.1645926 -0.9863616 0 0.1645938 -0.9863615 0 0.1645951 -0.9863613 0 0.4759457 -0.8794747 0 0.4759479 -0.8794736 0 0.7357233 -0.6772823 0 0.7357254 -0.6772801 0 0.9157726 -0.4016975 0 0.915774 -0.4016941 0 0.9965844 -0.08258122 0 0.9965847 -0.08257776 0 0.9694 0.2454869 0 0.9693999 0.2454872 0 0.8371673 0.546947 0 0.8371672 0.5469472 0 0.6142138 0.7891398 0 0.6142129 0.7891404 0 -0.2084174 0.6756923 -0.7071083 0 0.7071079 -0.7071056 -4.86733e-7 0.7070993 -0.7071144 0.2084167 0.675692 -0.7071087 0.2295872 0.6687664 -0.707136 0.3983294 0.5842262 -0.7071163 0.4343001 0.5580015 -0.7071195 0.5528384 0.440877 -0.7071049 0.5919541 0.38674 -0.7071228 0.658222 0.2583386 -0.7071104 0.6854683 0.1735814 -0.7071088 0.705144 0.05284285 -0.7070924 0.7046798 -0.05838859 -0.7071189 0.6893725 -0.1573473 -0.707112 0.64753 -0.2840287 -0.70713 0.6123688 -0.3535491 -0.7071121 0.5202406 -0.478913 -0.7071012 0.4809473 -0.5183635 -0.707099 0.3365567 -0.62189 -0.7070944 0.3067877 -0.6370967 -0.7070993 0.1163905 -0.6974613 -0.7071075 0.1053907 -0.6992087 -0.7071068 -0.1053869 -0.6992075 -0.7071086 -0.1163977 -0.6974687 -0.707099 -0.3067873 -0.6370975 -0.7070987 -0.3365428 -0.6218615 -0.7071262 -0.4809478 -0.5183637 -0.7070986 -0.5202413 -0.4789131 -0.7071006 -0.612369 -0.3535507 -0.7071112 -0.6475568 -0.284047 -0.707098 -0.6893711 -0.1573455 -0.7071138 -0.7046789 -0.05838745 -0.70712 -0.7051135 0.05283665 -0.7071233 -0.6854714 0.1735814 -0.7071057 -0.6582242 0.2583405 -0.7071076 -0.5919554 0.3867414 -0.7071208 -0.5528392 0.4408772 -0.7071042 -0.4343026 0.5579991 -0.7071197 -0.3983308 0.5842251 -0.7071165 -0.2295878 0.6687663 -0.7071358 -0.9458172 0.3246998 0 -0.9458178 0.324698 0 -1 7.30929e-7 0 -1 -1.1541e-6 0 -0.9458178 -0.324698 0 -0.9458172 -0.3246996 0 -0.7891408 -0.6142123 0 -0.7891396 -0.6142138 0 -0.5469495 -0.8371657 0 -0.5469478 -0.8371669 0 -0.2454862 -0.9694002 0 -0.2454844 -0.9694005 0 0.08257991 -0.9965845 0 0.08258175 -0.9965844 0 0.4016926 -0.9157746 0 0.4016944 -0.9157738 0 0.6772803 -0.7357251 0 0.677282 -0.7357235 0 0.8794739 -0.4759471 0 0.8794749 -0.4759452 0 0.9863613 -0.1645947 0 0.9863616 -0.1645931 0 0.9863615 0.1645935 0 0.9863613 0.1645952 0 0.8794747 0.4759457 0 0.8794738 0.4759474 0 0.677282 0.7357235 0 0.6772803 0.7357251 0 0.4016963 0.915773 0 0.4016945 0.9157738 0 0.08258026 0.9965844 0 0.08257842 0.9965847 0 -0.245486 0.9694002 0 -0.2454878 0.9693997 0 -0.5469461 0.8371679 0 -0.5469478 0.8371667 0 -0.7891394 0.6142141 0 -0.7891407 0.6142125 0 -0.675692 -0.2084177 -0.7071086 -0.7071086 0 -0.7071051 -0.7070991 1.21829e-7 -0.7071144 -0.6756917 0.2084167 -0.7071091 -0.6687953 0.2296025 -0.7071037 -0.5842256 0.3983314 -0.7071157 -0.5579991 0.4343031 -0.7071194 -0.4408748 0.5528396 -0.7071052 -0.3867379 0.5919548 -0.7071233 -0.2583362 0.6582233 -0.70711 -0.1735809 0.6854686 -0.7071086 -0.05284428 0.7051443 -0.7070919 0.05838525 0.7046805 -0.7071185 0.1573449 0.6893739 -0.7071112 0.2840258 0.6475318 -0.7071294 0.353548 0.6123699 -0.7071117 0.4789128 0.5202407 -0.7071012 0.5183634 0.4809472 -0.7070992 0.6218912 0.3365553 -0.7070941 0.6370969 0.3067879 -0.7070989 0.697461 0.1163908 -0.7071078 0.6992081 0.1053909 -0.7071074 0.699207 -0.1053865 -0.7071092 0.6974684 -0.1163965 -0.7070996 0.6370626 -0.3068122 -0.7071192 0.6218621 -0.33654 -0.7071269 0.5183629 -0.4809486 -0.7070986 0.4789111 -0.520243 -0.7071007 0.3535488 -0.61237 -0.7071112 0.2840444 -0.6475577 -0.7070982 0.1573453 -0.6893713 -0.7071137 0.05838847 -0.704678 -0.7071208 -0.05284398 -0.7051448 -0.7070916 -0.1735806 -0.6854715 -0.7071058 -0.2583395 -0.6582273 -0.7071051 -0.3867384 -0.5919579 -0.7071205 -0.4408759 -0.5528413 -0.7071033 -0.557998 -0.4343034 -0.7071201 -0.5842251 -0.3983323 -0.7071157 -0.6687943 -0.2296023 -0.7071047 -0.3246996 -0.9458173 0 -0.3246983 -0.9458177 0 -9.52131e-7 -1 0 1.20219e-6 -1 0 0.3246971 -0.9458181 0 0.3247003 -0.9458169 0 0.6142107 -0.7891421 0 0.6142153 -0.7891386 0 0.8371656 -0.5469495 0 0.8371672 -0.5469471 0 0.9693999 -0.245487 0 0.9694008 -0.2454835 0 0.9965847 0.08257806 0 0.9965842 0.08258312 0 0.9157752 0.4016912 0 0.9157733 0.4016954 0 0.7357262 0.6772792 0 0.7357224 0.6772832 0 0.4759478 0.8794735 0 0.4759449 0.8794751 0 0.1645951 0.9863613 0 0.1645927 0.9863617 0 -0.1645933 0.9863616 0 -0.1645957 0.9863612 0 -0.4759453 0.879475 0 -0.4759485 0.8794733 0 -0.7357233 0.6772823 0 -0.7357254 0.6772801 0 -0.9157726 0.4016975 0 -0.9157739 0.4016941 0 -0.9965844 0.08258128 0 -0.9965847 0.08257776 0 -0.9694 -0.2454868 0 -0.9693999 -0.2454872 0 -0.8371673 -0.5469469 0 -0.8371672 -0.5469472 0 -0.6142138 -0.7891398 0 -0.6142129 -0.7891404 0 0.2084173 -0.6756929 -0.7071079 0 -0.707108 -0.7071056 4.75906e-7 -0.7070991 -0.7071145 -0.2084168 -0.6756923 -0.7071086 -0.2295873 -0.6687669 -0.7071356 -0.3983296 -0.5842263 -0.7071161 -0.4343001 -0.5580015 -0.7071194 -0.5528385 -0.440877 -0.7071048 -0.5919538 -0.3867406 -0.7071226 -0.658222 -0.2583385 -0.7071104 -0.6854683 -0.1735814 -0.7071088 -0.7051441 -0.05284208 -0.7070924 -0.7046797 0.05838859 -0.7071191 -0.6893723 0.1573473 -0.7071122 -0.6475297 0.2840287 -0.7071301 -0.6123687 0.3535492 -0.7071122 -0.5202406 0.478913 -0.7071012 -0.4809473 0.5183635 -0.707099 -0.3365569 0.6218899 -0.7070944 -0.3067877 0.6370965 -0.7070994 -0.1163904 0.697461 -0.7071079 -0.1053905 0.6992086 -0.707107 0.1053867 0.699207 -0.7071091 0.1163976 0.6974684 -0.7070994 0.3067875 0.6370971 -0.7070989 0.3365429 0.621862 -0.7071256 0.480948 0.5183631 -0.7070989 0.5202412 0.4789132 -0.7071006 0.6123689 0.3535501 -0.7071115 0.6475564 0.2840477 -0.707098 0.6893709 0.1573457 -0.707114 0.7046788 0.05838823 -0.70712 0.7051134 -0.05283737 -0.7071233 0.6854713 -0.1735814 -0.7071058 0.6582241 -0.2583414 -0.7071074 0.5919554 -0.3867415 -0.7071209 0.5528392 -0.4408772 -0.7071041 0.4343031 -0.5579987 -0.7071198 0.398331 -0.5842252 -0.7071163 0.2295879 -0.6687661 -0.707136 0.3612426 0.9324719 0 1.5441e-6 1 0 -8.10654e-7 1 0 -0.3612421 0.9324721 0 -0.3612428 0.9324719 0 -0.6736949 0.7390096 0 -0.6736943 0.7390102 0 -0.8951627 0.4457396 0 -0.8951635 0.445738 0 -0.9957342 0.09226804 0 -0.9957345 0.09226489 0 -0.9618257 -0.2736627 0 -0.9618254 -0.2736642 0 -0.7980181 -0.6026335 0 -0.7980171 -0.6026348 0 -0.5264328 -0.8502169 0 -0.5264302 -0.8502184 0 -0.1837501 -0.982973 0 -0.1837471 -0.9829736 0 0.1837484 -0.9829734 0 0.1837502 -0.982973 0 0.5264303 -0.8502184 0 0.5264317 -0.8502175 0 0.7980155 -0.6026371 0 0.7980178 -0.602634 0 0.9618249 -0.2736657 0 0.961826 -0.2736619 0 0.9957343 0.09226751 0 0.9957342 0.09226822 0 0.8951625 0.4457403 0 0.8951621 0.4457409 0 0.6736956 0.739009 0 0.6736939 0.7390106 0 0.3612446 0.9324712 0 -0.2296005 0.6687917 -0.7071077 1.90886e-7 0.7071093 -0.7071043 -3.11004e-7 0.7070994 -0.7071142 0.2296006 0.6687908 -0.7071086 0.255434 0.6593466 -0.7071179 0.4343031 0.5580373 -0.7070893 0.476368 0.5225574 -0.7071119 0.591967 0.3867513 -0.7071058 0.6329581 0.3151704 -0.7071292 0.6854642 0.173577 -0.7071138 0.7040892 0.06524103 -0.7071082 0.704698 -0.05839109 -0.7071007 0.6801179 -0.193513 -0.7071014 0.6475527 -0.2840477 -0.7071014 0.5642777 -0.4261296 -0.7071099 0.5202355 -0.4788982 -0.707115 0.3722437 -0.6011953 -0.707106 0.3365308 -0.6219056 -0.707093 0.1299268 -0.6950652 -0.7071093 0.1163997 -0.6974602 -0.7071071 -0.1163952 -0.6974575 -0.7071105 -0.1299155 -0.6950469 -0.7071293 -0.336551 -0.621871 -0.7071138 -0.3722429 -0.6011962 -0.7071057 -0.5202358 -0.4788981 -0.7071149 -0.5642773 -0.4261294 -0.7071104 -0.6475524 -0.2840458 -0.7071025 -0.6801156 -0.1935128 -0.7071037 -0.7046961 -0.05839121 -0.7071024 -0.7040882 0.06524026 -0.7071093 -0.6854643 0.1735767 -0.7071138 -0.6329585 0.3151701 -0.7071291 -0.5919682 0.3867507 -0.7071051 -0.4763684 0.5225569 -0.707112 -0.4343045 0.558037 -0.7070887 -0.255434 0.6593461 -0.7071182 -0.9324719 0.3612425 0 -1 6.17641e-7 0 -1 0 0 -0.9324725 -0.3612412 0 -0.9324715 -0.361244 0 -0.739011 -0.6736934 0 -0.7390084 -0.6736962 0 -0.4457399 -0.8951626 0 -0.4457381 -0.8951634 0 -0.09226787 -0.9957343 0 -0.09226602 -0.9957345 0 0.2736628 -0.9618257 0 0.2736642 -0.9618254 0 0.6026342 -0.7980176 0 0.6026345 -0.7980175 0 0.8502171 -0.5264323 0 0.8502177 -0.5264314 0 0.982973 -0.1837502 0 0.9829735 -0.1837478 0 0.9829735 0.1837481 0 0.982973 0.1837505 0 0.8502181 0.5264307 0 0.8502175 0.5264316 0 0.6026353 0.7980169 0 0.602635 0.798017 0 0.273665 0.9618251 0 0.2736635 0.9618256 0 -0.09226667 0.9957343 0 -0.09226858 0.9957342 0 -0.4457401 0.8951625 0 -0.4457417 0.8951616 0 -0.739008 0.6736966 0 -0.7390106 0.6736938 0 -0.9324708 0.3612453 0 -0.6687908 -0.2295997 -0.7071089 -0.7071089 0 -0.7071048 -0.7070994 -2.66882e-7 -0.7071143 -0.6688155 0.2295639 -0.7070971 -0.6593464 0.2554345 -0.7071177 -0.5580374 0.4343027 -0.7070895 -0.5225577 0.4763683 -0.7071115 -0.3867512 0.5919671 -0.7071057 -0.3151854 0.6329855 -0.7070981 -0.1735765 0.6854637 -0.7071143 -0.06523984 0.7040893 -0.7071082 0.05839002 0.7046984 -0.7071003 0.1935089 0.680119 -0.7071015 0.2840437 0.6475554 -0.7071006 0.4261297 0.5642777 -0.7071098 0.4788987 0.5202369 -0.7071136 0.6011956 0.3722428 -0.7071062 0.6218715 0.3365546 -0.7071116 0.6950638 0.1299279 -0.7071104 0.6974578 0.1164 -0.7071093 0.6974579 -0.1163958 -0.7071099 0.6950478 -0.1299169 -0.7071281 0.6218723 -0.3365547 -0.707111 0.6011971 -0.3722421 -0.7071053 0.4788985 -0.5202381 -0.707113 0.4261288 -0.5642778 -0.7071103 0.2840454 -0.6475536 -0.7071015 0.1935142 -0.6801152 -0.7071037 0.05839228 -0.7046971 -0.7071014 -0.06523865 -0.7040895 -0.7071081 -0.1735771 -0.6854652 -0.7071129 -0.3151847 -0.6329871 -0.7070969 -0.3867503 -0.5919675 -0.7071059 -0.5225568 -0.4763677 -0.7071126 -0.5580366 -0.4343029 -0.7070899 -0.6593464 -0.255433 -0.7071183 -0.3612424 -0.932472 0 -1.18703e-6 -1 0 1.17738e-6 -1 0 0.3612415 -0.9324724 0 0.3612428 -0.9324719 0 0.6736943 -0.7390103 0 0.6736953 -0.7390093 0 0.8951619 -0.4457412 0 0.8951644 -0.4457361 0 0.9957342 -0.09226965 0 0.9957345 -0.09226483 0 0.9618253 0.2736642 0 0.9618256 0.2736635 0 0.798018 0.6026337 0 0.7980172 0.6026347 0 0.5264338 0.8502162 0 0.5264302 0.8502184 0 0.1837501 0.982973 0 0.1837471 0.9829736 0 -0.1837478 0.9829735 0 -0.1837501 0.982973 0 -0.5264297 0.8502187 0 -0.5264327 0.8502168 0 -0.7980155 0.602637 0 -0.7980185 0.6026329 0 -0.9618245 0.2736674 0 -0.9618259 0.273662 0 -0.9957343 -0.09226757 0 -0.9957342 -0.09226828 0 -0.8951623 -0.4457405 0 -0.8951615 -0.4457421 0 -0.6736973 -0.7390074 0 -0.6736928 -0.7390115 0 -0.3612455 -0.9324709 0 0.2296006 -0.668792 -0.7071074 -1.85727e-7 -0.7071105 -0.7071031 3.0559e-7 -0.7071001 -0.7071135 -0.2296009 -0.6687917 -0.7071076 -0.2554339 -0.6593466 -0.7071178 -0.4343034 -0.5580375 -0.707089 -0.4763677 -0.522557 -0.7071125 -0.5919672 -0.3867514 -0.7071056 -0.6329579 -0.3151702 -0.7071295 -0.6854647 -0.1735771 -0.7071133 -0.7040894 -0.06524109 -0.7071081 -0.7046981 0.05839103 -0.7071006 -0.6801174 0.1935127 -0.707102 -0.6475526 0.2840477 -0.7071015 -0.5642784 0.4261304 -0.7071089 -0.5202363 0.4788988 -0.707114 -0.3722442 0.6011966 -0.7071046 -0.3365305 0.6219053 -0.7070934 -0.1299268 0.6950653 -0.7071092 -0.1163994 0.6974591 -0.7071083 0.1163954 0.6974572 -0.7071108 0.1299154 0.695047 -0.7071292 0.3365507 0.6218695 -0.7071152 0.3722423 0.6011961 -0.7071061 0.5202357 0.478898 -0.707115 0.5642772 0.4261304 -0.7071098 0.6475525 0.2840458 -0.7071024 0.6801161 0.1935129 -0.7071033 0.7046964 0.05839133 -0.7071022 0.7040888 -0.06524032 -0.7071087 0.6854645 -0.1735769 -0.7071135 0.632959 -0.3151702 -0.7071285 0.5919683 -0.3867514 -0.7071047 0.4763684 -0.5225568 -0.7071122 0.4343045 -0.5580372 -0.7070885 0.2554342 -0.6593456 -0.7071186 0.9324716 -0.3612433 0 1 1.10017e-6 0 1 -1.65026e-6 0 0.9324722 0.3612419 0 0.9324717 0.3612431 0 0.739011 0.6736934 0 0.7390084 0.6736962 0 0.4457399 0.8951626 0 0.4457381 0.8951634 0 0.09226804 0.9957342 0 0.09226584 0.9957345 0 -0.2736626 0.9618258 0 -0.2736644 0.9618253 0 -0.6026342 0.7980176 0 -0.6026345 0.7980175 0 -0.8502171 0.5264323 0 -0.8502177 0.5264314 0 -0.982973 0.1837502 0 -0.9829735 0.1837478 0 -0.9829735 -0.1837481 0 -0.982973 -0.1837505 0 -0.8502181 -0.5264307 0 -0.8502175 -0.5264316 0 -0.6026353 -0.7980169 0 -0.602635 -0.798017 0 -0.2736651 -0.9618251 0 -0.2736633 -0.9618257 0 0.09226655 -0.9957345 0 0.09226876 -0.9957342 0 0.4457401 -0.8951625 0 0.4457417 -0.8951616 0 0.739008 -0.6736966 0 0.7390106 -0.6736938 0 0.9324712 -0.3612445 0 0.6687909 0.2295997 -0.7071087 0.7071089 0 -0.7071048 0.7070994 3.72762e-7 -0.7071143 0.6688153 -0.229564 -0.7070972 0.6593462 -0.2554347 -0.7071179 0.5580375 -0.4343026 -0.7070895 0.5225579 -0.4763683 -0.7071114 0.3867509 -0.5919668 -0.7071061 0.3151854 -0.6329858 -0.7070977 0.1735765 -0.6854642 -0.7071139 0.06523996 -0.7040896 -0.707108 -0.0583902 -0.704699 -0.7070997 -0.1935091 -0.6801196 -0.7071008 -0.2840439 -0.6475564 -0.7070996 -0.4261298 -0.5642777 -0.7071097 -0.4788987 -0.520237 -0.7071135 -0.601196 -0.3722429 -0.7071058 -0.6218715 -0.3365546 -0.7071116 -0.6950638 -0.1299279 -0.7071104 -0.6974576 -0.1163999 -0.7071097 -0.6974579 0.1163958 -0.7071099 -0.6950476 0.1299168 -0.7071284 -0.6218723 0.3365548 -0.7071108 -0.601197 0.3722422 -0.7071055 -0.4788988 0.5202382 -0.7071126 -0.4261288 0.5642778 -0.7071103 -0.2840454 0.6475536 -0.7071015 -0.1935142 0.6801151 -0.7071039 -0.05839222 0.7046969 -0.7071017 0.06523865 0.7040894 -0.7071083 0.1735773 0.6854655 -0.7071124 0.315185 0.6329877 -0.7070962 0.3867506 0.5919681 -0.7071053 0.5225571 0.476368 -0.7071121 0.5580367 0.4343029 -0.7070899 0.6593469 0.2554332 -0.7071178 0.2515351 -0.9678482 0 0.2515351 -0.9678482 0 0.3558228 -0.9345535 0 0.355821 -0.9345542 0 0.4558776 -0.8900425 0 0.4558761 -0.8900433 0 0.5504345 -0.8348783 0 0.5504348 -0.8348782 0 -0.7058407 -0.7083707 4.77571e-6 -0.705841 -0.7083704 -4.75318e-6 -0.8321567 -0.5545408 0 -0.8321551 -0.5545431 0 -0.92552 -0.378699 0 -0.925519 -0.3787012 0 -0.9821985 -0.187846 0 -0.9821979 -0.1878491 0 -0.9999454 0.01045179 0 -0.9999454 0.01044863 0 -0.9780676 0.2082878 4.75318e-6 -0.9780674 0.2082887 -4.77572e-6 -0.5800205 0.814602 3.00305e-6 -0.5800203 0.8146021 -2.98888e-6 -0.4737252 0.8806727 0 -0.4737278 0.8806713 0 -0.3599907 0.9329559 0 -0.3599935 0.9329549 0 -0.2406375 0.9706151 2.09938e-5 -0.2406375 0.9706152 -3.00305e-6 0.4542409 0.8908789 5.98976e-6 0.45424 0.8908795 -5.9615e-6 0.6607357 0.7506187 0 0.6607317 0.7506222 0 0.8260768 0.5635576 0 0.8260738 0.563562 0 0.9399285 0.3413715 0 0.9399268 0.3413763 0 0.9951956 0.09790676 0 0.9951951 0.09791183 0 0.9884386 -0.1516216 5.9615e-6 0.9884388 -0.1516207 -5.98976e-6 5.9714e-7 0 1 0 0 1 2.66666e-7 0 1 -1.49239e-7 0 1 2.50991e-7 0 1 4.71203e-7 0 1 -3.83108e-7 0 1 2.14722e-7 0 1 1.52363e-7 0 1 -2.45391e-7 0 1 -2.51145e-7 0 1 5.53128e-7 0 1 6.91235e-7 0 1 3.73526e-7 0 1 0 0 1 0 0 1 1.6244e-7 0 1 0 0 1 2.14722e-7 0 1 0 0 1 0 0 1 0 0 1 0 0 1 -3.83107e-7 0 1 -2.14722e-7 0 1 -1.52363e-7 0 1 0 0 1 2.51145e-7 0 1 2.13086e-7 0 1 -6.91233e-7 0 1 -6.77227e-7 0 1 1.59397e-7 0 1 1.69478e-7 0 1 -5.85419e-7 0 1 2.45391e-7 0 1 -1.52363e-7 0 1 -2.14722e-7 0 1 0.2406375 0.9706152 3.00305e-6 0.2406375 0.9706151 -2.09938e-5 0.3599935 0.9329549 0 0.3599907 0.9329559 0 0.4737278 0.8806713 0 0.4737252 0.8806727 0 0.5800203 0.8146021 2.98888e-6 0.5800205 0.814602 -3.00305e-6 0.9780674 0.2082887 4.77572e-6 0.9780676 0.2082878 -4.75318e-6 0.9999454 0.01044863 0 0.9999454 0.01045179 0 0.9821979 -0.1878491 0 0.9821985 -0.187846 0 0.925519 -0.3787012 0 0.92552 -0.378699 0 0.8321551 -0.5545431 0 0.8321567 -0.5545408 0 0.705841 -0.7083704 4.75318e-6 0.7058407 -0.7083707 -4.77571e-6 -0.5504348 -0.8348782 0 -0.5504345 -0.8348783 0 -0.4558761 -0.8900433 0 -0.4558776 -0.8900425 0 -0.355821 -0.9345542 0 -0.3558228 -0.9345535 0 -0.2515351 -0.9678482 0 -0.2515351 -0.9678482 0 -0.9884388 -0.1516207 5.98976e-6 -0.9884386 -0.1516216 -5.9615e-6 -0.9951951 0.09791183 0 -0.9951956 0.09790676 0 -0.9399268 0.3413763 0 -0.9399285 0.3413715 0 -0.8260738 0.563562 0 -0.8260768 0.5635576 0 -0.6607317 0.7506222 0 -0.6607357 0.7506187 0 -0.45424 0.8908795 5.9615e-6 -0.4542409 0.8908789 -5.98976e-6 0.8348783 -0.5504347 0 0.8348784 -0.5504345 0 0.8900433 -0.4558761 0 0.8900426 -0.4558776 0 0.9345543 -0.3558207 0 0.9345535 -0.3558229 0 0.9678484 -0.2515348 0 0.967848 -0.251536 0 0.1516212 -0.9884387 5.98976e-6 0.1516212 -0.9884387 -5.9615e-6 -0.09791141 -0.9951952 0 -0.09790718 -0.9951956 0 -0.3413761 -0.9399269 0 -0.3413721 -0.9399282 0 -0.5635614 -0.8260743 0 -0.5635584 -0.8260763 0 -0.7506213 -0.6607327 0 -0.7506195 -0.6607348 0 -0.8908789 -0.4542409 5.9615e-6 -0.8908796 -0.4542395 -5.98977e-6 -0.970615 0.240638 3.00305e-6 -0.9706152 0.2406373 -2.98888e-6 -0.9329548 0.3599937 0 -0.932956 0.3599905 0 -0.8806712 0.4737281 0 -0.8806728 0.473725 0 -0.8146018 0.5800206 2.98888e-6 -0.8146024 0.5800198 -3.00305e-6 -0.2082881 0.9780676 4.77571e-6 -0.2082881 0.9780675 -4.75318e-6 -0.01044857 0.9999454 0 -0.01045179 0.9999454 0 0.1878491 0.9821979 0 0.1878463 0.9821984 0 0.3787017 0.9255189 0 0.3786986 0.9255201 0 0.5545436 0.8321546 0 0.5545402 0.832157 0 0.7083709 0.7058404 4.75318e-6 0.7083701 0.7058413 -4.77571e-6 0.967848 0.251536 0 0.9678484 0.2515348 0 0.9345535 0.3558229 0 0.9345542 0.3558207 0 0.8900425 0.4558777 0 0.8900432 0.4558762 0 0.8348783 0.5504347 0 0.8348783 0.5504347 0 0.70837 -0.7058413 4.77571e-6 0.7083709 -0.7058404 -4.75318e-6 0.5545402 -0.832157 0 0.5545436 -0.8321546 0 0.3786986 -0.9255201 0 0.3787017 -0.9255189 0 0.1878463 -0.9821984 0 0.1878491 -0.9821979 0 -0.01045179 -0.9999454 0 -0.01044857 -0.9999454 0 -0.2082881 -0.9780675 4.75318e-6 -0.2082881 -0.9780676 -4.77571e-6 -0.8146023 -0.58002 3.00305e-6 -0.814602 -0.5800205 -2.98888e-6 -0.8806728 -0.4737251 0 -0.8806713 -0.4737281 0 -0.932956 -0.3599905 0 -0.9329548 -0.3599937 0 -0.9706152 -0.2406373 2.98888e-6 -0.970615 -0.240638 -3.00305e-6 -0.8908796 0.4542395 5.98977e-6 -0.8908789 0.4542409 -5.9615e-6 -0.7506195 0.6607348 0 -0.7506213 0.6607327 0 -0.563558 0.8260765 0 -0.563561 0.8260745 0 -0.3413717 0.9399285 0 -0.3413757 0.9399271 0 -0.09790718 0.9951956 0 -0.09791141 0.9951952 0 0.1516212 0.9884387 5.9615e-6 0.1516212 0.9884387 -5.98976e-6 0.5504348 0.8348782 0 0.5504345 0.8348783 0 0.4558764 0.8900431 0 0.455878 0.8900423 0 0.3558214 0.934554 0 0.3558232 0.9345533 0 0.2515351 0.9678482 0 0.2515351 0.9678482 0 0.9884388 0.1516207 5.98976e-6 0.9884386 0.1516216 -5.9615e-6 0.9951951 -0.09791183 0 0.9951956 -0.09790676 0 0.9399268 -0.3413763 0 0.9399285 -0.3413715 0 0.8260738 -0.563562 0 0.8260768 -0.5635576 0 0.6607317 -0.7506222 0 0.6607357 -0.7506187 0 0.45424 -0.8908795 5.9615e-6 0.4542409 -0.8908789 -5.98976e-6 -0.2406375 -0.9706152 3.00305e-6 -0.2406375 -0.9706151 -2.09938e-5 -0.3599935 -0.9329549 0 -0.3599907 -0.9329559 0 -0.4737278 -0.8806713 0 -0.4737252 -0.8806727 0 -0.5800203 -0.8146021 2.98888e-6 -0.5800205 -0.814602 -3.00305e-6 -0.9780674 -0.2082886 4.77572e-6 -0.9780676 -0.2082877 -4.75318e-6 -0.9999454 -0.01044863 0 -0.9999454 -0.01045179 0 -0.982198 0.1878491 0 -0.9821985 0.187846 0 -0.925519 0.3787012 0 -0.92552 0.378699 0 -0.8321551 0.5545431 0 -0.8321567 0.5545408 0 -0.705841 0.7083704 4.75318e-6 -0.7058407 0.7083707 -4.77571e-6 -0.2515351 0.9678482 0 -0.2515351 0.9678482 0 -0.3558232 0.9345533 0 -0.3558214 0.934554 0 -0.455878 0.8900423 0 -0.4558764 0.8900431 0 -0.5504345 0.8348783 0 -0.5504348 0.8348782 0 0.7058407 0.7083707 4.77571e-6 0.705841 0.7083704 -4.75318e-6 0.8321567 0.5545408 0 0.8321551 0.5545431 0 0.92552 0.378699 0 0.925519 0.3787012 0 0.9821985 0.187846 0 0.982198 0.1878491 0 0.9999454 -0.01045179 0 0.9999454 -0.01044863 0 0.9780676 -0.2082877 4.75318e-6 0.9780674 -0.2082886 -4.77572e-6 0.5800205 -0.814602 3.00305e-6 0.5800203 -0.8146021 -2.98888e-6 0.4737252 -0.8806727 0 0.4737278 -0.8806713 0 0.3599907 -0.9329559 0 0.3599935 -0.9329549 0 0.2406375 -0.9706151 2.09938e-5 0.2406375 -0.9706152 -3.00305e-6 -0.4542409 -0.8908789 5.98976e-6 -0.45424 -0.8908795 -5.9615e-6 -0.6607357 -0.7506187 0 -0.6607317 -0.7506222 0 -0.8260768 -0.5635576 0 -0.8260738 -0.563562 0 -0.9399285 -0.3413715 0 -0.9399268 -0.3413763 0 -0.9951956 -0.09790676 0 -0.9951951 -0.09791183 0 -0.9884386 0.1516216 5.9615e-6 -0.9884388 0.1516207 -5.98976e-6 -0.8348783 0.5504347 0 -0.8348783 0.5504347 0 -0.8900432 0.4558762 0 -0.8900421 0.4558783 0 -0.9345542 0.3558209 0 -0.9345531 0.3558237 0 -0.9678484 0.2515348 0 -0.967848 0.251536 0 -0.1516212 0.9884387 5.98976e-6 -0.1516212 0.9884387 -5.9615e-6 0.09791141 0.9951952 0 0.09790718 0.9951956 0 0.3413757 0.9399271 0 0.3413717 0.9399285 0 0.563561 0.8260745 0 0.563558 0.8260765 0 0.7506213 0.6607327 0 0.7506195 0.6607348 0 0.8908789 0.4542409 5.9615e-6 0.8908796 0.4542395 -5.98977e-6 0.970615 -0.240638 3.00305e-6 0.9706152 -0.2406373 -2.98888e-6 0.9329548 -0.3599937 0 0.932956 -0.3599905 0 0.8806712 -0.4737281 0 0.8806728 -0.473725 0 0.8146018 -0.5800206 2.98888e-6 0.8146024 -0.5800198 -3.00305e-6 0.2082881 -0.9780676 4.77571e-6 0.2082881 -0.9780675 -4.75318e-6 0.01044875 -0.9999454 0 0.01045179 -0.9999454 0 -0.187849 -0.982198 0 -0.1878463 -0.9821984 0 -0.3787017 -0.9255189 0 -0.3786986 -0.9255201 0 -0.5545436 -0.8321546 0 -0.5545402 -0.832157 0 -0.7083709 -0.7058404 4.75318e-6 -0.7083701 -0.7058413 -4.77571e-6 -0.967848 -0.251536 0 -0.9678484 -0.2515348 0 -0.9345531 -0.3558236 0 -0.9345542 -0.3558209 0 -0.8900422 -0.4558781 0 -0.8900433 -0.4558761 0 -0.8348783 -0.5504346 0 -0.8348785 -0.5504345 0 -0.70837 0.7058413 4.77571e-6 -0.7083709 0.7058404 -4.75318e-6 -0.5545402 0.832157 0 -0.5545436 0.8321546 0 -0.3786986 0.9255201 0 -0.3787017 0.9255189 0 -0.1878463 0.9821984 0 -0.187849 0.982198 0 0.01045179 0.9999454 0 0.01044875 0.9999454 0 0.2082881 0.9780675 4.75318e-6 0.2082881 0.9780676 -4.77571e-6 0.8146023 0.58002 3.00305e-6 0.814602 0.5800205 -2.98888e-6 0.8806728 0.4737251 0 0.8806713 0.4737281 0 0.932956 0.3599905 0 0.9329548 0.3599937 0 0.9706152 0.2406373 2.98888e-6 0.970615 0.240638 -3.00305e-6 0.8908796 -0.4542395 5.98977e-6 0.8908789 -0.4542409 -5.9615e-6 0.7506195 -0.6607348 0 0.7506213 -0.6607327 0 0.5635584 -0.8260763 0 0.5635614 -0.8260743 0 0.3413721 -0.9399282 0 0.3413761 -0.9399269 0 0.09790718 -0.9951956 0 0.09791141 -0.9951952 0 -0.1516212 -0.9884387 5.9615e-6 -0.1516212 -0.9884387 -5.98976e-6 0 0 -1 0 0 -1 0 0 -1 0 0 -1 1.72055e-7 0 -1 0 0 -1 0 0 -1 0 0 -1 1.54229e-7 0 -1 0 0 -1 0 0 -1 0 0 -1 0 0 -1 0 0 -1 0 0 -1 0 0 -1 0 0 -1 0 0 -1 0 0 -1 0 0 -1 0 0 -1 0 0 -1 0 0 -1 0 0 -1 -1.21944e-7 0 -1 0 0 -1 1.54913e-7 0 -1 0 0 -1 0 0 -1 0 0 -1 -1.82017e-7 0 -1 1.46182e-7 0 -1 0 0 -1 1.96814e-7 0 -1 0 0 -1 -1.96816e-7 0 -1 -2.41359e-7 0 -1 1.38072e-7 0 -1 0 0 -1 0 0 -1 0 0 -1 0 0 -1 0 0 -1 0 0 -1 0 0 -1 0 0 -1 0 0 -1 0 0 -1 0 0 -1 0 0 -1 -1.22308e-7 0 -1 0 0 -1 0 0 -1 0 0 -1 0 0 -1 0 0 -1 0 0 -1 0 0 -1 0 0 -1 -1.81201e-7 0 -1 0 0 -1 0 0 -1 0 0 -1 -1.72055e-7 0 -1 0 0 -1 0 0 -1 0 0 -1 0 0 -1 -2.1053e-7 0 -1 0 0 -1 0 0 -1 0 0 -1 0 0 -1 0 0 -1 0 0 -1 0 0 -1 0 0 -1 0 0 -1 0 0 -1 0 0 -1 0 0 -1 -1.44032e-7 0 -1 0 0 -1 0 0 -1 0 0 -1 0 0 -1 0 0 -1 0 0 -1 0 0 -1 0 0 -1 0 0 -1 0 0 -1 0 0 -1 0 0 -1 0 0 -1 0 0 -1 2.09555e-7 0 -1 0 0 -1 0 0 -1 0 0 -1 0 0 -1 0 0 -1 0 0 -1 0 0 -1 -0.9223403 -0.3863787 2.94334e-6 -0.9223408 -0.3863776 -2.92945e-6 -0.9626999 -0.2705714 0 -0.9626991 -0.2705744 0 -0.988579 -0.1507034 0 -0.9885784 -0.1507077 0 -0.9995918 -0.02857035 0 -0.9995917 -0.02857464 0 -0.995573 0.09399181 0 -0.9955735 0.09398752 0 -0.976583 0.2151411 0 -0.9765837 0.2151381 0 -0.9429075 0.3330548 0 -0.9429083 0.3330525 0 -0.8950521 0.4459617 0 -0.8950538 0.4459583 0 -0.8337374 0.5521613 0 -0.8337398 0.5521577 0 -0.7598865 0.650056 0 -0.7598887 0.6500532 0 -0.6746074 0.7381767 0 -0.6746096 0.7381747 0 -0.5791826 0.8151978 0 -0.5791851 0.815196 0 -0.47505 0.8799588 0 -0.4750525 0.8799574 0 -0.3637735 0.9314875 0 -0.3637763 0.9314864 0 -0.2470253 0.9690091 0 -0.2470283 0.9690083 0 -0.1266035 0.9919534 2.92717e-6 -0.1266035 0.9919534 -2.94104e-6 -0.7957732 -0.6055949 -2.81931e-6 -0.7957729 -0.6055953 2.80601e-6 -0.7192545 -0.6947467 0 -0.7192565 -0.6947447 0 -0.632803 -0.7743129 0 -0.6328052 -0.7743111 0 -0.5376151 -0.8431904 0 -0.5376176 -0.843189 0 -0.4350059 -0.9004278 0 -0.4350086 -0.9004263 0 -0.3263911 -0.9452348 0 -0.3263941 -0.9452338 0 -0.21328 -0.9769911 -2.80601e-6 -0.2132799 -0.9769912 2.81931e-6 0.1266036 0.9919535 2.94104e-6 0.1266036 0.9919534 -2.92717e-6 0.2470283 0.9690083 0 0.2470253 0.9690091 0 0.3637763 0.9314864 0 0.3637735 0.9314875 0 0.4750525 0.8799574 0 0.47505 0.8799588 0 0.5791851 0.815196 0 0.5791826 0.8151978 0 0.6746096 0.7381747 0 0.6746074 0.7381767 0 0.7598887 0.6500532 0 0.7598865 0.650056 0 0.8337398 0.5521577 0 0.8337374 0.5521613 0 0.8950538 0.4459583 0 0.8950521 0.4459617 0 0.9429083 0.3330525 0 0.9429075 0.3330548 0 0.9765837 0.2151381 0 0.976583 0.2151411 0 0.9955734 0.09398835 0 0.9955731 0.09399139 0 0.9995917 -0.02857422 0 0.9995918 -0.02857112 0 0.9885784 -0.1507077 0 0.988579 -0.1507034 0 0.9626991 -0.2705744 0 0.9626999 -0.2705714 0 0.9223408 -0.3863776 2.92945e-6 0.9223588 -0.3863344 -2.94104e-6 0.7957732 -0.6055949 2.81931e-6 0.7957729 -0.6055953 -2.80601e-6 0.7192545 -0.6947467 0 0.7192565 -0.6947447 0 0.632803 -0.7743129 0 0.6328052 -0.7743111 0 0.5376151 -0.8431904 0 0.5376176 -0.843189 0 0.4350059 -0.9004278 0 0.4350086 -0.9004263 0 0.3263911 -0.9452348 0 0.3263941 -0.9452338 0 0.21328 -0.9769911 2.80601e-6 0.2132799 -0.9769912 -2.81931e-6 -0.8954942 0.4450731 0 -0.895496 0.4450696 0 -0.9838606 0.1789367 0 -0.9838609 0.1789349 0 -0.9948539 -0.1013206 0 -0.9948542 -0.1013184 0 -0.9275851 -0.3736121 0 -0.9275866 -0.3736082 0 -0.7873471 -0.6165099 0 -0.7873484 -0.6165083 0 -0.5851744 -0.8109075 0 -0.5851741 -0.8109077 0 -0.3369657 -0.941517 0 -0.3369654 -0.9415171 0 -0.06229841 -0.9980576 0 -0.06229841 -0.9980576 0 1 -1.46884e-6 0 1 0 0 1 -3.85914e-7 0 1 0 0 1 0 0 1 2.63997e-7 0 1 4.04997e-7 0 0.1450244 0.7867448 0.6000005 0.1545345 0.7849336 0.5999988 0.1567995 0.7844847 0.5999981 0.1649649 0.7828074 0.5999993 0.1678845 0.7821848 0.6000016 0.2297019 0.7663155 0.5999981 0.1783089 0.7798717 0.6000052 0.1881136 0.7775686 0.6000003 0.196433 0.7755083 0.6000009 0.2089354 0.7722329 0.600002 0.224603 0.7678235 0.6000006 0.2427635 0.7622765 0.6000006 0.2642871 0.7550797 0.6000059 0.3116308 0.7368023 0.6000072 0.2885332 0.7461561 0.5999997 0.3145873 0.7355506 0.6000002 0.3415063 0.7234466 0.5999988 0.3898771 0.6985881 0.5999755 0.4205367 0.6805886 0.5999568 0.4634729 0.6520298 0.6000418 0.4942228 0.629084 0.5999976 0.5315847 0.5977796 0.6000645 0.5616778 0.5696485 0.6000157 0.5934019 0.536409 0.6001164 0.6220415 0.5030552 0.6 0.6484367 0.4685351 0.6000039 0.6350971 0.4864805 0.5999904 0.6485322 0.4684105 0.599998 0.6622911 0.4487402 0.6000023 0.6860629 0.4114884 0.5999959 0.6764027 0.4271742 0.6000015 0.690777 0.4035214 0.599998 0.7052806 0.3775975 0.5999996 0.7198467 0.3490388 0.599994 0.734241 0.3176227 0.6000052 0.1764441 0.7803032 0.5999954 0.1891136 0.7773234 0.6000038 0.2897367 0.7456764 0.6000162 0.3853601 0.7010799 0.5999872 0.4742429 0.644243 0.6000373 0.5549142 0.5762271 0.6000272 0.6259146 0.4981766 0.6000424 0.8660261 -0.499999 0 0.866026 -0.499999 0 0.8660258 -0.4999996 3.75828e-7 0.8660259 -0.4999991 8.57166e-7 0.8660265 -0.499998 6.29157e-7 0.8660256 -0.4999999 3.9243e-7 0.8660251 -0.5000007 0 0.8660258 -0.4999995 -8.10368e-7 0.8660255 -0.4999998 -4.39677e-6 0.866026 -0.4999992 -2.01625e-7 0.8660269 -0.4999973 1.7345e-5 0.866026 -0.4999992 1.0558e-6 0.866027 -0.4999973 0 -0.7684503 -0.3421553 -0.5407533 -0.7341727 -0.4105862 -0.540749 -0.7284598 -0.4205908 -0.5407862 -0.6834551 -0.4903984 -0.5407389 -0.6936496 -0.4758483 -0.5407575 -0.6547658 -0.5280746 -0.5407578 -0.6240951 -0.5640001 -0.5407488 -0.6122116 -0.57687 -0.5407569 -0.5568411 -0.6304693 -0.5407741 -0.5664576 -0.6218576 -0.5407578 -0.5092036 -0.6696142 -0.5406743 -0.4825715 -0.6889925 -0.5407534 -0.4477874 -0.7120435 -0.5408148 -0.402186 -0.7387928 -0.5407694 -0.3829224 -0.7489832 -0.5407353 -0.3167261 -0.7792624 -0.5407724 -0.3150256 -0.7799374 -0.5407925 -0.2362126 -0.8073323 -0.5407571 -0.2447518 -0.804779 -0.5407656 -0.7756036 -0.3255844 -0.5407716 -0.8000101 -0.2599573 -0.5407459 -0.8072504 -0.2364805 -0.5407622 -0.8227925 -0.1748809 -0.5407674 -0.8286724 -0.1443819 -0.5407921 -0.8365548 -0.08791273 -0.5407842 -0.8396606 -0.05047047 -0.5407615 -0.8411949 -5.86739e-6 -0.5407322 -0.8399989 0.04408907 -0.5407941 -0.8365872 0.08793908 -0.5407298 -0.8297651 0.1380881 -0.5407603 -0.8227886 0.1748749 -0.5407751 -0.8090094 0.230328 -0.5407891 -0.8000062 0.2599333 -0.5407634 -0.7780589 0.3196913 -0.5407605 -0.7684524 0.3422007 -0.5407214 -0.7372488 0.404968 -0.5408006 -0.7284798 0.4205907 -0.5407595 -0.6871575 0.4851874 -0.5407474 -0.6936531 0.4758631 -0.54074 -0.6547522 0.5280873 -0.540762 -0.62836 0.55924 -0.5407536 -0.6121924 0.5768879 -0.5407596 -0.5616214 0.6262296 -0.540757 -0.5664557 0.6218595 -0.5407575 -0.4978303 0.6780725 -0.5407243 -0.487795 0.6853066 -0.5407503 -0.4236247 0.7267562 -0.5407103 -0.4077846 0.7357062 -0.5407848 -0.3446946 0.7673363 -0.5407225 -0.3226409 0.7768387 -0.540763 -0.2619179 0.7993578 -0.5407645 -0.233419 0.8081338 -0.5407729 -0.1762496 0.82251 -0.5407528 -0.1412386 0.8292239 -0.5407767 -0.08861887 0.8364943 -0.5407626 -0.0472815 0.8398625 -0.5407361 -2.26333e-7 0.8411818 -0.5407526 0.04728144 0.8398624 -0.5407363 0.08861845 0.836494 -0.540763 0.141239 0.8292239 -0.5407765 0.1762499 0.8225099 -0.5407528 0.2334194 0.8081339 -0.5407729 0.2619178 0.7993578 -0.5407646 0.3226414 0.7768386 -0.5407629 0.3446766 0.7673159 -0.540763 0.4077843 0.7357064 -0.5407848 0.4236243 0.7267565 -0.5407102 0.4877945 0.685307 -0.5407503 0.4978303 0.6780725 -0.5407243 0.5616216 0.6262294 -0.5407569 0.5664557 0.6218595 -0.5407575 0.6121925 0.576888 -0.5407593 0.6283345 0.5592298 -0.5407937 0.6547522 0.5280873 -0.5407618 0.6871575 0.4851875 -0.5407474 0.6936528 0.4758636 -0.54074 0.7284494 0.420595 -0.5407971 0.7372488 0.4049677 -0.5408006 0.7684524 0.3422007 -0.5407214 0.778059 0.3196909 -0.5407605 0.8000152 0.2599699 -0.5407324 0.8090095 0.2303276 -0.5407891 0.8227886 0.1748749 -0.5407751 0.829765 0.1380881 -0.5407604 0.8365871 0.08793908 -0.5407299 0.8399987 0.04408997 -0.5407941 0.8411949 -5.89437e-6 -0.5407323 0.8396607 -0.05047053 -0.5407614 0.8365548 -0.08791279 -0.5407842 0.8286724 -0.1443814 -0.5407922 0.8227924 -0.1748807 -0.5407674 0.8072506 -0.2364805 -0.5407622 0.8000105 -0.2599571 -0.5407456 0.7756038 -0.3255841 -0.5407715 0.7684504 -0.3421553 -0.5407529 0.7341585 -0.4105656 -0.5407839 0.7284618 -0.4205678 -0.5408015 0.6936487 -0.4758043 -0.5407974 0.6834498 -0.4903873 -0.5407557 0.6547315 -0.528108 -0.5407668 0.6240944 -0.564001 -0.5407486 0.6122117 -0.5768697 -0.5407571 0.5568412 -0.6304692 -0.5407741 0.5664576 -0.6218574 -0.5407581 0.5092038 -0.6696139 -0.5406743 0.482572 -0.688992 -0.5407535 0.4477881 -0.7120432 -0.5408146 0.4021857 -0.7387929 -0.5407696 0.3828942 -0.7490149 -0.5407115 0.3167258 -0.7792627 -0.5407723 0.3150256 -0.7799375 -0.5407924 0.2362126 -0.8073322 -0.5407572 0.2447522 -0.8047795 -0.5407647 0.227267 -0.8098972 -0.5407554 -0.2272675 -0.809898 -0.5407539 0.8057653 0.5922352 -7.10281e-5 0.8192045 0.5735016 6.06376e-5 0.8660305 0.4999911 -6.86327e-7 0.8765723 0.4812702 7.52504e-5 0.8660277 0.4999961 1.17806e-6 0.9135447 0.4067384 -5.47478e-5 0.9235943 0.3833714 7.22391e-5 0.9510561 0.3090185 9.39553e-6 0.9597259 0.2809382 0 0.9781473 0.2079132 -1.02423e-4 0.9845345 0.1751912 5.49246e-5 0.9945217 0.1045299 -4.85249e-5 0.9977273 0.0673815 -7.60483e-6 1 -1.98415e-7 2.42273e-5 0.9991498 -0.04122877 8.1429e-6 0.9945218 -0.1045301 -7.87061e-5 0.9887844 -0.1493503 4.49619e-6 0.9781481 -0.2079101 -6.48584e-5 0.9667567 -0.2556983 7.87661e-5 0.9510565 -0.3090171 1.69146e-5 0.9333187 -0.3590491 3.61881e-5 0.9135432 -0.406742 -1.34406e-5 0.8888754 -0.4581491 6.91246e-5 0.8660294 -0.4999932 -1.05379e-6 0.8339424 -0.5518516 1.71838e-5 0.806451 -0.5913009 2.96859e-6 0.7691762 -0.6390368 2.5318e-6 0.7691758 -0.6390373 1.92306e-6 0.7521699 0.6589693 3.56671e-5 0.7357231 0.6772825 4.49398e-6 0.6762672 0.7366564 6.5912e-6 0.6567499 0.7541086 -6.29458e-5 0.5923801 0.8056587 2.32697e-5 0.5698083 0.8217777 -2.91499e-5 0.5015109 0.8651514 -1.29351e-5 0.4759507 0.879472 -4.05774e-5 0.4047204 0.9144406 -3.98012e-6 0.3763116 0.9264932 -4.81841e-5 0.3031595 0.9529399 -4.71987e-5 0.2721001 0.962269 -3.2899e-6 0.1980426 0.9801934 1.3854e-6 0.164584 0.9863632 -2.16641e-5 0.184851 0.9827666 -1.04937e-6 0.1716455 0.9851589 0 0.1584378 0.987369 0 0.1584215 0.9873716 6.49576e-7 0.05492377 0.9984905 -4.62495e-4 0.05282747 0.9986037 -6.38152e-6 -0.05508875 0.9984815 -3.60355e-6 -0.0528264 0.9986038 -6.10891e-6 -0.1584147 0.9873728 -2.21062e-7 -0.1645848 0.986363 -1.99029e-5 -0.1716442 0.985159 3.80329e-7 -0.1848512 0.9827665 -1.07102e-6 -0.1980428 0.9801934 2.86475e-6 -0.2720994 0.9622693 -3.29711e-6 -0.3031595 0.9529399 -4.71985e-5 -0.3763114 0.9264934 -4.8185e-5 -0.4047204 0.9144406 -3.94683e-6 -0.4759513 0.8794717 -4.05691e-5 -0.5015121 0.8651507 8.47883e-5 -0.5698089 0.8217773 -2.91424e-5 -0.5923795 0.8056591 2.33158e-5 -0.6567502 0.7541083 -6.29378e-5 -0.6762678 0.7366559 5.54591e-5 -0.7357227 0.6772829 4.48886e-6 -0.7521708 0.6589683 8.45152e-5 -0.8057648 0.5922358 -2.21812e-5 -0.8192045 0.5735015 6.06369e-5 -0.8660347 0.4999839 -8.53528e-7 -0.8765721 0.4812706 7.52482e-5 -0.866028 0.4999956 7.60425e-7 -0.9135436 0.4067412 -1.03488e-4 -0.9235947 0.3833705 7.22482e-5 -0.9510556 0.3090199 -3.93632e-5 -0.9597265 0.2809363 -4.88176e-5 -0.9781474 0.2079132 -1.02425e-4 -0.9845345 0.1751911 5.49265e-5 -0.9945216 0.1045311 -4.85184e-5 -0.9977273 0.06738156 -7.60367e-6 -1 -1.80616e-7 2.4228e-5 -0.9991498 -0.04122829 8.14663e-6 -0.9945217 -0.1045312 -7.87093e-5 -0.9887846 -0.1493492 4.49526e-6 -0.9781478 -0.207911 -6.48622e-5 -0.9667567 -0.2556984 7.87727e-5 -0.9510564 -0.3090177 1.69056e-5 -0.9333186 -0.3590494 -1.26285e-5 -0.9135454 -0.4067369 -2.81946e-5 -0.8888753 -0.4581496 4.61026e-5 -0.8660243 -0.5000022 4.60132e-7 -0.8660387 -0.4999769 1.16815e-5 -0.8339422 -0.5518518 6.60224e-5 -0.8064506 -0.5913015 2.65008e-6 -0.7691763 -0.6390368 2.51294e-6 -0.7691761 -0.639037 1.99629e-6 -0.7372878 -0.6755788 7.59866e-6 -0.69559 -0.7184391 -8.43685e-6 -0.6593698 -0.7518189 -6.81123e-6 -0.613852 -0.7894213 3.89339e-6 -0.573609 -0.8191293 -1.77645e-5 -0.5249209 -0.8511511 1.47922e-5 -0.4810315 -0.8767033 -2.72309e-5 -0.4298211 -0.9029141 -9.07603e-7 -0.3827329 -0.9238591 -2.08542e-5 -0.4019626 -0.9156561 9.14047e-6 -0.3739876 -0.9274338 -2.90806e-7 -0.3478664 -0.9375442 4.60912e-6 -0.3252891 -0.9456146 -8.84011e-6 -0.2799124 -0.9600256 -7.29691e-6 -0.3064848 -0.9518756 6.3926e-6 -0.2918895 -0.9564521 3.32436e-6 -0.2828727 -0.9591575 -4.71342e-6 -0.1584464 0.9873677 2.80692e-7 0.7372887 -0.6755779 7.52555e-6 0.6955906 -0.7184384 -8.55699e-6 0.6593695 -0.7518191 -6.91274e-6 0.6138516 -0.7894216 3.84171e-6 0.5736093 -0.8191291 -1.7772e-5 0.5249207 -0.8511512 1.48532e-5 0.4810311 -0.8767035 -2.71178e-5 0.4298213 -0.9029141 -1.3198e-6 0.3827314 -0.9238597 -9.21916e-6 0.4020022 -0.9156388 -1.2784e-5 0.3739874 -0.9274338 0 0.3478654 -0.9375445 4.35999e-6 0.3252869 -0.9456155 -4.57186e-6 0.3065164 -0.9518654 -5.94091e-6 0.279899 -0.9600296 -1.60374e-6 0.2918887 -0.9564523 2.67848e-6 0.2828726 -0.9591575 -5.10254e-6 0.8660428 -0.49997 -4.99724e-7 0 0 1 0 0 1 8.86393e-7 0 1 0 0 1 0 0 1 2.91947e-7 0 1 0 0 1 -2.25079e-7 0 1 0 0 1 0 0 1 2.2508e-7 0 1 0 0 1 -1.48102e-7 0 1 -2.40739e-7 0 1 0 0 1 0 0 1 0 0 1 4.54678e-6 0 1 4.83588e-6 0 1 -4.26823e-7 0 1 -1.31249e-7 0 1 -4.06946e-7 0 1 0 0 1 3.13853e-7 0 1 0 0 1 -4.1107e-7 0 1 -1.80124e-7 0 1 0 0 1 0 0 1 0 0 1 4.26824e-7 0 1 1.31249e-7 0 1 4.87896e-7 0 1 4.39897e-7 0 1 2.3958e-7 0 1 2.25749e-7 0 1 4.69619e-7 0 1 3.37753e-7 0 1 -0.8660255 0.5 0 -0.8660255 0.5 1.74569e-7 -0.8660255 0.4999999 5.40924e-7 -0.8660252 0.5000004 5.91892e-7 -0.8660256 0.4999996 7.80219e-7 -0.6733929 0.7392848 2.52985e-6 -0.673393 0.7392848 -2.51791e-6 -0.591794 0.8060893 0 -0.5917948 0.8060887 0 -0.5035775 0.86395 0 -0.5035784 0.8639497 0 -0.4097575 0.9121946 0 -0.4097586 0.912194 0 -0.3113765 0.9502866 0 -0.3113776 0.9502863 0 -0.2095294 0.9778024 0 -0.2095305 0.9778021 0 -0.1053506 0.9944351 0 -0.1053518 0.994435 0 5.81857e-7 1 0 -5.79482e-7 1 0 0.1053518 0.994435 0 0.1053506 0.9944351 0 0.2095304 0.9778022 0 0.2095293 0.9778024 0 0.3113778 0.9502863 0 0.3113767 0.9502866 0 0.4097585 0.9121941 0 0.4097573 0.9121946 0 0.5035787 0.8639494 0 0.5035778 0.86395 0 0.5917947 0.8060888 0 0.5917938 0.8060895 0 0.673393 0.7392848 2.51791e-6 0.6733929 0.7392848 -2.52985e-6 -0.6734068 -0.7392722 -2.12766e-6 -0.6734072 -0.7392718 2.11762e-6 -0.6052693 -0.7960208 0 -0.6052694 -0.7960208 0 -0.5323545 -0.8465216 0 -0.5323545 -0.8465216 0 -0.4552513 -0.890363 0 -0.4552512 -0.890363 0 -0.3745659 -0.9272003 0 -0.3745657 -0.9272004 0 -0.2909511 -0.9567379 -2.11762e-6 -0.290951 -0.9567379 2.12766e-6 0.6734073 -0.7392718 2.12766e-6 0.6734074 -0.7392717 -2.11762e-6 0.6052694 -0.7960208 0 0.6052693 -0.7960209 0 0.5323545 -0.8465215 0 0.5323544 -0.8465216 0 0.4552514 -0.890363 0 0.4552511 -0.8903631 0 0.3745657 -0.9272004 0 0.3745654 -0.9272006 0 0.2909513 -0.9567379 2.11762e-6 0.2909516 -0.9567378 -2.12766e-6 0.8660255 0.5 0 0.8660256 0.4999998 1.74569e-7 0.8660257 0.4999997 6.19103e-7 0.8660252 0.5000004 8.50881e-7 0.8660258 0.4999996 7.8022e-7 -0.8660255 -0.5 0 -0.8660255 -0.5 0 -0.8660255 -0.5 1.56358e-7 -0.866025 -0.5000008 7.39913e-7 -0.8660258 -0.4999994 5.20146e-7 0.8660255 -0.5 0 0.8660256 -0.4999998 0 0.8660257 -0.4999997 1.56358e-7 0.8660252 -0.5000004 7.39913e-7 0.8660258 -0.4999994 5.20146e-7 -0.8660258 -0.4999994 6.91034e-7 -0.8660261 -0.499999 0 -0.8660256 -0.4999997 3.57213e-7 -0.8660261 -0.4999989 0 -0.8660262 -0.4999988 0 -0.8660258 -0.4999994 -7.43717e-7 -0.8660251 -0.5000007 0 -0.8660255 -0.5 1.12947e-6 -0.8660267 -0.4999977 -4.52157e-6 -0.8660259 -0.4999991 -2.36077e-7 -0.8660273 -0.4999967 1.74118e-5 -0.8660261 -0.499999 1.0558e-6 -0.866027 -0.4999973 0 -1 4.05618e-7 0 -1 2.35546e-7 0 -1 0 0 -1 -1.29895e-7 0 -1 0 0 -1 1.46641e-6 0 -1 3.8552e-7 0 -0.176427 0.7803074 0.599995 -0.1678915 0.7821847 0.5999997 -0.1890853 0.7773321 0.6000015 -0.229703 0.7663148 0.5999986 -0.2897392 0.7456757 0.6000159 -0.3116296 0.7368026 0.6000075 -0.3853635 0.7010785 0.5999867 -0.3898575 0.698534 0.6000511 -0.4634972 0.6520466 0.6000048 -0.4205365 0.6805886 0.5999569 -0.4942225 0.6290838 0.5999982 -0.1649482 0.7828128 0.5999969 -0.1568083 0.7844828 0.5999982 -0.1545058 0.7849385 0.5999997 -0.1450464 0.7867407 0.6000006 -0.19641 0.7755169 0.5999972 -0.1778866 0.7799331 0.6000508 -0.1883069 0.7775375 0.59998 -0.2089363 0.7722312 0.6000038 -0.2246032 0.7678248 0.5999988 -0.2427186 0.7622931 0.5999976 -0.2642878 0.7550808 0.6000042 -0.2885335 0.7461562 0.5999995 -0.3145863 0.7355502 0.6000013 -0.3415058 0.723447 0.5999986 -0.5316099 0.5977946 0.6000272 -0.5616575 0.5696278 0.6000542 -0.5933825 0.536399 0.6001445 -0.6220446 0.5030485 0.6000022 -0.6351063 0.4864608 0.5999966 -0.6484384 0.4685358 0.6000016 -0.6485006 0.4684465 0.600004 -0.6623272 0.4486961 0.5999954 -0.6764138 0.4271603 0.5999988 -0.6259422 0.4982019 0.5999927 -0.5549148 0.5762268 0.6000269 -0.4742439 0.6442424 0.6000372 -0.6860502 0.4114909 0.6000087 -0.6907776 0.4035171 0.6000003 -0.7052969 0.3775666 0.5999998 -0.7198473 0.3490375 0.599994 -0.7342413 0.3176265 0.6000027 0.2363927 0.9716576 -3.46526e-7 0.2363645 0.9716644 3.17767e-6 0.3621937 0.9321029 -7.07398e-7 0.3778706 0.9258585 -3.80771e-6 0.4817149 0.8763281 -4.98351e-6 0.5110145 0.8595721 1.0049e-6 0.5928484 0.8053141 -7.05291e-6 0.6328519 0.7742729 9.64385e-7 0.6936556 0.7203069 1.81049e-5 0.7406921 0.6718447 1.12173e-5 0.7824236 0.6227466 1.19652e-5 0.8321464 0.554556 1.81594e-5 0.8575818 0.5143478 8.49506e-6 0.905198 0.4249899 8.68598e-6 0.9178028 0.3970367 -8.58214e-7 0.9582221 0.2860252 6.07548e-6 0.9178057 0.3970301 -1.15053e-6 0.9659577 0.2587004 4.64601e-5 0.9900467 0.1407389 2.86703e-5 0.9933853 0.114829 -1.36594e-5 0.9999707 -0.007661521 3.99845e-5 0.9995034 -0.03151023 -2.32914e-5 0.987774 -0.1558933 4.71785e-5 0.9841796 -0.177174 -1.22863e-4 0.9537284 -0.3006696 3.86627e-6 0.9477394 -0.3190459 -1.71189e-4 0.8985792 -0.4388113 4.99424e-5 0.8909752 -0.4540518 1.75344e-5 0.8235571 -0.5672335 9.26903e-5 0.8150854 -0.5793408 -2.09995e-4 0.7303101 -0.6831158 2.24603e-4 0.7217179 -0.6921874 -1.07051e-4 0.620916 -0.7838773 1.19131e-4 0.6128418 -0.7902056 -4.66562e-4 0.4977557 -0.8673173 4.76067e-4 0.4908689 -0.8712335 -2.97498e-5 0.363608 -0.9315521 3.62978e-4 0.3583079 -0.9336035 -2.40592e-4 0.2214156 -0.9751795 2.45747e-4 0.218088 -0.9759292 -1.21995e-4 0.07432407 -0.9972342 1.24512e-4 0.07319051 -0.997318 6.29881e-7 -0.07319027 -0.997318 6.50324e-7 -0.07432425 -0.9972342 1.24514e-4 -0.218088 -0.9759291 -1.21998e-4 -0.2214156 -0.9751795 2.45746e-4 -0.358308 -0.9336035 -2.40629e-4 -0.363608 -0.9315521 3.62977e-4 -0.4908689 -0.8712336 -2.97378e-5 -0.4977782 -0.8673044 1.49947e-4 -0.6128418 -0.7902056 -4.66552e-4 -0.620916 -0.7838773 1.1913e-4 -0.721718 -0.6921873 -1.07042e-4 -0.7303099 -0.683116 2.24604e-4 -0.8150854 -0.5793408 -2.09998e-4 -0.8235571 -0.5672335 9.26903e-5 -0.8909752 -0.4540519 1.7517e-5 -0.8985794 -0.4388111 4.99389e-5 -0.9477393 -0.3190459 -1.71192e-4 -0.9537284 -0.3006699 3.85637e-6 -0.9841796 -0.1771742 -1.22856e-4 -0.987774 -0.1558929 4.71871e-5 -0.9995034 -0.03151017 -2.32927e-5 -0.9999707 -0.007661581 3.99839e-5 -0.9933853 0.114829 -1.36606e-5 -0.9900467 0.1407392 2.86765e-5 -0.9659578 0.2587 4.64718e-5 -0.9582221 0.2860252 6.33253e-6 -0.9178057 0.3970301 -1.15577e-6 -0.9178026 0.397037 -1.26869e-6 -0.9051972 0.424992 7.03987e-6 -0.8575806 0.5143498 1.11838e-5 -0.8321461 0.5545567 1.6442e-5 -0.7824236 0.6227467 1.43182e-5 -0.7406911 0.6718458 1.46171e-5 -0.6936536 0.7203088 2.00425e-5 -0.6328511 0.7742736 4.51319e-6 -0.5928459 0.805316 -7.75e-6 -0.5110144 0.8595721 5.2019e-6 -0.4817139 0.8763287 -4.86616e-6 -0.3778674 0.9258598 -2.81446e-6 -0.3621927 0.9321033 -3.11044e-6 -0.2363646 0.9716645 3.21028e-6 -0.2363929 0.9716576 0 0.8433931 -0.5372971 0 0.8433915 -0.5372996 0 0.8433929 -0.5372974 0 0.8433918 -0.5372991 2.07673e-7 0.8433915 -0.5372998 1.4167e-7 0.843392 -0.5372987 0 0.8433912 -0.5373002 1.95923e-7 0.8433914 -0.5372998 0 0.8433917 -0.5372994 0 0.8433918 -0.537299 -3.12322e-7 0.8433915 -0.5372995 0 0.8433911 -0.5373002 0 0.8433915 -0.5372998 0 3.28452e-5 -1.63927e-5 1 -8.69791e-6 3.80608e-6 1 -3.23386e-5 -1.5681e-5 1 1.00504e-5 1.93994e-6 1 0.8511824 -0.4914304 0.1843503 0.849707 -0.4905659 0.1932445 0.8074016 -0.4661529 0.3616686 0.7995662 -0.4616577 0.3841433 0.7371143 -0.4255735 0.5249282 0.7179299 -0.4144971 0.5592574 0.643053 -0.3712701 0.669807 0.611715 -0.3531685 0.7078678 0.5188089 -0.2995387 0.800696 0.4828042 -0.2787415 0.8301827 0.3661207 -0.2113742 0.9062431 0.3314081 -0.1913406 0.9238818 0.1907946 -0.1101406 0.9754315 0.1667097 -0.09625488 0.9812965 -0.8511826 -0.4914299 0.1843503 -0.8497062 -0.4905672 0.193244 -0.8074017 -0.4661527 0.3616685 -0.7995945 -0.4616379 0.3841082 -0.7371144 -0.4255734 0.5249282 -0.7179298 -0.4144975 0.5592573 -0.6430541 -0.3712679 0.6698071 -0.6117156 -0.353168 0.7078676 -0.518849 -0.2995463 0.8006671 -0.4828046 -0.2787402 0.8301829 -0.366121 -0.2113746 0.906243 -0.3314082 -0.1913408 0.9238817 -0.1907947 -0.1101412 0.9754314 -0.1667088 -0.09625589 0.9812966 -0.8433909 -0.5373005 0 -0.8433916 -0.5372994 0 -0.8433919 -0.5372991 2.09825e-7 -0.8433917 -0.5372993 2.26761e-7 -0.8433917 -0.5372993 0 -0.8433917 -0.5372993 -1.29581e-7 -0.8433918 -0.537299 0 -0.8433916 -0.5372994 -1.24232e-7 -0.8433914 -0.5372999 7.30989e-7 -0.8433918 -0.537299 1.93148e-7 -0.8433927 -0.5372979 0 -0.8433925 -0.537298 0 -0.8433924 -0.5372982 0 0.9177926 -0.3970603 3.48284e-6 0.917793 -0.3970593 -3.46641e-6 0.8506398 -0.525749 0 0.8506413 -0.5257466 0 0.7655444 -0.6433832 0 0.7655459 -0.6433813 0 0.6643114 -0.747456 0 0.6643129 -0.7474547 0 0.5490757 -0.8357726 0 0.5490774 -0.8357716 0 0.4222658 -0.9064721 0 0.4222677 -0.9064711 0 0.2865546 -0.9580639 0 0.2865568 -0.9580634 0 0.144803 -0.9894605 0 0.1448052 -0.9894602 0 -1.11761e-6 -1 0 1.11048e-6 -1 0 -0.1448052 -0.9894602 0 -0.144803 -0.9894605 0 -0.2865567 -0.9580634 0 -0.2865547 -0.9580639 0 -0.4222677 -0.9064713 0 -0.4222658 -0.9064721 0 -0.5490774 -0.8357715 0 -0.5490757 -0.8357727 0 -0.664313 -0.7474546 0 -0.6643114 -0.747456 0 -0.7655457 -0.6433815 0 -0.7655444 -0.643383 0 -0.8506412 -0.5257467 0 -0.8506399 -0.5257489 0 -0.917793 -0.3970593 3.46641e-6 -0.9177926 -0.3970603 -3.48284e-6 -1.51973e-6 0 1 0 0 1 -7.96866e-7 0 1 2.16765e-7 0 1 1.20119e-7 0 1 0 0 1 -3.88133e-7 0 1 6.16291e-7 0 1 -4.11883e-7 0 1 7.80609e-7 0 1 0 0 1 0 0 1 -2.41284e-7 0 1 1.78506e-7 0 1 0 0 1 6.39948e-7 0 1 2.98813e-7 0 1 0 0 1 1.57132e-7 0 1 -3.105e-7 0 1 -4.82601e-7 0 1 1.51973e-6 0 1 4.32511e-7 0 1 0 0 1 2.50673e-7 0 1 0 0 1 -1.49729e-7 0 1 -1.20119e-7 0 1 5.59597e-7 0 1 -4.23863e-7 0 1 6.55175e-7 0 1 -6.30229e-7 0 1 0 0 1 0 0 1 -2.31886e-7 0 1 2.41284e-7 0 1 0 0 1 -3.08012e-7 0 1 -2.24708e-7 0 1 -5.72112e-7 0 1 5.63284e-7 0 1 2.12948e-7 0 1 1.20567e-6 0 1 -7.04719e-7 0 1 8.101e-7 0 1 -2.36177e-7 0 1 0 0 1 0 0 1 6.18252e-7 0 1 0 0 1 0 0 1 -6.18252e-7 0 1 0 0 1 0 0 1 2.36177e-7 0 1 8.68059e-7 0 1 0 0 1 5.72112e-7 0 1 -4.14248e-7 0 1 0 0 1 -6.76369e-7 0 1 -2.12948e-7 0 1 -5.63284e-7 0 1 4.82601e-7 0 1 5.52546e-7 0 1 0.9781473 -0.2079137 0 0.9781485 -0.2079079 0 1 -2.96643e-6 0 1 2.96643e-6 0 0.9781485 0.2079079 0 0.9781473 0.2079137 0 0.9135466 0.4067341 0 0.9135442 0.4067395 0 0.8090192 0.5877822 0 0.8090155 0.5877873 0 0.6691336 0.7431423 0 0.6691287 0.7431466 0 0.5000022 0.8660242 0 0.4999967 0.8660273 0 0.3090199 0.9510556 0 0.3090145 0.9510574 0 0.1045322 0.9945215 0 0.1045265 0.9945222 0 -0.1045261 0.9945222 0 -0.1045322 0.9945215 0 -0.3090145 0.9510574 0 -0.3090203 0.9510555 0 -0.4999973 0.8660271 0 -0.5000022 0.8660243 0 -0.6691294 0.743146 0 -0.6691331 0.7431426 0 -0.8090154 0.5877875 0 -0.8090187 0.5877829 0 -0.9135443 0.4067395 0 -0.9135468 0.4067338 0 -0.9781473 0.2079137 0 -0.9781485 0.2079079 0 -1 2.96643e-6 0 -1 -2.96643e-6 0 -0.9781485 -0.2079079 0 -0.9781473 -0.2079137 0 -0.9135468 -0.4067338 0 -0.9135443 -0.4067395 0 -0.8090192 -0.5877822 0 -0.8090154 -0.5877875 0 -0.6691335 -0.7431422 0 -0.6691287 -0.7431466 0 -0.5000022 -0.8660243 0 -0.4999968 -0.8660273 0 -0.3090199 -0.9510556 0 -0.3090145 -0.9510574 0 -0.1045322 -0.9945215 0 -0.1045265 -0.9945222 0 0.1045261 -0.9945222 0 0.1045322 -0.9945215 0 0.3090145 -0.9510574 0 0.3090202 -0.9510555 0 0.4999973 -0.8660271 0 0.5000022 -0.8660242 0 0.6691294 -0.743146 0 0.6691331 -0.7431426 0 0.8090155 -0.5877873 0 0.8090187 -0.587783 0 0.9135442 -0.4067395 0 0.9135466 -0.4067341 0 0.691645 0.1470201 -0.7071155 0.7050072 0.05411916 -0.7071323 0.7071047 3.08821e-7 -0.7071089 0.705069 -0.05414932 -0.7070683 0.6916447 -0.1470203 -0.7071158 0.6885388 -0.1610407 -0.7070928 0.6558389 -0.2643315 -0.7071098 0.6459552 0.287598 -0.7071275 0.655839 0.2643314 -0.7071098 0.6885388 0.1610407 -0.7070928 0.607874 0.3613654 -0.7070391 0.5720672 0.415635 -0.7070975 0.5455411 0.4499557 -0.7070537 0.4731299 0.5254597 -0.7071353 0.4703401 0.5279884 -0.7071127 0.3844368 0.5935199 -0.7070662 0.3535475 0.6123543 -0.7071256 0.2892697 0.6452603 -0.7070801 0.2184976 0.6724762 -0.7071313 0.187273 0.6819056 -0.7070599 0.0739088 0.7032154 -0.7071249 0.08138996 0.7023818 -0.7071319 -0.02703708 0.7066605 -0.7070361 -0.0739088 0.7032328 -0.7071076 -0.1346626 0.6942434 -0.7070305 -0.2185093 0.6724857 -0.7071186 -0.2391112 0.6654326 -0.7071247 -0.3535443 0.6123632 -0.7071194 -0.3378518 0.6211835 -0.7070978 -0.4286726 0.5623677 -0.7070943 -0.4731544 0.5254849 -0.7071 -0.5095502 0.4903466 -0.7070494 -0.5720583 0.4156299 -0.7071076 -0.5783555 0.4068186 -0.7071093 -0.6336765 0.313775 -0.7071064 -0.6459592 0.2876081 -0.7071198 -0.6742 0.2133706 -0.7070555 -0.6916567 0.1470222 -0.7071036 -0.6988875 0.1078833 -0.7070485 -0.7071084 -2.63506e-7 -0.7071052 -0.707107 0 -0.7071067 -0.6988268 -0.1079328 -0.7071009 -0.6916568 -0.147022 -0.7071036 -0.6742309 -0.2133831 -0.7070222 -0.6459594 -0.2876079 -0.7071197 -0.6336771 -0.3137751 -0.7071057 -0.5720583 -0.4156299 -0.7071076 -0.5783559 -0.4068189 -0.7071088 -0.5095498 -0.4903475 -0.7070491 -0.4731539 -0.5254855 -0.7071 -0.4286713 -0.5623683 -0.7070947 -0.3535441 -0.6123634 -0.7071192 -0.3377636 -0.6212099 -0.7071168 -0.2390699 -0.6654542 -0.7071183 -0.2185095 -0.6724858 -0.7071185 -0.1346492 -0.6942126 -0.7070633 -0.07390862 -0.703233 -0.7071075 -0.02703702 -0.7066605 -0.7070361 0.07390892 -0.7032154 -0.7071249 0.08138996 -0.7023819 -0.7071318 0.187273 -0.6819056 -0.7070599 0.2184973 -0.6724762 -0.7071313 0.2892683 -0.6452608 -0.7070803 0.3535472 -0.6123545 -0.7071255 0.3843123 -0.5935197 -0.707134 0.4731302 -0.5254595 -0.7071352 0.4703401 -0.5279884 -0.7071129 0.545541 -0.4499557 -0.7070537 0.5720673 -0.4156351 -0.7070973 0.6078739 -0.3613654 -0.7070392 0.645955 -0.2875983 -0.7071276 -0.9882803 0.1526501 0 -0.9882804 0.1526493 0 -1 2.57592e-6 0 -1 -2.51408e-6 0 -0.9882804 -0.1526493 0 -0.9882804 -0.15265 0 -0.9533973 -0.3017179 0 -0.9533973 0.3017179 0 -0.953396 0.3017218 0 -0.8961665 0.443718 0 -0.8961644 0.4437223 0 -0.8179302 0.5753175 0 -0.8179277 0.5753212 0 -0.7205234 0.6934307 0 -0.7205204 0.6934337 0 -0.6062279 0.7952911 0 -0.6062248 0.7952934 0 -0.4777216 0.8785113 0 -0.477718 0.8785132 0 -0.3380187 0.9411394 0 -0.3380147 0.9411409 0 -0.1903944 0.9817078 0 -0.1903902 0.9817086 0 -0.03830426 0.9992662 0 -0.03829991 0.9992664 0 0.1146818 0.9934024 0 0.114686 0.9934019 0 0.2649791 0.9642543 0 0.2649832 0.9642531 0 0.4090665 0.9125047 0 0.4090706 0.9125028 0 0.5435661 0.8393663 0 0.5435699 0.839364 0 0.6653245 0.7465543 0 0.6653278 0.7465514 0 0.7714871 0.636245 0 0.7714902 0.6362413 0 0.8595685 0.5110206 0 0.8595708 0.5110169 0 0.9275021 0.373818 0 0.9275035 0.3738145 0 0.9736952 0.2278546 0 0.973696 0.2278512 0 0.9970657 0.07655161 0 0.997066 0.07654792 0 0.997066 -0.07654792 0 0.9970657 -0.07655161 0 0.973696 -0.2278512 0 0.9736952 -0.2278546 0 0.9275034 -0.3738148 0 0.9275021 -0.3738182 0 0.8595706 -0.511017 0 0.8595685 -0.5110206 0 0.7714902 -0.6362413 0 0.7714871 -0.636245 0 0.6653278 -0.7465514 0 0.6653245 -0.7465543 0 0.5435696 -0.8393642 0 0.5435661 -0.8393663 0 0.4090706 -0.9125028 0 0.4090668 -0.9125044 0 0.2649832 -0.964253 0 0.2649791 -0.9642543 0 0.114686 -0.9934019 0 0.1146817 -0.9934023 0 -0.03829997 -0.9992664 0 -0.03830426 -0.9992662 0 -0.1903902 -0.9817086 0 -0.1903943 -0.9817078 0 -0.3380147 -0.9411409 0 -0.3380187 -0.9411394 0 -0.4777178 -0.8785135 0 -0.4777214 -0.8785114 0 -0.6062247 -0.7952935 0 -0.6062281 -0.7952909 0 -0.7205206 -0.6934336 0 -0.7205235 -0.6934305 0 -0.8179279 -0.5753209 0 -0.8179302 -0.5753175 0 -0.8961642 -0.4437225 0 -0.8961662 -0.4437185 0 -0.953396 -0.3017221 0 2.624e-7 0 -1 4.52899e-7 0 -1 5.03741e-7 0 -1 -2.43521e-7 0 -1 -4.13495e-7 0 -1 -5.653e-7 0 -1 -2.18183e-7 0 -1 -4.09845e-7 0 -1 -3.66112e-7 0 -1 4.30807e-7 0 -1 5.58473e-7 0 -1 -1.87834e-7 0 -1 -3.5064e-7 0 -1 -4.51039e-7 0 -1 3.12216e-7 0 -1 3.37917e-7 0 -1 -1.48549e-7 0 -1 -4.94828e-7 0 -1 -3.03586e-7 0 -1 -3.08233e-7 0 -1 0 0 -1 3.84347e-7 0 -1 4.13281e-7 0 -1 -4.73997e-7 0 -1 -4.74522e-7 0 -1 -1.46323e-7 0 -1 3.89211e-7 0 -1 3.81753e-7 0 -1 4.55387e-7 0 -1 2.50768e-7 0 -1 1.36676e-7 0 -1 -1.22797e-7 0 -1 0 0 -1 -2.72512e-7 0 -1 -4.67071e-7 0 -1 0 0 -1 6.78318e-7 0 -1 6.31273e-7 0 -1 -2.17894e-7 0 -1 -3.85605e-7 0 -1 -2.09032e-7 0 -1 -5.10222e-7 0 -1 -3.99346e-7 0 -1 -5.76073e-7 0 -1 -2.20372e-7 0 -1 -4.14918e-7 0 -1 -3.57173e-7 0 -1 4.32326e-7 0 -1 5.56158e-7 0 -1 1.84747e-7 0 -1 3.35714e-7 0 -1 3.78848e-7 0 -1 1.24501e-7 0 -1 0 0 -1 1.94173e-7 0 -1 2.54637e-7 0 -1 1.65051e-7 0 -1 -3.37781e-7 0 -1 0 0 -1 2.78603e-7 0 -1 7.78626e-7 0 -1 5.11161e-7 0 -1 3.78894e-7 0 -1 4.64006e-7 0 -1 7.5065e-7 0 -1 1.80419e-7 0 -1 -7.37432e-7 0 -1 -3.71398e-7 0 -1 4.80655e-7 0 -1 4.58561e-7 0 -1 -0.7071025 0 0.7071111 -0.7071057 0 0.7071079 -0.7071065 0 0.7071072 -0.7071067 0 0.707107 -0.7071076 0 0.707106 -0.7071068 0 0.7071069 0 0.7071076 0.7071059 0 0.7071057 0.7071079 0 0.7071075 0.7071061 0 0.7071053 0.7071083 0.7071052 0 0.7071084 0.7071067 0 0.7071068 0.7071066 0 0.707107 0.7071059 0 0.7071078 0.7071065 0 0.7071072 0.7071028 0 0.7071108 1 0 0 -2.68761e-7 0 1 0 0 1 -6.61636e-7 0 1 -1 0 0 0 1 0 0.8954942 0.4450731 0 0.895496 0.4450696 0 0.9838606 0.1789367 0 0.9838609 0.1789349 0 0.9948539 -0.1013206 0 0.9948542 -0.1013184 0 0.9275851 -0.3736121 0 0.9275866 -0.3736082 0 0.7873471 -0.6165099 0 0.7873479 -0.6165089 0 0.5851747 -0.8109072 0 0.5851735 -0.8109081 0 0.3369662 -0.9415168 0 0.3369654 -0.9415171 0 0.06229841 -0.9980576 0 0.06229841 -0.9980576 0 -0.8331916 0.5529845 0 -0.8331918 0.5529842 0 -0.6468947 0.7625793 0 -0.6468949 0.7625793 0 -0.4096803 0.9122292 0 -0.4096806 0.9122291 0 -0.1402361 0.9901181 0 -0.1402363 0.9901182 0 0.1402363 0.9901182 0 0.1402361 0.9901181 0 0.4096805 0.9122291 0 0.4096805 0.9122292 0 0.6468949 0.7625792 0 0.6468949 0.7625793 0 0.8331916 0.5529844 0 0.8331916 0.5529845 0</float_array>
          <technique_common>
            <accessor source="#XL-430_new_TOP-mesh-normals-array" count="2851" stride="3">
              <param name="X" type="float"/>
              <param name="Y" type="float"/>
              <param name="Z" type="float"/>
            </accessor>
          </technique_common>
        </source>
        <source id="XL-430_new_TOP-mesh-map-0">
          <float_array id="XL-430_new_TOP-mesh-map-0-array" count="20736">-0.3675 -0.109157 -0.01749998 0 -0.3675 0 -0.3675 0 -0.01749998 0 -0.01749998 0.109157 -0.3675 0 -0.01749998 0.109157 -0.3675 0.109157 -0.3675 0.109157 -0.01749998 0.109157 -0.01749998 0.218314 -0.3675 0.109157 -0.01749998 0.218314 -0.3675 0.218314 -0.3675 0.218314 -0.01749998 0.218314 -0.01749998 0.327471 -0.3675 0.218314 -0.01749998 0.327471 -0.3675 0.327471 -0.3675 0.327471 -0.01749998 0.327471 -0.01749998 0.436628 -0.3675 0.327471 -0.01749998 0.436628 -0.3675 0.436628 -0.3675 0.436628 -0.01749998 0.436628 -0.01749998 0.545785 -0.3675 0.436628 -0.01749998 0.545785 -0.3675 0.545785 -0.3675 0.545785 -0.01749998 0.545785 -0.01749998 0.654942 -0.3675 0.545785 -0.01749998 0.654942 -0.3675 0.654942 -0.3675 0.654942 -0.01749998 0.654942 -0.01749998 0.764099 -0.3675 0.654942 -0.01749998 0.764099 -0.3675 0.764099 -0.3675 0.764099 -0.01749998 0.764099 -0.01749998 0.873256 -0.3675 0.764099 -0.01749998 0.873256 -0.3675 0.873256 -0.3675 0.873256 -0.01749998 0.873256 -0.01749998 0.982413 -0.3675 0.873256 -0.01749998 0.982413 -0.3675 0.982413 -0.3675 0.982413 -0.01749998 0.982413 -0.01749998 1.09157 -0.3675 0.982413 -0.01749998 1.09157 -0.3675 1.09157 -0.3675 1.09157 -0.01749998 1.09157 -0.01749998 1.200727 -0.3675 1.09157 -0.01749998 1.200727 -0.3675 1.200727 -0.3675 1.200727 -0.01749998 1.200727 -0.01749998 1.309884 -0.3675 1.200727 -0.01749998 1.309884 -0.3675 1.309884 -0.3675 1.309884 -0.01749998 1.309884 -0.01749998 1.419041 -0.3675 1.309884 -0.01749998 1.419041 -0.3675 1.419041 -0.3675 1.419041 -0.01749998 1.419041 -0.01749998 1.528198 -0.3675 1.419041 -0.01749998 1.528198 -0.3675 1.528198 -0.3675 1.528198 -0.01749998 1.528198 -0.01749998 1.637355 -0.3675 1.528198 -0.01749998 1.637355 -0.3675 1.637355 -0.3675 1.637355 -0.01749998 1.637355 -0.01749998 1.746512 -0.3675 1.637355 -0.01749998 1.746512 -0.3675 1.746512 -0.3675 1.746512 -0.01749998 1.746512 -0.01749998 1.855669 -0.3675 1.746512 -0.01749998 1.855669 -0.3675 1.855669 -0.3675 1.855669 -0.01749998 1.855669 -0.01749998 1.964827 -0.3675 1.855669 -0.01749998 1.964827 -0.3675 1.964827 -0.3675 1.964827 -0.01749998 1.964827 -0.01749998 2.073984 -0.3675 1.964827 -0.01749998 2.073984 -0.3675 2.073984 -0.3675 2.073984 -0.01749998 2.073984 -0.01749998 2.183141 -0.3675 2.073984 -0.01749998 2.183141 -0.3675 2.183141 -0.3675 2.183141 -0.01749998 2.183141 -0.01749998 2.292298 -0.3675 2.183141 -0.01749998 2.292298 -0.3675 2.292298 -0.3675 2.292298 -0.01749998 2.292298 -0.01749998 2.401455 -0.3675 2.292298 -0.01749998 2.401455 -0.3675 2.401455 -0.3675 2.401455 -0.01749998 2.401455 -0.01749998 2.510612 -0.3675 2.401455 -0.01749998 2.510612 -0.3675 2.510612 -0.3675 2.510612 -0.01749998 2.510612 -0.01749998 2.619769 -0.3675 2.510612 -0.01749998 2.619769 -0.3675 2.619769 -0.3675 2.619769 -0.01749998 2.619769 -0.01749998 2.728926 -0.3675 2.619769 -0.01749998 2.728926 -0.3675 2.728926 -0.3675 2.728926 -0.01749998 2.728926 -0.01749998 2.838083 -0.3675 2.728926 -0.01749998 2.838083 -0.3675 2.838083 -0.3675 2.838083 -0.01749998 2.838083 -0.01749998 2.94724 -0.3675 2.838083 -0.01749998 2.94724 -0.3675 2.94724 -0.3675 2.94724 -0.01749998 2.94724 -0.01749998 3.056397 -0.3675 2.94724 -0.01749998 3.056397 -0.3675 3.056397 -0.3675 3.056397 -0.01749998 3.056397 -0.01749998 3.165554 -0.3675 3.056397 -0.01749998 3.165554 -0.3675 3.165554 -0.3675 -3.274711 -0.01749998 -3.274711 -0.01749998 -3.165554 -0.3675 -3.274711 -0.01749998 -3.165554 -0.3675 -3.165554 -0.3675 -3.165554 -0.01749998 -3.165554 -0.01749998 -3.056397 -0.3675 -3.165554 -0.01749998 -3.056397 -0.3675 -3.056397 -0.3675 -3.056397 -0.01749998 -3.056397 -0.01749998 -2.94724 -0.3675 -3.056397 -0.01749998 -2.94724 -0.3675 -2.94724 -0.3675 -2.94724 -0.01749998 -2.94724 -0.01749998 -2.838083 -0.3675 -2.94724 -0.01749998 -2.838083 -0.3675 -2.838083 -0.3675 -2.838083 -0.01749998 -2.838083 -0.01749998 -2.728926 -0.3675 -2.838083 -0.01749998 -2.728926 -0.3675 -2.728926 -0.3675 -2.728926 -0.01749998 -2.728926 -0.01749998 -2.619769 -0.3675 -2.728926 -0.01749998 -2.619769 -0.3675 -2.619769 -0.3675 -2.619769 -0.01749998 -2.619769 -0.01749998 -2.510612 -0.3675 -2.619769 -0.01749998 -2.510612 -0.3675 -2.510612 -0.3675 -2.510612 -0.01749998 -2.510612 -0.01749998 -2.401455 -0.3675 -2.510612 -0.01749998 -2.401455 -0.3675 -2.401455 -0.3675 -2.401455 -0.01749998 -2.401455 -0.01749998 -2.292298 -0.3675 -2.401455 -0.01749998 -2.292298 -0.3675 -2.292298 -0.3675 -2.292298 -0.01749998 -2.292298 -0.01749998 -2.183141 -0.3675 -2.292298 -0.01749998 -2.183141 -0.3675 -2.183141 -0.3675 -2.183141 -0.01749998 -2.183141 -0.01749998 -2.073984 -0.3675 -2.183141 -0.01749998 -2.073984 -0.3675 -2.073984 -0.3675 -2.073984 -0.01749998 -2.073984 -0.01749998 -1.964827 -0.3675 -2.073984 -0.01749998 -1.964827 -0.3675 -1.964827 -0.3675 -1.964827 -0.01749998 -1.964827 -0.01749998 -1.855669 -0.3675 -1.964827 -0.01749998 -1.855669 -0.3675 -1.855669 -0.3675 -1.855669 -0.01749998 -1.855669 -0.01749998 -1.746512 -0.3675 -1.855669 -0.01749998 -1.746512 -0.3675 -1.746512 -0.3675 -1.746512 -0.01749998 -1.746512 -0.01749998 -1.637355 -0.3675 -1.746512 -0.01749998 -1.637355 -0.3675 -1.637355 -0.3675 -1.637355 -0.01749998 -1.637355 -0.01749998 -1.528198 -0.3675 -1.637355 -0.01749998 -1.528198 -0.3675 -1.528198 -0.3675 -1.528198 -0.01749998 -1.528198 -0.01749998 -1.419041 -0.3675 -1.528198 -0.01749998 -1.419041 -0.3675 -1.419041 -0.3675 -1.419041 -0.01749998 -1.419041 -0.01749998 -1.309884 -0.3675 -1.419041 -0.01749998 -1.309884 -0.3675 -1.309884 -0.3675 -1.309884 -0.01749998 -1.309884 -0.01749998 -1.200727 -0.3675 -1.309884 -0.01749998 -1.200727 -0.3675 -1.200727 -0.3675 -1.200727 -0.01749998 -1.200727 -0.01749998 -1.09157 -0.3675 -1.200727 -0.01749998 -1.09157 -0.3675 -1.09157 -0.3675 -1.09157 -0.01749998 -1.09157 -0.01749998 -0.982413 -0.3675 -1.09157 -0.01749998 -0.982413 -0.3675 -0.982413 -0.3675 -0.982413 -0.01749998 -0.982413 -0.01749998 -0.873256 -0.3675 -0.982413 -0.01749998 -0.873256 -0.3675 -0.873256 -0.3675 -0.873256 -0.01749998 -0.873256 -0.01749998 -0.764099 -0.3675 -0.873256 -0.01749998 -0.764099 -0.3675 -0.764099 -0.3675 -0.764099 -0.01749998 -0.764099 -0.01749998 -0.654942 -0.3675 -0.764099 -0.01749998 -0.654942 -0.3675 -0.654942 -0.3675 -0.654942 -0.01749998 -0.654942 -0.01749998 -0.545785 -0.3675 -0.654942 -0.01749998 -0.545785 -0.3675 -0.545785 -0.3675 -0.545785 -0.01749998 -0.545785 -0.01749998 -0.436628 -0.3675 -0.545785 -0.01749998 -0.436628 -0.3675 -0.436628 -0.3675 -0.436628 -0.01749998 -0.436628 -0.01749998 -0.327471 -0.3675 -0.436628 -0.01749998 -0.327471 -0.3675 -0.327471 -0.3675 -0.327471 -0.01749998 -0.327471 -0.01749998 -0.218314 -0.3675 -0.327471 -0.01749998 -0.218314 -0.3675 -0.218314 -0.3675 -0.218314 -0.01749998 -0.218314 -0.01749998 -0.109157 -0.3675 -0.218314 -0.01749998 -0.109157 -0.3675 -0.109157 -0.3675 -0.109157 -0.01749998 -0.109157 -0.01749998 0 -1.019193 -0.108951 -0.911705 -0.043841 -1.025 0 -1.025 0 -0.911705 -0.043841 -0.919665 -0.008967995 -1.025 0 -0.919665 -0.008967995 -0.916991 0.026703 -0.911705 -0.043841 -1.019193 -0.108951 -0.89382 -0.07481896 -0.89382 -0.07481896 -1.019193 -0.108951 -1.001839 -0.2166669 -0.89382 -0.07481896 -1.001839 -0.2166669 -0.867598 -0.09914898 -0.867598 -0.09914898 -1.001839 -0.2166669 -0.835371 -0.114669 -0.835371 -0.114669 -1.001839 -0.2166669 -0.973133 -0.321929 -0.835371 -0.114669 -0.973133 -0.321929 -0.8 -0.12 -0.8 -0.12 -0.973133 -0.321929 -0.933401 -0.423542 -0.8 -0.12 -0.933401 -0.423542 -0.764629 -0.114669 -0.764629 -0.114669 -0.933401 -0.423542 -0.574779 -0.204277 -0.764629 -0.114669 -0.574779 -0.204277 -0.732402 -0.09914898 -0.732402 -0.09914898 -0.574779 -0.204277 -0.597241 -0.124108 -0.732402 -0.09914898 -0.597241 -0.124108 -0.70618 -0.07481896 -0.70618 -0.07481896 -0.597241 -0.124108 -0.688295 -0.043841 -0.688295 -0.043841 -0.597241 -0.124108 -0.608578 -0.041628 -0.688295 -0.043841 -0.608578 -0.041628 -0.680336 -0.008967995 -0.680336 -0.008967995 -0.608578 -0.041628 -0.608578 0.041628 -0.680336 -0.008967995 -0.608578 0.041628 -0.683009 0.026703 -0.683009 0.026703 -0.608578 0.041628 -0.696077 0.06 -0.696077 0.06 -0.608578 0.041628 -0.597241 0.124108 -0.696077 0.06 -0.597241 0.124108 -0.718379 0.08796596 -0.718379 0.08796596 -0.597241 0.124108 -0.747934 0.108116 -0.747934 0.108116 -0.597241 0.124108 -0.574779 0.204277 -0.747934 0.108116 -0.574779 0.204277 -0.782115 0.11866 -0.782115 0.11866 -0.574779 0.204277 -0.933401 0.423542 -0.782115 0.11866 -0.933401 0.423542 -0.973133 0.321929 -0.883093 -0.520357 -0.653588 -0.508256 -0.933401 -0.423542 -0.933401 -0.423542 -0.653588 -0.508256 -0.630178 -0.482826 -0.933401 -0.423542 -0.630178 -0.482826 -0.574779 -0.204277 -0.574779 -0.204277 -0.630178 -0.482826 -0.54161 -0.28064 -0.54161 -0.28064 -0.630178 -0.482826 -0.599779 -0.466375 -0.54161 -0.28064 -0.599779 -0.466375 -0.565685 -0.460685 -0.653588 -0.508256 -0.883093 -0.520357 -0.667472 -0.539909 -0.667472 -0.539909 -0.883093 -0.520357 -0.822779 -0.611277 -0.667472 -0.539909 -0.822779 -0.611277 -0.670327 -0.574356 -0.670327 -0.574356 -0.822779 -0.611277 -0.661842 -0.607863 -0.661842 -0.607863 -0.822779 -0.611277 -0.753143 -0.69527 -0.661842 -0.607863 -0.753143 -0.69527 -0.642936 -0.6368 -0.642936 -0.6368 -0.753143 -0.69527 -0.674974 -0.771385 -0.642936 -0.6368 -0.674974 -0.771385 -0.61566 -0.65803 -0.61566 -0.65803 -0.674974 -0.771385 -0.582968 -0.669253 -0.582968 -0.669253 -0.674974 -0.771385 -0.589157 -0.83876 -0.582968 -0.669253 -0.589157 -0.83876 -0.548403 -0.669253 -0.548403 -0.669253 -0.589157 -0.83876 -0.515711 -0.65803 -0.515711 -0.65803 -0.589157 -0.83876 -0.496665 -0.896632 -0.515711 -0.65803 -0.496665 -0.896632 -0.488434 -0.6368 -0.488434 -0.6368 -0.496665 -0.896632 -0.398545 -0.944345 -0.488434 -0.6368 -0.398545 -0.944345 -0.243025 -0.559499 -0.243025 -0.559499 -0.398545 -0.944345 -0.11866 -0.782115 -0.243025 -0.559499 -0.11866 -0.782115 -0.108116 -0.747934 -0.11866 -0.782115 -0.398545 -0.944345 -0.11866 -0.817885 -0.11866 -0.817885 -0.398545 -0.944345 -0.295909 -0.981358 -0.11866 -0.817885 -0.295909 -0.981358 -0.108116 -0.852066 -0.108116 -0.852066 -0.295909 -0.981358 -0.189921 -1.007251 -0.108116 -0.852066 -0.189921 -1.007251 -0.08796596 -0.881621 -0.08796596 -0.881621 -0.189921 -1.007251 -0.08178097 -1.021732 -0.08796596 -0.881621 -0.08178097 -1.021732 -0.06 -0.903923 -0.06 -0.903923 -0.08178097 -1.021732 -0.026703 -0.916991 -0.026703 -0.916991 -0.08178097 -1.021732 0.02728599 -1.024637 -0.026703 -0.916991 0.02728599 -1.024637 0.008967995 -0.919665 0.008967995 -0.919665 0.02728599 -1.024637 0.043841 -0.911705 0.043841 -0.911705 0.02728599 -1.024637 0.136044 -1.015932 0.043841 -0.911705 0.136044 -1.015932 0.07481896 -0.89382 0.07481896 -0.89382 0.136044 -1.015932 0.09914898 -0.867598 0.09914898 -0.867598 0.136044 -1.015932 0.24326 -0.995716 0.09914898 -0.867598 0.24326 -0.995716 0.114669 -0.835371 0.114669 -0.835371 0.24326 -0.995716 0.34772 -0.964218 0.114669 -0.835371 0.34772 -0.964218 0.12 -0.8 0.12 -0.8 0.34772 -0.964218 0.44824 -0.921795 0.12 -0.8 0.44824 -0.921795 0.482826 -0.630178 0.482826 -0.630178 0.44824 -0.921795 0.508256 -0.653588 0.508256 -0.653588 0.44824 -0.921795 0.543681 -0.868928 0.508256 -0.653588 0.543681 -0.868928 0.539909 -0.667472 0.539909 -0.667472 0.543681 -0.868928 0.632963 -0.806215 0.539909 -0.667472 0.632963 -0.806215 0.574356 -0.670327 0.574356 -0.670327 0.632963 -0.806215 0.607863 -0.661842 0.607863 -0.661842 0.632963 -0.806215 0.715072 -0.734368 0.607863 -0.661842 0.715072 -0.734368 0.6368 -0.642936 0.6368 -0.642936 0.715072 -0.734368 0.65803 -0.61566 0.65803 -0.61566 0.715072 -0.734368 0.78908 -0.6542 0.65803 -0.61566 0.78908 -0.6542 0.669253 -0.582968 0.669253 -0.582968 0.78908 -0.6542 0.854147 -0.56662 0.669253 -0.582968 0.854147 -0.56662 0.669253 -0.548403 0.669253 -0.548403 0.854147 -0.56662 0.65803 -0.515711 0.65803 -0.515711 0.854147 -0.56662 0.909536 -0.47262 0.65803 -0.515711 0.909536 -0.47262 0.6368 -0.488434 0.6368 -0.488434 0.909536 -0.47262 0.95462 -0.373265 0.6368 -0.488434 0.95462 -0.373265 0.782115 -0.11866 0.782115 -0.11866 0.95462 -0.373265 0.817885 -0.11866 0.817885 -0.11866 0.95462 -0.373265 0.988887 -0.26968 0.817885 -0.11866 0.988887 -0.26968 0.852066 -0.108116 0.852066 -0.108116 0.988887 -0.26968 1.01195 -0.16304 0.852066 -0.108116 1.01195 -0.16304 0.881621 -0.08796596 0.881621 -0.08796596 1.01195 -0.16304 0.903923 -0.06 0.903923 -0.06 1.01195 -0.16304 1.023547 -0.05455297 0.903923 -0.06 1.023547 -0.05455297 0.916991 -0.026703 0.916991 -0.026703 1.023547 -0.05455297 0.919665 0.008967995 0.919665 0.008967995 1.023547 -0.05455297 1.023547 0.05455297 0.919665 0.008967995 1.023547 0.05455297 0.911705 0.043841 0.911705 0.043841 1.023547 0.05455297 0.89382 0.07481896 0.89382 0.07481896 1.023547 0.05455297 1.01195 0.16304 0.89382 0.07481896 1.01195 0.16304 0.867598 0.09914898 0.867598 0.09914898 1.01195 0.16304 0.988887 0.26968 0.867598 0.09914898 0.988887 0.26968 0.835371 0.114669 0.835371 0.114669 0.988887 0.26968 0.8 0.12 0.8 0.12 0.988887 0.26968 0.95462 0.373265 0.8 0.12 0.95462 0.373265 0.630178 0.482826 0.630178 0.482826 0.95462 0.373265 0.909536 0.47262 0.630178 0.482826 0.909536 0.47262 0.653588 0.508256 0.653588 0.508256 0.909536 0.47262 0.854147 0.56662 0.653588 0.508256 0.854147 0.56662 0.667472 0.539909 0.667472 0.539909 0.854147 0.56662 0.670327 0.574356 0.670327 0.574356 0.854147 0.56662 0.78908 0.6542 0.670327 0.574356 0.78908 0.6542 0.661842 0.607863 0.661842 0.607863 0.78908 0.6542 0.715072 0.734368 0.661842 0.607863 0.715072 0.734368 0.642936 0.6368 0.642936 0.6368 0.715072 0.734368 0.61566 0.65803 0.61566 0.65803 0.715072 0.734368 0.632963 0.806215 0.61566 0.65803 0.632963 0.806215 0.582968 0.669253 0.582968 0.669253 0.632963 0.806215 0.548403 0.669253 0.548403 0.669253 0.632963 0.806215 0.543681 0.868928 0.548403 0.669253 0.543681 0.868928 0.515711 0.65803 0.515711 0.65803 0.543681 0.868928 0.44824 0.921795 0.515711 0.65803 0.44824 0.921795 0.488434 0.6368 0.488434 0.6368 0.44824 0.921795 0.243025 0.559499 0.488434 0.6368 0.243025 0.559499 0.469529 0.607863 0.469529 0.607863 0.243025 0.559499 0.316946 0.521196 0.469529 0.607863 0.316946 0.521196 0.461044 0.574356 0.461044 0.574356 0.316946 0.521196 0.463898 0.539909 0.463898 0.539909 0.316946 0.521196 0.384964 0.473184 0.463898 0.539909 0.384964 0.473184 0.477783 0.508256 0.477783 0.508256 0.384964 0.473184 0.44581 0.416357 0.477783 0.508256 0.44581 0.416357 0.501193 0.482826 0.501193 0.482826 0.44581 0.416357 0.531592 0.466375 0.531592 0.466375 0.44581 0.416357 0.498352 0.351775 0.531592 0.466375 0.498352 0.351775 0.565685 0.460685 0.565685 0.460685 0.498352 0.351775 0.54161 0.28064 0.565685 0.460685 0.54161 0.28064 0.599779 0.466375 0.599779 0.466375 0.54161 0.28064 0.630178 0.482826 0.630178 0.482826 0.54161 0.28064 0.574779 0.204277 0.630178 0.482826 0.574779 0.204277 0.764629 0.114669 0.764629 0.114669 0.574779 0.204277 0.732402 0.09914898 0.732402 0.09914898 0.574779 0.204277 0.597241 0.124108 0.732402 0.09914898 0.597241 0.124108 0.70618 0.07481896 0.70618 0.07481896 0.597241 0.124108 0.688295 0.043841 0.688295 0.043841 0.597241 0.124108 0.608578 0.041628 0.688295 0.043841 0.608578 0.041628 0.680336 0.008967995 0.680336 0.008967995 0.608578 0.041628 0.608578 -0.041628 0.680336 0.008967995 0.608578 -0.041628 0.683009 -0.026703 0.683009 -0.026703 0.608578 -0.041628 0.696077 -0.06 0.696077 -0.06 0.608578 -0.041628 0.597241 -0.124108 0.696077 -0.06 0.597241 -0.124108 0.718379 -0.08796596 0.718379 -0.08796596 0.597241 -0.124108 0.747934 -0.108116 0.747934 -0.108116 0.597241 -0.124108 0.574779 -0.204277 0.747934 -0.108116 0.574779 -0.204277 0.782115 -0.11866 0.782115 -0.11866 0.574779 -0.204277 0.6368 -0.488434 0.44824 0.921795 0.34772 0.964218 0.243025 0.559499 0.243025 0.559499 0.34772 0.964218 0.11866 0.782115 0.243025 0.559499 0.11866 0.782115 0.108116 0.747934 0.11866 0.782115 0.34772 0.964218 0.11866 0.817885 0.11866 0.817885 0.34772 0.964218 0.24326 0.995716 0.11866 0.817885 0.24326 0.995716 0.108116 0.852066 0.108116 0.852066 0.24326 0.995716 0.08796596 0.881621 0.08796596 0.881621 0.24326 0.995716 0.136044 1.015932 0.08796596 0.881621 0.136044 1.015932 0.06 0.903923 0.06 0.903923 0.136044 1.015932 0.02728599 1.024637 0.06 0.903923 0.02728599 1.024637 0.026703 0.916991 0.026703 0.916991 0.02728599 1.024637 -0.008967995 0.919665 -0.008967995 0.919665 0.02728599 1.024637 -0.08178097 1.021732 -0.008967995 0.919665 -0.08178097 1.021732 -0.043841 0.911705 -0.043841 0.911705 -0.08178097 1.021732 -0.07481896 0.89382 -0.07481896 0.89382 -0.08178097 1.021732 -0.189921 1.007251 -0.07481896 0.89382 -0.189921 1.007251 -0.09914898 0.867598 -0.09914898 0.867598 -0.189921 1.007251 -0.114669 0.835371 -0.114669 0.835371 -0.189921 1.007251 -0.295909 0.981358 -0.114669 0.835371 -0.295909 0.981358 -0.12 0.8 -0.12 0.8 -0.295909 0.981358 -0.398545 0.944345 -0.12 0.8 -0.398545 0.944345 -0.482826 0.630178 -0.482826 0.630178 -0.398545 0.944345 -0.496665 0.896632 -0.482826 0.630178 -0.496665 0.896632 -0.508256 0.653588 -0.508256 0.653588 -0.496665 0.896632 -0.539909 0.667472 -0.539909 0.667472 -0.496665 0.896632 -0.589157 0.83876 -0.539909 0.667472 -0.589157 0.83876 -0.574356 0.670327 -0.574356 0.670327 -0.589157 0.83876 -0.674974 0.771385 -0.574356 0.670327 -0.674974 0.771385 -0.607863 0.661842 -0.607863 0.661842 -0.674974 0.771385 -0.6368 0.642936 -0.6368 0.642936 -0.674974 0.771385 -0.753143 0.69527 -0.6368 0.642936 -0.753143 0.69527 -0.65803 0.61566 -0.65803 0.61566 -0.753143 0.69527 -0.669253 0.582968 -0.669253 0.582968 -0.753143 0.69527 -0.822779 0.611277 -0.669253 0.582968 -0.822779 0.611277 -0.669253 0.548403 -0.669253 0.548403 -0.822779 0.611277 -0.883093 0.520357 -0.669253 0.548403 -0.883093 0.520357 -0.65803 0.515711 -0.65803 0.515711 -0.883093 0.520357 -0.933401 0.423542 -0.65803 0.515711 -0.933401 0.423542 -0.6368 0.488434 -0.6368 0.488434 -0.933401 0.423542 -0.574779 0.204277 -0.6368 0.488434 -0.574779 0.204277 -0.54161 0.28064 -1.001839 0.2166669 -0.852066 0.108116 -0.973133 0.321929 -0.973133 0.321929 -0.852066 0.108116 -0.817885 0.11866 -0.973133 0.321929 -0.817885 0.11866 -0.782115 0.11866 -0.852066 0.108116 -1.001839 0.2166669 -0.881621 0.08796596 -0.881621 0.08796596 -1.001839 0.2166669 -1.019193 0.108951 -0.881621 0.08796596 -1.019193 0.108951 -0.903923 0.06 -0.903923 0.06 -1.019193 0.108951 -0.916991 0.026703 -0.916991 0.026703 -1.019193 0.108951 -1.025 0 0.08306199 0.604318 0.026703 0.683009 0 0.61 0 0.61 0.026703 0.683009 -0.008967995 0.680336 0 0.61 -0.008967995 0.680336 -0.043841 0.688295 0.1645759 0.58738 0.08796596 0.718379 0.08306199 0.604318 0.08306199 0.604318 0.08796596 0.718379 0.06 0.696077 0.08306199 0.604318 0.06 0.696077 0.026703 0.683009 0.08796596 0.718379 0.1645759 0.58738 0.108116 0.747934 0.108116 0.747934 0.1645759 0.58738 0.243025 0.559499 0.574779 -0.204277 0.54161 -0.28064 0.6368 -0.488434 0.6368 -0.488434 0.54161 -0.28064 0.607863 -0.469529 0.607863 -0.469529 0.54161 -0.28064 0.574356 -0.461044 0.574356 -0.461044 0.54161 -0.28064 0.498352 -0.351775 0.574356 -0.461044 0.498352 -0.351775 0.539909 -0.463898 0.539909 -0.463898 0.498352 -0.351775 0.44581 -0.416357 0.539909 -0.463898 0.44581 -0.416357 0.508256 -0.477783 0.508256 -0.477783 0.44581 -0.416357 0.482826 -0.501193 0.482826 -0.501193 0.44581 -0.416357 0.384964 -0.473184 0.482826 -0.501193 0.384964 -0.473184 0.466375 -0.531592 0.466375 -0.531592 0.384964 -0.473184 0.460685 -0.565685 0.460685 -0.565685 0.384964 -0.473184 0.316946 -0.521196 0.460685 -0.565685 0.316946 -0.521196 0.466375 -0.599779 0.466375 -0.599779 0.316946 -0.521196 0.243025 -0.559499 0.466375 -0.599779 0.243025 -0.559499 0.482826 -0.630178 0.482826 -0.630178 0.243025 -0.559499 0.114669 -0.764629 0.482826 -0.630178 0.114669 -0.764629 0.12 -0.8 0.243025 -0.559499 0.1645759 -0.58738 0.114669 -0.764629 0.114669 -0.764629 0.1645759 -0.58738 0.09914898 -0.732402 0.09914898 -0.732402 0.1645759 -0.58738 0.07481896 -0.70618 0.07481896 -0.70618 0.1645759 -0.58738 0.08306199 -0.604318 0.07481896 -0.70618 0.08306199 -0.604318 0.043841 -0.688295 0.043841 -0.688295 0.08306199 -0.604318 0 -0.61 0.043841 -0.688295 0 -0.61 0.008967995 -0.680336 0.008967995 -0.680336 0 -0.61 -0.026703 -0.683009 -0.026703 -0.683009 0 -0.61 -0.08306199 -0.604318 -0.026703 -0.683009 -0.08306199 -0.604318 -0.06 -0.696077 -0.06 -0.696077 -0.08306199 -0.604318 -0.08796596 -0.718379 -0.08796596 -0.718379 -0.08306199 -0.604318 -0.1645759 -0.58738 -0.08796596 -0.718379 -0.1645759 -0.58738 -0.108116 -0.747934 -0.108116 -0.747934 -0.1645759 -0.58738 -0.243025 -0.559499 -0.488434 -0.6368 -0.243025 -0.559499 -0.469529 -0.607863 -0.469529 -0.607863 -0.243025 -0.559499 -0.316946 -0.521196 -0.469529 -0.607863 -0.316946 -0.521196 -0.461044 -0.574356 -0.461044 -0.574356 -0.316946 -0.521196 -0.463898 -0.539909 -0.463898 -0.539909 -0.316946 -0.521196 -0.384964 -0.473184 -0.463898 -0.539909 -0.384964 -0.473184 -0.477783 -0.508256 -0.477783 -0.508256 -0.384964 -0.473184 -0.44581 -0.416357 -0.477783 -0.508256 -0.44581 -0.416357 -0.501193 -0.482826 -0.501193 -0.482826 -0.44581 -0.416357 -0.531592 -0.466375 -0.531592 -0.466375 -0.44581 -0.416357 -0.498352 -0.351775 -0.531592 -0.466375 -0.498352 -0.351775 -0.565685 -0.460685 -0.565685 -0.460685 -0.498352 -0.351775 -0.54161 -0.28064 -0.498352 0.351775 -0.574356 0.461044 -0.54161 0.28064 -0.54161 0.28064 -0.574356 0.461044 -0.607863 0.469529 -0.54161 0.28064 -0.607863 0.469529 -0.6368 0.488434 -0.574356 0.461044 -0.498352 0.351775 -0.539909 0.463898 -0.539909 0.463898 -0.498352 0.351775 -0.44581 0.416357 -0.539909 0.463898 -0.44581 0.416357 -0.508256 0.477783 -0.508256 0.477783 -0.44581 0.416357 -0.482826 0.501193 -0.482826 0.501193 -0.44581 0.416357 -0.384964 0.473184 -0.482826 0.501193 -0.384964 0.473184 -0.466375 0.531592 -0.466375 0.531592 -0.384964 0.473184 -0.460685 0.565685 -0.460685 0.565685 -0.384964 0.473184 -0.316946 0.521196 -0.460685 0.565685 -0.316946 0.521196 -0.466375 0.599779 -0.466375 0.599779 -0.316946 0.521196 -0.243025 0.559499 -0.466375 0.599779 -0.243025 0.559499 -0.482826 0.630178 -0.482826 0.630178 -0.243025 0.559499 -0.114669 0.764629 -0.482826 0.630178 -0.114669 0.764629 -0.12 0.8 -0.243025 0.559499 -0.1645759 0.58738 -0.114669 0.764629 -0.114669 0.764629 -0.1645759 0.58738 -0.09914898 0.732402 -0.09914898 0.732402 -0.1645759 0.58738 -0.07481896 0.70618 -0.07481896 0.70618 -0.1645759 0.58738 -0.08306199 0.604318 -0.07481896 0.70618 -0.08306199 0.604318 -0.043841 0.688295 -0.043841 0.688295 -0.08306199 0.604318 0 0.61 0.764629 0.114669 0.8 0.12 0.630178 0.482826 0 0.08332097 -0.12 0.08332097 0 0 0 0 -0.12 0.08332097 -0.12 0 0 0 -0.12 0 0 -0.08332097 0 -0.08332097 -0.12 0 -0.12 -0.08332097 0 -0.08332097 -0.12 -0.08332097 0 -0.1666409 0 -0.1666409 -0.12 -0.08332097 -0.12 -0.1666409 0 -0.1666409 -0.12 -0.1666409 0 -0.249962 0 -0.249962 -0.12 -0.1666409 -0.12 -0.249962 0 -0.249962 -0.12 -0.249962 0 -0.333282 0 -0.333282 -0.12 -0.249962 -0.12 -0.333282 0 -0.333282 -0.12 -0.333282 0 -0.416602 0 -0.416602 -0.12 -0.333282 -0.12 -0.416602 0 -0.416602 -0.12 -0.416602 0 -0.499923 0 -0.499923 -0.12 -0.416602 -0.12 -0.499923 0 -0.499923 -0.12 -0.499923 0 -0.583243 0 -0.583243 -0.12 -0.499923 -0.12 -0.583243 0 -0.583243 -0.12 -0.583243 0 -0.666564 0 -0.666564 -0.12 -0.583243 -0.12 -0.666564 0 -0.666564 -0.12 -0.666564 0 -0.749885 0 -0.749885 -0.12 -0.666564 -0.12 -0.749885 0 -0.749885 -0.12 -0.749885 0 -0.833205 0 -0.833205 -0.12 -0.749885 -0.12 -0.833205 0 -0.833205 -0.12 -0.833205 0 -0.916526 0 -0.916526 -0.12 -0.833205 -0.12 -0.916526 0 -0.916526 -0.12 -0.916526 0 -0.999846 0 -0.999846 -0.12 -0.916526 -0.12 -0.999846 0 -0.999846 -0.12 -0.999846 0 -1.083166 0 -1.083166 -0.12 -0.999846 -0.12 -1.083166 0 -1.083166 -0.12 -1.083166 0 -1.166487 0 -1.166487 -0.12 -1.083166 -0.12 -1.166487 0 -1.166487 -0.12 -1.166487 0 -1.249808 0 -1.249808 -0.12 -1.166487 -0.12 -1.249808 0 -1.249808 -0.12 -1.249808 0 -1.333128 0 -1.333128 -0.12 -1.249808 -0.12 -1.333128 0 -1.333128 -0.12 -1.333128 0 -1.416449 0 -1.416449 -0.12 -1.333128 -0.12 -1.416449 0 -1.416449 -0.12 -1.416449 0 -1.499769 0 -1.499769 -0.12 -1.416449 -0.12 -1.499769 0 -1.499769 -0.12 -1.499769 0 -1.583089 0 -1.583089 -0.12 -1.499769 -0.12 -1.583089 0 -1.583089 -0.12 -1.583089 0 -1.66641 0 -1.66641 -0.12 -1.583089 -0.12 -1.66641 0 -1.66641 -0.12 -1.66641 0 -1.74973 0 -1.74973 -0.12 -1.66641 -0.12 -1.74973 0 -1.74973 -0.12 -1.74973 0 -1.833051 0 -1.833051 -0.12 -1.74973 -0.12 -1.833051 0 -1.833051 -0.12 -1.833051 0 -1.916372 0 -1.916372 -0.12 -1.833051 -0.12 -1.916372 0 1.916372 -0.12 1.916372 0 1.833051 0 1.833051 -0.12 1.916372 -0.12 1.833051 0 1.833051 -0.12 1.833051 0 1.74973 0 1.74973 -0.12 1.833051 -0.12 1.74973 0 1.74973 -0.12 1.74973 0 1.66641 0 1.66641 -0.12 1.74973 -0.12 1.66641 0 1.66641 -0.12 1.66641 0 1.583089 0 1.583089 -0.12 1.66641 -0.12 1.583089 0 1.583089 -0.12 1.583089 0 1.499769 0 1.499769 -0.12 1.583089 -0.12 1.499769 0 1.499769 -0.12 1.499769 0 1.416449 0 1.416449 -0.12 1.499769 -0.12 1.416449 0 1.416449 -0.12 1.416449 0 1.333128 0 1.333128 -0.12 1.416449 -0.12 1.333128 0 1.333128 -0.12 1.333128 0 1.249808 0 1.249808 -0.12 1.333128 -0.12 1.249808 0 1.249808 -0.12 1.249808 0 1.166487 0 1.166487 -0.12 1.249808 -0.12 1.166487 0 1.166487 -0.12 1.166487 0 1.083166 0 1.083166 -0.12 1.166487 -0.12 1.083166 0 1.083166 -0.12 1.083166 0 0.999846 0 0.999846 -0.12 1.083166 -0.12 0.999846 0 0.999846 -0.12 0.999846 0 0.916526 0 0.916526 -0.12 0.999846 -0.12 0.916526 0 0.916526 -0.12 0.916526 0 0.833205 0 0.833205 -0.12 0.916526 -0.12 0.833205 0 0.833205 -0.12 0.833205 0 0.749885 0 0.749885 -0.12 0.833205 -0.12 0.749885 0 0.749885 -0.12 0.749885 0 0.666564 0 0.666564 -0.12 0.749885 -0.12 0.666564 0 0.666564 -0.12 0.666564 0 0.583243 0 0.583243 -0.12 0.666564 -0.12 0.583243 0 0.583243 -0.12 0.583243 0 0.499923 0 0.499923 -0.12 0.583243 -0.12 0.499923 0 0.499923 -0.12 0.499923 0 0.416602 0 0.416602 -0.12 0.499923 -0.12 0.416602 0 0.416602 -0.12 0.416602 0 0.333282 0 0.333282 -0.12 0.416602 -0.12 0.333282 0 0.333282 -0.12 0.333282 0 0.249962 0 0.249962 -0.12 0.333282 -0.12 0.249962 0 0.249962 -0.12 0.249962 0 0.1666409 0 0.1666409 -0.12 0.249962 -0.12 0.1666409 0 0.1666409 -0.12 0.1666409 0 0.08332097 0 0.08332097 -0.12 0.1666409 -0.12 0.08332097 0.604318 0.08306199 0.508574 0.03811198 0.61 0 0.61 0 0.508574 0.03811198 0.508574 -0.03811198 0.61 0 0.508574 -0.03811198 0.604318 -0.08306199 0.604318 -0.08306199 0.508574 -0.03811198 0.497213 -0.113486 0.604318 -0.08306199 0.497213 -0.113486 0.58738 -0.1645759 0.58738 -0.1645759 0.497213 -0.113486 0.474746 -0.186324 0.58738 -0.1645759 0.474746 -0.186324 0.559499 -0.243025 0.559499 -0.243025 0.474746 -0.186324 0.441673 -0.255 0.559499 -0.243025 0.441673 -0.255 0.521196 -0.316946 0.521196 -0.316946 0.441673 -0.255 0.398734 -0.31798 0.521196 -0.316946 0.398734 -0.31798 0.473184 -0.384964 0.473184 -0.384964 0.398734 -0.31798 0.346888 -0.373856 0.473184 -0.384964 0.346888 -0.373856 0.416357 -0.44581 0.416357 -0.44581 0.346888 -0.373856 0.351775 -0.498352 0.351775 -0.498352 0.346888 -0.373856 0.287293 -0.421382 0.351775 -0.498352 0.287293 -0.421382 0.28064 -0.54161 0.28064 -0.54161 0.287293 -0.421382 0.221281 -0.459494 0.28064 -0.54161 0.221281 -0.459494 0.204277 -0.574779 0.204277 -0.574779 0.221281 -0.459494 0.150325 -0.487342 0.204277 -0.574779 0.150325 -0.487342 0.124108 -0.597241 0.124108 -0.597241 0.150325 -0.487342 0.07601195 -0.504304 0.124108 -0.597241 0.07601195 -0.504304 0.041628 -0.608578 0.041628 -0.608578 0.07601195 -0.504304 0 -0.51 0.041628 -0.608578 0 -0.51 -0.041628 -0.608578 -0.041628 -0.608578 0 -0.51 -0.07601195 -0.504304 -0.041628 -0.608578 -0.07601195 -0.504304 -0.124108 -0.597241 -0.124108 -0.597241 -0.07601195 -0.504304 -0.150325 -0.487342 -0.124108 -0.597241 -0.150325 -0.487342 -0.204277 -0.574779 -0.204277 -0.574779 -0.150325 -0.487342 -0.221281 -0.459494 -0.204277 -0.574779 -0.221281 -0.459494 -0.28064 -0.54161 -0.28064 -0.54161 -0.221281 -0.459494 -0.287293 -0.421382 -0.28064 -0.54161 -0.287293 -0.421382 -0.351775 -0.498352 -0.351775 -0.498352 -0.287293 -0.421382 -0.346888 -0.373856 -0.351775 -0.498352 -0.346888 -0.373856 -0.416357 -0.44581 -0.416357 -0.44581 -0.346888 -0.373856 -0.473184 -0.384964 -0.473184 -0.384964 -0.346888 -0.373856 -0.398734 -0.31798 -0.473184 -0.384964 -0.398734 -0.31798 -0.521196 -0.316946 -0.521196 -0.316946 -0.398734 -0.31798 -0.441673 -0.255 -0.521196 -0.316946 -0.441673 -0.255 -0.559499 -0.243025 -0.559499 -0.243025 -0.441673 -0.255 -0.474746 -0.186324 -0.559499 -0.243025 -0.474746 -0.186324 -0.58738 -0.1645759 -0.58738 -0.1645759 -0.474746 -0.186324 -0.497213 -0.113486 -0.58738 -0.1645759 -0.497213 -0.113486 -0.604318 -0.08306199 -0.604318 -0.08306199 -0.497213 -0.113486 -0.508574 -0.03811198 -0.604318 -0.08306199 -0.508574 -0.03811198 -0.61 0 -0.61 0 -0.508574 -0.03811198 -0.508574 0.03811198 -0.61 0 -0.508574 0.03811198 -0.604318 0.08306199 -0.604318 0.08306199 -0.508574 0.03811198 -0.497213 0.113486 -0.604318 0.08306199 -0.497213 0.113486 -0.58738 0.1645759 -0.58738 0.1645759 -0.497213 0.113486 -0.474746 0.186324 -0.58738 0.1645759 -0.474746 0.186324 -0.559499 0.243025 -0.559499 0.243025 -0.474746 0.186324 -0.441673 0.255 -0.559499 0.243025 -0.441673 0.255 -0.521196 0.316946 -0.521196 0.316946 -0.441673 0.255 -0.398734 0.31798 -0.521196 0.316946 -0.398734 0.31798 -0.473184 0.384964 -0.473184 0.384964 -0.398734 0.31798 -0.346888 0.373856 -0.473184 0.384964 -0.346888 0.373856 -0.416357 0.44581 -0.416357 0.44581 -0.346888 0.373856 -0.351775 0.498352 -0.351775 0.498352 -0.346888 0.373856 -0.287293 0.421382 -0.351775 0.498352 -0.287293 0.421382 -0.28064 0.54161 -0.28064 0.54161 -0.287293 0.421382 -0.221281 0.459494 -0.28064 0.54161 -0.221281 0.459494 -0.204277 0.574779 -0.204277 0.574779 -0.221281 0.459494 -0.150325 0.487342 -0.204277 0.574779 -0.150325 0.487342 -0.124108 0.597241 -0.124108 0.597241 -0.150325 0.487342 -0.07601195 0.504304 -0.124108 0.597241 -0.07601195 0.504304 -0.041628 0.608578 -0.041628 0.608578 -0.07601195 0.504304 0 0.51 -0.041628 0.608578 0 0.51 0.041628 0.608578 0.041628 0.608578 0 0.51 0.07601195 0.504304 0.041628 0.608578 0.07601195 0.504304 0.124108 0.597241 0.124108 0.597241 0.07601195 0.504304 0.150325 0.487342 0.124108 0.597241 0.150325 0.487342 0.204277 0.574779 0.204277 0.574779 0.150325 0.487342 0.221281 0.459494 0.204277 0.574779 0.221281 0.459494 0.28064 0.54161 0.28064 0.54161 0.221281 0.459494 0.287293 0.421382 0.28064 0.54161 0.287293 0.421382 0.351775 0.498352 0.351775 0.498352 0.287293 0.421382 0.346888 0.373856 0.351775 0.498352 0.346888 0.373856 0.416357 0.44581 0.416357 0.44581 0.346888 0.373856 0.473184 0.384964 0.473184 0.384964 0.346888 0.373856 0.398734 0.31798 0.473184 0.384964 0.398734 0.31798 0.521196 0.316946 0.521196 0.316946 0.398734 0.31798 0.441673 0.255 0.521196 0.316946 0.441673 0.255 0.559499 0.243025 0.559499 0.243025 0.441673 0.255 0.474746 0.186324 0.559499 0.243025 0.474746 0.186324 0.58738 0.1645759 0.58738 0.1645759 0.474746 0.186324 0.497213 0.113486 0.58738 0.1645759 0.497213 0.113486 0.604318 0.08306199 0.604318 0.08306199 0.497213 0.113486 0.508574 0.03811198 0.1375 -0.07629597 0.3675 -0.07629597 0.1375 0 0.1375 0 0.3675 -0.07629597 0.3675 0 0.1375 0 0.3675 0 0.1375 0.07629597 0.1375 0.07629597 0.3675 0 0.3675 0.07629597 0.1375 0.07629597 0.3675 0.07629597 0.1375 0.152592 0.1375 0.152592 0.3675 0.07629597 0.3675 0.152592 0.1375 0.152592 0.3675 0.152592 0.1375 0.228887 0.1375 0.228887 0.3675 0.152592 0.3675 0.228887 0.1375 0.228887 0.3675 0.228887 0.1375 0.305183 0.1375 0.305183 0.3675 0.228887 0.3675 0.305183 0.1375 0.305183 0.3675 0.305183 0.1375 0.381479 0.1375 0.381479 0.3675 0.305183 0.3675 0.381479 0.1375 0.381479 0.3675 0.381479 0.1375 0.457775 0.1375 0.457775 0.3675 0.381479 0.3675 0.457775 0.1375 0.457775 0.3675 0.457775 0.1375 0.534071 0.1375 0.534071 0.3675 0.457775 0.3675 0.534071 0.1375 0.534071 0.3675 0.534071 0.1375 0.610367 0.1375 0.610367 0.3675 0.534071 0.3675 0.610367 0.1375 0.610367 0.3675 0.610367 0.1375 0.686662 0.1375 0.686662 0.3675 0.610367 0.3675 0.686662 0.1375 0.686662 0.3675 0.686662 0.1375 0.762958 0.1375 0.762958 0.3675 0.686662 0.3675 0.762958 0.1375 0.762958 0.3675 0.762958 0.1375 0.839254 0.1375 0.839254 0.3675 0.762958 0.3675 0.839254 0.1375 0.839254 0.3675 0.839254 0.1375 0.91555 0.1375 0.91555 0.3675 0.839254 0.3675 0.91555 0.1375 0.91555 0.3675 0.91555 0.1375 0.991846 0.1375 0.991846 0.3675 0.91555 0.3675 0.991846 0.1375 0.991846 0.3675 0.991846 0.1375 1.068141 0.1375 1.068141 0.3675 0.991846 0.3675 1.068141 0.1375 1.068141 0.3675 1.068141 0.1375 1.144437 0.1375 1.144437 0.3675 1.068141 0.3675 1.144437 0.1375 1.144437 0.3675 1.144437 0.1375 1.220733 0.1375 1.220733 0.3675 1.144437 0.3675 1.220733 0.1375 1.220733 0.3675 1.220733 0.1375 1.297029 0.1375 1.297029 0.3675 1.220733 0.3675 1.297029 0.1375 1.297029 0.3675 1.297029 0.1375 1.373325 0.1375 1.373325 0.3675 1.297029 0.3675 1.373325 0.1375 1.373325 0.3675 1.373325 0.1375 1.449621 0.1375 1.449621 0.3675 1.373325 0.3675 1.449621 0.1375 1.449621 0.3675 1.449621 0.1375 1.525916 0.1375 1.525916 0.3675 1.449621 0.3675 1.525916 0.1375 1.525916 0.3675 1.525916 0.1375 1.602212 0.1375 1.602212 0.3675 1.525916 0.3675 1.602212 0.1375 -1.602212 0.3675 -1.602212 0.1375 -1.525916 0.1375 -1.525916 0.3675 -1.602212 0.3675 -1.525916 0.1375 -1.525916 0.3675 -1.525916 0.1375 -1.449621 0.1375 -1.449621 0.3675 -1.525916 0.3675 -1.449621 0.1375 -1.449621 0.3675 -1.449621 0.1375 -1.373325 0.1375 -1.373325 0.3675 -1.449621 0.3675 -1.373325 0.1375 -1.373325 0.3675 -1.373325 0.1375 -1.297029 0.1375 -1.297029 0.3675 -1.373325 0.3675 -1.297029 0.1375 -1.297029 0.3675 -1.297029 0.1375 -1.220733 0.1375 -1.220733 0.3675 -1.297029 0.3675 -1.220733 0.1375 -1.220733 0.3675 -1.220733 0.1375 -1.144437 0.1375 -1.144437 0.3675 -1.220733 0.3675 -1.144437 0.1375 -1.144437 0.3675 -1.144437 0.1375 -1.068141 0.1375 -1.068141 0.3675 -1.144437 0.3675 -1.068141 0.1375 -1.068141 0.3675 -1.068141 0.1375 -0.991846 0.1375 -0.991846 0.3675 -1.068141 0.3675 -0.991846 0.1375 -0.991846 0.3675 -0.991846 0.1375 -0.91555 0.1375 -0.91555 0.3675 -0.991846 0.3675 -0.91555 0.1375 -0.91555 0.3675 -0.91555 0.1375 -0.839254 0.1375 -0.839254 0.3675 -0.91555 0.3675 -0.839254 0.1375 -0.839254 0.3675 -0.839254 0.1375 -0.762958 0.1375 -0.762958 0.3675 -0.839254 0.3675 -0.762958 0.1375 -0.762958 0.3675 -0.762958 0.1375 -0.686662 0.1375 -0.686662 0.3675 -0.762958 0.3675 -0.686662 0.1375 -0.686662 0.3675 -0.686662 0.1375 -0.610367 0.1375 -0.610367 0.3675 -0.686662 0.3675 -0.610367 0.1375 -0.610367 0.3675 -0.610367 0.1375 -0.534071 0.1375 -0.534071 0.3675 -0.610367 0.3675 -0.534071 0.1375 -0.534071 0.3675 -0.534071 0.1375 -0.457775 0.1375 -0.457775 0.3675 -0.534071 0.3675 -0.457775 0.1375 -0.457775 0.3675 -0.457775 0.1375 -0.381479 0.1375 -0.381479 0.3675 -0.457775 0.3675 -0.381479 0.1375 -0.381479 0.3675 -0.381479 0.1375 -0.305183 0.1375 -0.305183 0.3675 -0.381479 0.3675 -0.305183 0.1375 -0.305183 0.3675 -0.305183 0.1375 -0.228887 0.1375 -0.228887 0.3675 -0.305183 0.3675 -0.228887 0.1375 -0.228887 0.3675 -0.228887 0.1375 -0.152592 0.1375 -0.152592 0.3675 -0.228887 0.3675 -0.152592 0.1375 -0.152592 0.3675 -0.152592 0.1375 -0.07629597 0.1375 -0.07629597 0.3675 -0.152592 0.3675 -0.07629597 1.019193 0.108951 0.891577 0.04016995 1.025 0 1.025 0 0.891577 0.04016995 0.899659 0.008257985 1.025 0 0.899659 0.008257985 0.89694 -0.02454894 0.891577 0.04016995 1.019193 0.108951 0.873572 0.06772798 0.873572 0.06772798 1.019193 0.108951 1.001839 0.2166669 0.873572 0.06772798 1.001839 0.2166669 0.847595 0.08794701 0.847595 0.08794701 1.001839 0.2166669 0.846875 0.220063 0.847595 0.08794701 0.846875 0.220063 0.816459 0.09863597 0.816459 0.09863597 0.846875 0.220063 0.802351 0.224988 0.816459 0.09863597 0.802351 0.224988 0.783541 0.09863597 0.783541 0.09863597 0.802351 0.224988 0.757734 0.220995 0.783541 0.09863597 0.757734 0.220995 0.714792 0.2082419 1.001839 0.2166669 0.973133 0.321929 0.846875 0.220063 0.846875 0.220063 0.973133 0.321929 0.817734 0.311345 0.817734 0.311345 0.973133 0.321929 0.933401 0.423542 0.817734 0.311345 0.933401 0.423542 0.778787 0.398892 0.778787 0.398892 0.933401 0.423542 0.883093 0.520357 0.778787 0.398892 0.883093 0.520357 0.730501 0.481657 0.730501 0.481657 0.883093 0.520357 0.822779 0.611277 0.730501 0.481657 0.822779 0.611277 0.649238 0.581304 0.649238 0.581304 0.822779 0.611277 0.753143 0.69527 0.649238 0.581304 0.753143 0.69527 0.637954 0.610432 0.637954 0.610432 0.753143 0.69527 0.616909 0.633517 0.616909 0.633517 0.753143 0.69527 0.674974 0.771385 0.616909 0.633517 0.674974 0.771385 0.588947 0.647441 0.588947 0.647441 0.674974 0.771385 0.589157 0.83876 0.588947 0.647441 0.589157 0.83876 0.557843 0.650323 0.557843 0.650323 0.589157 0.83876 0.481657 0.730501 0.557843 0.650323 0.481657 0.730501 0.527798 0.641774 0.527798 0.641774 0.481657 0.730501 0.44345 0.70455 0.527798 0.641774 0.44345 0.70455 0.50287 0.62295 0.50287 0.62295 0.44345 0.70455 0.412862 0.669944 0.50287 0.62295 0.412862 0.669944 0.486425 0.596391 0.486425 0.596391 0.412862 0.669944 0.391799 0.62884 0.486425 0.596391 0.391799 0.62884 0.381574 0.583799 0.589157 0.83876 0.496665 0.896632 0.481657 0.730501 0.481657 0.730501 0.496665 0.896632 0.398892 0.778787 0.398892 0.778787 0.496665 0.896632 0.398545 0.944345 0.398892 0.778787 0.398545 0.944345 0.311345 0.817734 0.311345 0.817734 0.398545 0.944345 0.295909 0.981358 0.311345 0.817734 0.295909 0.981358 0.220063 0.846875 0.220063 0.846875 0.295909 0.981358 0.189921 1.007251 0.220063 0.846875 0.189921 1.007251 0.07891398 0.861421 0.07891398 0.861421 0.189921 1.007251 0.05469495 0.883717 0.05469495 0.883717 0.189921 1.007251 0.08178097 1.021732 0.05469495 0.883717 0.08178097 1.021732 0.02454894 0.89694 0.02454894 0.89694 0.08178097 1.021732 -0.02728599 1.024637 0.02454894 0.89694 -0.02728599 1.024637 -0.008257985 0.899659 -0.008257985 0.899659 -0.02728599 1.024637 -0.04016995 0.891577 -0.04016995 0.891577 -0.02728599 1.024637 -0.136044 1.015932 -0.04016995 0.891577 -0.136044 1.015932 -0.06772798 0.873572 -0.06772798 0.873572 -0.136044 1.015932 -0.08794701 0.847595 -0.08794701 0.847595 -0.136044 1.015932 -0.220063 0.846875 -0.08794701 0.847595 -0.220063 0.846875 -0.09863597 0.816459 -0.09863597 0.816459 -0.220063 0.846875 -0.224988 0.802351 -0.09863597 0.816459 -0.224988 0.802351 -0.09863597 0.783541 -0.09863597 0.783541 -0.224988 0.802351 -0.220995 0.757734 -0.09863597 0.783541 -0.220995 0.757734 -0.2082419 0.714792 -0.136044 1.015932 -0.24326 0.995716 -0.220063 0.846875 -0.220063 0.846875 -0.24326 0.995716 -0.34772 0.964218 -0.220063 0.846875 -0.34772 0.964218 -0.311345 0.817734 -0.311345 0.817734 -0.34772 0.964218 -0.44824 0.921795 -0.311345 0.817734 -0.44824 0.921795 -0.398892 0.778787 -0.398892 0.778787 -0.44824 0.921795 -0.543681 0.868928 -0.398892 0.778787 -0.543681 0.868928 -0.481657 0.730501 -0.481657 0.730501 -0.543681 0.868928 -0.632963 0.806215 -0.481657 0.730501 -0.632963 0.806215 -0.581304 0.649238 -0.581304 0.649238 -0.632963 0.806215 -0.610432 0.637954 -0.610432 0.637954 -0.632963 0.806215 -0.715072 0.734368 -0.610432 0.637954 -0.715072 0.734368 -0.633517 0.616909 -0.633517 0.616909 -0.715072 0.734368 -0.78908 0.6542 -0.633517 0.616909 -0.78908 0.6542 -0.647441 0.588947 -0.647441 0.588947 -0.78908 0.6542 -0.650323 0.557843 -0.650323 0.557843 -0.78908 0.6542 -0.730501 0.481657 -0.650323 0.557843 -0.730501 0.481657 -0.641774 0.527798 -0.641774 0.527798 -0.730501 0.481657 -0.70455 0.44345 -0.641774 0.527798 -0.70455 0.44345 -0.62295 0.50287 -0.62295 0.50287 -0.70455 0.44345 -0.669944 0.412862 -0.62295 0.50287 -0.669944 0.412862 -0.596391 0.486425 -0.596391 0.486425 -0.669944 0.412862 -0.62884 0.391799 -0.596391 0.486425 -0.62884 0.391799 -0.583799 0.381574 -0.78908 0.6542 -0.854147 0.56662 -0.730501 0.481657 -0.730501 0.481657 -0.854147 0.56662 -0.909536 0.47262 -0.730501 0.481657 -0.909536 0.47262 -0.778787 0.398892 -0.778787 0.398892 -0.909536 0.47262 -0.95462 0.373265 -0.778787 0.398892 -0.95462 0.373265 -0.817734 0.311345 -0.817734 0.311345 -0.95462 0.373265 -0.988887 0.26968 -0.817734 0.311345 -0.988887 0.26968 -0.846875 0.220063 -0.846875 0.220063 -0.988887 0.26968 -1.01195 0.16304 -0.846875 0.220063 -1.01195 0.16304 -0.861421 0.07891398 -0.861421 0.07891398 -1.01195 0.16304 -0.883717 0.05469495 -0.883717 0.05469495 -1.01195 0.16304 -1.023547 0.05455297 -0.883717 0.05469495 -1.023547 0.05455297 -0.89694 0.02454894 -0.89694 0.02454894 -1.023547 0.05455297 -0.899659 -0.008257985 -0.899659 -0.008257985 -1.023547 0.05455297 -1.023547 -0.05455297 -0.899659 -0.008257985 -1.023547 -0.05455297 -0.891577 -0.04016995 -0.891577 -0.04016995 -1.023547 -0.05455297 -0.873572 -0.06772798 -0.873572 -0.06772798 -1.023547 -0.05455297 -1.01195 -0.16304 -0.873572 -0.06772798 -1.01195 -0.16304 -0.847595 -0.08794701 -0.847595 -0.08794701 -1.01195 -0.16304 -0.846875 -0.220063 -0.847595 -0.08794701 -0.846875 -0.220063 -0.816459 -0.09863597 -0.816459 -0.09863597 -0.846875 -0.220063 -0.802351 -0.224988 -0.816459 -0.09863597 -0.802351 -0.224988 -0.783541 -0.09863597 -0.783541 -0.09863597 -0.802351 -0.224988 -0.757734 -0.220995 -0.783541 -0.09863597 -0.757734 -0.220995 -0.714792 -0.2082419 -1.01195 -0.16304 -0.988887 -0.26968 -0.846875 -0.220063 -0.846875 -0.220063 -0.988887 -0.26968 -0.817734 -0.311345 -0.817734 -0.311345 -0.988887 -0.26968 -0.95462 -0.373265 -0.817734 -0.311345 -0.95462 -0.373265 -0.778787 -0.398892 -0.778787 -0.398892 -0.95462 -0.373265 -0.909536 -0.47262 -0.778787 -0.398892 -0.909536 -0.47262 -0.730501 -0.481657 -0.730501 -0.481657 -0.909536 -0.47262 -0.854147 -0.56662 -0.730501 -0.481657 -0.854147 -0.56662 -0.78908 -0.6542 -0.715072 -0.734368 -0.637954 -0.610432 -0.78908 -0.6542 -0.78908 -0.6542 -0.637954 -0.610432 -0.649238 -0.581304 -0.78908 -0.6542 -0.649238 -0.581304 -0.730501 -0.481657 -0.730501 -0.481657 -0.649238 -0.581304 -0.649238 -0.550067 -0.730501 -0.481657 -0.649238 -0.550067 -0.637954 -0.520939 -0.632963 -0.806215 -0.588947 -0.647441 -0.715072 -0.734368 -0.715072 -0.734368 -0.588947 -0.647441 -0.616909 -0.633517 -0.715072 -0.734368 -0.616909 -0.633517 -0.637954 -0.610432 -0.543681 -0.868928 -0.481657 -0.730501 -0.632963 -0.806215 -0.632963 -0.806215 -0.481657 -0.730501 -0.557843 -0.650323 -0.632963 -0.806215 -0.557843 -0.650323 -0.588947 -0.647441 -0.481657 -0.730501 -0.543681 -0.868928 -0.398892 -0.778787 -0.398892 -0.778787 -0.543681 -0.868928 -0.44824 -0.921795 -0.398892 -0.778787 -0.44824 -0.921795 -0.311345 -0.817734 -0.311345 -0.817734 -0.44824 -0.921795 -0.34772 -0.964218 -0.311345 -0.817734 -0.34772 -0.964218 -0.220063 -0.846875 -0.220063 -0.846875 -0.34772 -0.964218 -0.24326 -0.995716 -0.220063 -0.846875 -0.24326 -0.995716 -0.136044 -1.015932 -0.02728599 -1.024637 -0.05469495 -0.883717 -0.136044 -1.015932 -0.136044 -1.015932 -0.05469495 -0.883717 -0.07891398 -0.861421 -0.136044 -1.015932 -0.07891398 -0.861421 -0.220063 -0.846875 -0.220063 -0.846875 -0.07891398 -0.861421 -0.09458196 -0.83247 -0.220063 -0.846875 -0.09458196 -0.83247 -0.1 -0.8 0.08178097 -1.021732 0.008257985 -0.899659 -0.02728599 -1.024637 -0.02728599 -1.024637 0.008257985 -0.899659 -0.02454894 -0.89694 -0.02728599 -1.024637 -0.02454894 -0.89694 -0.05469495 -0.883717 0.189921 -1.007251 0.06772798 -0.873572 0.08178097 -1.021732 0.08178097 -1.021732 0.06772798 -0.873572 0.04016995 -0.891577 0.08178097 -1.021732 0.04016995 -0.891577 0.008257985 -0.899659 0.295909 -0.981358 0.220063 -0.846875 0.189921 -1.007251 0.189921 -1.007251 0.220063 -0.846875 0.08794701 -0.847595 0.189921 -1.007251 0.08794701 -0.847595 0.06772798 -0.873572 0.220063 -0.846875 0.295909 -0.981358 0.311345 -0.817734 0.311345 -0.817734 0.295909 -0.981358 0.398545 -0.944345 0.311345 -0.817734 0.398545 -0.944345 0.398892 -0.778787 0.398892 -0.778787 0.398545 -0.944345 0.496665 -0.896632 0.398892 -0.778787 0.496665 -0.896632 0.481657 -0.730501 0.481657 -0.730501 0.496665 -0.896632 0.589157 -0.83876 0.481657 -0.730501 0.589157 -0.83876 0.581304 -0.649238 0.581304 -0.649238 0.589157 -0.83876 0.674974 -0.771385 0.581304 -0.649238 0.674974 -0.771385 0.610432 -0.637954 0.610432 -0.637954 0.674974 -0.771385 0.753143 -0.69527 0.610432 -0.637954 0.753143 -0.69527 0.633517 -0.616909 0.633517 -0.616909 0.753143 -0.69527 0.647441 -0.588947 0.647441 -0.588947 0.753143 -0.69527 0.822779 -0.611277 0.647441 -0.588947 0.822779 -0.611277 0.650323 -0.557843 0.650323 -0.557843 0.822779 -0.611277 0.730501 -0.481657 0.650323 -0.557843 0.730501 -0.481657 0.641774 -0.527798 0.641774 -0.527798 0.730501 -0.481657 0.70455 -0.44345 0.641774 -0.527798 0.70455 -0.44345 0.62295 -0.50287 0.62295 -0.50287 0.70455 -0.44345 0.669944 -0.412862 0.62295 -0.50287 0.669944 -0.412862 0.596391 -0.486425 0.596391 -0.486425 0.669944 -0.412862 0.62884 -0.391799 0.596391 -0.486425 0.62884 -0.391799 0.583799 -0.381574 0.822779 -0.611277 0.883093 -0.520357 0.730501 -0.481657 0.730501 -0.481657 0.883093 -0.520357 0.778787 -0.398892 0.778787 -0.398892 0.883093 -0.520357 0.933401 -0.423542 0.778787 -0.398892 0.933401 -0.423542 0.817734 -0.311345 0.817734 -0.311345 0.933401 -0.423542 0.973133 -0.321929 0.817734 -0.311345 0.973133 -0.321929 0.846875 -0.220063 0.846875 -0.220063 0.973133 -0.321929 1.001839 -0.2166669 0.846875 -0.220063 1.001839 -0.2166669 0.861421 -0.07891398 0.861421 -0.07891398 1.001839 -0.2166669 1.019193 -0.108951 0.861421 -0.07891398 1.019193 -0.108951 0.883717 -0.05469495 0.883717 -0.05469495 1.019193 -0.108951 0.89694 -0.02454894 0.89694 -0.02454894 1.019193 -0.108951 1.025 0 0.504304 -0.07601195 0.70306 -0.02454894 0.51 0 0.51 0 0.70306 -0.02454894 0.700342 0.008257985 0.51 0 0.700342 0.008257985 0.504304 0.07601195 0.504304 0.07601195 0.700342 0.008257985 0.708423 0.04016995 0.504304 0.07601195 0.708423 0.04016995 0.640609 0.158807 0.640609 0.158807 0.708423 0.04016995 0.726428 0.06772798 0.640609 0.158807 0.726428 0.06772798 0.675228 0.1872349 0.675228 0.1872349 0.726428 0.06772798 0.752405 0.08794701 0.675228 0.1872349 0.752405 0.08794701 0.714792 0.2082419 0.714792 0.2082419 0.752405 0.08794701 0.783541 0.09863597 0.70306 -0.02454894 0.504304 -0.07601195 0.640609 -0.158807 0.640609 -0.158807 0.504304 -0.07601195 0.487342 -0.150325 0.640609 -0.158807 0.487342 -0.150325 0.615751 -0.237595 0.615751 -0.237595 0.487342 -0.150325 0.459494 -0.221281 0.615751 -0.237595 0.459494 -0.221281 0.581244 -0.31266 0.581244 -0.31266 0.459494 -0.221281 0.421382 -0.287293 0.581244 -0.31266 0.421382 -0.287293 0.537629 -0.382825 0.537629 -0.382825 0.421382 -0.287293 0.373856 -0.346888 0.537629 -0.382825 0.373856 -0.346888 0.508421 -0.50287 0.508421 -0.50287 0.373856 -0.346888 0.382825 -0.537629 0.508421 -0.50287 0.382825 -0.537629 0.489597 -0.527798 0.489597 -0.527798 0.382825 -0.537629 0.481048 -0.557843 0.481048 -0.557843 0.382825 -0.537629 0.381574 -0.583799 0.481048 -0.557843 0.381574 -0.583799 0.48393 -0.588947 0.48393 -0.588947 0.381574 -0.583799 0.391799 -0.62884 0.48393 -0.588947 0.391799 -0.62884 0.497854 -0.616909 0.497854 -0.616909 0.391799 -0.62884 0.412862 -0.669944 0.497854 -0.616909 0.412862 -0.669944 0.44345 -0.70455 0.373856 -0.346888 0.31798 -0.398734 0.382825 -0.537629 0.382825 -0.537629 0.31798 -0.398734 0.255 -0.441673 0.382825 -0.537629 0.255 -0.441673 0.31266 -0.581244 0.31266 -0.581244 0.255 -0.441673 0.186324 -0.474746 0.31266 -0.581244 0.186324 -0.474746 0.237595 -0.615751 0.237595 -0.615751 0.186324 -0.474746 0.158807 -0.640609 0.158807 -0.640609 0.186324 -0.474746 0.113486 -0.497213 0.158807 -0.640609 0.113486 -0.497213 0.03811198 -0.508574 -0.03811198 -0.508574 0.008257985 -0.700342 0.03811198 -0.508574 0.03811198 -0.508574 0.008257985 -0.700342 0.04016995 -0.708423 0.03811198 -0.508574 0.04016995 -0.708423 0.158807 -0.640609 0.158807 -0.640609 0.04016995 -0.708423 0.06772798 -0.726428 0.158807 -0.640609 0.06772798 -0.726428 0.1872349 -0.675228 0.1872349 -0.675228 0.06772798 -0.726428 0.08794701 -0.752405 0.1872349 -0.675228 0.08794701 -0.752405 0.2082419 -0.714792 0.2082419 -0.714792 0.08794701 -0.752405 0.09863597 -0.783541 0.2082419 -0.714792 0.09863597 -0.783541 0.220995 -0.757734 0.220995 -0.757734 0.09863597 -0.783541 0.224988 -0.802351 0.224988 -0.802351 0.09863597 -0.783541 0.09863597 -0.816459 0.224988 -0.802351 0.09863597 -0.816459 0.220063 -0.846875 0.220063 -0.846875 0.09863597 -0.816459 0.08794701 -0.847595 -0.113486 -0.497213 -0.158807 -0.640609 -0.03811198 -0.508574 -0.03811198 -0.508574 -0.158807 -0.640609 -0.02454894 -0.70306 -0.03811198 -0.508574 -0.02454894 -0.70306 0.008257985 -0.700342 -0.113486 -0.497213 -0.186324 -0.474746 -0.158807 -0.640609 -0.158807 -0.640609 -0.186324 -0.474746 -0.237595 -0.615751 -0.237595 -0.615751 -0.186324 -0.474746 -0.31266 -0.581244 -0.31266 -0.581244 -0.186324 -0.474746 -0.255 -0.441673 -0.31266 -0.581244 -0.255 -0.441673 -0.382825 -0.537629 -0.382825 -0.537629 -0.255 -0.441673 -0.31798 -0.398734 -0.382825 -0.537629 -0.31798 -0.398734 -0.373856 -0.346888 -0.421382 -0.287293 -0.537629 -0.382825 -0.373856 -0.346888 -0.373856 -0.346888 -0.537629 -0.382825 -0.50287 -0.508421 -0.373856 -0.346888 -0.50287 -0.508421 -0.382825 -0.537629 -0.382825 -0.537629 -0.50287 -0.508421 -0.486425 -0.53498 -0.382825 -0.537629 -0.486425 -0.53498 -0.480685 -0.565685 -0.537629 -0.382825 -0.421382 -0.287293 -0.581244 -0.31266 -0.581244 -0.31266 -0.421382 -0.287293 -0.459494 -0.221281 -0.581244 -0.31266 -0.459494 -0.221281 -0.615751 -0.237595 -0.615751 -0.237595 -0.459494 -0.221281 -0.487342 -0.150325 -0.615751 -0.237595 -0.487342 -0.150325 -0.640609 -0.158807 -0.640609 -0.158807 -0.487342 -0.150325 -0.504304 -0.07601195 -0.640609 -0.158807 -0.504304 -0.07601195 -0.708423 -0.04016995 -0.708423 -0.04016995 -0.504304 -0.07601195 -0.700342 -0.008257985 -0.700342 -0.008257985 -0.504304 -0.07601195 -0.51 0 -0.700342 -0.008257985 -0.51 0 -0.70306 0.02454894 -0.70306 0.02454894 -0.51 0 -0.504304 0.07601195 -0.70306 0.02454894 -0.504304 0.07601195 -0.640609 0.158807 -0.640609 0.158807 -0.504304 0.07601195 -0.487342 0.150325 -0.640609 0.158807 -0.487342 0.150325 -0.615751 0.237595 -0.615751 0.237595 -0.487342 0.150325 -0.459494 0.221281 -0.615751 0.237595 -0.459494 0.221281 -0.581244 0.31266 -0.581244 0.31266 -0.459494 0.221281 -0.421382 0.287293 -0.581244 0.31266 -0.421382 0.287293 -0.537629 0.382825 -0.537629 0.382825 -0.421382 0.287293 -0.373856 0.346888 -0.537629 0.382825 -0.373856 0.346888 -0.508421 0.50287 -0.508421 0.50287 -0.373856 0.346888 -0.382825 0.537629 -0.508421 0.50287 -0.382825 0.537629 -0.489597 0.527798 -0.489597 0.527798 -0.382825 0.537629 -0.481048 0.557843 -0.481048 0.557843 -0.382825 0.537629 -0.381574 0.583799 -0.481048 0.557843 -0.381574 0.583799 -0.48393 0.588947 -0.48393 0.588947 -0.381574 0.583799 -0.391799 0.62884 -0.48393 0.588947 -0.391799 0.62884 -0.497854 0.616909 -0.497854 0.616909 -0.391799 0.62884 -0.412862 0.669944 -0.497854 0.616909 -0.412862 0.669944 -0.44345 0.70455 -0.373856 0.346888 -0.31798 0.398734 -0.382825 0.537629 -0.382825 0.537629 -0.31798 0.398734 -0.255 0.441673 -0.382825 0.537629 -0.255 0.441673 -0.31266 0.581244 -0.31266 0.581244 -0.255 0.441673 -0.186324 0.474746 -0.31266 0.581244 -0.186324 0.474746 -0.237595 0.615751 -0.237595 0.615751 -0.186324 0.474746 -0.158807 0.640609 -0.158807 0.640609 -0.186324 0.474746 -0.113486 0.497213 -0.158807 0.640609 -0.113486 0.497213 -0.03811198 0.508574 0.03811198 0.508574 -0.008257985 0.700342 -0.03811198 0.508574 -0.03811198 0.508574 -0.008257985 0.700342 -0.04016995 0.708423 -0.03811198 0.508574 -0.04016995 0.708423 -0.158807 0.640609 -0.158807 0.640609 -0.04016995 0.708423 -0.06772798 0.726428 -0.158807 0.640609 -0.06772798 0.726428 -0.1872349 0.675228 -0.1872349 0.675228 -0.06772798 0.726428 -0.08794701 0.752405 -0.1872349 0.675228 -0.08794701 0.752405 -0.2082419 0.714792 -0.2082419 0.714792 -0.08794701 0.752405 -0.09863597 0.783541 0.113486 0.497213 0.158807 0.640609 0.03811198 0.508574 0.03811198 0.508574 0.158807 0.640609 0.02454894 0.70306 0.03811198 0.508574 0.02454894 0.70306 -0.008257985 0.700342 0.113486 0.497213 0.186324 0.474746 0.158807 0.640609 0.158807 0.640609 0.186324 0.474746 0.237595 0.615751 0.237595 0.615751 0.186324 0.474746 0.31266 0.581244 0.31266 0.581244 0.186324 0.474746 0.255 0.441673 0.31266 0.581244 0.255 0.441673 0.382825 0.537629 0.382825 0.537629 0.255 0.441673 0.31798 0.398734 0.382825 0.537629 0.31798 0.398734 0.373856 0.346888 0.421382 0.287293 0.537629 0.382825 0.373856 0.346888 0.373856 0.346888 0.537629 0.382825 0.50287 0.508421 0.373856 0.346888 0.50287 0.508421 0.382825 0.537629 0.382825 0.537629 0.50287 0.508421 0.486425 0.53498 0.382825 0.537629 0.486425 0.53498 0.480685 0.565685 0.537629 0.382825 0.421382 0.287293 0.581244 0.31266 0.581244 0.31266 0.421382 0.287293 0.459494 0.221281 0.581244 0.31266 0.459494 0.221281 0.615751 0.237595 0.615751 0.237595 0.459494 0.221281 0.487342 0.150325 0.615751 0.237595 0.487342 0.150325 0.640609 0.158807 0.640609 0.158807 0.487342 0.150325 0.504304 0.07601195 0.09458196 0.76753 0.220995 0.757734 0.1 0.8 0.1 0.8 0.220995 0.757734 0.224988 0.802351 0.1 0.8 0.224988 0.802351 0.220063 0.846875 0.07891398 0.738579 0.1872349 0.675228 0.09458196 0.76753 0.09458196 0.76753 0.1872349 0.675228 0.2082419 0.714792 0.09458196 0.76753 0.2082419 0.714792 0.220995 0.757734 0.1872349 0.675228 0.07891398 0.738579 0.158807 0.640609 0.158807 0.640609 0.07891398 0.738579 0.05469495 0.716283 0.158807 0.640609 0.05469495 0.716283 0.02454894 0.70306 0.07891398 0.861421 0.09458196 0.83247 0.220063 0.846875 0.220063 0.846875 0.09458196 0.83247 0.1 0.8 -0.76753 0.09458196 -0.757734 0.220995 -0.8 0.1 -0.8 0.1 -0.757734 0.220995 -0.802351 0.224988 -0.8 0.1 -0.802351 0.224988 -0.846875 0.220063 -0.738579 0.07891398 -0.675228 0.1872349 -0.76753 0.09458196 -0.76753 0.09458196 -0.675228 0.1872349 -0.714792 0.2082419 -0.76753 0.09458196 -0.714792 0.2082419 -0.757734 0.220995 -0.675228 0.1872349 -0.738579 0.07891398 -0.640609 0.158807 -0.640609 0.158807 -0.738579 0.07891398 -0.716283 0.05469495 -0.640609 0.158807 -0.716283 0.05469495 -0.70306 0.02454894 -0.708423 -0.04016995 -0.726428 -0.06772798 -0.640609 -0.158807 -0.640609 -0.158807 -0.726428 -0.06772798 -0.675228 -0.1872349 -0.675228 -0.1872349 -0.726428 -0.06772798 -0.752405 -0.08794701 -0.675228 -0.1872349 -0.752405 -0.08794701 -0.714792 -0.2082419 -0.714792 -0.2082419 -0.752405 -0.08794701 -0.783541 -0.09863597 -0.861421 0.07891398 -0.83247 0.09458196 -0.846875 0.220063 -0.846875 0.220063 -0.83247 0.09458196 -0.8 0.1 -0.09458196 -0.76753 -0.220995 -0.757734 -0.1 -0.8 -0.1 -0.8 -0.220995 -0.757734 -0.224988 -0.802351 -0.1 -0.8 -0.224988 -0.802351 -0.220063 -0.846875 -0.07891398 -0.738579 -0.1872349 -0.675228 -0.09458196 -0.76753 -0.09458196 -0.76753 -0.1872349 -0.675228 -0.2082419 -0.714792 -0.09458196 -0.76753 -0.2082419 -0.714792 -0.220995 -0.757734 -0.1872349 -0.675228 -0.07891398 -0.738579 -0.158807 -0.640609 -0.158807 -0.640609 -0.07891398 -0.738579 -0.05469495 -0.716283 -0.158807 -0.640609 -0.05469495 -0.716283 -0.02454894 -0.70306 0.76753 -0.09458196 0.757734 -0.220995 0.8 -0.1 0.8 -0.1 0.757734 -0.220995 0.802351 -0.224988 0.8 -0.1 0.802351 -0.224988 0.846875 -0.220063 0.738579 -0.07891398 0.675228 -0.1872349 0.76753 -0.09458196 0.76753 -0.09458196 0.675228 -0.1872349 0.714792 -0.2082419 0.76753 -0.09458196 0.714792 -0.2082419 0.757734 -0.220995 0.675228 -0.1872349 0.738579 -0.07891398 0.640609 -0.158807 0.640609 -0.158807 0.738579 -0.07891398 0.716283 -0.05469495 0.640609 -0.158807 0.716283 -0.05469495 0.70306 -0.02454894 0.861421 -0.07891398 0.83247 -0.09458196 0.846875 -0.220063 0.846875 -0.220063 0.83247 -0.09458196 0.8 -0.1 0.596391 -0.486425 0.583799 -0.381574 0.565685 -0.480685 0.565685 -0.480685 0.583799 -0.381574 0.537629 -0.382825 0.565685 -0.480685 0.537629 -0.382825 0.53498 -0.486425 0.53498 -0.486425 0.537629 -0.382825 0.508421 -0.50287 0.581304 -0.649238 0.550067 -0.649238 0.481657 -0.730501 0.481657 -0.730501 0.550067 -0.649238 0.520939 -0.637954 0.481657 -0.730501 0.520939 -0.637954 0.44345 -0.70455 0.44345 -0.70455 0.520939 -0.637954 0.497854 -0.616909 0.382825 0.537629 0.480685 0.565685 0.381574 0.583799 0.381574 0.583799 0.480685 0.565685 0.486425 0.596391 0.649238 0.581304 0.649238 0.550067 0.730501 0.481657 0.730501 0.481657 0.649238 0.550067 0.637954 0.520939 0.730501 0.481657 0.637954 0.520939 0.70455 0.44345 0.70455 0.44345 0.637954 0.520939 0.616909 0.497854 0.70455 0.44345 0.616909 0.497854 0.669944 0.412862 0.669944 0.412862 0.616909 0.497854 0.62884 0.391799 0.62884 0.391799 0.616909 0.497854 0.588947 0.48393 0.62884 0.391799 0.588947 0.48393 0.583799 0.381574 0.583799 0.381574 0.588947 0.48393 0.557843 0.481048 0.583799 0.381574 0.557843 0.481048 0.537629 0.382825 0.537629 0.382825 0.557843 0.481048 0.527798 0.489597 0.537629 0.382825 0.527798 0.489597 0.50287 0.508421 -0.596391 0.486425 -0.583799 0.381574 -0.565685 0.480685 -0.565685 0.480685 -0.583799 0.381574 -0.537629 0.382825 -0.565685 0.480685 -0.537629 0.382825 -0.53498 0.486425 -0.53498 0.486425 -0.537629 0.382825 -0.508421 0.50287 -0.581304 0.649238 -0.550067 0.649238 -0.481657 0.730501 -0.481657 0.730501 -0.550067 0.649238 -0.520939 0.637954 -0.481657 0.730501 -0.520939 0.637954 -0.44345 0.70455 -0.44345 0.70455 -0.520939 0.637954 -0.497854 0.616909 -0.382825 -0.537629 -0.480685 -0.565685 -0.381574 -0.583799 -0.381574 -0.583799 -0.480685 -0.565685 -0.486425 -0.596391 -0.381574 -0.583799 -0.486425 -0.596391 -0.391799 -0.62884 -0.391799 -0.62884 -0.486425 -0.596391 -0.412862 -0.669944 -0.412862 -0.669944 -0.486425 -0.596391 -0.50287 -0.62295 -0.412862 -0.669944 -0.50287 -0.62295 -0.44345 -0.70455 -0.44345 -0.70455 -0.50287 -0.62295 -0.527798 -0.641774 -0.44345 -0.70455 -0.527798 -0.641774 -0.481657 -0.730501 -0.481657 -0.730501 -0.527798 -0.641774 -0.557843 -0.650323 -0.730501 -0.481657 -0.637954 -0.520939 -0.70455 -0.44345 -0.70455 -0.44345 -0.637954 -0.520939 -0.616909 -0.497854 -0.70455 -0.44345 -0.616909 -0.497854 -0.669944 -0.412862 -0.669944 -0.412862 -0.616909 -0.497854 -0.62884 -0.391799 -0.62884 -0.391799 -0.616909 -0.497854 -0.588947 -0.48393 -0.62884 -0.391799 -0.588947 -0.48393 -0.583799 -0.381574 -0.583799 -0.381574 -0.588947 -0.48393 -0.557843 -0.481048 -0.583799 -0.381574 -0.557843 -0.481048 -0.537629 -0.382825 -0.537629 -0.382825 -0.557843 -0.481048 -0.527798 -0.489597 -0.537629 -0.382825 -0.527798 -0.489597 -0.50287 -0.508421 0.01999998 0.28109 0.35 0.28109 0.01999998 0.314159 0.01999998 0.314159 0.35 0.28109 0.35 0.314159 0.01999998 -0.314159 0.35 -0.314159 0.01999998 -0.28109 0.01999998 -0.28109 0.35 -0.314159 0.35 -0.28109 0.01999998 -0.28109 0.35 -0.28109 0.01999998 -0.2480199 0.01999998 -0.2480199 0.35 -0.28109 0.35 -0.2480199 0.01999998 -0.2480199 0.35 -0.2480199 0.01999998 -0.214951 0.01999998 -0.214951 0.35 -0.2480199 0.35 -0.214951 0.01999998 -0.214951 0.35 -0.214951 0.01999998 -0.181882 0.01999998 -0.181882 0.35 -0.214951 0.35 -0.181882 0.01999998 -0.181882 0.35 -0.181882 0.01999998 -0.1488119 0.01999998 -0.1488119 0.35 -0.181882 0.35 -0.1488119 0.01999998 -0.1488119 0.35 -0.1488119 0.01999998 -0.115743 0.01999998 -0.115743 0.35 -0.1488119 0.35 -0.115743 0.01999998 -0.115743 0.35 -0.115743 0.01999998 -0.08267295 0.01999998 -0.08267295 0.35 -0.115743 0.35 -0.08267295 0.01999998 -0.08267295 0.35 -0.08267295 0.01999998 -0.04960399 0.01999998 -0.04960399 0.35 -0.08267295 0.35 -0.04960399 0.01999998 -0.04960399 0.35 -0.04960399 0.01999998 -0.01653498 0.01999998 -0.01653498 0.35 -0.04960399 0.35 -0.01653498 0.01999998 -0.01653498 0.35 -0.01653498 0.01999998 0.01653498 0.01999998 0.01653498 0.35 -0.01653498 0.35 0.01653498 0.01999998 0.01653498 0.35 0.01653498 0.01999998 0.04960399 0.01999998 0.04960399 0.35 0.01653498 0.35 0.04960399 0.01999998 0.04960399 0.35 0.04960399 0.01999998 0.08267295 0.01999998 0.08267295 0.35 0.04960399 0.35 0.08267295 0.01999998 0.08267295 0.35 0.08267295 0.01999998 0.115743 0.01999998 0.115743 0.35 0.08267295 0.35 0.115743 0.01999998 0.115743 0.35 0.115743 0.01999998 0.1488119 0.01999998 0.1488119 0.35 0.115743 0.35 0.1488119 0.01999998 0.1488119 0.35 0.1488119 0.01999998 0.181882 0.01999998 0.181882 0.35 0.1488119 0.35 0.181882 0.01999998 0.181882 0.35 0.181882 0.01999998 0.214951 0.01999998 0.214951 0.35 0.181882 0.35 0.214951 0.01999998 0.214951 0.35 0.214951 0.01999998 0.2480199 0.01999998 0.2480199 0.35 0.214951 0.35 0.2480199 0.01999998 0.2480199 0.35 0.2480199 0.01999998 0.28109 0.01999998 0.28109 0.35 0.2480199 0.35 0.28109 0.01414197 0.139876 0.01414197 0.172788 -0.01414197 0.172788 -0.01414197 0.172788 0.01414197 0.172788 0.01414197 0.2057 -0.01414197 0.172788 0.01414197 0.2057 -0.01414197 0.209164 -0.01414197 0.209164 0.01414197 0.2057 0.01414197 0.238611 -0.01414197 0.209164 0.01414197 0.238611 -0.01414197 0.24554 -0.01414197 0.24554 0.01414197 0.238611 0.01414197 0.271523 -0.01414197 0.24554 0.01414197 0.271523 -0.01414197 0.281917 -0.01414197 0.281917 0.01414197 0.271523 0.01414197 0.304435 -0.01414197 0.281917 0.01414197 0.304435 -0.01414197 0.318293 -0.01414197 0.318293 0.01414197 0.304435 0.01414197 0.337347 -0.01414197 0.318293 0.01414197 0.337347 -0.01414197 0.354669 -0.01414197 0.354669 0.01414197 0.337347 0.01414197 0.370259 -0.01414197 -0.336481 0.01414197 -0.320891 -0.01414197 -0.300105 -0.01414197 -0.300105 0.01414197 -0.320891 0.01414197 -0.287979 -0.01414197 -0.300105 0.01414197 -0.287979 -0.01414197 -0.263728 -0.01414197 -0.263728 0.01414197 -0.287979 0.01414197 -0.255067 -0.01414197 -0.263728 0.01414197 -0.255067 -0.01414197 -0.227352 -0.01414197 -0.227352 0.01414197 -0.255067 0.01414197 -0.222155 -0.01414197 -0.227352 0.01414197 -0.222155 -0.01414197 -0.190976 -0.01414197 -0.190976 0.01414197 -0.222155 0.01414197 -0.189244 -0.01414197 -0.190976 0.01414197 -0.189244 0.01414197 -0.156332 -0.01414197 -0.190976 0.01414197 -0.156332 -0.01414197 -0.154599 -0.01414197 -0.154599 0.01414197 -0.156332 0.01414197 -0.12342 -0.01414197 -0.154599 0.01414197 -0.12342 -0.01414197 -0.118223 -0.01414197 -0.118223 0.01414197 -0.12342 0.01414197 -0.09050798 -0.01414197 -0.118223 0.01414197 -0.09050798 -0.01414197 -0.08184695 -0.01414197 -0.08184695 0.01414197 -0.09050798 0.01414197 -0.05759596 -0.01414197 -0.08184695 0.01414197 -0.05759596 -0.01414197 -0.04546999 -0.01414197 -0.04546999 0.01414197 -0.05759596 0.01414197 -0.02468395 -0.01414197 -0.04546999 0.01414197 -0.02468395 -0.01414197 -0.009093999 -0.01414197 -0.009093999 0.01414197 -0.02468395 0.01414197 0.008227944 -0.01414197 -0.009093999 0.01414197 0.008227944 -0.01414197 0.02728199 -0.01414197 0.02728199 0.01414197 0.008227944 0.01414197 0.04113996 -0.01414197 0.02728199 0.01414197 0.04113996 -0.01414197 0.06365895 -0.01414197 0.06365895 0.01414197 0.04113996 0.01414197 0.07405197 -0.01414197 0.06365895 0.01414197 0.07405197 -0.01414197 0.100035 -0.01414197 0.100035 0.01414197 0.07405197 0.01414197 0.106964 -0.01414197 0.100035 0.01414197 0.106964 -0.01414197 0.136411 -0.01414197 0.136411 0.01414197 0.106964 0.01414197 0.139876 -0.01414197 0.136411 0.01414197 0.139876 -0.01414197 0.172788 0.01999998 0.28109 0.35 0.28109 0.01999998 0.314159 0.01999998 0.314159 0.35 0.28109 0.35 0.314159 0.01999998 -0.314159 0.35 -0.314159 0.01999998 -0.28109 0.01999998 -0.28109 0.35 -0.314159 0.35 -0.28109 0.01999998 -0.28109 0.35 -0.28109 0.01999998 -0.2480199 0.01999998 -0.2480199 0.35 -0.28109 0.35 -0.2480199 0.01999998 -0.2480199 0.35 -0.2480199 0.01999998 -0.214951 0.01999998 -0.214951 0.35 -0.2480199 0.35 -0.214951 0.01999998 -0.214951 0.35 -0.214951 0.01999998 -0.181882 0.01999998 -0.181882 0.35 -0.214951 0.35 -0.181882 0.01999998 -0.181882 0.35 -0.181882 0.01999998 -0.1488119 0.01999998 -0.1488119 0.35 -0.181882 0.35 -0.1488119 0.01999998 -0.1488119 0.35 -0.1488119 0.01999998 -0.115743 0.01999998 -0.115743 0.35 -0.1488119 0.35 -0.115743 0.01999998 -0.115743 0.35 -0.115743 0.01999998 -0.08267295 0.01999998 -0.08267295 0.35 -0.115743 0.35 -0.08267295 0.01999998 -0.08267295 0.35 -0.08267295 0.01999998 -0.04960399 0.01999998 -0.04960399 0.35 -0.08267295 0.35 -0.04960399 0.01999998 -0.04960399 0.35 -0.04960399 0.01999998 -0.01653498 0.01999998 -0.01653498 0.35 -0.04960399 0.35 -0.01653498 0.01999998 -0.01653498 0.35 -0.01653498 0.01999998 0.01653498 0.01999998 0.01653498 0.35 -0.01653498 0.35 0.01653498 0.01999998 0.01653498 0.35 0.01653498 0.01999998 0.04960399 0.01999998 0.04960399 0.35 0.01653498 0.35 0.04960399 0.01999998 0.04960399 0.35 0.04960399 0.01999998 0.08267295 0.01999998 0.08267295 0.35 0.04960399 0.35 0.08267295 0.01999998 0.08267295 0.35 0.08267295 0.01999998 0.115743 0.01999998 0.115743 0.35 0.08267295 0.35 0.115743 0.01999998 0.115743 0.35 0.115743 0.01999998 0.1488119 0.01999998 0.1488119 0.35 0.115743 0.35 0.1488119 0.01999998 0.1488119 0.35 0.1488119 0.01999998 0.181882 0.01999998 0.181882 0.35 0.1488119 0.35 0.181882 0.01999998 0.181882 0.35 0.181882 0.01999998 0.214951 0.01999998 0.214951 0.35 0.181882 0.35 0.214951 0.01999998 0.214951 0.35 0.214951 0.01999998 0.2480199 0.01999998 0.2480199 0.35 0.214951 0.35 0.2480199 0.01999998 0.2480199 0.35 0.2480199 0.01999998 0.28109 0.01999998 0.28109 0.35 0.2480199 0.35 0.28109 0.01414197 -0.03291195 0.01414197 0 -0.01414197 0 -0.01414197 0 0.01414197 0 0.01414197 0.03291195 -0.01414197 0 0.01414197 0.03291195 -0.01414197 0.03637599 -0.01414197 0.03637599 0.01414197 0.03291195 0.01414197 0.06582397 -0.01414197 0.03637599 0.01414197 0.06582397 -0.01414197 0.07275295 -0.01414197 0.07275295 0.01414197 0.06582397 0.01414197 0.09873598 -0.01414197 0.07275295 0.01414197 0.09873598 -0.01414197 0.109129 -0.01414197 0.109129 0.01414197 0.09873598 0.01414197 0.131648 -0.01414197 0.109129 0.01414197 0.131648 -0.01414197 0.145505 -0.01414197 0.145505 0.01414197 0.131648 0.01414197 0.16456 -0.01414197 0.145505 0.01414197 0.16456 -0.01414197 0.181882 -0.01414197 0.181882 0.01414197 0.16456 0.01414197 0.197472 -0.01414197 0.181882 0.01414197 0.197472 -0.01414197 0.218258 -0.01414197 0.218258 0.01414197 0.197472 0.01414197 0.230383 -0.01414197 0.218258 0.01414197 0.230383 -0.01414197 0.254634 -0.01414197 0.254634 0.01414197 0.230383 0.01414197 0.263295 -0.01414197 0.254634 0.01414197 0.263295 -0.01414197 0.291011 -0.01414197 0.291011 0.01414197 0.263295 0.01414197 0.296207 -0.01414197 0.291011 0.01414197 0.296207 -0.01414197 0.327387 -0.01414197 0.327387 0.01414197 0.296207 0.01414197 0.329119 -0.01414197 0.327387 0.01414197 0.329119 0.01414197 0.362031 -0.01414197 0.327387 0.01414197 0.362031 -0.01414197 0.363763 -0.01414197 -0.327387 0.01414197 -0.329119 0.01414197 -0.296207 -0.01414197 -0.327387 0.01414197 -0.296207 -0.01414197 -0.291011 -0.01414197 -0.291011 0.01414197 -0.296207 0.01414197 -0.263295 -0.01414197 -0.291011 0.01414197 -0.263295 -0.01414197 -0.254634 -0.01414197 -0.254634 0.01414197 -0.263295 0.01414197 -0.230383 -0.01414197 -0.254634 0.01414197 -0.230383 -0.01414197 -0.218258 -0.01414197 -0.218258 0.01414197 -0.230383 0.01414197 -0.197472 -0.01414197 -0.218258 0.01414197 -0.197472 -0.01414197 -0.181882 -0.01414197 -0.181882 0.01414197 -0.197472 0.01414197 -0.16456 -0.01414197 -0.181882 0.01414197 -0.16456 -0.01414197 -0.145505 -0.01414197 -0.145505 0.01414197 -0.16456 0.01414197 -0.131648 -0.01414197 -0.145505 0.01414197 -0.131648 -0.01414197 -0.109129 -0.01414197 -0.109129 0.01414197 -0.131648 0.01414197 -0.09873598 -0.01414197 -0.109129 0.01414197 -0.09873598 -0.01414197 -0.07275295 -0.01414197 -0.07275295 0.01414197 -0.09873598 0.01414197 -0.06582397 -0.01414197 -0.07275295 0.01414197 -0.06582397 -0.01414197 -0.03637599 -0.01414197 -0.03637599 0.01414197 -0.06582397 0.01414197 -0.03291195 -0.01414197 -0.03637599 0.01414197 -0.03291195 -0.01414197 0 0.01999998 0.28109 0.35 0.28109 0.01999998 0.314159 0.01999998 0.314159 0.35 0.28109 0.35 0.314159 0.01999998 -0.314159 0.35 -0.314159 0.01999998 -0.28109 0.01999998 -0.28109 0.35 -0.314159 0.35 -0.28109 0.01999998 -0.28109 0.35 -0.28109 0.01999998 -0.2480199 0.01999998 -0.2480199 0.35 -0.28109 0.35 -0.2480199 0.01999998 -0.2480199 0.35 -0.2480199 0.01999998 -0.214951 0.01999998 -0.214951 0.35 -0.2480199 0.35 -0.214951 0.01999998 -0.214951 0.35 -0.214951 0.01999998 -0.181882 0.01999998 -0.181882 0.35 -0.214951 0.35 -0.181882 0.01999998 -0.181882 0.35 -0.181882 0.01999998 -0.1488119 0.01999998 -0.1488119 0.35 -0.181882 0.35 -0.1488119 0.01999998 -0.1488119 0.35 -0.1488119 0.01999998 -0.115743 0.01999998 -0.115743 0.35 -0.1488119 0.35 -0.115743 0.01999998 -0.115743 0.35 -0.115743 0.01999998 -0.08267295 0.01999998 -0.08267295 0.35 -0.115743 0.35 -0.08267295 0.01999998 -0.08267295 0.35 -0.08267295 0.01999998 -0.04960399 0.01999998 -0.04960399 0.35 -0.08267295 0.35 -0.04960399 0.01999998 -0.04960399 0.35 -0.04960399 0.01999998 -0.01653498 0.01999998 -0.01653498 0.35 -0.04960399 0.35 -0.01653498 0.01999998 -0.01653498 0.35 -0.01653498 0.01999998 0.01653498 0.01999998 0.01653498 0.35 -0.01653498 0.35 0.01653498 0.01999998 0.01653498 0.35 0.01653498 0.01999998 0.04960399 0.01999998 0.04960399 0.35 0.01653498 0.35 0.04960399 0.01999998 0.04960399 0.35 0.04960399 0.01999998 0.08267295 0.01999998 0.08267295 0.35 0.04960399 0.35 0.08267295 0.01999998 0.08267295 0.35 0.08267295 0.01999998 0.115743 0.01999998 0.115743 0.35 0.08267295 0.35 0.115743 0.01999998 0.115743 0.35 0.115743 0.01999998 0.1488119 0.01999998 0.1488119 0.35 0.115743 0.35 0.1488119 0.01999998 0.1488119 0.35 0.1488119 0.01999998 0.181882 0.01999998 0.181882 0.35 0.1488119 0.35 0.181882 0.01999998 0.181882 0.35 0.181882 0.01999998 0.214951 0.01999998 0.214951 0.35 0.181882 0.35 0.214951 0.01999998 0.214951 0.35 0.214951 0.01999998 0.2480199 0.01999998 0.2480199 0.35 0.214951 0.35 0.2480199 0.01999998 0.2480199 0.35 0.2480199 0.01999998 0.28109 0.01999998 0.28109 0.35 0.2480199 0.35 0.28109 0.01414197 -0.2057 0.01414197 -0.172788 -0.01414197 -0.172788 -0.01414197 -0.172788 0.01414197 -0.172788 0.01414197 -0.139876 -0.01414197 -0.172788 0.01414197 -0.139876 -0.01414197 -0.136411 -0.01414197 -0.136411 0.01414197 -0.139876 0.01414197 -0.106964 -0.01414197 -0.136411 0.01414197 -0.106964 -0.01414197 -0.100035 -0.01414197 -0.100035 0.01414197 -0.106964 0.01414197 -0.07405197 -0.01414197 -0.100035 0.01414197 -0.07405197 -0.01414197 -0.06365895 -0.01414197 -0.06365895 0.01414197 -0.07405197 0.01414197 -0.04113996 -0.01414197 -0.06365895 0.01414197 -0.04113996 -0.01414197 -0.02728199 -0.01414197 -0.02728199 0.01414197 -0.04113996 0.01414197 -0.008227944 -0.01414197 -0.02728199 0.01414197 -0.008227944 -0.01414197 0.009093999 -0.01414197 0.009093999 0.01414197 -0.008227944 0.01414197 0.02468395 -0.01414197 0.009093999 0.01414197 0.02468395 -0.01414197 0.04546999 -0.01414197 0.04546999 0.01414197 0.02468395 0.01414197 0.05759596 -0.01414197 0.04546999 0.01414197 0.05759596 -0.01414197 0.08184695 -0.01414197 0.08184695 0.01414197 0.05759596 0.01414197 0.09050798 -0.01414197 0.08184695 0.01414197 0.09050798 -0.01414197 0.118223 -0.01414197 0.118223 0.01414197 0.09050798 0.01414197 0.12342 -0.01414197 0.118223 0.01414197 0.12342 -0.01414197 0.154599 -0.01414197 0.154599 0.01414197 0.12342 0.01414197 0.156332 -0.01414197 0.154599 0.01414197 0.156332 0.01414197 0.189244 -0.01414197 0.154599 0.01414197 0.189244 -0.01414197 0.190976 -0.01414197 0.190976 0.01414197 0.189244 0.01414197 0.222155 -0.01414197 0.190976 0.01414197 0.222155 -0.01414197 0.227352 -0.01414197 0.227352 0.01414197 0.222155 0.01414197 0.255067 -0.01414197 0.227352 0.01414197 0.255067 -0.01414197 0.263728 -0.01414197 0.263728 0.01414197 0.255067 0.01414197 0.287979 -0.01414197 0.263728 0.01414197 0.287979 -0.01414197 0.300105 -0.01414197 0.300105 0.01414197 0.287979 0.01414197 0.320891 -0.01414197 0.300105 0.01414197 0.320891 -0.01414197 0.336481 -0.01414197 0.336481 0.01414197 0.320891 0.01414197 0.353803 -0.01414197 0.336481 0.01414197 0.353803 -0.01414197 0.372857 -0.01414197 -0.318293 0.01414197 -0.337347 0.01414197 -0.304435 -0.01414197 -0.318293 0.01414197 -0.304435 -0.01414197 -0.281917 -0.01414197 -0.281917 0.01414197 -0.304435 0.01414197 -0.271523 -0.01414197 -0.281917 0.01414197 -0.271523 -0.01414197 -0.24554 -0.01414197 -0.24554 0.01414197 -0.271523 0.01414197 -0.238611 -0.01414197 -0.24554 0.01414197 -0.238611 -0.01414197 -0.209164 -0.01414197 -0.209164 0.01414197 -0.238611 0.01414197 -0.2057 -0.01414197 -0.209164 0.01414197 -0.2057 -0.01414197 -0.172788 0.01999998 0.28109 0.35 0.28109 0.01999998 0.314159 0.01999998 0.314159 0.35 0.28109 0.35 0.314159 0.01999998 -0.314159 0.35 -0.314159 0.01999998 -0.28109 0.01999998 -0.28109 0.35 -0.314159 0.35 -0.28109 0.01999998 -0.28109 0.35 -0.28109 0.01999998 -0.2480199 0.01999998 -0.2480199 0.35 -0.28109 0.35 -0.2480199 0.01999998 -0.2480199 0.35 -0.2480199 0.01999998 -0.214951 0.01999998 -0.214951 0.35 -0.2480199 0.35 -0.214951 0.01999998 -0.214951 0.35 -0.214951 0.01999998 -0.181882 0.01999998 -0.181882 0.35 -0.214951 0.35 -0.181882 0.01999998 -0.181882 0.35 -0.181882 0.01999998 -0.1488119 0.01999998 -0.1488119 0.35 -0.181882 0.35 -0.1488119 0.01999998 -0.1488119 0.35 -0.1488119 0.01999998 -0.115743 0.01999998 -0.115743 0.35 -0.1488119 0.35 -0.115743 0.01999998 -0.115743 0.35 -0.115743 0.01999998 -0.08267295 0.01999998 -0.08267295 0.35 -0.115743 0.35 -0.08267295 0.01999998 -0.08267295 0.35 -0.08267295 0.01999998 -0.04960399 0.01999998 -0.04960399 0.35 -0.08267295 0.35 -0.04960399 0.01999998 -0.04960399 0.35 -0.04960399 0.01999998 -0.01653498 0.01999998 -0.01653498 0.35 -0.04960399 0.35 -0.01653498 0.01999998 -0.01653498 0.35 -0.01653498 0.01999998 0.01653498 0.01999998 0.01653498 0.35 -0.01653498 0.35 0.01653498 0.01999998 0.01653498 0.35 0.01653498 0.01999998 0.04960399 0.01999998 0.04960399 0.35 0.01653498 0.35 0.04960399 0.01999998 0.04960399 0.35 0.04960399 0.01999998 0.08267295 0.01999998 0.08267295 0.35 0.04960399 0.35 0.08267295 0.01999998 0.08267295 0.35 0.08267295 0.01999998 0.115743 0.01999998 0.115743 0.35 0.08267295 0.35 0.115743 0.01999998 0.115743 0.35 0.115743 0.01999998 0.1488119 0.01999998 0.1488119 0.35 0.115743 0.35 0.1488119 0.01999998 0.1488119 0.35 0.1488119 0.01999998 0.181882 0.01999998 0.181882 0.35 0.1488119 0.35 0.181882 0.01999998 0.181882 0.35 0.181882 0.01999998 0.214951 0.01999998 0.214951 0.35 0.181882 0.35 0.214951 0.01999998 0.214951 0.35 0.214951 0.01999998 0.2480199 0.01999998 0.2480199 0.35 0.214951 0.35 0.2480199 0.01999998 0.2480199 0.35 0.2480199 0.01999998 0.28109 0.01999998 0.28109 0.35 0.2480199 0.35 0.28109 0.01414197 0.312663 0.01414197 0.345575 -0.01414197 0.345575 -0.01414197 -0.345575 0.01414197 -0.345575 0.01414197 -0.312663 -0.01414197 -0.345575 0.01414197 -0.312663 -0.01414197 -0.309199 -0.01414197 -0.309199 0.01414197 -0.312663 0.01414197 -0.279751 -0.01414197 -0.309199 0.01414197 -0.279751 -0.01414197 -0.272823 -0.01414197 -0.272823 0.01414197 -0.279751 0.01414197 -0.246839 -0.01414197 -0.272823 0.01414197 -0.246839 -0.01414197 -0.236446 -0.01414197 -0.236446 0.01414197 -0.246839 0.01414197 -0.213928 -0.01414197 -0.236446 0.01414197 -0.213928 -0.01414197 -0.20007 -0.01414197 -0.20007 0.01414197 -0.213928 0.01414197 -0.181016 -0.01414197 -0.20007 0.01414197 -0.181016 -0.01414197 -0.163694 -0.01414197 -0.163694 0.01414197 -0.181016 0.01414197 -0.148104 -0.01414197 -0.163694 0.01414197 -0.148104 -0.01414197 -0.127317 -0.01414197 -0.127317 0.01414197 -0.148104 0.01414197 -0.115192 -0.01414197 -0.127317 0.01414197 -0.115192 -0.01414197 -0.09094095 -0.01414197 -0.09094095 0.01414197 -0.115192 0.01414197 -0.08227998 -0.01414197 -0.09094095 0.01414197 -0.08227998 -0.01414197 -0.05456495 -0.01414197 -0.05456495 0.01414197 -0.08227998 0.01414197 -0.04936796 -0.01414197 -0.05456495 0.01414197 -0.04936796 -0.01414197 -0.01818799 -0.01414197 -0.01818799 0.01414197 -0.04936796 0.01414197 -0.01645594 -0.01414197 -0.01818799 0.01414197 -0.01645594 0.01414197 0.01645594 -0.01414197 -0.01818799 0.01414197 0.01645594 -0.01414197 0.01818799 -0.01414197 0.01818799 0.01414197 0.01645594 0.01414197 0.04936796 -0.01414197 0.01818799 0.01414197 0.04936796 -0.01414197 0.05456495 -0.01414197 0.05456495 0.01414197 0.04936796 0.01414197 0.08227998 -0.01414197 0.05456495 0.01414197 0.08227998 -0.01414197 0.09094095 -0.01414197 0.09094095 0.01414197 0.08227998 0.01414197 0.115192 -0.01414197 0.09094095 0.01414197 0.115192 -0.01414197 0.127317 -0.01414197 0.127317 0.01414197 0.115192 0.01414197 0.148104 -0.01414197 0.127317 0.01414197 0.148104 -0.01414197 0.163694 -0.01414197 0.163694 0.01414197 0.148104 0.01414197 0.181016 -0.01414197 0.163694 0.01414197 0.181016 -0.01414197 0.20007 -0.01414197 0.20007 0.01414197 0.181016 0.01414197 0.213928 -0.01414197 0.20007 0.01414197 0.213928 -0.01414197 0.236446 -0.01414197 0.236446 0.01414197 0.213928 0.01414197 0.246839 -0.01414197 0.236446 0.01414197 0.246839 -0.01414197 0.272823 -0.01414197 0.272823 0.01414197 0.246839 0.01414197 0.279751 -0.01414197 0.272823 0.01414197 0.279751 -0.01414197 0.309199 -0.01414197 0.309199 0.01414197 0.279751 0.01414197 0.312663 -0.01414197 0.309199 0.01414197 0.312663 -0.01414197 0.345575 -0.01999998 0.03141599 -0.35 0 -0.01999998 0 -0.01999998 0 -0.35 0 -0.35 -0.03141599 -0.01999998 0 -0.35 -0.03141599 -0.01999998 -0.03141599 -0.01999998 -0.03141599 -0.35 -0.03141599 -0.35 -0.06283199 -0.01999998 -0.03141599 -0.35 -0.06283199 -0.01999998 -0.06283199 -0.01999998 -0.06283199 -0.35 -0.06283199 -0.35 -0.09424799 -0.01999998 -0.06283199 -0.35 -0.09424799 -0.01999998 -0.09424799 -0.01999998 -0.09424799 -0.35 -0.09424799 -0.35 -0.1256639 -0.01999998 -0.09424799 -0.35 -0.1256639 -0.01999998 -0.1256639 -0.01999998 -0.1256639 -0.35 -0.1256639 -0.35 -0.1570799 -0.01999998 -0.1256639 -0.35 -0.1570799 -0.01999998 -0.1570799 -0.01999998 -0.1570799 -0.35 -0.1570799 -0.35 -0.1884959 -0.01999998 -0.1570799 -0.35 -0.1884959 -0.01999998 -0.1884959 -0.01999998 -0.1884959 -0.35 -0.1884959 -0.35 -0.219911 -0.01999998 -0.1884959 -0.35 -0.219911 -0.01999998 -0.219911 -0.01999998 -0.219911 -0.35 -0.219911 -0.35 -0.251327 -0.01999998 -0.219911 -0.35 -0.251327 -0.01999998 -0.251327 -0.01999998 0.282743 -0.35 0.282743 -0.35 0.251327 -0.01999998 0.282743 -0.35 0.251327 -0.01999998 0.251327 -0.01999998 0.251327 -0.35 0.251327 -0.35 0.219911 -0.01999998 0.251327 -0.35 0.219911 -0.01999998 0.219911 -0.01999998 0.219911 -0.35 0.219911 -0.35 0.1884959 -0.01999998 0.219911 -0.35 0.1884959 -0.01999998 0.1884959 -0.01999998 0.1884959 -0.35 0.1884959 -0.35 0.1570799 -0.01999998 0.1884959 -0.35 0.1570799 -0.01999998 0.1570799 -0.01999998 0.1570799 -0.35 0.1570799 -0.35 0.1256639 -0.01999998 0.1570799 -0.35 0.1256639 -0.01999998 0.1256639 -0.01999998 0.1256639 -0.35 0.1256639 -0.35 0.09424799 -0.01999998 0.1256639 -0.35 0.09424799 -0.01999998 0.09424799 -0.01999998 0.09424799 -0.35 0.09424799 -0.35 0.06283199 -0.01999998 0.09424799 -0.35 0.06283199 -0.01999998 0.06283199 -0.01999998 0.06283199 -0.35 0.06283199 -0.35 0.03141599 -0.01999998 0.06283199 -0.35 0.03141599 -0.01999998 0.03141599 -0.01999998 0.03141599 -0.35 0.03141599 -0.35 0 0.01414197 -0.03141599 0.01414197 0 -0.01414197 0 -0.01414197 0 0.01414197 0 0.01414197 0.03141599 -0.01414197 0 0.01414197 0.03141599 -0.01414197 0.03511196 -0.01414197 0.03511196 0.01414197 0.03141599 0.01414197 0.06283199 -0.01414197 0.03511196 0.01414197 0.06283199 -0.01414197 0.07022398 -0.01414197 0.07022398 0.01414197 0.06283199 0.01414197 0.09424799 -0.01414197 0.07022398 0.01414197 0.09424799 -0.01414197 0.105336 -0.01414197 0.105336 0.01414197 0.09424799 0.01414197 0.1256639 -0.01414197 0.105336 0.01414197 0.1256639 -0.01414197 0.140448 -0.01414197 0.140448 0.01414197 0.1256639 0.01414197 0.1570799 -0.01414197 0.140448 0.01414197 0.1570799 -0.01414197 0.1755599 -0.01414197 0.1755599 0.01414197 0.1570799 0.01414197 0.1884959 -0.01414197 0.1755599 0.01414197 0.1884959 -0.01414197 0.210672 -0.01414197 0.210672 0.01414197 0.1884959 0.01414197 0.219911 -0.01414197 0.210672 0.01414197 0.219911 -0.01414197 0.245783 -0.01414197 0.245783 0.01414197 0.219911 0.01414197 0.251327 -0.01414197 0.245783 0.01414197 0.251327 -0.01414197 0.280895 -0.01414197 0.280895 0.01414197 0.251327 0.01414197 0.282743 -0.01414197 0.280895 0.01414197 0.282743 0.01414197 0.314159 -0.01414197 0.280895 0.01414197 0.314159 -0.01414197 0.316007 -0.01414197 -0.280895 0.01414197 -0.282743 0.01414197 -0.251327 -0.01414197 -0.280895 0.01414197 -0.251327 -0.01414197 -0.245783 -0.01414197 -0.245783 0.01414197 -0.251327 0.01414197 -0.219911 -0.01414197 -0.245783 0.01414197 -0.219911 -0.01414197 -0.210672 -0.01414197 -0.210672 0.01414197 -0.219911 0.01414197 -0.1884959 -0.01414197 -0.210672 0.01414197 -0.1884959 -0.01414197 -0.1755599 -0.01414197 -0.1755599 0.01414197 -0.1884959 0.01414197 -0.1570799 -0.01414197 -0.1755599 0.01414197 -0.1570799 -0.01414197 -0.140448 -0.01414197 -0.140448 0.01414197 -0.1570799 0.01414197 -0.1256639 -0.01414197 -0.140448 0.01414197 -0.1256639 -0.01414197 -0.105336 -0.01414197 -0.105336 0.01414197 -0.1256639 0.01414197 -0.09424799 -0.01414197 -0.105336 0.01414197 -0.09424799 -0.01414197 -0.07022398 -0.01414197 -0.07022398 0.01414197 -0.09424799 0.01414197 -0.06283199 -0.01414197 -0.07022398 0.01414197 -0.06283199 -0.01414197 -0.03511196 -0.01414197 -0.03511196 0.01414197 -0.06283199 0.01414197 -0.03141599 -0.01414197 -0.03511196 0.01414197 -0.03141599 -0.01414197 0 -0.01999998 0.03141599 -0.35 0 -0.01999998 0 -0.01999998 0 -0.35 0 -0.35 -0.03141599 -0.01999998 0 -0.35 -0.03141599 -0.01999998 -0.03141599 -0.01999998 -0.03141599 -0.35 -0.03141599 -0.35 -0.06283199 -0.01999998 -0.03141599 -0.35 -0.06283199 -0.01999998 -0.06283199 -0.01999998 -0.06283199 -0.35 -0.06283199 -0.35 -0.09424799 -0.01999998 -0.06283199 -0.35 -0.09424799 -0.01999998 -0.09424799 -0.01999998 -0.09424799 -0.35 -0.09424799 -0.35 -0.1256639 -0.01999998 -0.09424799 -0.35 -0.1256639 -0.01999998 -0.1256639 -0.01999998 -0.1256639 -0.35 -0.1256639 -0.35 -0.1570799 -0.01999998 -0.1256639 -0.35 -0.1570799 -0.01999998 -0.1570799 -0.01999998 -0.1570799 -0.35 -0.1570799 -0.35 -0.1884959 -0.01999998 -0.1570799 -0.35 -0.1884959 -0.01999998 -0.1884959 -0.01999998 -0.1884959 -0.35 -0.1884959 -0.35 -0.219911 -0.01999998 -0.1884959 -0.35 -0.219911 -0.01999998 -0.219911 -0.01999998 -0.219911 -0.35 -0.219911 -0.35 -0.251327 -0.01999998 -0.219911 -0.35 -0.251327 -0.01999998 -0.251327 -0.01999998 0.282743 -0.35 0.282743 -0.35 0.251327 -0.01999998 0.282743 -0.35 0.251327 -0.01999998 0.251327 -0.01999998 0.251327 -0.35 0.251327 -0.35 0.219911 -0.01999998 0.251327 -0.35 0.219911 -0.01999998 0.219911 -0.01999998 0.219911 -0.35 0.219911 -0.35 0.1884959 -0.01999998 0.219911 -0.35 0.1884959 -0.01999998 0.1884959 -0.01999998 0.1884959 -0.35 0.1884959 -0.35 0.1570799 -0.01999998 0.1884959 -0.35 0.1570799 -0.01999998 0.1570799 -0.01999998 0.1570799 -0.35 0.1570799 -0.35 0.1256639 -0.01999998 0.1570799 -0.35 0.1256639 -0.01999998 0.1256639 -0.01999998 0.1256639 -0.35 0.1256639 -0.35 0.09424799 -0.01999998 0.1256639 -0.35 0.09424799 -0.01999998 0.09424799 -0.01999998 0.09424799 -0.35 0.09424799 -0.35 0.06283199 -0.01999998 0.09424799 -0.35 0.06283199 -0.01999998 0.06283199 -0.01999998 0.06283199 -0.35 0.06283199 -0.35 0.03141599 -0.01999998 0.06283199 -0.35 0.03141599 -0.01999998 0.03141599 -0.01999998 0.03141599 -0.35 0.03141599 -0.35 0 0.01414197 -0.180642 0.01414197 -0.149226 -0.01414197 -0.149226 -0.01414197 -0.149226 0.01414197 -0.149226 0.01414197 -0.11781 -0.01414197 -0.149226 0.01414197 -0.11781 -0.01414197 -0.114114 -0.01414197 -0.114114 0.01414197 -0.11781 0.01414197 -0.08639395 -0.01414197 -0.114114 0.01414197 -0.08639395 -0.01414197 -0.07900196 -0.01414197 -0.07900196 0.01414197 -0.08639395 0.01414197 -0.05497795 -0.01414197 -0.07900196 0.01414197 -0.05497795 -0.01414197 -0.04388999 -0.01414197 -0.04388999 0.01414197 -0.05497795 0.01414197 -0.02356195 -0.01414197 -0.04388999 0.01414197 -0.02356195 -0.01414197 -0.008777976 -0.01414197 -0.008777976 0.01414197 -0.02356195 0.01414197 0.007853984 -0.01414197 -0.008777976 0.01414197 0.007853984 -0.01414197 0.02633398 -0.01414197 0.02633398 0.01414197 0.007853984 0.01414197 0.03926998 -0.01414197 0.02633398 0.01414197 0.03926998 -0.01414197 0.06144595 -0.01414197 0.06144595 0.01414197 0.03926998 0.01414197 0.07068598 -0.01414197 0.06144595 0.01414197 0.07068598 -0.01414197 0.09655797 -0.01414197 0.09655797 0.01414197 0.07068598 0.01414197 0.102102 -0.01414197 0.09655797 0.01414197 0.102102 -0.01414197 0.1316699 -0.01414197 0.1316699 0.01414197 0.102102 0.01414197 0.133518 -0.01414197 0.1316699 0.01414197 0.133518 0.01414197 0.164934 -0.01414197 0.1316699 0.01414197 0.164934 -0.01414197 0.166782 -0.01414197 0.166782 0.01414197 0.164934 0.01414197 0.19635 -0.01414197 0.166782 0.01414197 0.19635 -0.01414197 0.201894 -0.01414197 0.201894 0.01414197 0.19635 0.01414197 0.227765 -0.01414197 0.201894 0.01414197 0.227765 -0.01414197 0.2370049 -0.01414197 0.2370049 0.01414197 0.227765 0.01414197 0.259181 -0.01414197 0.2370049 0.01414197 0.259181 -0.01414197 0.272117 -0.01414197 0.272117 0.01414197 0.259181 0.01414197 0.290597 -0.01414197 0.272117 0.01414197 0.290597 -0.01414197 0.307229 -0.01414197 0.307229 0.01414197 0.290597 0.01414197 0.322013 -0.01414197 -0.289673 0.01414197 -0.274889 -0.01414197 -0.254561 -0.01414197 -0.254561 0.01414197 -0.274889 0.01414197 -0.2434729 -0.01414197 -0.254561 0.01414197 -0.2434729 -0.01414197 -0.219449 -0.01414197 -0.219449 0.01414197 -0.2434729 0.01414197 -0.212058 -0.01414197 -0.219449 0.01414197 -0.212058 -0.01414197 -0.184338 -0.01414197 -0.184338 0.01414197 -0.212058 0.01414197 -0.180642 -0.01414197 -0.184338 0.01414197 -0.180642 -0.01414197 -0.149226 -0.01999998 0.03141599 -0.35 0 -0.01999998 0 -0.01999998 0 -0.35 0 -0.35 -0.03141599 -0.01999998 0 -0.35 -0.03141599 -0.01999998 -0.03141599 -0.01999998 -0.03141599 -0.35 -0.03141599 -0.35 -0.06283199 -0.01999998 -0.03141599 -0.35 -0.06283199 -0.01999998 -0.06283199 -0.01999998 -0.06283199 -0.35 -0.06283199 -0.35 -0.09424799 -0.01999998 -0.06283199 -0.35 -0.09424799 -0.01999998 -0.09424799 -0.01999998 -0.09424799 -0.35 -0.09424799 -0.35 -0.1256639 -0.01999998 -0.09424799 -0.35 -0.1256639 -0.01999998 -0.1256639 -0.01999998 -0.1256639 -0.35 -0.1256639 -0.35 -0.1570799 -0.01999998 -0.1256639 -0.35 -0.1570799 -0.01999998 -0.1570799 -0.01999998 -0.1570799 -0.35 -0.1570799 -0.35 -0.1884959 -0.01999998 -0.1570799 -0.35 -0.1884959 -0.01999998 -0.1884959 -0.01999998 -0.1884959 -0.35 -0.1884959 -0.35 -0.219911 -0.01999998 -0.1884959 -0.35 -0.219911 -0.01999998 -0.219911 -0.01999998 -0.219911 -0.35 -0.219911 -0.35 -0.251327 -0.01999998 -0.219911 -0.35 -0.251327 -0.01999998 -0.251327 -0.01999998 0.282743 -0.35 0.282743 -0.35 0.251327 -0.01999998 0.282743 -0.35 0.251327 -0.01999998 0.251327 -0.01999998 0.251327 -0.35 0.251327 -0.35 0.219911 -0.01999998 0.251327 -0.35 0.219911 -0.01999998 0.219911 -0.01999998 0.219911 -0.35 0.219911 -0.35 0.1884959 -0.01999998 0.219911 -0.35 0.1884959 -0.01999998 0.1884959 -0.01999998 0.1884959 -0.35 0.1884959 -0.35 0.1570799 -0.01999998 0.1884959 -0.35 0.1570799 -0.01999998 0.1570799 -0.01999998 0.1570799 -0.35 0.1570799 -0.35 0.1256639 -0.01999998 0.1570799 -0.35 0.1256639 -0.01999998 0.1256639 -0.01999998 0.1256639 -0.35 0.1256639 -0.35 0.09424799 -0.01999998 0.1256639 -0.35 0.09424799 -0.01999998 0.09424799 -0.01999998 0.09424799 -0.35 0.09424799 -0.35 0.06283199 -0.01999998 0.09424799 -0.35 0.06283199 -0.01999998 0.06283199 -0.01999998 0.06283199 -0.35 0.06283199 -0.35 0.03141599 -0.01999998 0.06283199 -0.35 0.03141599 -0.01999998 0.03141599 -0.01999998 0.03141599 -0.35 0.03141599 -0.35 0 0.01414197 0.267035 0.01414197 0.298451 -0.01414197 0.298451 -0.01414197 -0.298451 0.01414197 -0.298451 0.01414197 -0.267035 -0.01414197 -0.298451 0.01414197 -0.267035 -0.01414197 -0.263339 -0.01414197 -0.263339 0.01414197 -0.267035 0.01414197 -0.235619 -0.01414197 -0.263339 0.01414197 -0.235619 -0.01414197 -0.228227 -0.01414197 -0.228227 0.01414197 -0.235619 0.01414197 -0.204204 -0.01414197 -0.228227 0.01414197 -0.204204 -0.01414197 -0.193116 -0.01414197 -0.193116 0.01414197 -0.204204 0.01414197 -0.172788 -0.01414197 -0.193116 0.01414197 -0.172788 -0.01414197 -0.158004 -0.01414197 -0.158004 0.01414197 -0.172788 0.01414197 -0.141372 -0.01414197 -0.158004 0.01414197 -0.141372 -0.01414197 -0.122892 -0.01414197 -0.122892 0.01414197 -0.141372 0.01414197 -0.109956 -0.01414197 -0.122892 0.01414197 -0.109956 -0.01414197 -0.08777999 -0.01414197 -0.08777999 0.01414197 -0.109956 0.01414197 -0.07853996 -0.01414197 -0.08777999 0.01414197 -0.07853996 -0.01414197 -0.05266797 -0.01414197 -0.05266797 0.01414197 -0.07853996 0.01414197 -0.04712396 -0.01414197 -0.05266797 0.01414197 -0.04712396 -0.01414197 -0.01755595 -0.01414197 -0.01755595 0.01414197 -0.04712396 0.01414197 -0.01570796 -0.01414197 -0.01755595 0.01414197 -0.01570796 0.01414197 0.01570796 -0.01414197 -0.01755595 0.01414197 0.01570796 -0.01414197 0.01755595 -0.01414197 0.01755595 0.01414197 0.01570796 0.01414197 0.04712396 -0.01414197 0.01755595 0.01414197 0.04712396 -0.01414197 0.05266797 -0.01414197 0.05266797 0.01414197 0.04712396 0.01414197 0.07853996 -0.01414197 0.05266797 0.01414197 0.07853996 -0.01414197 0.08777999 -0.01414197 0.08777999 0.01414197 0.07853996 0.01414197 0.109956 -0.01414197 0.08777999 0.01414197 0.109956 -0.01414197 0.122892 -0.01414197 0.122892 0.01414197 0.109956 0.01414197 0.141372 -0.01414197 0.122892 0.01414197 0.141372 -0.01414197 0.158004 -0.01414197 0.158004 0.01414197 0.141372 0.01414197 0.172788 -0.01414197 0.158004 0.01414197 0.172788 -0.01414197 0.193116 -0.01414197 0.193116 0.01414197 0.172788 0.01414197 0.204204 -0.01414197 0.193116 0.01414197 0.204204 -0.01414197 0.228227 -0.01414197 0.228227 0.01414197 0.204204 0.01414197 0.235619 -0.01414197 0.228227 0.01414197 0.235619 -0.01414197 0.263339 -0.01414197 0.263339 0.01414197 0.235619 0.01414197 0.267035 -0.01414197 0.263339 0.01414197 0.267035 -0.01414197 0.298451 -0.01999998 0.03141599 -0.35 0 -0.01999998 0 -0.01999998 0 -0.35 0 -0.35 -0.03141599 -0.01999998 0 -0.35 -0.03141599 -0.01999998 -0.03141599 -0.01999998 -0.03141599 -0.35 -0.03141599 -0.35 -0.06283199 -0.01999998 -0.03141599 -0.35 -0.06283199 -0.01999998 -0.06283199 -0.01999998 -0.06283199 -0.35 -0.06283199 -0.35 -0.09424799 -0.01999998 -0.06283199 -0.35 -0.09424799 -0.01999998 -0.09424799 -0.01999998 -0.09424799 -0.35 -0.09424799 -0.35 -0.1256639 -0.01999998 -0.09424799 -0.35 -0.1256639 -0.01999998 -0.1256639 -0.01999998 -0.1256639 -0.35 -0.1256639 -0.35 -0.1570799 -0.01999998 -0.1256639 -0.35 -0.1570799 -0.01999998 -0.1570799 -0.01999998 -0.1570799 -0.35 -0.1570799 -0.35 -0.1884959 -0.01999998 -0.1570799 -0.35 -0.1884959 -0.01999998 -0.1884959 -0.01999998 -0.1884959 -0.35 -0.1884959 -0.35 -0.219911 -0.01999998 -0.1884959 -0.35 -0.219911 -0.01999998 -0.219911 -0.01999998 -0.219911 -0.35 -0.219911 -0.35 -0.251327 -0.01999998 -0.219911 -0.35 -0.251327 -0.01999998 -0.251327 -0.01999998 0.282743 -0.35 0.282743 -0.35 0.251327 -0.01999998 0.282743 -0.35 0.251327 -0.01999998 0.251327 -0.01999998 0.251327 -0.35 0.251327 -0.35 0.219911 -0.01999998 0.251327 -0.35 0.219911 -0.01999998 0.219911 -0.01999998 0.219911 -0.35 0.219911 -0.35 0.1884959 -0.01999998 0.219911 -0.35 0.1884959 -0.01999998 0.1884959 -0.01999998 0.1884959 -0.35 0.1884959 -0.35 0.1570799 -0.01999998 0.1884959 -0.35 0.1570799 -0.01999998 0.1570799 -0.01999998 0.1570799 -0.35 0.1570799 -0.35 0.1256639 -0.01999998 0.1570799 -0.35 0.1256639 -0.01999998 0.1256639 -0.01999998 0.1256639 -0.35 0.1256639 -0.35 0.09424799 -0.01999998 0.1256639 -0.35 0.09424799 -0.01999998 0.09424799 -0.01999998 0.09424799 -0.35 0.09424799 -0.35 0.06283199 -0.01999998 0.09424799 -0.35 0.06283199 -0.01999998 0.06283199 -0.01999998 0.06283199 -0.35 0.06283199 -0.35 0.03141599 -0.01999998 0.06283199 -0.35 0.03141599 -0.01999998 0.03141599 -0.01999998 0.03141599 -0.35 0.03141599 -0.35 0 0.01414197 0.11781 0.01414197 0.149226 -0.01414197 0.149226 -0.01414197 0.149226 0.01414197 0.149226 0.01414197 0.180642 -0.01414197 0.149226 0.01414197 0.180642 -0.01414197 0.184338 -0.01414197 0.184338 0.01414197 0.180642 0.01414197 0.212058 -0.01414197 0.184338 0.01414197 0.212058 -0.01414197 0.219449 -0.01414197 0.219449 0.01414197 0.212058 0.01414197 0.2434729 -0.01414197 0.219449 0.01414197 0.2434729 -0.01414197 0.254561 -0.01414197 0.254561 0.01414197 0.2434729 0.01414197 0.274889 -0.01414197 0.254561 0.01414197 0.274889 -0.01414197 0.289673 -0.01414197 0.289673 0.01414197 0.274889 0.01414197 0.306305 -0.01414197 0.289673 0.01414197 0.306305 -0.01414197 0.324785 -0.01414197 -0.272117 0.01414197 -0.290597 0.01414197 -0.259181 -0.01414197 -0.272117 0.01414197 -0.259181 -0.01414197 -0.2370049 -0.01414197 -0.2370049 0.01414197 -0.259181 0.01414197 -0.227765 -0.01414197 -0.2370049 0.01414197 -0.227765 -0.01414197 -0.201894 -0.01414197 -0.201894 0.01414197 -0.227765 0.01414197 -0.19635 -0.01414197 -0.201894 0.01414197 -0.19635 -0.01414197 -0.166782 -0.01414197 -0.166782 0.01414197 -0.19635 0.01414197 -0.164934 -0.01414197 -0.166782 0.01414197 -0.164934 0.01414197 -0.133518 -0.01414197 -0.166782 0.01414197 -0.133518 -0.01414197 -0.1316699 -0.01414197 -0.1316699 0.01414197 -0.133518 0.01414197 -0.102102 -0.01414197 -0.1316699 0.01414197 -0.102102 -0.01414197 -0.09655797 -0.01414197 -0.09655797 0.01414197 -0.102102 0.01414197 -0.07068598 -0.01414197 -0.09655797 0.01414197 -0.07068598 -0.01414197 -0.06144595 -0.01414197 -0.06144595 0.01414197 -0.07068598 0.01414197 -0.03926998 -0.01414197 -0.06144595 0.01414197 -0.03926998 -0.01414197 -0.02633398 -0.01414197 -0.02633398 0.01414197 -0.03926998 0.01414197 -0.007853984 -0.01414197 -0.02633398 0.01414197 -0.007853984 -0.01414197 0.008777976 -0.01414197 0.008777976 0.01414197 -0.007853984 0.01414197 0.02356195 -0.01414197 0.008777976 0.01414197 0.02356195 -0.01414197 0.04388999 -0.01414197 0.04388999 0.01414197 0.02356195 0.01414197 0.05497795 -0.01414197 0.04388999 0.01414197 0.05497795 -0.01414197 0.07900196 -0.01414197 0.07900196 0.01414197 0.05497795 0.01414197 0.08639395 -0.01414197 0.07900196 0.01414197 0.08639395 -0.01414197 0.114114 -0.01414197 0.114114 0.01414197 0.08639395 0.01414197 0.11781 -0.01414197 0.114114 0.01414197 0.11781 -0.01414197 0.149226 -0.2 1.596898 0 1.596898 -0.2 1.692766 -0.2 1.692766 0 1.596898 0 1.692766 -0.2 1.692766 0 1.692766 -0.2 1.788635 -0.2 1.788635 0 1.692766 0 1.788635 -0.2 1.788635 0 1.788635 -0.2 1.884503 -0.2 1.884503 0 1.788635 0 1.884503 0.2 -0.529731 0 -0.529731 0.2 -0.574601 0.2 -0.574601 0 -0.529731 0 -0.574601 0.2 -0.574601 0 -0.574601 0.2 -0.61947 0.2 -0.61947 0 -0.574601 0 -0.61947 0.2 -0.61947 0 -0.61947 0.2 -0.66434 0.2 -0.66434 0 -0.61947 0 -0.66434 0.2 -0.66434 0 -0.66434 0.2 -0.70921 0.2 -0.70921 0 -0.66434 0 -0.70921 0.2 -0.70921 0 -0.70921 0.2 -0.754079 0.2 -0.754079 0 -0.70921 0 -0.754079 0.2 1.445118 0 1.445118 0.2 1.362447 0.2 1.362447 0 1.445118 0 1.362447 0.2 1.362447 0 1.362447 0.2 1.279777 0.2 1.279777 0 1.362447 0 1.279777 0.2 1.279777 0 1.279777 0.2 1.197106 0.2 1.197106 0 1.279777 0 1.197106 0.2 0.203373 0 0.203373 0.2 0.157065 0.2 0.157065 0 0.203373 0 0.157065 0.2 0.157065 0 0.157065 0.2 0.110758 0.2 0.110758 0 0.157065 0 0.110758 0.2 0.110758 0 0.110758 0.2 0.06444996 0.2 0.06444996 0 0.110758 0 0.06444996 0.2 0.06444996 0 0.06444996 0.2 0.01814198 0.2 0.01814198 0 0.06444996 0 0.01814198 0.2 0.01814198 0 0.01814198 0.2 -0.02816498 0.2 -0.02816498 0 0.01814198 0 -0.02816498 -0.220063 0.846875 -0.311345 0.817734 -0.224988 0.802351 -0.224988 0.802351 -0.311345 0.817734 -0.220995 0.757734 -0.220995 0.757734 -0.311345 0.817734 -0.398892 0.778787 -0.220995 0.757734 -0.398892 0.778787 -0.412862 0.669944 -0.412862 0.669944 -0.398892 0.778787 -0.44345 0.70455 -0.44345 0.70455 -0.398892 0.778787 -0.481657 0.730501 -0.220995 0.757734 -0.412862 0.669944 -0.2082419 0.714792 -0.2082419 0.714792 -0.412862 0.669944 -0.391799 0.62884 -0.2082419 0.714792 -0.391799 0.62884 -0.237595 0.615751 -0.237595 0.615751 -0.391799 0.62884 -0.31266 0.581244 -0.31266 0.581244 -0.391799 0.62884 -0.381574 0.583799 -0.31266 0.581244 -0.381574 0.583799 -0.382825 0.537629 -0.158807 0.640609 -0.1872349 0.675228 -0.237595 0.615751 -0.237595 0.615751 -0.1872349 0.675228 -0.2082419 0.714792 0.158807 0.640609 0.237595 0.615751 0.1872349 0.675228 0.1872349 0.675228 0.237595 0.615751 0.2082419 0.714792 0.2082419 0.714792 0.237595 0.615751 0.391799 0.62884 0.2082419 0.714792 0.391799 0.62884 0.412862 0.669944 0.237595 0.615751 0.31266 0.581244 0.391799 0.62884 0.391799 0.62884 0.31266 0.581244 0.381574 0.583799 0.381574 0.583799 0.31266 0.581244 0.382825 0.537629 0.44345 0.70455 0.398892 0.778787 0.412862 0.669944 0.412862 0.669944 0.398892 0.778787 0.220995 0.757734 0.412862 0.669944 0.220995 0.757734 0.2082419 0.714792 0.44345 0.70455 0.481657 0.730501 0.398892 0.778787 0.398892 0.778787 0.311345 0.817734 0.220995 0.757734 0.220995 0.757734 0.311345 0.817734 0.224988 0.802351 0.224988 0.802351 0.311345 0.817734 0.220063 0.846875 -0.730501 0.481657 -0.778787 0.398892 -0.70455 0.44345 -0.70455 0.44345 -0.778787 0.398892 -0.669944 0.412862 -0.669944 0.412862 -0.778787 0.398892 -0.757734 0.220995 -0.669944 0.412862 -0.757734 0.220995 -0.714792 0.2082419 -0.778787 0.398892 -0.817734 0.311345 -0.757734 0.220995 -0.757734 0.220995 -0.817734 0.311345 -0.802351 0.224988 -0.802351 0.224988 -0.817734 0.311345 -0.846875 0.220063 -0.675228 0.1872349 -0.615751 0.237595 -0.714792 0.2082419 -0.714792 0.2082419 -0.615751 0.237595 -0.62884 0.391799 -0.714792 0.2082419 -0.62884 0.391799 -0.669944 0.412862 -0.675228 0.1872349 -0.640609 0.158807 -0.615751 0.237595 -0.615751 0.237595 -0.581244 0.31266 -0.62884 0.391799 -0.62884 0.391799 -0.581244 0.31266 -0.583799 0.381574 -0.583799 0.381574 -0.581244 0.31266 -0.537629 0.382825 -0.846875 -0.220063 -0.817734 -0.311345 -0.802351 -0.224988 -0.802351 -0.224988 -0.817734 -0.311345 -0.757734 -0.220995 -0.757734 -0.220995 -0.817734 -0.311345 -0.778787 -0.398892 -0.757734 -0.220995 -0.778787 -0.398892 -0.669944 -0.412862 -0.669944 -0.412862 -0.778787 -0.398892 -0.70455 -0.44345 -0.70455 -0.44345 -0.778787 -0.398892 -0.730501 -0.481657 -0.757734 -0.220995 -0.669944 -0.412862 -0.714792 -0.2082419 -0.714792 -0.2082419 -0.669944 -0.412862 -0.62884 -0.391799 -0.714792 -0.2082419 -0.62884 -0.391799 -0.615751 -0.237595 -0.615751 -0.237595 -0.62884 -0.391799 -0.581244 -0.31266 -0.581244 -0.31266 -0.62884 -0.391799 -0.583799 -0.381574 -0.581244 -0.31266 -0.583799 -0.381574 -0.537629 -0.382825 -0.640609 -0.158807 -0.675228 -0.1872349 -0.615751 -0.237595 -0.615751 -0.237595 -0.675228 -0.1872349 -0.714792 -0.2082419 -0.481657 -0.730501 -0.398892 -0.778787 -0.44345 -0.70455 -0.44345 -0.70455 -0.398892 -0.778787 -0.412862 -0.669944 -0.412862 -0.669944 -0.398892 -0.778787 -0.220995 -0.757734 -0.412862 -0.669944 -0.220995 -0.757734 -0.2082419 -0.714792 -0.398892 -0.778787 -0.311345 -0.817734 -0.220995 -0.757734 -0.220995 -0.757734 -0.311345 -0.817734 -0.224988 -0.802351 -0.224988 -0.802351 -0.311345 -0.817734 -0.220063 -0.846875 -0.1872349 -0.675228 -0.237595 -0.615751 -0.2082419 -0.714792 -0.2082419 -0.714792 -0.237595 -0.615751 -0.391799 -0.62884 -0.2082419 -0.714792 -0.391799 -0.62884 -0.412862 -0.669944 -0.1872349 -0.675228 -0.158807 -0.640609 -0.237595 -0.615751 -0.237595 -0.615751 -0.31266 -0.581244 -0.391799 -0.62884 -0.391799 -0.62884 -0.31266 -0.581244 -0.381574 -0.583799 -0.381574 -0.583799 -0.31266 -0.581244 -0.382825 -0.537629 0.220063 -0.846875 0.311345 -0.817734 0.224988 -0.802351 0.224988 -0.802351 0.311345 -0.817734 0.220995 -0.757734 0.220995 -0.757734 0.311345 -0.817734 0.398892 -0.778787 0.220995 -0.757734 0.398892 -0.778787 0.412862 -0.669944 0.412862 -0.669944 0.398892 -0.778787 0.44345 -0.70455 0.44345 -0.70455 0.398892 -0.778787 0.481657 -0.730501 0.220995 -0.757734 0.412862 -0.669944 0.2082419 -0.714792 0.2082419 -0.714792 0.412862 -0.669944 0.391799 -0.62884 0.2082419 -0.714792 0.391799 -0.62884 0.237595 -0.615751 0.237595 -0.615751 0.391799 -0.62884 0.31266 -0.581244 0.31266 -0.581244 0.391799 -0.62884 0.381574 -0.583799 0.31266 -0.581244 0.381574 -0.583799 0.382825 -0.537629 0.158807 -0.640609 0.1872349 -0.675228 0.237595 -0.615751 0.237595 -0.615751 0.1872349 -0.675228 0.2082419 -0.714792 0.730501 -0.481657 0.778787 -0.398892 0.70455 -0.44345 0.70455 -0.44345 0.778787 -0.398892 0.669944 -0.412862 0.669944 -0.412862 0.778787 -0.398892 0.757734 -0.220995 0.669944 -0.412862 0.757734 -0.220995 0.714792 -0.2082419 0.778787 -0.398892 0.817734 -0.311345 0.757734 -0.220995 0.757734 -0.220995 0.817734 -0.311345 0.802351 -0.224988 0.802351 -0.224988 0.817734 -0.311345 0.846875 -0.220063 0.675228 -0.1872349 0.615751 -0.237595 0.714792 -0.2082419 0.714792 -0.2082419 0.615751 -0.237595 0.62884 -0.391799 0.714792 -0.2082419 0.62884 -0.391799 0.669944 -0.412862 0.675228 -0.1872349 0.640609 -0.158807 0.615751 -0.237595 0.615751 -0.237595 0.581244 -0.31266 0.62884 -0.391799 0.62884 -0.391799 0.581244 -0.31266 0.583799 -0.381574 0.583799 -0.381574 0.581244 -0.31266 0.537629 -0.382825 0.846875 0.220063 0.817734 0.311345 0.802351 0.224988 0.802351 0.224988 0.817734 0.311345 0.757734 0.220995 0.757734 0.220995 0.817734 0.311345 0.778787 0.398892 0.757734 0.220995 0.778787 0.398892 0.669944 0.412862 0.669944 0.412862 0.778787 0.398892 0.70455 0.44345 0.70455 0.44345 0.778787 0.398892 0.730501 0.481657 0.757734 0.220995 0.669944 0.412862 0.714792 0.2082419 0.714792 0.2082419 0.669944 0.412862 0.62884 0.391799 0.714792 0.2082419 0.62884 0.391799 0.615751 0.237595 0.615751 0.237595 0.62884 0.391799 0.581244 0.31266 0.581244 0.31266 0.62884 0.391799 0.583799 0.381574 0.581244 0.31266 0.583799 0.381574 0.537629 0.382825 0.640609 0.158807 0.675228 0.1872349 0.615751 0.237595 0.615751 0.237595 0.675228 0.1872349 0.714792 0.2082419 0.2 0.876345 0 0.876345 0.2 0.793674 0.2 0.793674 0 0.876345 0 0.793674 0.2 0.793674 0 0.793674 0.2 0.711004 0.2 0.711004 0 0.793674 0 0.711004 0.2 0.711004 0 0.711004 0.2 0.628334 0.2 0.628334 0 0.711004 0 0.628334 0.2 0.047221 0 0.047221 0.2 0.002350986 0.2 0.002350986 0 0.047221 0 0.002350986 0.2 0.002350986 0 0.002350986 0.2 -0.04251796 0.2 -0.04251796 0 0.002350986 0 -0.04251796 0.2 -0.04251796 0 -0.04251796 0.2 -0.08738797 0.2 -0.08738797 0 -0.04251796 0 -0.08738797 0.2 -0.08738797 0 -0.08738797 0.2 -0.1322579 0.2 -0.1322579 0 -0.08738797 0 -0.1322579 0.2 -0.1322579 0 -0.1322579 0.2 -0.177127 0.2 -0.177127 0 -0.1322579 0 -0.177127 -0.2 0.864391 0 0.864391 -0.2 0.960259 -0.2 0.960259 0 0.864391 0 0.960259 -0.2 0.960259 0 0.960259 -0.2 1.056127 -0.2 1.056127 0 0.960259 0 1.056127 -0.2 1.056127 0 1.056127 -0.2 1.151995 -0.2 1.151995 0 1.056127 0 1.151995 0.2 -0.553029 0 -0.553029 0.2 -0.599337 0.2 -0.599337 0 -0.553029 0 -0.599337 0.2 -0.599337 0 -0.599337 0.2 -0.645645 0.2 -0.645645 0 -0.599337 0 -0.645645 0.2 -0.645645 0 -0.645645 0.2 -0.691952 0.2 -0.691952 0 -0.645645 0 -0.691952 0.2 -0.691952 0 -0.691952 0.2 -0.73826 0.2 -0.73826 0 -0.691952 0 -0.73826 0.2 -0.73826 0 -0.73826 0.2 -0.784567 0.2 -0.784567 0 -0.73826 0 -0.784567 -0.2 2.238838 0 2.238838 -0.2 2.334706 -0.2 2.334706 0 2.238838 0 2.334706 -0.2 2.334706 0 2.334706 -0.2 2.430574 -0.2 2.430574 0 2.334706 0 2.430574 -0.2 2.430574 0 2.430574 -0.2 2.526442 -0.2 2.526442 0 2.430574 0 2.526442 0.2 -0.262432 0 -0.262432 0.2 -0.30874 0.2 -0.30874 0 -0.262432 0 -0.30874 0.2 -0.30874 0 -0.30874 0.2 -0.355047 0.2 -0.355047 0 -0.30874 0 -0.355047 0.2 -0.355047 0 -0.355047 0.2 -0.401355 0.2 -0.401355 0 -0.355047 0 -0.401355 0.2 -0.401355 0 -0.401355 0.2 -0.447662 0.2 -0.447662 0 -0.401355 0 -0.447662 0.2 -0.447662 0 -0.447662 0.2 -0.49397 0.2 -0.49397 0 -0.447662 0 -0.49397 0.2 1.913071 0 1.913071 0.2 1.8304 0.2 1.8304 0 1.913071 0 1.8304 0.2 1.8304 0 1.8304 0.2 1.74773 0.2 1.74773 0 1.8304 0 1.74773 0.2 1.74773 0 1.74773 0.2 1.665059 0.2 1.665059 0 1.74773 0 1.665059 0.2 0.40065 0 0.40065 0.2 0.35578 0.2 0.35578 0 0.40065 0 0.35578 0.2 0.35578 0 0.35578 0.2 0.310911 0.2 0.310911 0 0.35578 0 0.310911 0.2 0.310911 0 0.310911 0.2 0.266041 0.2 0.266041 0 0.310911 0 0.266041 0.2 0.266041 0 0.266041 0.2 0.221171 0.2 0.221171 0 0.266041 0 0.221171 0.2 0.221171 0 0.221171 0.2 0.176302 0.2 0.176302 0 0.221171 0 0.176302 -0.2 -2.526442 0 -2.526442 -0.2 -2.430574 -0.2 -2.430574 0 -2.526442 0 -2.430574 -0.2 -2.430574 0 -2.430574 -0.2 -2.334706 -0.2 -2.334706 0 -2.430574 0 -2.334706 -0.2 -2.334706 0 -2.334706 -0.2 -2.238838 -0.2 -2.238838 0 -2.334706 0 -2.238838 0.2 -0.176302 0 -0.176302 0.2 -0.221171 0.2 -0.221171 0 -0.176302 0 -0.221171 0.2 -0.221171 0 -0.221171 0.2 -0.266041 0.2 -0.266041 0 -0.221171 0 -0.266041 0.2 -0.266041 0 -0.266041 0.2 -0.310911 0.2 -0.310911 0 -0.266041 0 -0.310911 0.2 -0.310911 0 -0.310911 0.2 -0.35578 0.2 -0.35578 0 -0.310911 0 -0.35578 0.2 -0.35578 0 -0.35578 0.2 -0.40065 0.2 -0.40065 0 -0.35578 0 -0.40065 0.2 -1.665059 0 -1.665059 0.2 -1.74773 0.2 -1.74773 0 -1.665059 0 -1.74773 0.2 -1.74773 0 -1.74773 0.2 -1.8304 0.2 -1.8304 0 -1.74773 0 -1.8304 0.2 -1.8304 0 -1.8304 0.2 -1.913071 0.2 -1.913071 0 -1.8304 0 -1.913071 0.2 0.49397 0 0.49397 0.2 0.447662 0.2 0.447662 0 0.49397 0 0.447662 0.2 0.447662 0 0.447662 0.2 0.401355 0.2 0.401355 0 0.447662 0 0.401355 0.2 0.401355 0 0.401355 0.2 0.355047 0.2 0.355047 0 0.401355 0 0.355047 0.2 0.355047 0 0.355047 0.2 0.30874 0.2 0.30874 0 0.355047 0 0.30874 0.2 0.30874 0 0.30874 0.2 0.262432 0.2 0.262432 0 0.30874 0 0.262432 -0.2 -1.884503 0 -1.884503 -0.2 -1.788635 -0.2 -1.788635 0 -1.884503 0 -1.788635 -0.2 -1.788635 0 -1.788635 -0.2 -1.692766 -0.2 -1.692766 0 -1.788635 0 -1.692766 -0.2 -1.692766 0 -1.692766 -0.2 -1.596898 -0.2 -1.596898 0 -1.692766 0 -1.596898 0.2 0.02816498 0 0.02816498 0.2 -0.01814198 0.2 -0.01814198 0 0.02816498 0 -0.01814198 0.2 -0.01814198 0 -0.01814198 0.2 -0.06444996 0.2 -0.06444996 0 -0.01814198 0 -0.06444996 0.2 -0.06444996 0 -0.06444996 0.2 -0.110758 0.2 -0.110758 0 -0.06444996 0 -0.110758 0.2 -0.110758 0 -0.110758 0.2 -0.157065 0.2 -0.157065 0 -0.110758 0 -0.157065 0.2 -0.157065 0 -0.157065 0.2 -0.203373 0.2 -0.203373 0 -0.157065 0 -0.203373 0.2 -1.197106 0 -1.197106 0.2 -1.279777 0.2 -1.279777 0 -1.197106 0 -1.279777 0.2 -1.279777 0 -1.279777 0.2 -1.362447 0.2 -1.362447 0 -1.279777 0 -1.362447 0.2 -1.362447 0 -1.362447 0.2 -1.445118 0.2 -1.445118 0 -1.362447 0 -1.445118 0.2 -0.659637 0 -0.659637 0.2 -0.704507 0.2 -0.704507 0 -0.659637 0 -0.704507 0.2 -0.704507 0 -0.704507 0.2 -0.749377 0.2 -0.749377 0 -0.704507 0 -0.749377 0.2 -0.749377 0 -0.749377 0.2 -0.794246 0.2 -0.794246 0 -0.749377 0 -0.794246 0.2 -0.794246 0 -0.794246 0.2 -0.839116 0.2 -0.839116 0 -0.794246 0 -0.839116 0.2 -0.839116 0 -0.839116 0.2 -0.883986 0.2 -0.883986 0 -0.839116 0 -0.883986 -0.2 -1.151995 0 -1.151995 -0.2 -1.056127 -0.2 -1.056127 0 -1.151995 0 -1.056127 -0.2 -1.056127 0 -1.056127 -0.2 -0.960259 -0.2 -0.960259 0 -1.056127 0 -0.960259 -0.2 -0.960259 0 -0.960259 -0.2 -0.864391 -0.2 -0.864391 0 -0.960259 0 -0.864391 0.2 0.177127 0 0.177127 0.2 0.1322579 0.2 0.1322579 0 0.177127 0 0.1322579 0.2 0.1322579 0 0.1322579 0.2 0.08738797 0.2 0.08738797 0 0.1322579 0 0.08738797 0.2 0.08738797 0 0.08738797 0.2 0.04251796 0.2 0.04251796 0 0.08738797 0 0.04251796 0.2 0.04251796 0 0.04251796 0.2 -0.002350986 0.2 -0.002350986 0 0.04251796 0 -0.002350986 0.2 -0.002350986 0 -0.002350986 0.2 -0.047221 0.2 -0.047221 0 -0.002350986 0 -0.047221 0.2 -0.628334 0 -0.628334 0.2 -0.711004 0.2 -0.711004 0 -0.628334 0 -0.711004 0.2 -0.711004 0 -0.711004 0.2 -0.793674 0.2 -0.793674 0 -0.711004 0 -0.793674 0.2 -0.793674 0 -0.793674 0.2 -0.876345 0.2 -0.876345 0 -0.793674 0 -0.876345 0.2 -0.377822 0 -0.377822 0.2 -0.424129 0.2 -0.424129 0 -0.377822 0 -0.424129 0.2 -0.424129 0 -0.424129 0.2 -0.470437 0.2 -0.470437 0 -0.424129 0 -0.470437 0.2 -0.470437 0 -0.470437 0.2 -0.516745 0.2 -0.516745 0 -0.470437 0 -0.516745 0.2 -0.516745 0 -0.516745 0.2 -0.563052 0.2 -0.563052 0 -0.516745 0 -0.563052 0.2 -0.563052 0 -0.563052 0.2 -0.60936 0.2 -0.60936 0 -0.563052 0 -0.60936 -0.2 -0.510056 0 -0.510056 -0.2 -0.414188 -0.2 -0.414188 0 -0.510056 0 -0.414188 -0.2 -0.414188 0 -0.414188 -0.2 -0.31832 -0.2 -0.31832 0 -0.414188 0 -0.31832 -0.2 -0.31832 0 -0.31832 -0.2 -0.222452 -0.2 -0.222452 0 -0.31832 0 -0.222452 0.2 0.318763 0 0.318763 0.2 0.272455 0.2 0.272455 0 0.318763 0 0.272455 0.2 0.272455 0 0.272455 0.2 0.2261469 0.2 0.2261469 0 0.272455 0 0.2261469 0.2 0.2261469 0 0.2261469 0.2 0.17984 0.2 0.17984 0 0.2261469 0 0.17984 0.2 0.17984 0 0.17984 0.2 0.133532 0.2 0.133532 0 0.17984 0 0.133532 0.2 0.133532 0 0.133532 0.2 0.08722496 0.2 0.08722496 0 0.133532 0 0.08722496 0.2 -0.160381 0 -0.160381 0.2 -0.243051 0.2 -0.243051 0 -0.160381 0 -0.243051 0.2 -0.243051 0 -0.243051 0.2 -0.325722 0.2 -0.325722 0 -0.243051 0 -0.325722 0.2 -0.325722 0 -0.325722 0.2 -0.408392 0.2 -0.408392 0 -0.325722 0 -0.408392 0.2 -0.306208 0 -0.306208 0.2 -0.351078 0.2 -0.351078 0 -0.306208 0 -0.351078 0.2 -0.351078 0 -0.351078 0.2 -0.395948 0.2 -0.395948 0 -0.351078 0 -0.395948 0.2 -0.395948 0 -0.395948 0.2 -0.440817 0.2 -0.440817 0 -0.395948 0 -0.440817 0.2 -0.440817 0 -0.440817 0.2 -0.485687 0.2 -0.485687 0 -0.440817 0 -0.485687 0.2 -0.485687 0 -0.485687 0.2 -0.530556 0.2 -0.530556 0 -0.485687 0 -0.530556 -0.2 0.222452 0 0.222452 -0.2 0.31832 -0.2 0.31832 0 0.222452 0 0.31832 -0.2 0.31832 0 0.31832 -0.2 0.414188 -0.2 0.414188 0 0.31832 0 0.414188 -0.2 0.414188 0 0.414188 -0.2 0.510056 -0.2 0.510056 0 0.414188 0 0.510056 0.2 0.530556 0 0.530556 0.2 0.485687 0.2 0.485687 0 0.530556 0 0.485687 0.2 0.485687 0 0.485687 0.2 0.440817 0.2 0.440817 0 0.485687 0 0.440817 0.2 0.440817 0 0.440817 0.2 0.395948 0.2 0.395948 0 0.440817 0 0.395948 0.2 0.395948 0 0.395948 0.2 0.351078 0.2 0.351078 0 0.395948 0 0.351078 0.2 0.351078 0 0.351078 0.2 0.306208 0.2 0.306208 0 0.351078 0 0.306208 0.2 0.408392 0 0.408392 0.2 0.325722 0.2 0.325722 0 0.408392 0 0.325722 0.2 0.325722 0 0.325722 0.2 0.243051 0.2 0.243051 0 0.325722 0 0.243051 0.2 0.243051 0 0.243051 0.2 0.160381 0.2 0.160381 0 0.243051 0 0.160381 0.2 -0.08722496 0 -0.08722496 0.2 -0.133532 0.2 -0.133532 0 -0.08722496 0 -0.133532 0.2 -0.133532 0 -0.133532 0.2 -0.17984 0.2 -0.17984 0 -0.133532 0 -0.17984 0.2 -0.17984 0 -0.17984 0.2 -0.2261469 0.2 -0.2261469 0 -0.17984 0 -0.2261469 0.2 -0.2261469 0 -0.2261469 0.2 -0.272455 0.2 -0.272455 0 -0.2261469 0 -0.272455 0.2 -0.272455 0 -0.272455 0.2 -0.318763 0.2 -0.318763 0 -0.272455 0 -0.318763 -0.380266 -0.106876 -0.465439 -0.136351 -0.364326 -0.152616 -0.364326 -0.152616 -0.465439 -0.136351 -0.447195 -0.187727 -0.364326 -0.152616 -0.447195 -0.187727 -0.4233 -0.236732 -0.465439 -0.136351 -0.380266 -0.106876 -0.477802 -0.08325099 -0.477802 -0.08325099 -0.380266 -0.106876 -0.390489 -0.05952894 -0.477802 -0.08325099 -0.390489 -0.05952894 -0.484126 -0.02909898 -0.484126 -0.02909898 -0.390489 -0.05952894 -0.394839 -0.01128596 -0.484126 -0.02909898 -0.394839 -0.01128596 -0.484333 0.02541995 -0.484333 0.02541995 -0.394839 -0.01128596 -0.393251 0.037126 -0.484333 0.02541995 -0.393251 0.037126 -0.47842 0.07961797 -0.47842 0.07961797 -0.393251 0.037126 -0.38575 0.08498001 -0.47842 0.07961797 -0.38575 0.08498001 -0.466462 0.1328099 -0.466462 0.1328099 -0.38575 0.08498001 -0.372449 0.131556 -0.466462 0.1328099 -0.372449 0.131556 -0.448609 0.184324 -0.448609 0.184324 -0.372449 0.131556 -0.353546 0.176154 -0.448609 0.184324 -0.353546 0.176154 -0.425087 0.233509 -0.425087 0.233509 -0.353546 0.176154 -0.329327 0.218103 -0.425087 0.233509 -0.329327 0.218103 -0.396193 0.279742 -0.396193 0.279742 -0.329327 0.218103 -0.300155 0.256772 -0.396193 0.279742 -0.300155 0.256772 -0.362293 0.322441 -0.362293 0.322441 -0.300155 0.256772 -0.26647 0.29158 -0.362293 0.322441 -0.26647 0.29158 -0.323815 0.361066 -0.323815 0.361066 -0.26647 0.29158 -0.228778 0.322003 -0.323815 0.361066 -0.228778 0.322003 -0.281246 0.395128 -0.281246 0.395128 -0.228778 0.322003 -0.235122 0.424197 -0.235122 0.424197 -0.228778 0.322003 -0.187645 0.347583 -0.235122 0.424197 -0.187645 0.347583 -0.186027 0.447905 -0.186027 0.447905 -0.187645 0.347583 -0.143691 0.367937 -0.186027 0.447905 -0.143691 0.367937 -0.134581 0.465954 -0.134581 0.465954 -0.143691 0.367937 -0.09757596 0.382758 -0.134581 0.465954 -0.09757596 0.382758 -0.08143496 0.478114 -0.08143496 0.478114 -0.09757596 0.382758 -0.04999297 0.391824 -0.08143496 0.478114 -0.04999297 0.391824 -0.02726 0.484233 -0.02726 0.484233 -0.04999297 0.391824 0.04999297 0.391824 -0.02726 0.484233 0.04999297 0.391824 0.02726 0.484233 0.02726 0.484233 0.04999297 0.391824 0.08143496 0.478114 0.08143496 0.478114 0.04999297 0.391824 0.09757596 0.382758 0.08143496 0.478114 0.09757596 0.382758 0.134581 0.465954 0.134581 0.465954 0.09757596 0.382758 0.143691 0.367937 0.134581 0.465954 0.143691 0.367937 0.186027 0.447905 0.186027 0.447905 0.143691 0.367937 0.187645 0.347583 0.186027 0.447905 0.187645 0.347583 0.235122 0.424197 0.235122 0.424197 0.187645 0.347583 0.228778 0.322003 0.235122 0.424197 0.228778 0.322003 0.281246 0.395128 0.281246 0.395128 0.228778 0.322003 0.323815 0.361066 0.323815 0.361066 0.228778 0.322003 0.26647 0.29158 0.323815 0.361066 0.26647 0.29158 0.362293 0.322441 0.362293 0.322441 0.26647 0.29158 0.300155 0.256772 0.362293 0.322441 0.300155 0.256772 0.396193 0.279742 0.396193 0.279742 0.300155 0.256772 0.329327 0.218103 0.396193 0.279742 0.329327 0.218103 0.425087 0.233509 0.425087 0.233509 0.329327 0.218103 0.353546 0.176154 0.425087 0.233509 0.353546 0.176154 0.448609 0.184324 0.448609 0.184324 0.353546 0.176154 0.372449 0.131556 0.448609 0.184324 0.372449 0.131556 0.466462 0.1328099 0.466462 0.1328099 0.372449 0.131556 0.38575 0.08498001 0.466462 0.1328099 0.38575 0.08498001 0.47842 0.07961797 0.47842 0.07961797 0.38575 0.08498001 0.393251 0.037126 0.47842 0.07961797 0.393251 0.037126 0.484333 0.02541995 0.484333 0.02541995 0.393251 0.037126 0.394839 -0.01128596 0.484333 0.02541995 0.394839 -0.01128596 0.484126 -0.02909898 0.484126 -0.02909898 0.394839 -0.01128596 0.390489 -0.05952894 0.484126 -0.02909898 0.390489 -0.05952894 0.477802 -0.08325099 0.477802 -0.08325099 0.390489 -0.05952894 0.380266 -0.106876 0.477802 -0.08325099 0.380266 -0.106876 0.465439 -0.136351 0.465439 -0.136351 0.380266 -0.106876 0.364326 -0.152616 0.465439 -0.136351 0.364326 -0.152616 0.447195 -0.187727 0.447195 -0.187727 0.364326 -0.152616 0.4233 -0.236732 0.4233 -0.236732 0.364326 -0.152616 0.347843 -0.156009 0.4233 -0.236732 0.347843 -0.156009 0.33295 -0.163846 0.04999297 0.391824 -0.04999297 0.391824 0.03881394 0.379245 0.03881394 0.379245 -0.04999297 0.391824 -0.03881394 0.379245 0.03881394 0.379245 -0.03881394 0.379245 0.02458095 0.370266 0.02458095 0.370266 -0.03881394 0.379245 -0.02458095 0.370266 0.02458095 0.370266 -0.02458095 0.370266 0.00841397 0.365593 0.00841397 0.365593 -0.02458095 0.370266 -0.00841397 0.365593 0.33295 -0.163846 0.32082 -0.17551 0.4233 -0.236732 0.4233 -0.236732 0.32082 -0.17551 0.312406 -0.190083 0.4233 -0.236732 0.312406 -0.190083 0.30837 -0.206421 0.30837 -0.206421 0.309029 -0.223236 0.4233 -0.236732 0.4233 -0.236732 0.309029 -0.223236 0.314333 -0.239207 0.4233 -0.236732 0.314333 -0.239207 0.394056 -0.282745 0.394056 -0.282745 0.314333 -0.239207 0.359833 -0.325185 0.359833 -0.325185 0.314333 -0.239207 0.284106 -0.274424 0.359833 -0.325185 0.284106 -0.274424 0.321063 -0.363516 0.321063 -0.363516 0.284106 -0.274424 0.249958 -0.305853 0.321063 -0.363516 0.249958 -0.305853 0.278235 -0.397253 0.278235 -0.397253 0.249958 -0.305853 0.2123579 -0.33306 0.278235 -0.397253 0.2123579 -0.33306 0.231892 -0.425971 0.231892 -0.425971 0.2123579 -0.33306 0.171828 -0.355669 0.231892 -0.425971 0.171828 -0.355669 0.182618 -0.449306 0.182618 -0.449306 0.171828 -0.355669 0.128925 -0.373368 0.182618 -0.449306 0.128925 -0.373368 0.1310369 -0.466963 0.1310369 -0.466963 0.128925 -0.373368 0.08424198 -0.385912 -0.394056 -0.282745 -0.314333 -0.239207 -0.4233 -0.236732 -0.4233 -0.236732 -0.314333 -0.239207 -0.309029 -0.223236 -0.4233 -0.236732 -0.309029 -0.223236 -0.30837 -0.206421 -0.394056 -0.282745 -0.359833 -0.325185 -0.314333 -0.239207 -0.314333 -0.239207 -0.359833 -0.325185 -0.284106 -0.274424 -0.284106 -0.274424 -0.359833 -0.325185 -0.321063 -0.363516 -0.284106 -0.274424 -0.321063 -0.363516 -0.249958 -0.305853 -0.249958 -0.305853 -0.321063 -0.363516 -0.278235 -0.397253 -0.249958 -0.305853 -0.278235 -0.397253 -0.2123579 -0.33306 -0.2123579 -0.33306 -0.278235 -0.397253 -0.231892 -0.425971 -0.2123579 -0.33306 -0.231892 -0.425971 -0.171828 -0.355669 -0.171828 -0.355669 -0.231892 -0.425971 -0.182618 -0.449306 -0.171828 -0.355669 -0.182618 -0.449306 -0.128925 -0.373368 -0.128925 -0.373368 -0.182618 -0.449306 -0.1310369 -0.466963 -0.128925 -0.373368 -0.1310369 -0.466963 -0.08424198 -0.385912 -0.30837 -0.206421 -0.312406 -0.190083 -0.4233 -0.236732 -0.4233 -0.236732 -0.312406 -0.190083 -0.32082 -0.17551 -0.4233 -0.236732 -0.32082 -0.17551 -0.33295 -0.163846 -0.33295 -0.163846 -0.347843 -0.156009 -0.4233 -0.236732 -0.4233 -0.236732 -0.347843 -0.156009 -0.364326 -0.152616 0 -0.1566939 0.12 -0.1566939 0 -0.108225 0 -0.108225 0.12 -0.1566939 0.12 -0.108225 0 -0.108225 0.12 -0.108225 0 -0.05975598 0 -0.05975598 0.12 -0.108225 0.12 -0.05975598 0 -0.05975598 0.12 -0.05975598 0 -0.01128798 0 -0.01128798 0.12 -0.05975598 0.12 -0.01128798 0 -0.01128798 0.12 -0.01128798 0 0.03718096 0 0.03718096 0.12 -0.01128798 0.12 0.03718096 0 0.03718096 0.12 0.03718096 0 0.08564996 0 0.08564996 0.12 0.03718096 0.12 0.08564996 0 0.08564996 0.12 0.08564996 0 0.134118 0 0.134118 0.12 0.08564996 0.12 0.134118 0 0.134118 0.12 0.134118 0 0.182587 0 0.182587 0.12 0.134118 0.12 0.182587 0 0.182587 0.12 0.182587 0 0.231056 0 0.231056 0.12 0.182587 0.12 0.231056 0 0.231056 0.12 0.231056 0 0.279525 0 0.279525 0.12 0.231056 0.12 0.279525 0 0.279525 0.12 0.279525 0 0.327993 0 0.327993 0.12 0.279525 0.12 0.327993 0 0.327993 0.12 0.327993 0 0.376462 0 0.376462 0.12 0.327993 0.12 0.376462 0 0.376462 0.12 0.376462 0 0.424931 0 0.424931 0.12 0.376462 0.12 0.424931 0 0.424931 0.12 0.424931 0 0.473399 0 0.473399 0.12 0.424931 0.12 0.473399 0 0.473399 0.12 0.473399 0 0.521868 0 0.521868 0.12 0.473399 0.12 0.521868 0 0.521868 0.12 0.521868 0 0.570337 0 0.570337 0.12 0.521868 0.12 0.570337 0.12 -0.256949 0 -0.256949 0.12 -0.303386 0.12 -0.303386 0 -0.256949 0 -0.303386 0.12 -0.303386 0 -0.303386 0.12 -0.349823 0.12 -0.349823 0 -0.303386 0 -0.349823 0.12 -0.349823 0 -0.349823 0.12 -0.39626 0.12 -0.39626 0 -0.349823 0 -0.39626 0.12 -0.39626 0 -0.39626 0.12 -0.442696 0.12 -0.442696 0 -0.39626 0 -0.442696 0.12 -0.442696 0 -0.442696 0.12 -0.489133 0.12 -0.489133 0 -0.442696 0 -0.489133 0.12 -0.489133 0 -0.489133 0.12 -0.53557 0.12 -0.53557 0 -0.489133 0 -0.53557 0 0.670592 0.12 0.670592 0 0.719061 0 0.719061 0.12 0.670592 0.12 0.719061 0 0.719061 0.12 0.719061 0 0.76753 0 0.76753 0.12 0.719061 0.12 0.76753 0 0.76753 0.12 0.76753 0 0.815998 0 0.815998 0.12 0.76753 0.12 0.815998 0 0.815998 0.12 0.815998 0 0.864467 0 0.864467 0.12 0.815998 0.12 0.864467 0 0.864467 0.12 0.864467 0 0.912936 0 0.912936 0.12 0.864467 0.12 0.912936 0 0.912936 0.12 0.912936 0 0.961405 0 0.961405 0.12 0.912936 0.12 0.961405 0 0.961405 0.12 0.961405 0 1.009873 0 1.009873 0.12 0.961405 0.12 1.009873 0 1.009873 0.12 1.009873 0 1.058342 0 1.058342 0.12 1.009873 0.12 1.058342 0 1.058342 0.12 1.058342 0 1.106811 0 1.106811 0.12 1.058342 0.12 1.106811 0 1.106811 0.12 1.106811 0 1.155279 0 1.155279 0.12 1.106811 0.12 1.155279 0 1.155279 0.12 1.155279 0 1.203748 0 1.203748 0.12 1.155279 0.12 1.203748 0 1.203748 0.12 1.203748 0 1.252217 0 1.252217 0.12 1.203748 0.12 1.252217 0 1.252217 0.12 1.252217 0 1.300686 0 1.300686 0.12 1.252217 0.12 1.300686 0 1.300686 0.12 1.300686 0 1.349154 0 1.349154 0.12 1.300686 0.12 1.349154 0 1.349154 0.12 1.349154 0 1.397623 0 1.397623 0.12 1.349154 0.12 1.397623 0 -0.98398 0.12 -0.98398 0 -0.937543 0 -0.937543 0.12 -0.98398 0.12 -0.937543 0 -0.937543 0.12 -0.937543 0 -0.891106 0 -0.891106 0.12 -0.937543 0.12 -0.891106 0 -0.891106 0.12 -0.891106 0 -0.844669 0 -0.844669 0.12 -0.891106 0.12 -0.844669 0 -0.844669 0.12 -0.844669 0 -0.798233 0 -0.798233 0.12 -0.844669 0.12 -0.798233 0 -0.798233 0.12 -0.798233 0 -0.751796 0 -0.751796 0.12 -0.798233 0.12 -0.751796 0 -0.751796 0.12 -0.751796 0 -0.705359 0 -0.705359 0.12 -0.751796 0.12 -0.705359 0 -0.160817 -0.12 -0.160817 0 -0.1777009 0 -0.1777009 -0.12 -0.160817 -0.12 -0.1777009 0 -0.1777009 -0.12 -0.1777009 0 -0.194585 0 -0.194585 -0.12 -0.1777009 -0.12 -0.194585 0 -0.194585 -0.12 -0.194585 0 -0.2114689 0 -0.2114689 -0.12 -0.194585 -0.12 -0.2114689 0 -0.2114689 -0.12 -0.2114689 0 -0.228354 0 -0.228354 -0.12 -0.2114689 -0.12 -0.228354 0 -0.228354 -0.12 -0.228354 0 -0.245238 0 -0.245238 -0.12 -0.228354 -0.12 -0.245238 0 -0.245238 -0.12 -0.245238 0 -0.262122 0 -0.262122 -0.12 -0.245238 -0.12 -0.262122 0 -0.262122 -0.12 -0.262122 0 -0.279006 0 -0.279006 -0.12 -0.262122 -0.12 -0.279006 0.06499999 -0.267208 0.06499999 -0.352583 0.103914 -0.254611 0.103914 -0.254611 0.06499999 -0.352583 0.128925 -0.373368 0.103914 -0.254611 0.128925 -0.373368 0.171828 -0.355669 0.06499999 -0.352583 0.08424198 -0.385912 0.128925 -0.373368 0.103914 -0.254611 0.171828 -0.355669 0.140528 -0.236383 0.140528 -0.236383 0.171828 -0.355669 0.2123579 -0.33306 0.140528 -0.236383 0.2123579 -0.33306 0.174035 -0.212925 0.174035 -0.212925 0.2123579 -0.33306 0.249958 -0.305853 0.174035 -0.212925 0.249958 -0.305853 0.284106 -0.274424 0.314333 -0.239207 0.309029 -0.223236 0.284106 -0.274424 0.284106 -0.274424 0.309029 -0.223236 0.203691 -0.1847569 0.284106 -0.274424 0.203691 -0.1847569 0.174035 -0.212925 0.309029 -0.223236 0.30837 -0.206421 0.203691 -0.1847569 0.203691 -0.1847569 0.30837 -0.206421 0.228841 -0.152501 0.228841 -0.152501 0.30837 -0.206421 0.312406 -0.190083 0.228841 -0.152501 0.312406 -0.190083 0.32082 -0.17551 0.228841 -0.152501 0.32082 -0.17551 0.248929 -0.116873 0.248929 -0.116873 0.32082 -0.17551 0.33295 -0.163846 0.248929 -0.116873 0.33295 -0.163846 0.263511 -0.07865899 0.263511 -0.07865899 0.33295 -0.163846 0.347843 -0.156009 0.263511 -0.07865899 0.347843 -0.156009 0.380266 -0.106876 0.380266 -0.106876 0.347843 -0.156009 0.364326 -0.152616 0.263511 -0.07865899 0.380266 -0.106876 0.272263 -0.03870397 0.272263 -0.03870397 0.380266 -0.106876 0.390489 -0.05952894 0.272263 -0.03870397 0.390489 -0.05952894 0.394839 -0.01128596 0.272263 -0.03870397 0.394839 -0.01128596 0.274992 0.002105951 0.274992 0.002105951 0.394839 -0.01128596 0.393251 0.037126 0.274992 0.002105951 0.393251 0.037126 0.271638 0.04286998 0.271638 0.04286998 0.393251 0.037126 0.38575 0.08498001 0.271638 0.04286998 0.38575 0.08498001 0.262275 0.08268499 0.262275 0.08268499 0.38575 0.08498001 0.372449 0.131556 0.262275 0.08268499 0.372449 0.131556 0.24711 0.120672 0.24711 0.120672 0.372449 0.131556 0.353546 0.176154 0.24711 0.120672 0.353546 0.176154 0.329327 0.218103 0.24711 0.120672 0.329327 0.218103 0.2264789 0.155988 0.2264789 0.155988 0.329327 0.218103 0.300155 0.256772 0.2264789 0.155988 0.300155 0.256772 0.200837 0.187855 0.200837 0.187855 0.300155 0.256772 0.26647 0.29158 0.200837 0.187855 0.26647 0.29158 0.170753 0.215565 0.170753 0.215565 0.26647 0.29158 0.228778 0.322003 0.170753 0.215565 0.228778 0.322003 0.136892 0.238507 0.136892 0.238507 0.228778 0.322003 0.187645 0.347583 0.136892 0.238507 0.187645 0.347583 0.100002 0.256173 0.100002 0.256173 0.187645 0.347583 0.143691 0.367937 0.100002 0.256173 0.143691 0.367937 0.09757596 0.382758 0.04999297 0.391824 0.03881394 0.379245 0.09757596 0.382758 0.09757596 0.382758 0.03881394 0.379245 0.06089997 0.268172 0.09757596 0.382758 0.06089997 0.268172 0.100002 0.256173 0.03881394 0.379245 0.02458095 0.370266 0.06089997 0.268172 0.06089997 0.268172 0.02458095 0.370266 0.02045094 0.274239 0.02045094 0.274239 0.02458095 0.370266 0.00841397 0.365593 0.02045094 0.274239 0.00841397 0.365593 -0.00841397 0.365593 0.02045094 0.274239 -0.00841397 0.365593 -0.02045094 0.274239 -0.02045094 0.274239 -0.00841397 0.365593 -0.02458095 0.370266 -0.02045094 0.274239 -0.02458095 0.370266 -0.06089997 0.268172 -0.06089997 0.268172 -0.02458095 0.370266 -0.03881394 0.379245 -0.06089997 0.268172 -0.03881394 0.379245 -0.09757596 0.382758 -0.09757596 0.382758 -0.03881394 0.379245 -0.04999297 0.391824 -0.06089997 0.268172 -0.09757596 0.382758 -0.100002 0.256173 -0.100002 0.256173 -0.09757596 0.382758 -0.143691 0.367937 -0.100002 0.256173 -0.143691 0.367937 -0.187645 0.347583 -0.100002 0.256173 -0.187645 0.347583 -0.136892 0.238507 -0.136892 0.238507 -0.187645 0.347583 -0.228778 0.322003 -0.136892 0.238507 -0.228778 0.322003 -0.170753 0.215565 -0.170753 0.215565 -0.228778 0.322003 -0.26647 0.29158 -0.170753 0.215565 -0.26647 0.29158 -0.200837 0.187855 -0.200837 0.187855 -0.26647 0.29158 -0.300155 0.256772 -0.200837 0.187855 -0.300155 0.256772 -0.2264789 0.155988 -0.2264789 0.155988 -0.300155 0.256772 -0.329327 0.218103 -0.2264789 0.155988 -0.329327 0.218103 -0.24711 0.120672 -0.24711 0.120672 -0.329327 0.218103 -0.353546 0.176154 -0.24711 0.120672 -0.353546 0.176154 -0.372449 0.131556 -0.24711 0.120672 -0.372449 0.131556 -0.262275 0.08268499 -0.262275 0.08268499 -0.372449 0.131556 -0.38575 0.08498001 -0.262275 0.08268499 -0.38575 0.08498001 -0.271638 0.04286998 -0.271638 0.04286998 -0.38575 0.08498001 -0.393251 0.037126 -0.271638 0.04286998 -0.393251 0.037126 -0.274992 0.002105951 -0.274992 0.002105951 -0.393251 0.037126 -0.394839 -0.01128596 -0.274992 0.002105951 -0.394839 -0.01128596 -0.272263 -0.03870397 -0.272263 -0.03870397 -0.394839 -0.01128596 -0.390489 -0.05952894 -0.272263 -0.03870397 -0.390489 -0.05952894 -0.380266 -0.106876 -0.364326 -0.152616 -0.347843 -0.156009 -0.380266 -0.106876 -0.380266 -0.106876 -0.347843 -0.156009 -0.263511 -0.07865899 -0.380266 -0.106876 -0.263511 -0.07865899 -0.272263 -0.03870397 -0.347843 -0.156009 -0.33295 -0.163846 -0.263511 -0.07865899 -0.263511 -0.07865899 -0.33295 -0.163846 -0.248929 -0.116873 -0.248929 -0.116873 -0.33295 -0.163846 -0.32082 -0.17551 -0.248929 -0.116873 -0.32082 -0.17551 -0.228841 -0.152501 -0.228841 -0.152501 -0.32082 -0.17551 -0.312406 -0.190083 -0.228841 -0.152501 -0.312406 -0.190083 -0.30837 -0.206421 -0.228841 -0.152501 -0.30837 -0.206421 -0.203691 -0.1847569 -0.203691 -0.1847569 -0.30837 -0.206421 -0.309029 -0.223236 -0.203691 -0.1847569 -0.309029 -0.223236 -0.284106 -0.274424 -0.284106 -0.274424 -0.309029 -0.223236 -0.314333 -0.239207 -0.203691 -0.1847569 -0.284106 -0.274424 -0.174035 -0.212925 -0.174035 -0.212925 -0.284106 -0.274424 -0.249958 -0.305853 -0.174035 -0.212925 -0.249958 -0.305853 -0.2123579 -0.33306 -0.174035 -0.212925 -0.2123579 -0.33306 -0.140528 -0.236383 -0.140528 -0.236383 -0.2123579 -0.33306 -0.171828 -0.355669 -0.140528 -0.236383 -0.171828 -0.355669 -0.103914 -0.254611 -0.103914 -0.254611 -0.171828 -0.355669 -0.128925 -0.373368 -0.103914 -0.254611 -0.128925 -0.373368 -0.06499999 -0.352583 -0.06499999 -0.352583 -0.128925 -0.373368 -0.08424198 -0.385912 -0.06499999 -0.352583 -0.06499999 -0.267208 -0.103914 -0.254611 -0.08537596 -0.01999998 -0.065086 -0.04633796 -0.08537596 0 -0.08537596 0 -0.065086 -0.04633796 0 0 0 0 -0.065086 -0.04633796 -0.04409897 -0.073677 0 0 -0.04409897 -0.073677 -0.02240699 -0.102019 -0.02240699 -0.102019 0 -0.131366 0 0 -0.03579097 1.124529 -0.07247596 1.119942 -0.009419977 1.118839 -0.009419977 1.118839 -0.07247596 1.119942 -0.107903 1.114891 -0.009419977 1.118839 -0.107903 1.114891 0.01783698 1.113469 0.01783698 1.113469 -0.107903 1.114891 0 1.083143 0.01783698 1.113469 0 1.083143 0.04597795 1.108399 0.04597795 1.108399 0 1.083143 0.075001 1.103612 0.075001 1.103612 0 1.083143 0.093436 1.099534 0.093436 1.099534 0 1.083143 0.111163 1.093406 0.111163 1.093406 0 1.083143 0.127488 1.085675 0.127488 1.085675 0 1.083143 0.141974 1.076662 0.141974 1.076662 0 1.083143 0.155057 1.065879 0.155057 1.065879 0 1.083143 0 1.041756 0.155057 1.065879 0 1.041756 0.165624 1.053588 0.165624 1.053588 0 1.041756 0.172543 1.040232 0.172543 1.040232 0 1.041756 0.175001 1.026214 0.175001 1.026214 0 1.041756 0 1.000369 0.175001 1.026214 0 1.000369 0.175001 0.983486 0.175001 0.983486 0 1.000369 0 0.958983 0.175001 0.983486 0 0.958983 0.175001 0.940759 0.175001 0.940759 0 0.958983 0 0.917596 0.175001 0.940759 0 0.917596 0.175001 0.898031 0.175001 0.898031 0 0.917596 0 0.876209 0.175001 0.898031 0 0.876209 0.175001 0.855303 0.175001 0.855303 0 0.876209 0 0.83466 0.175001 0.855303 0 0.83466 0.116352 0.845289 0.116352 0.845289 0 0.83466 0.062972 0.834601 0.062972 0.834601 0 0.83466 0.01424396 0.823175 0.01424396 0.823175 0 0.83466 -0.1749989 0.802204 0.01424396 0.823175 -0.1749989 0.802204 -0.03034698 0.810937 -0.03034698 0.810937 -0.1749989 0.802204 -0.07123196 0.797805 -0.07123196 0.797805 -0.1749989 0.802204 -0.108774 0.783685 -0.108774 0.783685 -0.1749989 0.802204 -0.143278 0.768472 -0.143278 0.768472 -0.1749989 0.802204 -0.175 0.752049 -0.107903 1.114891 -0.142076 1.109313 0 1.083143 0 1.083143 -0.142076 1.109313 -0.1749989 1.10313 0 1.083143 -0.1749989 1.10313 -0.1749989 1.052975 0 1.083143 -0.1749989 1.052975 0 1.041756 0 1.041756 -0.1749989 1.052975 -0.1749989 1.002821 0 1.041756 -0.1749989 1.002821 0 1.000369 0 1.000369 -0.1749989 1.002821 0 0.958983 -0.1749989 1.002821 -0.1749989 0.952667 0 0.958983 0 0.958983 -0.1749989 0.952667 0 0.917596 -0.1749989 0.952667 -0.1749989 0.902512 0 0.917596 0 0.917596 -0.1749989 0.902512 0 0.876209 -0.1749989 0.902512 -0.1749989 0.852358 0 0.876209 0 0.876209 -0.1749989 0.852358 0 0.83466 -0.1749989 0.852358 -0.1749989 0.802204 0 0.83466 -0.831515 0 -0.87 0 -0.831515 -0.12 -0.831515 -0.12 -0.87 0 -0.87 -0.131366 -0.831515 -0.12 -0.87 -0.131366 -0.853253 -0.152464 -0.853253 -0.152464 -0.836029 -0.174269 -0.831515 -0.12 -0.831515 -0.12 -0.836029 -0.174269 -0.818325 -0.1967819 -0.831515 -0.12 -0.818325 -0.1967819 -0.737926 -0.12 -0.737926 -0.12 -0.818325 -0.1967819 -0.800139 -0.22 -0.737926 -0.12 -0.800139 -0.22 -0.715309 -0.154136 -0.715309 -0.154136 -0.800139 -0.22 -0.717311 -0.22 -0.715309 -0.154136 -0.717311 -0.22 -0.69161 -0.1899999 -0.69161 -0.1899999 -0.717311 -0.22 -0.69161 -0.22 0.004622995 1.00976 0.04160797 1.055963 0.004622995 1.062906 0.004622995 1.062906 0.04160797 1.055963 0.04160797 1.113042 0.004622995 1.062906 0.04160797 1.113042 0.001798987 1.102323 0.001798987 1.102323 0.04160797 1.113042 -0.006723999 1.141622 -0.006723999 1.141622 0.04160797 1.113042 0.04160797 1.170121 -0.006723999 1.141622 0.04160797 1.170121 -0.02110296 1.180686 -0.02110296 1.180686 0.04160797 1.170121 0.04160797 1.2272 -0.02110296 1.180686 0.04160797 1.2272 -0.04160797 1.219402 -0.04160797 1.219402 0.04160797 1.2272 -0.04160797 1.26443 -0.04160797 1.26443 0.04160797 1.2272 0.04160797 1.284279 -0.04160797 1.26443 0.04160797 1.284279 -0.04160797 1.309458 -0.04160797 1.309458 0.04160797 1.284279 0.04160797 1.341358 -0.04160797 1.309458 0.04160797 1.341358 -0.04160797 1.354486 -0.04160797 1.354486 0.04160797 1.341358 0.04160797 1.398438 -0.04160797 1.354486 0.04160797 1.398438 -0.04160797 1.399515 -0.04160797 1.399515 0.04160797 1.398438 0.001027941 1.449915 -0.04160797 1.399515 0.001027941 1.449915 -0.04160797 1.444543 0.04160797 1.055963 0.004622995 1.00976 0.04160797 0.998884 0.04160797 0.998884 0.004622995 1.00976 0.004622995 0.956615 0.04160797 0.998884 0.004622995 0.956615 0.04160797 0.941805 0.04160797 0.941805 0.004622995 0.956615 0.004622995 0.90347 0.04160797 0.941805 0.004622995 0.90347 0.04160797 0.884726 0.04160797 0.884726 0.004622995 0.90347 0.004622995 0.850324 0.04160797 0.884726 0.004622995 0.850324 0.04160797 0.827647 0.04160797 0.827647 0.004622995 0.850324 0.004622995 0.797179 0.04160797 0.827647 0.004622995 0.797179 0.04160797 0.770568 0.04160797 0.770568 0.004622995 0.797179 0.004622995 0.744034 0.04160797 0.770568 0.004622995 0.744034 0.04160797 0.713489 0.04160797 0.713489 0.004622995 0.744034 0.004622995 0.690889 0.04160797 0.713489 0.004622995 0.690889 0.04160797 0.656409 0.04160797 0.656409 0.004622995 0.690889 0.004622995 0.637743 0.04160797 0.656409 0.004622995 0.637743 0.04160797 0.59933 0.04160797 0.59933 0.004622995 0.637743 0.004622995 0.584598 0.04160797 0.59933 0.004622995 0.584598 0.04160797 0.542251 0.04160797 0.542251 0.004622995 0.584598 0.004622995 0.531453 0.04160797 0.542251 0.004622995 0.531453 0.04160797 0.485172 0.04160797 0.485172 0.004622995 0.531453 0.001798987 0.492035 0.04160797 0.485172 0.001798987 0.492035 -0.006723999 0.452737 0.04160797 0.485172 -0.006723999 0.452737 0.04160797 0.428093 0.04160797 0.428093 -0.006723999 0.452737 -0.02110296 0.413673 0.04160797 0.428093 -0.02110296 0.413673 0.04160797 0.371014 0.04160797 0.371014 -0.02110296 0.413673 -0.04160797 0.374956 0.04160797 0.371014 -0.04160797 0.374956 -0.04160797 0.321391 0.04160797 0.371014 -0.04160797 0.321391 0.04160797 0.313935 0.04160797 0.313935 -0.04160797 0.321391 -0.04160797 0.267826 0.04160797 0.313935 -0.04160797 0.267826 0.04160797 0.256856 0.04160797 0.256856 -0.04160797 0.267826 -0.04160797 0.2142609 0.04160797 0.256856 -0.04160797 0.2142609 0.04160797 0.199777 0.04160797 0.199777 -0.04160797 0.2142609 -0.04160797 0.160695 0.04160797 0.199777 -0.04160797 0.160695 0.04160797 0.142698 0.04160797 0.142698 -0.04160797 0.160695 -0.04160797 0.10713 0.04160797 0.142698 -0.04160797 0.10713 0.04160797 0.08561897 0.04160797 0.08561897 -0.04160797 0.10713 -0.04160797 0.05356496 0.04160797 0.08561897 -0.04160797 0.05356496 0.04160797 0.02853995 0.04160797 0.02853995 -0.04160797 0.05356496 -0.04160797 0 0.04160797 0.02853995 -0.04160797 0 0.04160797 -0.02853995 0.04160797 -0.02853995 -0.04160797 0 -0.04160797 -0.05356496 0.04160797 -0.02853995 -0.04160797 -0.05356496 0.04160797 -0.08561897 0.04160797 -0.08561897 -0.04160797 -0.05356496 -0.04160797 -0.10713 0.04160797 -0.08561897 -0.04160797 -0.10713 0.04160797 -0.142698 0.04160797 -0.142698 -0.04160797 -0.10713 -0.04160797 -0.160695 0.04160797 -0.142698 -0.04160797 -0.160695 0.04160797 -0.199777 0.04160797 -0.199777 -0.04160797 -0.160695 -0.04160797 -0.2142609 0.04160797 -0.199777 -0.04160797 -0.2142609 0.04160797 -0.256856 0.04160797 -0.256856 -0.04160797 -0.2142609 -0.04160797 -0.267826 0.04160797 -0.256856 -0.04160797 -0.267826 0.04160797 -0.313935 0.04160797 -0.313935 -0.04160797 -0.267826 -0.04160797 -0.321391 0.04160797 -0.313935 -0.04160797 -0.321391 0.04160797 -0.371014 0.04160797 -0.371014 -0.04160797 -0.321391 -0.04160797 -0.374956 0.04160797 -0.371014 -0.04160797 -0.374956 -0.02110296 -0.413673 0.04160797 -0.371014 -0.02110296 -0.413673 0.04160797 -0.428093 0.04160797 -0.428093 -0.02110296 -0.413673 -0.006723999 -0.452737 0.04160797 -0.428093 -0.006723999 -0.452737 0.04160797 -0.485172 0.04160797 -0.485172 -0.006723999 -0.452737 0.001798987 -0.492035 0.04160797 -0.485172 0.001798987 -0.492035 0.004622995 -0.531453 0.04160797 -0.485172 0.004622995 -0.531453 0.04160797 -0.542251 0.04160797 -0.542251 0.004622995 -0.531453 0.004622995 -0.584598 0.04160797 -0.542251 0.004622995 -0.584598 0.04160797 -0.59933 0.04160797 -0.59933 0.004622995 -0.584598 0.004622995 -0.637743 0.04160797 -0.59933 0.004622995 -0.637743 0.04160797 -0.656409 0.04160797 -0.656409 0.004622995 -0.637743 0.004622995 -0.690889 0.04160797 -0.656409 0.004622995 -0.690889 0.04160797 -0.713489 0.04160797 -0.713489 0.004622995 -0.690889 0.004622995 -0.744034 0.04160797 -0.713489 0.004622995 -0.744034 0.04160797 -0.770568 0.04160797 -0.770568 0.004622995 -0.744034 0.004622995 -0.797179 0.04160797 -0.770568 0.004622995 -0.797179 0.04160797 -0.827647 0.04160797 -0.827647 0.004622995 -0.797179 0.004622995 -0.850324 0.04160797 -0.827647 0.004622995 -0.850324 0.04160797 -0.884726 0.04160797 -0.884726 0.004622995 -0.850324 0.004622995 -0.90347 0.04160797 -0.884726 0.004622995 -0.90347 0.04160797 -0.941805 0.04160797 -0.941805 0.004622995 -0.90347 0.004622995 -0.956615 0.04160797 -0.941805 0.004622995 -0.956615 0.04160797 -0.998884 0.04160797 -0.998884 0.004622995 -0.956615 0.004622995 -1.00976 0.04160797 -0.998884 0.004622995 -1.00976 0.04160797 -1.055963 0.04160797 -1.055963 0.004622995 -1.00976 0.004622995 -1.062906 0.04160797 -1.055963 0.004622995 -1.062906 0.001798987 -1.102323 0.04160797 -1.055963 0.001798987 -1.102323 0.04160797 -1.113042 0.04160797 -1.113042 0.001798987 -1.102323 -0.006723999 -1.141622 0.04160797 -1.113042 -0.006723999 -1.141622 0.04160797 -1.170121 0.04160797 -1.170121 -0.006723999 -1.141622 -0.02110296 -1.180686 0.04160797 -1.170121 -0.02110296 -1.180686 0.04160797 -1.2272 0.04160797 -1.2272 -0.02110296 -1.180686 -0.04160797 -1.219402 0.04160797 -1.2272 -0.04160797 -1.219402 -0.04160797 -1.26443 0.04160797 -1.2272 -0.04160797 -1.26443 0.04160797 -1.284279 0.04160797 -1.284279 -0.04160797 -1.26443 -0.04160797 -1.309458 0.04160797 -1.284279 -0.04160797 -1.309458 0.04160797 -1.341358 0.04160797 -1.341358 -0.04160797 -1.309458 -0.04160797 -1.354486 0.04160797 -1.341358 -0.04160797 -1.354486 0.04160797 -1.398438 0.04160797 -1.398438 -0.04160797 -1.354486 -0.04160797 -1.399515 0.04160797 -1.398438 -0.04160797 -1.399515 0.001027941 -1.449915 0.001027941 -1.449915 -0.04160797 -1.399515 -0.04160797 -1.444543 0.001027941 -1.449915 0.04160797 -1.455517 0.04160797 -1.398438 0.04160797 1.398438 0.04160797 1.455517 0.001027941 1.449915 0 1.26642 0.3 1.278062 0 1.322087 0 1.322087 0.3 1.278062 0.3 1.33294 0 1.322087 0.3 1.33294 -0.06888896 1.322087 -0.06888896 1.322087 0.3 1.33294 -0.06888896 1.37497 -0.06888896 1.37497 0.3 1.33294 0.3 1.387818 -0.06888896 1.37497 0.3 1.387818 -0.06888896 1.427854 -0.06888896 1.427854 0.3 1.387818 0.3 1.442696 -0.06888896 1.427854 0.3 1.442696 -0.06888896 1.480737 -0.06888896 1.480737 0.3 1.442696 0.3 1.497574 -0.06888896 1.480737 0.3 1.497574 -0.06888896 1.533621 -0.06888896 1.533621 0.3 1.497574 0.3 1.552451 -0.06888896 1.533621 0.3 1.552451 -0.06888896 1.586504 -0.06888896 1.586504 0.3 1.552451 0.3 1.607329 -0.06888896 1.586504 0.3 1.607329 -0.06888896 1.639388 -0.06888896 1.639388 0.3 1.607329 0.3 1.662207 -0.06888896 1.639388 0.3 1.662207 -0.06888896 1.692271 -0.06888896 1.692271 0.3 1.662207 0.3 1.717085 -0.06888896 1.692271 0.3 1.717085 -0.06888896 1.745155 -0.06888896 1.745155 0.3 1.717085 0.3 1.771963 -0.06888896 1.745155 0.3 1.771963 -0.06888896 1.798038 -0.06888896 1.798038 0.3 1.771963 0.3 1.826841 -0.06888896 1.798038 0.3 1.826841 0 1.850922 0 1.850922 0.3 1.826841 0.3 1.881719 0 1.850922 0.3 1.881719 0 1.906004 0 1.906004 0.3 1.881719 0.3 1.936596 0 1.906004 0.3 1.936596 0.07999998 1.936596 0.3 1.278062 0 1.26642 0.3 1.223184 0.3 1.223184 0 1.26642 0 1.210753 0.3 1.223184 0 1.210753 0.3 1.168307 0.3 1.168307 0 1.210753 0 1.155086 0.3 1.168307 0 1.155086 0.3 1.113429 0.3 1.113429 0 1.155086 0 1.09942 0.3 1.113429 0 1.09942 0.3 1.058551 0.3 1.058551 0 1.09942 0 1.043753 0.3 1.058551 0 1.043753 0.3 1.003673 0.3 1.003673 0 1.043753 0 0.988086 0.3 1.003673 0 0.988086 0.3 0.948795 0.3 0.948795 0 0.988086 0 0.932419 0.3 0.948795 0 0.932419 0.3 0.893917 0.3 0.893917 0 0.932419 0 0.876752 0.3 0.893917 0 0.876752 0.293342 0.887134 0.293342 0.887134 0 0.876752 0.286675 0.880358 0.286675 0.880358 0 0.876752 0.28 0.873591 0.28 0.873591 0 0.876752 0.2 0.873591 0.2 0.873591 0 0.876752 0 0.821086 0.2 0.873591 0 0.821086 0.2 0.820032 0.2 0.820032 0 0.821086 0 0.765419 0.2 0.820032 0 0.765419 0.2 0.766473 0.2 0.766473 0 0.765419 0.2 0.712914 0.2 0.712914 0 0.765419 0 0.709752 0.2 0.712914 0 0.709752 0.286675 0.706146 0.286675 0.706146 0 0.709752 0.293342 0.699371 0.293342 0.699371 0 0.709752 0.3 0.692587 0.3 0.692587 0 0.709752 0 0.654085 0.3 0.692587 0 0.654085 0.3 0.637709 0.3 0.637709 0 0.654085 0 0.598418 0.3 0.637709 0 0.598418 0.3 0.582831 0.3 0.582831 0 0.598418 0 0.542751 0.3 0.582831 0 0.542751 0.3 0.527953 0.3 0.527953 0 0.542751 0 0.487085 0.3 0.527953 0 0.487085 0.3 0.473075 0.3 0.473075 0 0.487085 0 0.431418 0.3 0.473075 0 0.431418 0.3 0.418198 0.3 0.418198 0 0.431418 0 0.375751 0.3 0.418198 0 0.375751 0.3 0.36332 0.3 0.36332 0 0.375751 0 0.320084 0.3 0.36332 0 0.320084 0.3 0.308442 0.3 0.308442 0 0.320084 0 0.264417 0.3 0.308442 0 0.264417 0.3 0.253564 0.3 0.253564 0 0.264417 -0.06888896 0.264417 0.3 0.253564 -0.06888896 0.264417 -0.06888896 0.211534 0.3 0.253564 -0.06888896 0.211534 0.3 0.198686 0.3 0.198686 -0.06888896 0.211534 -0.06888896 0.15865 0.3 0.198686 -0.06888896 0.15865 0.3 0.143808 0.3 0.143808 -0.06888896 0.15865 -0.06888896 0.105767 0.3 0.143808 -0.06888896 0.105767 0.3 0.08893096 0.3 0.08893096 -0.06888896 0.105767 -0.06888896 0.05288296 0.3 0.08893096 -0.06888896 0.05288296 0.3 0.03405296 0.3 0.03405296 -0.06888896 0.05288296 -0.06888896 0 0.3 0.03405296 -0.06888896 0 0.3 -0.02082496 0.3 -0.02082496 -0.06888896 0 -0.06888896 -0.05288296 0.3 -0.02082496 -0.06888896 -0.05288296 0.3 -0.07570296 0.3 -0.07570296 -0.06888896 -0.05288296 -0.06888896 -0.105767 0.3 -0.07570296 -0.06888896 -0.105767 0.3 -0.130581 0.3 -0.130581 -0.06888896 -0.105767 -0.06888896 -0.15865 0.3 -0.130581 -0.06888896 -0.15865 0.3 -0.185459 0.3 -0.185459 -0.06888896 -0.15865 -0.06888896 -0.211534 0.3 -0.185459 -0.06888896 -0.211534 0.3 -0.240336 0.3 -0.240336 -0.06888896 -0.211534 -0.06888896 -0.264417 0.3 -0.240336 -0.06888896 -0.264417 0 -0.264417 0.3 -0.240336 0 -0.264417 0.3 -0.295214 0.3 -0.295214 0 -0.264417 0 -0.3195 0.3 -0.295214 0 -0.3195 0.3 -0.350092 0.3 -0.350092 0 -0.3195 0.07999998 -0.350092 0.07999998 -0.350092 0 -0.3195 0 -0.374582 0.07999998 -0.350092 0 -0.374582 0.07999998 -0.404788 0.07999998 -0.404788 0 -0.374582 0 -0.429664 0.07999998 -0.404788 0 -0.429664 0.07999998 -0.459484 0.07999998 -0.459484 0 -0.429664 0 -0.484747 0.07999998 -0.459484 0 -0.484747 0.07999998 -0.514181 0.07999998 -0.514181 0 -0.484747 0 -0.539829 0.07999998 -0.514181 0 -0.539829 0.07999998 -0.568877 0.07999998 -0.568877 0 -0.539829 0 -0.594911 0.07999998 -0.568877 0 -0.594911 0.07848197 -0.584345 0.07848197 -0.584345 0 -0.594911 0.07390999 -0.599681 0.07390999 -0.599681 0 -0.594911 0.06639695 -0.613823 0.06639695 -0.613823 0 -0.594911 0.056629 -0.62594 0.056629 -0.62594 0 -0.594911 0 -0.649994 0.056629 -0.62594 0 -0.649994 0.04472899 -0.635938 0.04472899 -0.635938 0 -0.649994 0.03072899 -0.643685 0.03072899 -0.643685 0 -0.649994 0.01545596 -0.648419 0.286675 0.706146 0.28 0.712914 0.2 0.712914 0 1.906004 0.07999998 1.936596 0 1.961086 0 1.961086 0.07999998 1.936596 0.07999998 1.991293 0 1.961086 0.07999998 1.991293 0 2.016169 0 2.016169 0.07999998 1.991293 0.07999998 2.045989 0 2.016169 0.07999998 2.045989 0 2.071251 0 2.071251 0.07999998 2.045989 0.07999998 2.100685 0 2.071251 0.07999998 2.100685 0 2.126333 0 2.126333 0.07999998 2.100685 0.07999998 2.155381 0 2.126333 0.07999998 2.155381 0 2.181416 0 2.181416 0.07999998 2.155381 0.07848197 2.170849 0 2.181416 0.07848197 2.170849 0.07390999 2.186186 0.07390999 2.186186 0.06639695 2.200328 0 2.181416 0 2.181416 0.06639695 2.200328 0.056629 2.212444 0 2.181416 0.056629 2.212444 0.04472899 2.222442 0 2.181416 0.04472899 2.222442 0 2.236498 0 2.236498 0.04472899 2.222442 0.03072899 2.23019 0 2.236498 0.03072899 2.23019 0.01545596 2.234923 0 1.850922 -0.06888896 1.850922 -0.06888896 1.798038 -0.437343 0.2525 -0.406911 0.299079 -0.356914 0.391806 -0.356914 0.391806 -0.406911 0.299079 -0.371541 0.342027 -0.356914 0.391806 -0.371541 0.342027 -0.33166 0.380824 -0.33166 0.380824 -0.287753 0.414998 -0.356914 0.391806 -0.356914 0.391806 -0.287753 0.414998 -0.313651 0.427227 -0.313651 0.427227 -0.287753 0.414998 -0.240353 0.444134 -0.313651 0.427227 -0.240353 0.444134 -0.266896 0.457893 -0.266896 0.457893 -0.240353 0.444134 -0.1900359 0.46788 -0.266896 0.457893 -0.1900359 0.46788 -0.217172 0.483463 -0.217172 0.483463 -0.1900359 0.46788 -0.137412 0.485945 -0.217172 0.483463 -0.137412 0.485945 -0.16503 0.503652 -0.16503 0.503652 -0.137412 0.485945 -0.08311998 0.498112 -0.16503 0.503652 -0.08311998 0.498112 -0.111051 0.518235 -0.111051 0.518235 -0.08311998 0.498112 -0.05583596 0.527051 -0.05583596 0.527051 -0.08311998 0.498112 -0.02781897 0.504233 -0.05583596 0.527051 -0.02781897 0.504233 0 0.53 0 0.53 -0.02781897 0.504233 0.02781897 0.504233 0 0.53 0.02781897 0.504233 0.05583596 0.527051 0.05583596 0.527051 0.02781897 0.504233 0.08311998 0.498112 0.05583596 0.527051 0.08311998 0.498112 0.111051 0.518235 0.111051 0.518235 0.08311998 0.498112 0.16503 0.503652 0.16503 0.503652 0.08311998 0.498112 0.137412 0.485945 0.16503 0.503652 0.137412 0.485945 0.217172 0.483463 0.217172 0.483463 0.137412 0.485945 0.1900359 0.46788 0.217172 0.483463 0.1900359 0.46788 0.266896 0.457893 0.266896 0.457893 0.1900359 0.46788 0.240353 0.444134 0.266896 0.457893 0.240353 0.444134 0.313651 0.427227 0.313651 0.427227 0.240353 0.444134 0.287753 0.414998 0.313651 0.427227 0.287753 0.414998 0.356914 0.391806 0.356914 0.391806 0.287753 0.414998 0.33166 0.380824 0.356914 0.391806 0.33166 0.380824 0.371541 0.342027 0.371541 0.342027 0.406911 0.299079 0.356914 0.391806 0.356914 0.391806 0.406911 0.299079 0.437343 0.2525 -0.437343 -0.2525 -0.356914 -0.391806 -0.407257 -0.298608 -0.407257 -0.298608 -0.356914 -0.391806 -0.372331 -0.341166 -0.372331 -0.341166 -0.356914 -0.391806 -0.33298 -0.37967 -0.33298 -0.37967 -0.356914 -0.391806 -0.320793 -0.421891 -0.33298 -0.37967 -0.320793 -0.421891 -0.289671 -0.413661 -0.289671 -0.413661 -0.320793 -0.421891 -0.282148 -0.448657 -0.289671 -0.413661 -0.282148 -0.448657 -0.24292 -0.442736 -0.24292 -0.442736 -0.282148 -0.448657 -0.2412829 -0.471893 -0.24292 -0.442736 -0.2412829 -0.471893 -0.1932809 -0.466549 -0.1932809 -0.466549 -0.2412829 -0.471893 -0.19852 -0.491416 -0.1932809 -0.466549 -0.19852 -0.491416 -0.141345 -0.484816 -0.141345 -0.484816 -0.19852 -0.491416 -0.154195 -0.507074 0.437343 -0.2525 0.407257 -0.298608 0.356914 -0.391806 0.356914 -0.391806 0.407257 -0.298608 0.372331 -0.341166 0.356914 -0.391806 0.372331 -0.341166 0.33298 -0.37967 0.356914 -0.391806 0.33298 -0.37967 0.320793 -0.421891 0.320793 -0.421891 0.33298 -0.37967 0.289671 -0.413661 0.320793 -0.421891 0.289671 -0.413661 0.282148 -0.448657 0.282148 -0.448657 0.289671 -0.413661 0.24292 -0.442736 0.282148 -0.448657 0.24292 -0.442736 0.2412829 -0.471893 0.2412829 -0.471893 0.24292 -0.442736 0.1932809 -0.466549 0.2412829 -0.471893 0.1932809 -0.466549 0.19852 -0.491416 0.19852 -0.491416 0.1932809 -0.466549 0.141345 -0.484816 0.19852 -0.491416 0.141345 -0.484816 0.154195 -0.507074 -0.160857 0 -0.160857 -0.02999997 0 0 0 0 -0.160857 -0.02999997 -0.11935 -0.04724794 0 0 -0.11935 -0.04724794 -0.07896298 -0.05934399 -0.07896298 -0.05934399 -0.03930199 -0.066513 0 0 0 0 -0.03930199 -0.066513 0 -0.06888896 -0.07499998 0.39158 -0.105 0.39158 -0.07499998 0.33564 -0.07499998 0.33564 -0.105 0.39158 -0.105 0.33564 -0.07499998 0.33564 -0.105 0.33564 -0.07499998 0.2797 -0.07499998 0.2797 -0.105 0.33564 -0.105 0.2797 -0.07499998 0.2797 -0.105 0.2797 -0.07499998 0.22376 -0.07499998 0.22376 -0.105 0.2797 -0.105 0.22376 -0.07499998 0.22376 -0.105 0.22376 -0.07499998 0.16782 -0.07499998 0.16782 -0.105 0.22376 -0.105 0.16782 -0.07499998 0.16782 -0.105 0.16782 -0.07499998 0.11188 -0.07499998 0.11188 -0.105 0.16782 -0.105 0.11188 -0.07499998 0.11188 -0.105 0.11188 -0.07499998 0.05593997 -0.07499998 0.05593997 -0.105 0.11188 -0.105 0.05593997 -0.07499998 0.05593997 -0.105 0.05593997 -0.07499998 0 -0.07499998 0 -0.105 0.05593997 -0.105 0 -0.07499998 0 -0.105 0 -0.07499998 -0.05593997 -0.07499998 -0.05593997 -0.105 0 -0.105 -0.05593997 -0.07499998 -0.05593997 -0.105 -0.05593997 -0.07499998 -0.11188 -0.07499998 -0.11188 -0.105 -0.05593997 -0.105 -0.11188 -0.07499998 -0.11188 -0.105 -0.11188 -0.07499998 -0.16782 -0.07499998 -0.16782 -0.105 -0.11188 -0.105 -0.16782 -0.07499998 -0.16782 -0.105 -0.16782 -0.07499998 -0.22376 -0.07499998 -0.22376 -0.105 -0.16782 -0.105 -0.22376 -0.07499998 -0.22376 -0.105 -0.22376 -0.07499998 -0.2797 -0.07499998 -0.2797 -0.105 -0.22376 -0.105 -0.2797 -0.07499998 -0.2797 -0.105 -0.2797 -0.07499998 -0.33564 -0.07499998 -0.33564 -0.105 -0.2797 -0.105 -0.33564 -0.07499998 -0.33564 -0.105 -0.33564 -0.07499998 -0.39158 -0.07499998 -0.39158 -0.105 -0.33564 -0.105 -0.39158 -0.105 1.273464 -0.07499998 1.273464 -0.105 1.320489 -0.105 1.320489 -0.07499998 1.273464 -0.07499998 1.320489 -0.105 1.320489 -0.07499998 1.320489 -0.105 1.367513 -0.105 1.367513 -0.07499998 1.320489 -0.07499998 1.367513 -0.105 1.367513 -0.07499998 1.367513 -0.105 1.414538 -0.105 1.414538 -0.07499998 1.367513 -0.07499998 1.414538 -0.105 1.414538 -0.07499998 1.414538 -0.105 1.461562 -0.105 1.461562 -0.07499998 1.414538 -0.07499998 1.461562 -0.105 1.461562 -0.07499998 1.461562 -0.105 1.508586 -0.105 1.508586 -0.07499998 1.461562 -0.07499998 1.508586 -0.07499998 -1.273464 -0.105 -1.273464 -0.07499998 -1.320489 -0.07499998 -1.320489 -0.105 -1.273464 -0.105 -1.320489 -0.07499998 -1.320489 -0.105 -1.320489 -0.07499998 -1.367513 -0.07499998 -1.367513 -0.105 -1.320489 -0.105 -1.367513 -0.07499998 -1.367513 -0.105 -1.367513 -0.07499998 -1.414538 -0.07499998 -1.414538 -0.105 -1.367513 -0.105 -1.414538 -0.07499998 -1.414538 -0.105 -1.414538 -0.07499998 -1.461562 -0.07499998 -1.461562 -0.105 -1.414538 -0.105 -1.461562 -0.07499998 -1.461562 -0.105 -1.461562 -0.07499998 -1.508586 -0.07499998 -1.508586 -0.105 -1.461562 -0.105 -1.508586 0 0 -0.160857 0 0 -0.02999997 0 -0.02999997 -0.160857 0 -0.04150694 -0.04724794 -0.04150694 -0.04724794 -0.160857 0 -0.08189398 -0.05934399 -0.08189398 -0.05934399 -0.160857 0 -0.121555 -0.066513 -0.121555 -0.066513 -0.160857 0 -0.160857 -0.06888896 0 0 -0.160857 0 0 -0.02999997 0 -0.02999997 -0.160857 0 -0.04150694 -0.04724794 -0.04150694 -0.04724794 -0.160857 0 -0.08189398 -0.05934399 -0.08189398 -0.05934399 -0.160857 0 -0.121555 -0.066513 -0.121555 -0.066513 -0.160857 0 -0.160857 -0.06888896 -0.160857 0 -0.160857 -0.02999997 0 0 0 0 -0.160857 -0.02999997 -0.11935 -0.04724794 0 0 -0.11935 -0.04724794 -0.07896298 -0.05934399 -0.07896298 -0.05934399 -0.03930199 -0.066513 0 0 0 0 -0.03930199 -0.066513 0 -0.06888896 -0.146729 -0.152441 -0.1299999 -0.131366 -0.168485 -0.12 -0.168485 -0.12 -0.1299999 -0.131366 -0.1299999 0 -0.168485 -0.12 -0.1299999 0 -0.168485 0 -0.262074 -0.12 -0.181657 -0.196759 -0.168485 -0.12 -0.168485 -0.12 -0.181657 -0.196759 -0.163947 -0.174239 -0.168485 -0.12 -0.163947 -0.174239 -0.146729 -0.152441 -0.181657 -0.196759 -0.262074 -0.12 -0.199861 -0.22 -0.199861 -0.22 -0.262074 -0.12 -0.284691 -0.154136 -0.199861 -0.22 -0.284691 -0.154136 -0.282689 -0.22 -0.282689 -0.22 -0.284691 -0.154136 -0.30839 -0.1899999 -0.282689 -0.22 -0.30839 -0.1899999 -0.30839 -0.22 -0.08537596 -0.131366 -0.063003 -0.102064 -0.08537596 0 -0.08537596 0 -0.063003 -0.102064 -0.04132199 -0.07373595 -0.08537596 0 -0.04132199 -0.07373595 -0.02032297 -0.04638195 0 -0.01999998 0 0 -0.02032297 -0.04638195 -0.02032297 -0.04638195 0 0 -0.08537596 0 -0.142022 -1.109321 0.01779896 -1.113474 -0.175 -1.103128 -0.175 -1.103128 0.01779896 -1.113474 0 -1.083141 -0.175 -1.103128 0 -1.083141 -0.175 -1.052974 -0.175 -1.052974 0 -1.083141 0 -1.041754 -0.175 -1.052974 0 -1.041754 -0.175 -1.002819 -0.175 -1.002819 0 -1.041754 0 -1.000368 -0.175 -1.002819 0 -1.000368 0 -0.958981 0 -0.958981 0 -1.000368 0.175 -0.983485 0 -0.958981 0.175 -0.983485 0.175 -0.940757 -0.142022 -1.109321 -0.10783 -1.114901 0.01779896 -1.113474 0.01779896 -1.113474 -0.10783 -1.114901 -0.009448945 -1.118844 -0.009448945 -1.118844 -0.10783 -1.114901 -0.07242 -1.119948 -0.009448945 -1.118844 -0.07242 -1.119948 -0.03579199 -1.124528 0 -1.083141 0.01779896 -1.113474 0.09343498 -1.099533 0.09343498 -1.099533 0.01779896 -1.113474 0.04594898 -1.108402 0.09343498 -1.099533 0.04594898 -1.108402 0.07499998 -1.10361 0.09343498 -1.099533 0.111162 -1.093404 0 -1.083141 0 -1.083141 0.111162 -1.093404 0.127488 -1.085673 0 -1.083141 0.127488 -1.085673 0.141974 -1.076661 0.141974 -1.076661 0.155057 -1.065877 0 -1.083141 0 -1.083141 0.155057 -1.065877 0 -1.041754 0.155057 -1.065877 0.165624 -1.053587 0 -1.041754 0 -1.041754 0.165624 -1.053587 0.172542 -1.04023 0 -1.041754 0.172542 -1.04023 0.175 -1.026213 0 -1.041754 0.175 -1.026213 0 -1.000368 0 -1.000368 0.175 -1.026213 0.175 -0.983485 0 -0.958981 0.175 -0.940757 0 -0.917594 0 -0.917594 0.175 -0.940757 0.175 -0.898029 0 -0.917594 0.175 -0.898029 0 -0.876208 0 -0.876208 0.175 -0.898029 0.175 -0.855301 0 -0.876208 0.175 -0.855301 0.116352 -0.845287 0 -0.876208 0.116352 -0.845287 0 -0.834658 0 -0.834658 0.116352 -0.845287 0.06297099 -0.834599 0 -0.834658 0.06297099 -0.834599 0.01424294 -0.823174 0.01424294 -0.823174 -0.03034698 -0.810936 0 -0.834658 0 -0.834658 -0.03034698 -0.810936 -0.175 -0.852356 0 -0.834658 -0.175 -0.852356 0 -0.876208 0 -0.876208 -0.175 -0.852356 -0.175 -0.902511 0 -0.876208 -0.175 -0.902511 0 -0.917594 0 -0.917594 -0.175 -0.902511 -0.175 -0.952665 0 -0.917594 -0.175 -0.952665 0 -0.958981 0 -0.958981 -0.175 -0.952665 -0.175 -1.002819 -0.175 -0.852356 -0.03034698 -0.810936 -0.175 -0.802202 -0.175 -0.802202 -0.03034698 -0.810936 -0.07123196 -0.797803 -0.175 -0.802202 -0.07123196 -0.797803 -0.108774 -0.783683 -0.108774 -0.783683 -0.143279 -0.768471 -0.175 -0.802202 -0.175 -0.802202 -0.143279 -0.768471 -0.175 -0.752048 0.1 -0.366348 0.12 -0.366348 0.1 -0.330052 0.1 -0.330052 0.12 -0.366348 0.12 -0.325409 0.1 -0.330052 0.12 -0.325409 0.1 -0.293756 0.1 -0.293756 0.12 -0.325409 0.12 -0.284469 0.1 -0.293756 0.12 -0.284469 0.1 -0.25746 0.1 -0.25746 0.12 -0.284469 0.12 -0.24353 0.1 -0.25746 0.12 -0.24353 0.1 -0.221164 0.1 -0.221164 0.12 -0.24353 0.12 -0.202591 0.1 -0.221164 0.12 -0.202591 0.1 -0.184868 0.1 -0.184868 0.12 -0.202591 0.12 -0.161651 0.1 -0.184868 0.12 -0.161651 0.1 -0.148572 0.1 -0.148572 0.12 -0.161651 0.12 -0.120712 0.1 -0.148572 0.12 -0.120712 0.1 -0.112277 0.1 -0.112277 0.12 -0.120712 0.12 -0.079773 0.1 -0.112277 0.12 -0.079773 -0.22 -0.112277 -0.22 -0.112277 0.12 -0.079773 -0.22 -0.07196199 -0.22 -0.07196199 0.12 -0.079773 0.12 -0.03883296 -0.22 -0.07196199 0.12 -0.03883296 -0.22 -0.03164798 -0.22 -0.03164798 0.12 -0.03883296 0.12 0.002105951 -0.22 -0.03164798 0.12 0.002105951 -0.22 0.008666992 -0.22 0.008666992 0.12 0.002105951 0.12 0.04304498 -0.22 0.008666992 0.12 0.04304498 -0.22 0.04898095 -0.22 0.04898095 0.12 0.04304498 0.12 0.08398497 -0.22 0.04898095 0.12 0.08398497 -0.22 0.08929598 -0.22 0.08929598 0.12 0.08398497 0.12 0.124924 -0.22 0.08929598 0.12 0.124924 -0.22 0.12961 -0.22 0.12961 0.12 0.124924 0.12 0.165863 -0.22 0.12961 0.12 0.165863 -0.22 0.169925 -0.22 0.169925 0.12 0.165863 0.12 0.206803 -0.22 0.169925 0.12 0.206803 -0.22 0.2102389 -0.22 0.2102389 0.12 0.206803 0.12 0.2477419 -0.22 0.2102389 0.12 0.2477419 -0.22 0.250554 -0.22 0.250554 0.12 0.2477419 0.12 0.288681 -0.22 0.250554 0.12 0.288681 -0.22 0.290868 -0.22 0.290868 0.12 0.288681 0.12 0.329621 -0.22 0.290868 0.12 0.329621 -0.22 0.331183 -0.22 0.331183 0.12 0.329621 0.12 0.37056 -0.22 0.331183 0.12 0.37056 -0.22 0.371497 -0.22 0.371497 0.12 0.37056 0.12 0.411499 -0.22 0.371497 0.12 0.411499 -0.22 0.411812 -0.22 0.411812 0.12 0.411499 -0.22 0.452126 -0.22 0.452126 0.12 0.411499 0.12 0.452439 -0.22 0.452126 0.12 0.452439 -0.22 0.492441 -0.22 0.492441 0.12 0.452439 0.12 0.493378 -0.22 0.492441 0.12 0.493378 -0.22 0.532755 -0.22 0.532755 0.12 0.493378 0.12 0.534317 -0.22 0.532755 0.12 0.534317 -0.22 0.57307 -0.22 0.57307 0.12 0.534317 0.12 0.575257 -0.22 0.57307 0.12 0.575257 -0.22 0.613384 -0.22 0.613384 0.12 0.575257 0.12 0.616196 -0.22 0.613384 0.12 0.616196 -0.22 0.653699 -0.22 0.653699 0.12 0.616196 0.12 0.657135 -0.22 0.653699 0.12 0.657135 -0.22 0.694013 -0.22 0.694013 0.12 0.657135 0.12 0.698075 -0.22 0.694013 0.12 0.698075 -0.22 0.734328 -0.22 0.734328 0.12 0.698075 0.12 0.739014 -0.22 0.734328 0.12 0.739014 -0.22 0.774642 -0.22 0.774642 0.12 0.739014 0.12 0.779953 -0.22 0.774642 0.12 0.779953 -0.22 0.814957 -0.22 0.814957 0.12 0.779953 0.12 0.820893 -0.22 0.814957 0.12 0.820893 -0.22 0.855271 -0.22 0.855271 0.12 0.820893 0.12 0.861832 -0.22 0.855271 0.12 0.861832 -0.22 0.895586 -0.22 0.895586 0.12 0.861832 0.12 0.902771 -0.22 0.895586 0.12 0.902771 -0.22 0.9359 -0.22 0.9359 0.12 0.902771 0.12 0.943711 -0.22 0.9359 0.12 0.943711 -0.22 0.976215 -0.22 0.976215 0.12 0.943711 0.1 0.976215 0.1 0.976215 0.12 0.943711 0.12 0.98465 0.1 0.976215 0.12 0.98465 0.1 1.012511 0.1 1.012511 0.12 0.98465 0.12 1.025589 0.1 1.012511 0.12 1.025589 0.1 1.048806 0.1 1.048806 0.12 1.025589 0.12 1.066529 0.1 1.048806 0.12 1.066529 0.1 1.085102 0.1 1.085102 0.12 1.066529 0.12 1.107468 0.1 1.085102 0.12 1.107468 0.1 1.121398 0.1 1.121398 0.12 1.107468 0.12 1.148407 0.1 1.121398 0.12 1.148407 0.1 1.157694 0.1 1.157694 0.12 1.148407 0.12 1.189347 0.1 1.157694 0.12 1.189347 0.1 1.19399 0.1 1.19399 0.12 1.189347 0.12 1.230286 0.1 1.19399 0.12 1.230286 0.1 1.230286 -1.970013 0.1 -1.970013 -0.22 -1.947358 0.07462298 -1.947358 0.07462298 -1.970013 -0.22 -1.923339 0.04701995 -1.923339 0.04701995 -1.970013 -0.22 -1.897767 0.01698595 -1.897767 0.01698595 -1.970013 -0.22 -1.870427 -0.01572197 -1.870427 -0.01572197 -1.970013 -0.22 -1.841074 -0.05139499 -1.841074 -0.05139499 -1.970013 -0.22 -1.809427 -0.09037697 -1.809427 -0.09037697 -1.970013 -0.22 -1.970013 -0.4 -1.809427 -0.09037697 -1.970013 -0.4 -1.775157 -0.133081 -1.775157 -0.133081 -1.970013 -0.4 -1.71683 -0.4 -1.775157 -0.133081 -1.71683 -0.4 -1.737877 -0.18 -1.737877 -0.18 -1.71683 -0.4 -1.71683 -0.18 -0.217066 -0.455969 -0.207033 -0.438591 -0.265083 -0.429833 -0.265083 -0.429833 -0.207033 -0.438591 -0.254937 -0.412592 -0.265083 -0.429833 -0.254937 -0.412592 -0.309993 -0.398659 -0.309993 -0.398659 -0.254937 -0.412592 -0.299622 -0.381381 -0.309993 -0.398659 -0.299622 -0.381381 -0.351271 -0.362814 -0.351271 -0.362814 -0.299622 -0.381381 -0.340523 -0.345354 -0.351271 -0.362814 -0.340523 -0.345354 -0.388432 -0.322716 -0.388432 -0.322716 -0.340523 -0.345354 -0.377123 -0.304964 0.217066 -0.455969 0.265083 -0.429833 0.207033 -0.438591 0.207033 -0.438591 0.265083 -0.429833 0.254937 -0.412592 0.254937 -0.412592 0.265083 -0.429833 0.309993 -0.398659 0.254937 -0.412592 0.309993 -0.398659 0.299622 -0.381381 0.299622 -0.381381 0.309993 -0.398659 0.351271 -0.362814 0.299622 -0.381381 0.351271 -0.362814 0.340523 -0.345353 0.340523 -0.345353 0.351271 -0.362814 0.388432 -0.322716 0.340523 -0.345353 0.388432 -0.322716 0.377123 -0.304964 -1.724912 0.1256639 -1.713004 0.110831 -1.642083 0.1256639 -1.642083 0.1256639 -1.713004 0.110831 -1.641709 0.110106 -1.641709 0.110106 -1.713004 0.110831 -1.700865 0.09605801 -1.641709 0.110106 -1.700865 0.09605801 -1.640622 0.09412395 -1.640622 0.09412395 -1.700865 0.09605801 -1.689107 0.08145296 -1.640622 0.09412395 -1.689107 0.08145296 -1.638935 0.078184 -1.638935 0.078184 -1.689107 0.08145296 -1.678177 0.06694597 -1.638935 0.078184 -1.678177 0.06694597 -1.636926 0.06274598 -1.636926 0.06274598 -1.678177 0.06694597 -1.667828 0.05138796 -1.636926 0.06274598 -1.667828 0.05138796 -1.634756 0.04730898 -1.634756 0.04730898 -1.667828 0.05138796 -1.658962 0.03491699 -1.634756 0.04730898 -1.658962 0.03491699 -1.63258 0.03141599 -1.63258 0.03141599 -1.658962 0.03491699 -1.65254 0.01776897 -1.63258 0.03141599 -1.65254 0.01776897 -1.630672 0.01549899 -1.630672 0.01549899 -1.65254 0.01776897 -1.649271 0 -1.630672 0.01549899 -1.649271 0 -1.629205 0 -2.609709 0.1256639 -2.692538 0.1256639 -2.621617 0.110831 -2.621617 0.110831 -2.692538 0.1256639 -2.692912 0.110106 -2.621617 0.110831 -2.692912 0.110106 -2.633755 0.09605801 -2.633755 0.09605801 -2.692912 0.110106 -2.693998 0.09412395 -2.633755 0.09605801 -2.693998 0.09412395 -2.645514 0.08145296 -2.645514 0.08145296 -2.693998 0.09412395 -2.695686 0.078184 -2.645514 0.08145296 -2.695686 0.078184 -2.656443 0.06694597 -2.656443 0.06694597 -2.695686 0.078184 -2.697695 0.06274598 -2.656443 0.06694597 -2.697695 0.06274598 -2.666793 0.05138796 -2.666793 0.05138796 -2.697695 0.06274598 -2.699865 0.04730898 -2.666793 0.05138796 -2.699865 0.04730898 -2.675658 0.03491699 -2.675658 0.03491699 -2.699865 0.04730898 -2.702041 0.03141599 -2.675658 0.03491699 -2.702041 0.03141599 -2.682081 0.01776897 -2.682081 0.01776897 -2.702041 0.03141599 -2.703948 0.01549899 -2.682081 0.01776897 -2.703948 0.01549899 -2.68535 0 -2.68535 0 -2.703948 0.01549899 -2.705415 0 -0.253183 -0.18 -0.253183 -0.4 -0.2321349 -0.18 -0.2321349 -0.18 -0.253183 -0.4 -0.194856 -0.133082 -0.194856 -0.133082 -0.253183 -0.4 0 -0.4 -0.194856 -0.133082 0 -0.4 -0.1605859 -0.09037697 -0.1605859 -0.09037697 0 -0.4 0 -0.22 -0.1605859 -0.09037697 0 -0.22 -0.128939 -0.05139499 -0.128939 -0.05139499 0 -0.22 -0.099586 -0.01572197 -0.099586 -0.01572197 0 -0.22 -0.07224595 0.01698595 -0.07224595 0.01698595 0 -0.22 -0.04667395 0.04701995 -0.04667395 0.04701995 0 -0.22 -0.02265495 0.07462298 -0.02265495 0.07462298 0 -0.22 0 0.1 0.22 -0.751661 0.4 -0.751661 0.22 -0.7117 0.22 -0.7117 0.4 -0.751661 0.4 -0.7117 0.22 -0.7117 0.4 -0.7117 0.22 -0.671738 0.22 -0.671738 0.4 -0.7117 0.4 -0.671738 0.22 -0.671738 0.4 -0.671738 0.22 -0.631777 0.22 -0.631777 0.4 -0.671738 0.4 -0.631777 0.22 -0.631777 0.4 -0.631777 0.22 -0.591815 0.22 -0.591815 0.4 -0.631777 0.4 -0.591815 0.22 -0.591815 0.4 -0.591815 0.22 -0.551854 0.22 -0.551854 0.4 -0.591815 0.4 -0.551854 0.22 -0.551854 0.4 -0.551854 0.22 -0.511892 0.22 -0.511892 0.4 -0.551854 0.4 -0.511892 0.22 -0.511892 0.4 -0.511892 0.22 -0.471931 0.22 -0.471931 0.4 -0.511892 0.4 -0.471931 0.22 -0.471931 0.4 -0.471931 0.22 -0.431969 0.22 -0.431969 0.4 -0.471931 0.4 -0.431969 0.22 -0.431969 0.4 -0.431969 0.22 -0.392007 0.22 -0.392007 0.4 -0.431969 0.4 -0.392007 0.22 -0.392007 0.4 -0.392007 0.22 -0.352046 0.22 -0.352046 0.4 -0.392007 0.4 -0.352046 0.22 -0.352046 0.4 -0.352046 0.22 -0.312084 0.22 -0.312084 0.4 -0.352046 0.4 -0.312084 0.22 -0.312084 0.4 -0.312084 0.22 -0.272123 0.22 -0.272123 0.4 -0.312084 0.4 -0.272123 0.22 -0.272123 0.4 -0.272123 0.22 -0.232161 0.22 -0.232161 0.4 -0.272123 0.4 -0.232161 0.22 -0.232161 0.4 -0.232161 0.22 -0.1922 0.22 -0.1922 0.4 -0.232161 0.4 -0.1922 0.22 -0.1922 0.4 -0.1922 0.22 -0.152238 0.22 -0.152238 0.4 -0.1922 0.4 -0.152238 0.22 -0.152238 0.4 -0.152238 0.22 -0.112277 0.22 -0.112277 0.4 -0.152238 0.4 -0.112277 0.1 0.495 0.1 0.258623 0.153095 0.481235 0.153095 0.481235 0.1 0.258623 0.204385 0.461792 0.204385 0.461792 0.1 0.258623 0.253263 0.436901 0.253263 0.436901 0.1 0.258623 0.299153 0.406857 0.299153 0.406857 0.1 0.258623 0.341514 0.372012 0.341514 0.372012 0.1 0.258623 0.379847 0.332779 0.379847 0.332779 0.1 0.258623 0.413698 0.289619 0.413698 0.289619 0.1 0.258623 0.442668 0.243043 0.442668 0.243043 0.1 0.258623 0.1132619 0.08228999 0.442668 0.243043 0.1132619 0.08228999 0.466416 0.1935999 0.466416 0.1935999 0.1132619 0.08228999 0.127896 0.05694299 0.466416 0.1935999 0.127896 0.05694299 0.484662 0.141873 0.484662 0.141873 0.127896 0.05694299 0.49719 0.088472 0.49719 0.088472 0.127896 0.05694299 0.136941 0.02910798 0.49719 0.088472 0.136941 0.02910798 0.503852 0.03402698 0.503852 0.03402698 0.136941 0.02910798 0.14 0 0.503852 0.03402698 0.14 0 0.252397 -0.109183 0.252397 -0.109183 0.14 0 0.136941 -0.02910798 0.252397 -0.109183 0.136941 -0.02910798 0.127896 -0.05694299 -0.1 0.258623 0.01463395 0.1392329 0.1 0.258623 0.1 0.258623 0.01463395 0.1392329 0.043262 0.133148 0.1 0.258623 0.043262 0.133148 0.06999999 0.121244 -0.1 0.495 -0.153095 0.481235 -0.1 0.258623 -0.1 0.258623 -0.153095 0.481235 -0.204385 0.461792 -0.1 0.258623 -0.204385 0.461792 -0.253263 0.436901 -0.253263 0.436901 -0.299153 0.406857 -0.1 0.258623 -0.1 0.258623 -0.299153 0.406857 -0.341514 0.372012 -0.1 0.258623 -0.341514 0.372012 -0.379847 0.332779 -0.379847 0.332779 -0.413698 0.289619 -0.1 0.258623 -0.1 0.258623 -0.413698 0.289619 -0.442668 0.243043 -0.1 0.258623 -0.442668 0.243043 -0.1132619 0.08228999 -0.1132619 0.08228999 -0.442668 0.243043 -0.466416 0.1935999 -0.1132619 0.08228999 -0.466416 0.1935999 -0.127896 0.05694299 -0.127896 0.05694299 -0.466416 0.1935999 -0.484662 0.141873 -0.127896 0.05694299 -0.484662 0.141873 -0.49719 0.088472 -0.127896 0.05694299 -0.49719 0.088472 -0.136941 0.02910798 -0.136941 0.02910798 -0.49719 0.088472 -0.503852 0.03402698 -0.136941 0.02910798 -0.503852 0.03402698 -0.14 0 -0.14 0 -0.503852 0.03402698 -0.252397 -0.109183 -0.14 0 -0.252397 -0.109183 -0.136941 -0.02910798 -0.136941 -0.02910798 -0.252397 -0.109183 -0.127896 -0.05694299 -0.127896 -0.05694299 -0.252397 -0.109183 -0.1132619 -0.08228999 -0.1132619 -0.08228999 -0.252397 -0.109183 -0.2339259 -0.14458 -0.1132619 -0.08228999 -0.2339259 -0.14458 -0.09367799 -0.10404 -0.09367799 -0.10404 -0.2339259 -0.14458 -0.210525 -0.17693 -0.09367799 -0.10404 -0.210525 -0.17693 -0.182686 -0.20555 -0.503852 0.03402698 -0.504571 -0.02081894 -0.252397 -0.109183 -0.252397 -0.109183 -0.504571 -0.02081894 -0.499336 -0.07541996 -0.252397 -0.109183 -0.499336 -0.07541996 -0.488211 -0.12913 -0.488211 -0.12913 -0.471327 -0.181318 -0.252397 -0.109183 -0.252397 -0.109183 -0.471327 -0.181318 -0.448882 -0.231366 -0.252397 -0.109183 -0.448882 -0.231366 -0.421141 -0.278685 -0.421141 -0.278685 -0.388432 -0.322716 -0.252397 -0.109183 -0.09367799 -0.10404 -0.182686 -0.20555 -0.06999999 -0.121244 -0.06999999 -0.121244 -0.182686 -0.20555 -0.150996 -0.229837 -0.06999999 -0.121244 -0.150996 -0.229837 -0.043262 -0.133148 -0.043262 -0.133148 -0.150996 -0.229837 -0.116123 -0.24928 -0.043262 -0.133148 -0.116123 -0.24928 -0.078803 -0.263468 -0.043262 -0.133148 -0.078803 -0.263468 -0.01463395 -0.1392329 -0.01463395 -0.1392329 -0.078803 -0.263468 -0.03982096 -0.272102 -0.01463395 -0.1392329 -0.03982096 -0.272102 0 -0.275 -0.01463395 -0.1392329 0 -0.275 0.01463395 -0.1392329 0.01463395 -0.1392329 0 -0.275 0.03982096 -0.272102 0.01463395 -0.1392329 0.03982096 -0.272102 0.078803 -0.263468 0.01463395 -0.1392329 0.078803 -0.263468 0.043262 -0.133148 0.043262 -0.133148 0.078803 -0.263468 0.116123 -0.24928 0.043262 -0.133148 0.116123 -0.24928 0.150996 -0.229837 0.043262 -0.133148 0.150996 -0.229837 0.06999999 -0.121244 0.06999999 -0.121244 0.150996 -0.229837 0.182686 -0.20555 0.06999999 -0.121244 0.182686 -0.20555 0.09367799 -0.10404 0.09367799 -0.10404 0.182686 -0.20555 0.210525 -0.17693 0.09367799 -0.10404 0.210525 -0.17693 0.2339259 -0.14458 0.09367799 -0.10404 0.2339259 -0.14458 0.1132619 -0.08228999 0.1132619 -0.08228999 0.2339259 -0.14458 0.252397 -0.109183 0.1132619 -0.08228999 0.252397 -0.109183 0.127896 -0.05694299 0.388432 -0.322716 0.421141 -0.278685 0.252397 -0.109183 0.252397 -0.109183 0.421141 -0.278685 0.448882 -0.231366 0.252397 -0.109183 0.448882 -0.231366 0.471327 -0.181318 0.471327 -0.181318 0.488211 -0.12913 0.252397 -0.109183 0.252397 -0.109183 0.488211 -0.12913 0.499336 -0.07541996 0.252397 -0.109183 0.499336 -0.07541996 0.504571 -0.02081894 0.504571 -0.02081894 0.503852 0.03402698 0.252397 -0.109183 -0.1132619 0.08228999 -0.09367799 0.10404 -0.1 0.258623 -0.1 0.258623 -0.09367799 0.10404 -0.06999999 0.121244 -0.1 0.258623 -0.06999999 0.121244 -0.043262 0.133148 -0.043262 0.133148 -0.01463395 0.1392329 -0.1 0.258623 -0.1 0.258623 -0.01463395 0.1392329 0.01463395 0.1392329 0.06999999 0.121244 0.09367799 0.10404 0.1 0.258623 0.1 0.258623 0.09367799 0.10404 0.1132619 0.08228999 -0.37 0.02932196 -0.4 0.02932196 -0.37 0 -0.37 0 -0.4 0.02932196 -0.4 0 -0.37 0 -0.4 0 -0.37 -0.02932196 -0.37 -0.02932196 -0.4 0 -0.4 -0.02932196 -0.37 -0.02932196 -0.4 -0.02932196 -0.37 -0.05864298 -0.37 -0.05864298 -0.4 -0.02932196 -0.4 -0.05864298 -0.37 -0.05864298 -0.4 -0.05864298 -0.37 -0.08796495 -0.37 -0.08796495 -0.4 -0.05864298 -0.4 -0.08796495 -0.37 -0.08796495 -0.4 -0.08796495 -0.37 -0.117286 -0.37 -0.117286 -0.4 -0.08796495 -0.4 -0.117286 -0.37 -0.117286 -0.4 -0.117286 -0.37 -0.1466079 -0.37 -0.1466079 -0.4 -0.117286 -0.4 -0.1466079 -0.37 -0.1466079 -0.4 -0.1466079 -0.37 -0.175929 -0.37 -0.175929 -0.4 -0.1466079 -0.4 -0.175929 -0.37 -0.175929 -0.4 -0.175929 -0.37 -0.205251 -0.37 -0.205251 -0.4 -0.175929 -0.4 -0.205251 -0.37 -0.205251 -0.4 -0.205251 -0.37 -0.2345719 -0.37 -0.2345719 -0.4 -0.205251 -0.4 -0.2345719 -0.37 -0.2345719 -0.4 -0.2345719 -0.37 -0.263894 -0.37 -0.263894 -0.4 -0.2345719 -0.4 -0.263894 -0.37 -0.263894 -0.4 -0.263894 -0.37 -0.293215 -0.37 -0.293215 -0.4 -0.263894 -0.4 -0.293215 -0.37 -0.293215 -0.4 -0.293215 -0.37 -0.322537 -0.37 -0.322537 -0.4 -0.293215 -0.4 -0.322537 -0.37 -0.322537 -0.4 -0.322537 -0.37 -0.351858 -0.37 -0.351858 -0.4 -0.322537 -0.4 -0.351858 -0.37 -0.351858 -0.4 -0.351858 -0.37 -0.38118 -0.37 -0.38118 -0.4 -0.351858 -0.4 -0.38118 -0.37 -0.38118 -0.4 -0.38118 -0.37 -0.410501 -0.37 -0.410501 -0.4 -0.38118 -0.4 -0.410501 -0.37 -0.410501 -0.4 -0.410501 -0.37 -0.439823 -0.37 -0.439823 -0.4 -0.410501 -0.4 -0.439823 -0.37 0.439823 -0.4 0.439823 -0.37 0.410501 -0.37 0.410501 -0.4 0.439823 -0.4 0.410501 -0.37 0.410501 -0.4 0.410501 -0.37 0.38118 -0.37 0.38118 -0.4 0.410501 -0.4 0.38118 -0.37 0.38118 -0.4 0.38118 -0.37 0.351858 -0.37 0.351858 -0.4 0.38118 -0.4 0.351858 -0.37 0.351858 -0.4 0.351858 -0.37 0.322537 -0.37 0.322537 -0.4 0.351858 -0.4 0.322537 -0.37 0.322537 -0.4 0.322537 -0.37 0.293215 -0.37 0.293215 -0.4 0.322537 -0.4 0.293215 -0.37 0.293215 -0.4 0.293215 -0.37 0.263894 -0.37 0.263894 -0.4 0.293215 -0.4 0.263894 -0.37 0.263894 -0.4 0.263894 -0.37 0.2345719 -0.37 0.2345719 -0.4 0.263894 -0.4 0.2345719 -0.37 0.2345719 -0.4 0.2345719 -0.37 0.205251 -0.37 0.205251 -0.4 0.2345719 -0.4 0.205251 -0.37 0.205251 -0.4 0.205251 -0.37 0.175929 -0.37 0.175929 -0.4 0.205251 -0.4 0.175929 -0.37 0.175929 -0.4 0.175929 -0.37 0.1466079 -0.37 0.1466079 -0.4 0.175929 -0.4 0.1466079 -0.37 0.1466079 -0.4 0.1466079 -0.37 0.117286 -0.37 0.117286 -0.4 0.1466079 -0.4 0.117286 -0.37 0.117286 -0.4 0.117286 -0.37 0.08796495 -0.37 0.08796495 -0.4 0.117286 -0.4 0.08796495 -0.37 0.08796495 -0.4 0.08796495 -0.37 0.05864298 -0.37 0.05864298 -0.4 0.08796495 -0.4 0.05864298 -0.37 0.05864298 -0.4 0.05864298 -0.37 0.02932196 -0.37 0.02932196 -0.4 0.05864298 -0.4 0.02932196 -0.07778197 -0.04084098 0.07778197 -0.01494199 -0.07778197 0 -0.07778197 0 0.07778197 -0.01494199 0.07778197 0.01494199 -0.07778197 0 0.07778197 0.01494199 -0.07778197 0.04084098 -0.07778197 0.04084098 0.07778197 0.01494199 0.07778197 0.04482495 -0.07778197 0.04084098 0.07778197 0.04482495 0.07778197 0.07470899 -0.07778197 -0.08168095 0.07778197 -0.07470899 -0.07778197 -0.04084098 -0.07778197 -0.04084098 0.07778197 -0.07470899 0.07778197 -0.04482495 -0.07778197 -0.04084098 0.07778197 -0.04482495 0.07778197 -0.01494199 0.07778197 -0.07470899 -0.07778197 -0.08168095 0.07778197 -0.104592 0.07778197 -0.104592 -0.07778197 -0.08168095 -0.07778197 -0.1225219 0.07778197 -0.104592 -0.07778197 -0.1225219 0.07778197 -0.1344749 0.07778197 -0.1344749 -0.07778197 -0.1225219 -0.07778197 -0.163363 0.07778197 -0.1344749 -0.07778197 -0.163363 0.07778197 -0.164359 0.07778197 -0.164359 -0.07778197 -0.163363 0.07778197 -0.194242 0.07778197 -0.194242 -0.07778197 -0.163363 -0.07778197 -0.204204 0.07778197 -0.194242 -0.07778197 -0.204204 0.07778197 -0.224126 0.07778197 -0.224126 -0.07778197 -0.204204 -0.07778197 -0.2450439 0.07778197 -0.224126 -0.07778197 -0.2450439 0.07778197 -0.254009 0.07778197 -0.254009 -0.07778197 -0.2450439 -0.07778197 -0.285885 0.07778197 -0.254009 -0.07778197 -0.285885 0.07778197 -0.283893 0.07778197 -0.283893 -0.07778197 -0.285885 0.07778197 -0.313776 0.07778197 -0.313776 -0.07778197 -0.285885 -0.07778197 -0.326726 0.07778197 -0.313776 -0.07778197 -0.326726 0.07778197 -0.34366 0.07778197 -0.34366 -0.07778197 -0.326726 -0.07778197 -0.367566 0.07778197 -0.34366 -0.07778197 -0.367566 0.07778197 -0.373543 0.07778197 -0.373543 -0.07778197 -0.367566 -0.07778197 -0.408407 0.07778197 -0.373543 -0.07778197 -0.408407 0.07778197 -0.403426 0.07778197 -0.403426 -0.07778197 -0.408407 0.07778197 -0.43331 0.07778197 -0.43331 -0.07778197 -0.408407 -0.07778197 -0.449248 0.07778197 -0.43331 -0.07778197 -0.449248 0.07778197 -0.463193 0.07778197 -0.463193 -0.07778197 -0.449248 -0.07778197 -0.490088 0.07778197 -0.463193 -0.07778197 -0.490088 0.07778197 -0.493077 0.07778197 -0.493077 -0.07778197 -0.490088 0.07778197 -0.52296 0.07778197 -0.52296 -0.07778197 -0.490088 -0.07778197 -0.530929 0.07778197 -0.52296 -0.07778197 -0.530929 0.07778197 -0.552844 0.07778197 -0.552844 -0.07778197 -0.530929 -0.07778197 -0.57177 0.07778197 -0.552844 -0.07778197 -0.57177 0.07778197 -0.582727 0.07778197 -0.582727 -0.07778197 -0.57177 -0.07778197 -0.612611 0.07778197 -0.582727 -0.07778197 -0.612611 0.07778197 -0.612611 0.07778197 0.612611 -0.07778197 0.612611 0.07778197 0.582727 0.07778197 0.582727 -0.07778197 0.612611 -0.07778197 0.57177 0.07778197 0.582727 -0.07778197 0.57177 0.07778197 0.552844 0.07778197 0.552844 -0.07778197 0.57177 -0.07778197 0.530929 0.07778197 0.552844 -0.07778197 0.530929 0.07778197 0.52296 0.07778197 0.52296 -0.07778197 0.530929 -0.07778197 0.490088 0.07778197 0.52296 -0.07778197 0.490088 0.07778197 0.493077 0.07778197 0.493077 -0.07778197 0.490088 0.07778197 0.463193 0.07778197 0.463193 -0.07778197 0.490088 -0.07778197 0.449248 0.07778197 0.463193 -0.07778197 0.449248 0.07778197 0.43331 0.07778197 0.43331 -0.07778197 0.449248 -0.07778197 0.408407 0.07778197 0.43331 -0.07778197 0.408407 0.07778197 0.403426 0.07778197 0.403426 -0.07778197 0.408407 0.07778197 0.373543 0.07778197 0.373543 -0.07778197 0.408407 -0.07778197 0.367566 0.07778197 0.373543 -0.07778197 0.367566 0.07778197 0.34366 0.07778197 0.34366 -0.07778197 0.367566 -0.07778197 0.326726 0.07778197 0.34366 -0.07778197 0.326726 0.07778197 0.313776 0.07778197 0.313776 -0.07778197 0.326726 -0.07778197 0.285885 0.07778197 0.313776 -0.07778197 0.285885 0.07778197 0.283893 0.07778197 0.283893 -0.07778197 0.285885 0.07778197 0.254009 0.07778197 0.254009 -0.07778197 0.285885 -0.07778197 0.2450439 0.07778197 0.254009 -0.07778197 0.2450439 0.07778197 0.224126 0.07778197 0.224126 -0.07778197 0.2450439 -0.07778197 0.204204 0.07778197 0.224126 -0.07778197 0.204204 0.07778197 0.194242 0.07778197 0.194242 -0.07778197 0.204204 -0.07778197 0.163363 0.07778197 0.194242 -0.07778197 0.163363 0.07778197 0.164359 0.07778197 0.164359 -0.07778197 0.163363 0.07778197 0.1344749 0.07778197 0.1344749 -0.07778197 0.163363 -0.07778197 0.1225219 0.07778197 0.1344749 -0.07778197 0.1225219 0.07778197 0.104592 0.07778197 0.104592 -0.07778197 0.1225219 -0.07778197 0.08168095 0.07778197 0.104592 -0.07778197 0.08168095 0.07778197 0.07470899 0.07778197 0.07470899 -0.07778197 0.08168095 -0.07778197 0.04084098 0.1899999 -0.747086 0.15 -0.747086 0.1899999 -0.785398 0.1899999 -0.785398 0.15 -0.747086 0.15 -0.785398 0.1899999 0.785398 0.15 0.785398 0.1899999 0.747086 0.1899999 0.747086 0.15 0.785398 0.15 0.747086 0.1899999 0.747086 0.15 0.747086 0.15 0.708774 0.1899999 -0.747086 0.1899999 -0.708774 0.15 -0.747086 0.15 -0.747086 0.1899999 -0.708774 0.15 -0.708774 0.15 -0.708774 0.1899999 -0.708774 0.1899999 -0.670462 0.15 -0.708774 0.1899999 -0.670462 0.15 -0.670462 0.15 -0.670462 0.1899999 -0.670462 0.1899999 -0.63215 0.15 -0.670462 0.1899999 -0.63215 0.15 -0.63215 0.15 -0.63215 0.1899999 -0.63215 0.1899999 -0.593838 0.15 -0.63215 0.1899999 -0.593838 0.15 -0.593838 0.15 -0.593838 0.1899999 -0.593838 0.1899999 -0.555526 0.15 -0.593838 0.1899999 -0.555526 0.15 -0.555526 0.15 -0.555526 0.1899999 -0.555526 0.1899999 -0.517213 0.15 -0.555526 0.1899999 -0.517213 0.15 -0.517213 0.15 -0.517213 0.1899999 -0.517213 0.1899999 -0.478901 0.15 -0.517213 0.1899999 -0.478901 0.15 -0.478901 0.15 -0.478901 0.1899999 -0.478901 0.1899999 -0.440589 0.15 -0.478901 0.1899999 -0.440589 0.15 -0.440589 0.15 -0.440589 0.1899999 -0.440589 0.1899999 -0.402277 0.15 -0.440589 0.1899999 -0.402277 0.15 -0.402277 0.15 -0.402277 0.1899999 -0.402277 0.1899999 -0.363965 0.15 -0.402277 0.1899999 -0.363965 0.15 -0.363965 0.15 -0.363965 0.1899999 -0.363965 0.1899999 -0.325653 0.15 -0.363965 0.1899999 -0.325653 0.15 -0.325653 0.15 -0.325653 0.1899999 -0.325653 0.1899999 -0.287341 0.15 -0.325653 0.1899999 -0.287341 0.15 -0.287341 0.15 -0.287341 0.1899999 -0.287341 0.1899999 -0.249029 0.15 -0.287341 0.1899999 -0.249029 0.15 -0.249029 0.15 -0.249029 0.1899999 -0.249029 0.1899999 -0.210717 0.15 -0.249029 0.1899999 -0.210717 0.15 -0.210717 0.15 -0.210717 0.1899999 -0.210717 0.1899999 -0.172404 0.15 -0.210717 0.1899999 -0.172404 0.15 -0.172404 0.15 -0.172404 0.1899999 -0.172404 0.1899999 -0.134092 0.15 -0.172404 0.1899999 -0.134092 0.15 -0.134092 0.15 -0.134092 0.1899999 -0.134092 0.1899999 -0.09577995 0.15 -0.134092 0.1899999 -0.09577995 0.15 -0.09577995 0.15 -0.09577995 0.1899999 -0.09577995 0.1899999 -0.05746799 0.15 -0.09577995 0.1899999 -0.05746799 0.15 -0.05746799 0.15 -0.05746799 0.1899999 -0.05746799 0.1899999 -0.01915597 0.15 -0.05746799 0.1899999 -0.01915597 0.15 -0.01915597 0.15 -0.01915597 0.1899999 -0.01915597 0.1899999 0.01915597 0.15 -0.01915597 0.1899999 0.01915597 0.15 0.01915597 0.15 0.01915597 0.1899999 0.01915597 0.1899999 0.05746799 0.15 0.01915597 0.1899999 0.05746799 0.15 0.05746799 0.15 0.05746799 0.1899999 0.05746799 0.1899999 0.09577995 0.15 0.05746799 0.1899999 0.09577995 0.15 0.09577995 0.15 0.09577995 0.1899999 0.09577995 0.1899999 0.134092 0.15 0.09577995 0.1899999 0.134092 0.15 0.134092 0.15 0.134092 0.1899999 0.134092 0.1899999 0.172404 0.15 0.134092 0.1899999 0.172404 0.15 0.172404 0.15 0.172404 0.1899999 0.172404 0.1899999 0.210717 0.15 0.172404 0.1899999 0.210717 0.15 0.210717 0.15 0.210717 0.1899999 0.210717 0.1899999 0.249029 0.15 0.210717 0.1899999 0.249029 0.15 0.249029 0.15 0.249029 0.1899999 0.249029 0.1899999 0.287341 0.15 0.249029 0.1899999 0.287341 0.15 0.287341 0.15 0.287341 0.1899999 0.287341 0.1899999 0.325653 0.15 0.287341 0.1899999 0.325653 0.15 0.325653 0.15 0.325653 0.1899999 0.325653 0.1899999 0.363965 0.15 0.325653 0.1899999 0.363965 0.15 0.363965 0.15 0.363965 0.1899999 0.363965 0.1899999 0.402277 0.15 0.363965 0.1899999 0.402277 0.15 0.402277 0.15 0.402277 0.1899999 0.402277 0.1899999 0.440589 0.15 0.402277 0.1899999 0.440589 0.15 0.440589 0.15 0.440589 0.1899999 0.440589 0.1899999 0.478901 0.15 0.440589 0.1899999 0.478901 0.15 0.478901 0.15 0.478901 0.1899999 0.478901 0.1899999 0.517213 0.15 0.478901 0.1899999 0.517213 0.15 0.517213 0.15 0.517213 0.1899999 0.517213 0.1899999 0.555526 0.15 0.517213 0.1899999 0.555526 0.15 0.555526 0.15 0.555526 0.1899999 0.555526 0.1899999 0.593838 0.15 0.555526 0.1899999 0.593838 0.15 0.593838 0.15 0.593838 0.1899999 0.593838 0.1899999 0.63215 0.15 0.593838 0.1899999 0.63215 0.15 0.63215 0.15 0.63215 0.1899999 0.63215 0.1899999 0.670462 0.15 0.63215 0.1899999 0.670462 0.15 0.670462 0.15 0.670462 0.1899999 0.670462 0.1899999 0.708774 0.15 0.670462 0.1899999 0.708774 0.15 0.708774 0.15 0.708774 0.1899999 0.708774 0.1899999 0.747086 0.265638 -0.07114398 0.231876 -0.093454 0.252397 -0.109183 0.252397 -0.109183 0.231876 -0.093454 0.214892 -0.127755 0.252397 -0.109183 0.214892 -0.127755 0.2339259 -0.14458 0.2339259 -0.14458 0.214892 -0.127755 0.192872 -0.159061 0.2339259 -0.14458 0.192872 -0.159061 0.210525 -0.17693 0.210525 -0.17693 0.192872 -0.159061 0.1663309 -0.1866379 0.210525 -0.17693 0.1663309 -0.1866379 0.182686 -0.20555 0.182686 -0.20555 0.1663309 -0.1866379 0.150996 -0.229837 0.150996 -0.229837 0.1663309 -0.1866379 0.135892 -0.209841 0.150996 -0.229837 0.135892 -0.209841 0.116123 -0.24928 0.116123 -0.24928 0.135892 -0.209841 0.102267 -0.228126 0.116123 -0.24928 0.102267 -0.228126 0.078803 -0.263468 0.078803 -0.263468 0.102267 -0.228126 0.06624495 -0.2410629 0.078803 -0.263468 0.06624495 -0.2410629 0.03982096 -0.272102 0.03982096 -0.272102 0.06624495 -0.2410629 0.02867096 -0.248351 0.03982096 -0.272102 0.02867096 -0.248351 0 -0.275 0 -0.275 0.02867096 -0.248351 -0.009575963 -0.249817 0 -0.275 -0.009575963 -0.249817 -0.03982096 -0.272102 -0.03982096 -0.272102 -0.009575963 -0.249817 -0.047598 -0.245427 -0.03982096 -0.272102 -0.047598 -0.245427 -0.078803 -0.263468 -0.078803 -0.263468 -0.047598 -0.245427 -0.084504 -0.235285 -0.078803 -0.263468 -0.084504 -0.235285 -0.116123 -0.24928 -0.116123 -0.24928 -0.084504 -0.235285 -0.11943 -0.219628 -0.116123 -0.24928 -0.11943 -0.219628 -0.150996 -0.229837 -0.150996 -0.229837 -0.11943 -0.219628 -0.151556 -0.198823 -0.150996 -0.229837 -0.151556 -0.198823 -0.182686 -0.20555 -0.182686 -0.20555 -0.151556 -0.198823 -0.18013 -0.173358 -0.182686 -0.20555 -0.18013 -0.173358 -0.210525 -0.17693 -0.210525 -0.17693 -0.18013 -0.173358 -0.204482 -0.14383 -0.210525 -0.17693 -0.204482 -0.14383 -0.2339259 -0.14458 -0.2339259 -0.14458 -0.204482 -0.14383 -0.224041 -0.11093 -0.2339259 -0.14458 -0.224041 -0.11093 -0.252397 -0.109183 -0.252397 -0.109183 -0.224041 -0.11093 -0.238349 -0.07542997 -0.252397 -0.109183 -0.238349 -0.07542997 -0.265638 -0.07114398 -0.265638 -0.07114398 -0.238349 -0.07542997 -0.24707 -0.03816199 -0.265638 -0.07114398 -0.24707 -0.03816199 -0.273181 -0.031578 -0.273181 -0.031578 -0.24707 -0.03816199 -0.25 0 -0.273181 -0.031578 -0.25 0 -0.274863 0.008664965 -0.274863 0.008664965 -0.25 0 -0.24707 0.03816199 -0.274863 0.008664965 -0.24707 0.03816199 -0.270649 0.04872298 -0.270649 0.04872298 -0.24707 0.03816199 -0.238349 0.07542997 -0.270649 0.04872298 -0.238349 0.07542997 -0.260629 0.08773499 -0.260629 0.08773499 -0.238349 0.07542997 -0.224041 0.11093 -0.260629 0.08773499 -0.224041 0.11093 -0.245018 0.124865 -0.245018 0.124865 -0.224041 0.11093 -0.204482 0.14383 -0.245018 0.124865 -0.204482 0.14383 -0.22415 0.159316 -0.22415 0.159316 -0.204482 0.14383 -0.18013 0.173358 -0.22415 0.159316 -0.18013 0.173358 -0.198474 0.1903499 -0.198474 0.1903499 -0.18013 0.173358 -0.16854 0.2172999 -0.16854 0.2172999 -0.18013 0.173358 -0.151556 0.198823 -0.16854 0.2172999 -0.151556 0.198823 -0.134991 0.239588 -0.134991 0.239588 -0.151556 0.198823 -0.11943 0.219628 -0.134991 0.239588 -0.11943 0.219628 -0.09854495 0.256737 -0.09854495 0.256737 -0.11943 0.219628 -0.084504 0.235285 -0.09854495 0.256737 -0.084504 0.235285 -0.05998599 0.268378 -0.05998599 0.268378 -0.084504 0.235285 -0.047598 0.245427 -0.05998599 0.268378 -0.047598 0.245427 -0.02013897 0.274262 -0.02013897 0.274262 -0.047598 0.245427 -0.009575963 0.249817 -0.02013897 0.274262 -0.009575963 0.249817 0.02013897 0.274262 0.02013897 0.274262 -0.009575963 0.249817 0.02867096 0.248351 0.02013897 0.274262 0.02867096 0.248351 0.05998599 0.268378 0.05998599 0.268378 0.02867096 0.248351 0.06624495 0.2410629 0.05998599 0.268378 0.06624495 0.2410629 0.09854495 0.256737 0.09854495 0.256737 0.06624495 0.2410629 0.102267 0.228126 0.09854495 0.256737 0.102267 0.228126 0.134991 0.239588 0.134991 0.239588 0.102267 0.228126 0.135892 0.209841 0.134991 0.239588 0.135892 0.209841 0.16854 0.2172999 0.16854 0.2172999 0.135892 0.209841 0.1663309 0.1866379 0.16854 0.2172999 0.1663309 0.1866379 0.198474 0.1903499 0.198474 0.1903499 0.1663309 0.1866379 0.192872 0.159061 0.198474 0.1903499 0.192872 0.159061 0.22415 0.159316 0.22415 0.159316 0.192872 0.159061 0.214892 0.127755 0.22415 0.159316 0.214892 0.127755 0.245018 0.124865 0.245018 0.124865 0.214892 0.127755 0.231876 0.093454 0.245018 0.124865 0.231876 0.093454 0.260629 0.08773499 0.260629 0.08773499 0.231876 0.093454 0.2434239 0.05696296 0.260629 0.08773499 0.2434239 0.05696296 0.270649 0.04872298 0.270649 0.04872298 0.2434239 0.05696296 0.249266 0.01913696 0.270649 0.04872298 0.249266 0.01913696 0.274863 0.008664965 0.274863 0.008664965 0.249266 0.01913696 0.249266 -0.01913696 0.274863 0.008664965 0.249266 -0.01913696 0.273181 -0.031578 0.273181 -0.031578 0.249266 -0.01913696 0.2434239 -0.05696296 0.273181 -0.031578 0.2434239 -0.05696296 0.265638 -0.07114398 0.265638 -0.07114398 0.2434239 -0.05696296 0.231876 -0.093454 -0.01414197 -0.108188 -0.004725992 -0.1094869 -0.01414197 0.128188 -0.01414197 0.128188 -0.004725992 -0.1094869 0.01414197 0.108188 0.01414197 0.108188 -0.004725992 -0.1094869 0.004702985 -0.110695 0.01414197 0.108188 0.004702985 -0.110695 0.01414197 -0.111812 -0.01414197 0.1 -0.01414197 -0.1 0.01414197 0.07999998 0.01414197 0.07999998 -0.01414197 -0.1 0.01414197 -0.07999998 0.01414197 0.111812 0.004702985 0.110695 0.01414197 -0.108188 0.01414197 -0.108188 0.004702985 0.110695 -0.004725992 0.1094869 0.01414197 -0.108188 -0.004725992 0.1094869 -0.01414197 -0.128188 -0.01414197 -0.128188 -0.004725992 0.1094869 -0.01414197 0.108188 0 -0.01999998 -0.22 -0.01999998 0 -0.1 0 -0.1 -0.22 -0.01999998 -0.22 -0.1 0.07999998 0.498623 0.02676695 0.50429 0.07999998 0.278623 0.07999998 0.278623 0.02676695 0.50429 -0.02676695 0.50429 0.07999998 0.278623 -0.02676695 0.50429 -0.07999998 0.278623 -0.07999998 0.278623 -0.02676695 0.50429 -0.07999998 0.498623 0 -0.01999998 -0.22 -0.01999998 0 -0.1 0 -0.1 -0.22 -0.01999998 -0.22 -0.1 0 -0.01999998 -0.16 -0.01999998 0 -0.1 0 -0.1 -0.16 -0.01999998 -0.16 -0.1 -0.12 -0.02767795 0 -0.02767795 -0.12 -0.01079398 -0.12 -0.01079398 0 -0.02767795 0 -0.01079398 -0.12 -0.01079398 0 -0.01079398 -0.12 0.006089985 -0.12 0.006089985 0 -0.01079398 0 0.006089985 -0.12 0.006089985 0 0.006089985 -0.12 0.02297395 -0.12 0.02297395 0 0.006089985 0 0.02297395 -0.12 0.02297395 0 0.02297395 -0.12 0.03985798 -0.12 0.03985798 0 0.02297395 0 0.03985798 -0.12 0.03985798 0 0.03985798 -0.12 0.05674195 -0.12 0.05674195 0 0.03985798 0 0.05674195 -0.12 0.05674195 0 0.05674195 -0.12 0.07362598 -0.12 0.07362598 0 0.05674195 0 0.07362598 -0.12 0.07362598 0 0.07362598 -0.12 0.09051001 -0.12 0.09051001 0 0.07362598 0 0.09051001 -0.12 -0.153342 0 -0.153342 -0.12 -0.136458 -0.12 -0.136458 0 -0.153342 0 -0.136458 -0.12 -0.136458 0 -0.136458 -0.12 -0.119574 -0.12 -0.119574 0 -0.136458 0 -0.119574 -0.12 -0.119574 0 -0.119574 -0.12 -0.10269 -0.12 -0.10269 0 -0.119574 0 -0.10269 -0.12 -0.10269 0 -0.10269 -0.12 -0.08580595 -0.12 -0.08580595 0 -0.10269 0 -0.08580595 -0.12 -0.08580595 0 -0.08580595 -0.12 -0.06892198 -0.12 -0.06892198 0 -0.08580595 0 -0.06892198 -0.12 -0.06892198 0 -0.06892198 -0.12 -0.05203795 -0.12 -0.05203795 0 -0.06892198 0 -0.05203795 -0.12 -0.05203795 0 -0.05203795 -0.12 -0.03515297 -0.12 -0.03515297 0 -0.05203795 0 -0.03515297</float_array>
          <technique_common>
            <accessor source="#XL-430_new_TOP-mesh-map-0-array" count="10368" stride="2">
              <param name="S" type="float"/>
              <param name="T" type="float"/>
            </accessor>
          </technique_common>
        </source>
        <vertices id="XL-430_new_TOP-mesh-vertices">
          <input semantic="POSITION" source="#XL-430_new_TOP-mesh-positions"/>
        </vertices>
        <triangles material="_91_191_191-material" count="3456">
          <input semantic="VERTEX" source="#XL-430_new_TOP-mesh-vertices" offset="0"/>
          <input semantic="NORMAL" source="#XL-430_new_TOP-mesh-normals" offset="1"/>
          <input semantic="TEXCOORD" source="#XL-430_new_TOP-mesh-map-0" offset="2" set="0"/>
          <p>3 0 0 1 1 1 0 2 2 0 2 3 1 1 4 4 3 5 0 2 6 4 3 7 2 4 8 2 4 9 4 3 10 8 5 11 2 4 12 8 5 13 6 6 14 6 6 15 8 5 16 12 7 17 6 6 18 12 7 19 10 8 20 10 8 21 12 7 22 16 9 23 10 8 24 16 9 25 14 10 26 14 10 27 16 9 28 33 11 29 14 10 30 33 11 31 31 12 32 31 12 33 33 11 34 53 13 35 31 12 36 53 13 37 51 14 38 51 14 39 53 13 40 85 15 41 51 14 42 85 15 43 83 16 44 83 16 45 85 15 46 127 17 47 83 16 48 127 17 49 125 18 50 125 18 51 127 17 52 197 19 53 125 18 54 197 19 55 195 20 56 195 20 57 197 19 58 273 21 59 195 20 60 273 21 61 271 22 62 271 22 63 273 21 64 331 23 65 271 22 66 331 23 67 329 24 68 329 24 69 331 23 70 371 25 71 329 24 72 371 25 73 369 26 74 369 26 75 371 25 76 403 27 77 369 26 78 403 27 79 401 28 80 401 28 81 403 27 82 456 29 83 401 28 84 456 29 85 454 30 86 454 30 87 456 29 88 514 31 89 454 30 90 514 31 91 512 32 92 512 32 93 514 31 94 577 33 95 512 32 96 577 33 97 575 34 98 575 34 99 577 33 100 621 35 101 575 34 102 621 35 103 619 36 104 619 36 105 621 35 106 645 37 107 619 36 108 645 37 109 643 38 110 643 38 111 645 37 112 689 39 113 643 38 114 689 39 115 687 40 116 687 40 117 689 39 118 768 41 119 687 40 120 768 41 121 766 42 122 766 42 123 768 41 124 834 43 125 766 42 126 834 43 127 832 44 128 832 44 129 834 43 130 896 45 131 832 44 132 896 45 133 894 46 134 894 46 135 896 45 136 929 47 137 894 46 138 929 47 139 927 48 140 927 48 141 929 47 142 957 49 143 927 48 144 957 49 145 955 50 146 955 50 147 957 49 148 977 51 149 955 50 150 977 51 151 975 52 152 975 52 153 977 51 154 984 53 155 975 52 156 984 53 157 982 54 158 982 54 159 984 53 160 988 55 161 982 54 162 988 55 163 986 56 164 986 56 165 988 55 166 992 57 167 986 56 168 992 57 169 990 58 170 990 58 171 992 57 172 996 59 173 990 58 174 996 59 175 994 60 176 994 60 177 996 59 178 997 61 179 994 60 180 997 61 181 995 62 182 995 62 183 997 61 184 993 63 185 995 62 186 993 63 187 991 64 188 991 64 189 993 63 190 989 65 191 991 64 192 989 65 193 987 66 194 987 66 195 989 65 196 985 67 197 987 66 198 985 67 199 983 68 200 983 68 201 985 67 202 978 69 203 983 68 204 978 69 205 976 70 206 976 70 207 978 69 208 958 71 209 976 70 210 958 71 211 956 72 212 956 72 213 958 71 214 930 73 215 956 72 216 930 73 217 928 74 218 928 74 219 930 73 220 897 75 221 928 74 222 897 75 223 895 76 224 895 76 225 897 75 226 835 77 227 895 76 228 835 77 229 833 78 230 833 78 231 835 77 232 769 79 233 833 78 234 769 79 235 767 80 236 767 80 237 769 79 238 690 81 239 767 80 240 690 81 241 688 82 242 688 82 243 690 81 244 646 83 245 688 82 246 646 83 247 644 84 248 644 84 249 646 83 250 622 85 251 644 84 252 622 85 253 620 86 254 620 86 255 622 85 256 578 87 257 620 86 258 578 87 259 576 88 260 576 88 261 578 87 262 515 89 263 576 88 264 515 89 265 513 90 266 513 90 267 515 89 268 457 91 269 513 90 270 457 91 271 455 92 272 455 92 273 457 91 274 404 93 275 455 92 276 404 93 277 402 94 278 402 94 279 404 93 280 372 95 281 402 94 282 372 95 283 370 96 284 370 96 285 372 95 286 332 97 287 370 96 288 332 97 289 330 98 290 330 98 291 332 97 292 274 99 293 330 98 294 274 99 295 272 100 296 272 100 297 274 99 298 198 101 299 272 100 300 198 101 301 196 102 302 196 102 303 198 101 304 128 103 305 196 102 306 128 103 307 126 104 308 126 104 309 128 103 310 86 105 311 126 104 312 86 105 313 84 106 314 84 106 315 86 105 316 54 107 317 84 106 318 54 107 319 52 108 320 52 108 321 54 107 322 34 109 323 52 108 324 34 109 325 32 110 326 32 110 327 34 109 328 17 111 329 32 110 330 17 111 331 15 112 332 15 112 333 17 111 334 13 113 335 15 112 336 13 113 337 11 114 338 11 114 339 13 113 340 9 115 341 11 114 342 9 115 343 7 116 344 7 116 345 9 115 346 5 117 347 7 116 348 5 117 349 3 0 350 3 0 351 5 117 352 1 1 353 5 118 354 20 119 355 1 120 356 1 120 357 20 119 358 18 121 359 1 120 360 18 121 361 19 121 362 20 119 363 5 118 364 26 122 365 26 122 366 5 118 367 9 121 368 26 122 369 9 121 370 38 121 371 38 121 372 9 121 373 48 121 374 48 121 375 9 121 376 13 121 377 48 121 378 13 121 379 68 121 380 68 121 381 13 121 382 17 121 383 68 121 384 17 121 385 78 121 386 78 121 387 17 121 388 217 123 389 78 121 390 217 123 391 92 124 392 92 124 393 217 123 394 192 125 395 92 124 396 192 125 397 108 121 398 108 121 399 192 125 400 118 121 401 118 121 402 192 125 403 185 121 404 118 121 405 185 121 406 120 121 407 120 121 408 185 121 409 184 121 410 120 121 411 184 121 412 119 121 413 119 121 414 184 121 415 117 121 416 117 121 417 184 121 418 191 121 419 117 121 420 191 121 421 99 121 422 99 121 423 191 121 424 89 121 425 89 121 426 191 121 427 216 126 428 89 121 429 216 126 430 71 127 431 71 127 432 216 126 433 16 128 434 71 127 435 16 128 436 12 129 437 34 121 438 140 121 439 17 121 440 17 121 441 140 121 442 164 121 443 17 121 444 164 121 445 217 123 446 217 123 447 164 121 448 233 121 449 233 121 450 164 121 451 188 121 452 233 121 453 188 121 454 222 121 455 140 121 456 34 121 457 136 121 458 136 121 459 34 121 460 54 121 461 136 121 462 54 121 463 129 121 464 129 121 465 54 121 466 137 121 467 137 121 468 54 121 469 86 121 470 137 121 471 86 121 472 149 121 473 149 121 474 86 121 475 128 121 476 149 121 477 128 121 478 179 121 479 179 121 480 128 121 481 207 121 482 207 121 483 128 121 484 198 121 485 207 121 486 198 121 487 229 121 488 229 121 489 198 121 490 249 121 491 249 121 492 198 121 493 274 121 494 249 121 495 274 121 496 277 121 497 277 121 498 274 121 499 332 121 500 277 121 501 332 121 502 380 121 503 380 121 504 332 121 505 422 121 506 380 121 507 422 121 508 430 121 509 422 121 510 332 121 511 423 121 512 423 121 513 332 121 514 372 121 515 423 121 516 372 121 517 431 121 518 431 121 519 372 121 520 404 121 521 431 121 522 404 121 523 445 121 524 445 121 525 404 121 526 457 121 527 445 121 528 457 121 529 469 121 530 469 121 531 457 121 532 485 121 533 485 121 534 457 121 535 515 121 536 485 121 537 515 121 538 505 121 539 505 121 540 515 121 541 525 121 542 525 121 543 515 121 544 578 121 545 525 121 546 578 121 547 537 121 548 537 121 549 578 121 550 561 121 551 561 121 552 578 121 553 622 121 554 561 121 555 622 121 556 571 121 557 571 121 558 622 121 559 646 121 560 571 121 561 646 121 562 574 121 563 574 121 564 646 121 565 690 121 566 574 121 567 690 121 568 711 121 569 711 121 570 690 121 571 741 121 572 741 121 573 690 121 574 769 121 575 741 121 576 769 121 577 761 121 578 761 121 579 769 121 580 835 121 581 761 121 582 835 121 583 781 121 584 781 121 585 835 121 586 809 121 587 809 121 588 835 121 589 897 121 590 809 121 591 897 121 592 839 121 593 839 121 594 897 121 595 861 121 596 861 121 597 897 121 598 930 121 599 861 121 600 930 121 601 865 121 602 865 121 603 930 121 604 958 121 605 865 121 606 958 121 607 864 121 608 864 121 609 958 121 610 860 121 611 860 121 612 958 121 613 978 121 614 860 121 615 978 121 616 838 130 617 838 130 618 978 121 619 985 131 620 838 130 621 985 131 622 924 132 623 924 132 624 985 131 625 944 133 626 944 133 627 985 131 628 989 134 629 944 133 630 989 134 631 954 121 632 954 121 633 989 134 634 993 135 635 954 121 636 993 135 637 964 121 638 964 121 639 993 135 640 974 136 641 974 136 642 993 135 643 997 137 644 974 136 645 997 137 646 980 121 647 980 121 648 997 137 649 981 138 650 981 138 651 997 137 652 996 139 653 981 138 654 996 139 655 979 140 656 979 140 657 996 139 658 969 121 659 969 121 660 996 139 661 992 121 662 969 121 663 992 121 664 961 121 665 961 121 666 992 121 667 988 121 668 961 121 669 988 121 670 947 121 671 947 121 672 988 121 673 933 121 674 933 121 675 988 121 676 984 121 677 933 121 678 984 121 679 831 121 680 831 121 681 984 121 682 977 121 683 831 121 684 977 121 685 859 121 686 859 121 687 977 121 688 957 121 689 859 121 690 957 121 691 863 121 692 863 121 693 957 121 694 870 121 695 870 121 696 957 121 697 929 121 698 870 121 699 929 121 700 862 121 701 862 121 702 929 121 703 896 121 704 862 121 705 896 121 706 850 121 707 850 121 708 896 121 709 816 121 710 816 121 711 896 121 712 834 121 713 816 121 714 834 121 715 792 121 716 792 121 717 834 121 718 770 121 719 770 121 720 834 121 721 768 121 722 770 121 723 768 121 724 746 121 725 746 121 726 768 121 727 689 121 728 746 121 729 689 121 730 722 121 731 722 121 732 689 121 733 617 121 734 722 121 735 617 121 736 700 121 737 700 121 738 617 121 739 637 121 740 700 121 741 637 121 742 696 121 743 696 121 744 637 121 745 697 121 746 697 121 747 637 121 748 661 121 749 697 121 750 661 121 751 701 121 752 701 121 753 661 121 754 685 121 755 701 121 756 685 121 757 731 121 758 731 121 759 685 121 760 753 121 761 753 121 762 685 121 763 729 121 764 753 121 765 729 121 766 779 121 767 779 121 768 729 121 769 764 121 770 779 121 771 764 121 772 807 121 773 807 121 774 764 121 775 831 121 776 831 121 777 764 121 778 784 121 779 831 121 780 784 121 781 917 121 782 917 121 783 784 121 784 907 121 785 907 121 786 784 121 787 805 121 788 907 121 789 805 121 790 887 121 791 887 121 792 805 121 793 877 121 794 877 121 795 805 121 796 812 121 797 877 121 798 812 121 799 875 141 800 875 141 801 812 121 802 813 142 803 875 141 804 813 142 805 876 143 806 876 143 807 813 142 808 878 144 809 878 144 810 813 142 811 806 121 812 878 144 813 806 121 814 900 121 815 900 121 816 806 121 817 910 121 818 910 121 819 806 121 820 785 145 821 910 121 822 785 145 823 924 132 824 924 132 825 785 145 826 838 130 827 689 121 828 645 121 829 617 121 830 617 121 831 645 121 832 573 121 833 617 121 834 573 121 835 565 121 836 573 121 837 645 121 838 572 121 839 572 121 840 645 121 841 621 121 842 572 121 843 621 121 844 564 121 845 564 121 846 621 121 847 550 121 848 550 121 849 621 121 850 577 121 851 550 121 852 577 121 853 530 121 854 530 121 855 577 121 856 514 121 857 530 121 858 514 121 859 510 121 860 510 121 861 514 121 862 490 121 863 490 121 864 514 121 865 456 121 866 490 121 867 456 121 868 474 121 869 474 121 870 456 121 871 462 121 872 462 121 873 456 121 874 403 121 875 462 121 876 403 121 877 434 121 878 434 121 879 403 121 880 424 121 881 424 121 882 403 121 883 371 121 884 424 121 885 371 121 886 421 121 887 421 121 888 371 121 889 331 121 890 421 121 891 331 121 892 288 121 893 288 121 894 331 121 895 273 121 896 288 121 897 273 121 898 254 121 899 254 121 900 273 121 901 234 121 902 234 121 903 273 121 904 197 121 905 234 121 906 197 121 907 218 121 908 218 121 909 197 121 910 127 121 911 218 121 912 127 121 913 186 121 914 186 121 915 127 121 916 160 121 917 160 121 918 127 121 919 85 121 920 160 121 921 85 121 922 138 121 923 138 121 924 85 121 925 134 121 926 134 121 927 85 121 928 53 121 929 134 121 930 53 121 931 135 121 932 135 121 933 53 121 934 33 121 935 135 121 936 33 121 937 139 121 938 139 121 939 33 121 940 16 128 941 139 121 942 16 128 943 161 121 944 161 121 945 16 128 946 216 126 947 161 121 948 216 126 949 232 121 950 8 121 951 41 121 952 12 129 953 12 129 954 41 121 955 55 121 956 12 129 957 55 121 958 71 127 959 41 121 960 8 121 961 35 121 962 35 121 963 8 121 964 4 121 965 35 121 966 4 121 967 21 121 968 21 121 969 4 121 970 19 121 971 19 121 972 4 121 973 1 120 974 544 121 975 511 121 976 498 121 977 498 121 978 511 121 979 491 121 980 498 121 981 491 121 982 475 121 983 585 121 984 551 121 985 544 121 986 544 121 987 551 121 988 531 121 989 544 121 990 531 121 991 511 121 992 551 121 993 585 121 994 565 121 995 565 121 996 585 121 997 617 121 998 785 145 999 765 121 1000 838 130 1001 838 130 1002 765 121 1003 808 121 1004 808 121 1005 765 121 1006 780 121 1007 780 121 1008 765 121 1009 730 121 1010 780 121 1011 730 121 1012 760 121 1013 760 121 1014 730 121 1015 686 121 1016 760 121 1017 686 121 1018 740 121 1019 740 121 1020 686 121 1021 710 121 1022 710 121 1023 686 121 1024 662 121 1025 710 121 1026 662 121 1027 698 121 1028 698 121 1029 662 121 1030 695 121 1031 695 121 1032 662 121 1033 638 121 1034 695 121 1035 638 121 1036 699 121 1037 699 121 1038 638 121 1039 618 121 1040 699 121 1041 618 121 1042 711 121 1043 711 121 1044 618 121 1045 570 121 1046 711 121 1047 570 121 1048 574 121 1049 618 121 1050 586 121 1051 570 121 1052 570 121 1053 586 121 1054 560 121 1055 560 121 1056 586 121 1057 536 121 1058 536 121 1059 586 121 1060 545 121 1061 536 121 1062 545 121 1063 524 121 1064 524 121 1065 545 121 1066 499 121 1067 524 121 1068 499 121 1069 504 121 1070 504 121 1071 499 121 1072 484 121 1073 484 121 1074 499 121 1075 453 121 1076 484 121 1077 453 121 1078 468 121 1079 468 121 1080 453 121 1081 444 121 1082 444 121 1083 453 121 1084 416 121 1085 444 121 1086 416 121 1087 430 121 1088 430 121 1089 416 121 1090 380 121 1091 277 121 1092 380 121 1093 299 121 1094 299 121 1095 380 121 1096 360 121 1097 299 121 1098 360 121 1099 303 121 1100 303 121 1101 360 121 1102 302 121 1103 302 121 1104 360 121 1105 340 121 1106 302 121 1107 340 121 1108 298 121 1109 298 121 1110 340 121 1111 312 121 1112 298 121 1113 312 121 1114 264 121 1115 264 121 1116 312 121 1117 242 121 1118 242 121 1119 312 121 1120 268 121 1121 242 121 1122 268 121 1123 222 121 1124 222 121 1125 268 121 1126 233 121 1127 267 121 1128 219 121 1129 232 121 1130 232 121 1131 219 121 1132 187 121 1133 232 121 1134 187 121 1135 161 121 1136 219 121 1137 267 121 1138 235 121 1139 235 121 1140 267 121 1141 311 121 1142 235 121 1143 311 121 1144 255 121 1145 255 121 1146 311 121 1147 289 121 1148 289 121 1149 311 121 1150 339 121 1151 289 121 1152 339 121 1153 301 121 1154 301 121 1155 339 121 1156 304 121 1157 304 121 1158 339 121 1159 359 121 1160 304 121 1161 359 121 1162 300 121 1163 300 121 1164 359 121 1165 379 121 1166 300 121 1167 379 121 1168 288 121 1169 288 121 1170 379 121 1171 425 121 1172 288 121 1173 425 121 1174 421 121 1175 379 121 1176 415 121 1177 425 121 1178 425 121 1179 415 121 1180 435 121 1181 435 121 1182 415 121 1183 463 121 1184 463 121 1185 415 121 1186 452 121 1187 463 121 1188 452 121 1189 475 121 1190 475 121 1191 452 121 1192 498 121 1193 917 121 1194 933 121 1195 831 121 1196 452 146 1197 450 147 1198 498 148 1199 498 148 1200 450 147 1201 496 149 1202 498 148 1203 496 149 1204 544 150 1205 544 150 1206 496 149 1207 542 151 1208 544 150 1209 542 151 1210 585 152 1211 585 152 1212 542 151 1213 583 153 1214 585 152 1215 583 153 1216 617 154 1217 617 154 1218 583 153 1219 615 155 1220 617 154 1221 615 155 1222 637 156 1223 637 156 1224 615 155 1225 635 157 1226 637 156 1227 635 157 1228 661 158 1229 661 158 1230 635 157 1231 659 159 1232 661 158 1233 659 159 1234 685 160 1235 685 160 1236 659 159 1237 683 161 1238 685 160 1239 683 161 1240 729 162 1241 729 162 1242 683 161 1243 727 163 1244 729 162 1245 727 163 1246 764 164 1247 764 164 1248 727 163 1249 762 165 1250 764 164 1251 762 165 1252 784 166 1253 784 166 1254 762 165 1255 782 167 1256 784 166 1257 782 167 1258 805 168 1259 805 168 1260 782 167 1261 803 169 1262 805 168 1263 803 169 1264 812 170 1265 812 170 1266 803 169 1267 810 171 1268 812 170 1269 810 171 1270 813 172 1271 813 172 1272 810 171 1273 811 173 1274 813 172 1275 811 173 1276 806 174 1277 806 174 1278 811 173 1279 804 175 1280 806 174 1281 804 175 1282 785 176 1283 785 176 1284 804 175 1285 783 177 1286 785 176 1287 783 177 1288 765 178 1289 765 178 1290 783 177 1291 763 179 1292 765 178 1293 763 179 1294 730 180 1295 730 180 1296 763 179 1297 728 181 1298 730 180 1299 728 181 1300 686 182 1301 686 182 1302 728 181 1303 684 183 1304 686 182 1305 684 183 1306 662 184 1307 662 184 1308 684 183 1309 660 185 1310 662 184 1311 660 185 1312 638 186 1313 638 186 1314 660 185 1315 636 187 1316 638 186 1317 636 187 1318 618 188 1319 618 188 1320 636 187 1321 616 189 1322 618 188 1323 616 189 1324 586 190 1325 586 190 1326 616 189 1327 584 191 1328 586 190 1329 584 191 1330 545 192 1331 545 192 1332 584 191 1333 543 193 1334 545 192 1335 543 193 1336 499 194 1337 499 194 1338 543 193 1339 497 195 1340 499 194 1341 497 195 1342 453 196 1343 453 196 1344 497 195 1345 451 197 1346 453 196 1347 451 197 1348 416 198 1349 416 198 1350 451 197 1351 414 199 1352 416 198 1353 414 199 1354 380 200 1355 380 200 1356 414 199 1357 378 201 1358 380 200 1359 378 201 1360 360 202 1361 360 202 1362 378 201 1363 358 203 1364 360 202 1365 358 203 1366 340 204 1367 340 204 1368 358 203 1369 338 205 1370 340 204 1371 338 205 1372 312 206 1373 312 206 1374 338 205 1375 310 207 1376 312 206 1377 310 207 1378 268 208 1379 268 208 1380 310 207 1381 266 209 1382 268 208 1383 266 209 1384 233 210 1385 233 210 1386 266 209 1387 231 211 1388 233 210 1389 231 211 1390 217 212 1391 217 212 1392 231 211 1393 215 213 1394 217 212 1395 215 213 1396 192 214 1397 192 214 1398 215 213 1399 190 215 1400 192 214 1401 190 215 1402 185 216 1403 185 216 1404 190 215 1405 183 217 1406 185 216 1407 183 217 1408 184 218 1409 184 218 1410 183 217 1411 182 219 1412 184 218 1413 182 219 1414 191 220 1415 191 220 1416 182 219 1417 189 221 1418 191 220 1419 189 221 1420 216 222 1421 216 222 1422 189 221 1423 214 223 1424 216 222 1425 214 223 1426 232 224 1427 232 224 1428 214 223 1429 230 225 1430 232 224 1431 230 225 1432 267 226 1433 267 226 1434 230 225 1435 265 227 1436 267 226 1437 265 227 1438 311 228 1439 311 228 1440 265 227 1441 309 229 1442 311 228 1443 309 229 1444 339 230 1445 339 230 1446 309 229 1447 337 231 1448 339 230 1449 337 231 1450 359 232 1451 359 232 1452 337 231 1453 357 233 1454 359 232 1455 357 233 1456 379 234 1457 379 234 1458 357 233 1459 377 235 1460 379 234 1461 377 235 1462 415 236 1463 415 236 1464 377 235 1465 413 237 1466 415 236 1467 413 237 1468 452 146 1469 452 146 1470 413 237 1471 450 147 1472 450 238 1473 482 239 1474 496 121 1475 496 121 1476 482 239 1477 518 240 1478 496 121 1479 518 240 1480 542 241 1481 542 241 1482 518 240 1483 568 242 1484 542 241 1485 568 242 1486 583 243 1487 583 243 1488 568 242 1489 589 244 1490 583 243 1491 589 244 1492 615 245 1493 615 245 1494 589 244 1495 625 246 1496 615 245 1497 625 246 1498 635 247 1499 635 247 1500 625 246 1501 641 248 1502 635 247 1503 641 248 1504 659 249 1505 659 249 1506 641 248 1507 649 250 1508 659 249 1509 649 250 1510 683 251 1511 683 251 1512 649 250 1513 727 252 1514 727 252 1515 649 250 1516 677 253 1517 727 252 1518 677 253 1519 762 254 1520 762 254 1521 677 253 1522 693 255 1523 762 254 1524 693 255 1525 782 256 1526 782 256 1527 693 255 1528 720 257 1529 782 256 1530 720 257 1531 803 258 1532 803 258 1533 720 257 1534 738 259 1535 803 258 1536 738 259 1537 810 260 1538 810 260 1539 738 259 1540 745 121 1541 810 260 1542 745 121 1543 811 261 1544 811 261 1545 745 121 1546 739 262 1547 811 261 1548 739 262 1549 804 263 1550 804 263 1551 739 262 1552 721 264 1553 804 263 1554 721 264 1555 783 121 1556 783 121 1557 721 264 1558 694 265 1559 783 121 1560 694 265 1561 763 266 1562 763 266 1563 694 265 1564 678 267 1565 763 266 1566 678 267 1567 728 121 1568 728 121 1569 678 267 1570 650 268 1571 728 121 1572 650 268 1573 684 121 1574 684 121 1575 650 268 1576 660 269 1577 660 269 1578 650 268 1579 642 270 1580 660 269 1581 642 270 1582 636 271 1583 636 271 1584 642 270 1585 626 272 1586 636 271 1587 626 272 1588 616 273 1589 616 273 1590 626 272 1591 590 274 1592 616 273 1593 590 274 1594 584 275 1595 584 275 1596 590 274 1597 569 276 1598 584 275 1599 569 276 1600 543 277 1601 543 277 1602 569 276 1603 519 278 1604 543 277 1605 519 278 1606 497 121 1607 497 121 1608 519 278 1609 483 279 1610 497 121 1611 483 279 1612 451 280 1613 451 280 1614 483 279 1615 429 281 1616 451 280 1617 429 281 1618 414 282 1619 414 282 1620 429 281 1621 412 283 1622 414 282 1623 412 283 1624 378 284 1625 378 284 1626 412 283 1627 376 285 1628 378 284 1629 376 285 1630 358 286 1631 358 286 1632 376 285 1633 356 287 1634 358 286 1635 356 287 1636 338 288 1637 338 288 1638 356 287 1639 352 289 1640 338 288 1641 352 289 1642 310 290 1643 310 290 1644 352 289 1645 266 291 1646 266 291 1647 352 289 1648 320 292 1649 266 291 1650 320 292 1651 231 293 1652 231 293 1653 320 292 1654 308 294 1655 231 293 1656 308 294 1657 215 295 1658 215 295 1659 308 294 1660 281 296 1661 215 295 1662 281 296 1663 190 297 1664 190 297 1665 281 296 1666 259 298 1667 190 297 1668 259 298 1669 183 299 1670 183 299 1671 259 298 1672 251 121 1673 183 299 1674 251 121 1675 182 300 1676 182 300 1677 251 121 1678 258 301 1679 182 300 1680 258 301 1681 189 302 1682 189 302 1683 258 301 1684 280 303 1685 189 302 1686 280 303 1687 214 121 1688 214 121 1689 280 303 1690 307 304 1691 214 121 1692 307 304 1693 230 305 1694 230 305 1695 307 304 1696 319 306 1697 230 305 1698 319 306 1699 265 121 1700 265 121 1701 319 306 1702 351 307 1703 265 121 1704 351 307 1705 309 121 1706 309 121 1707 351 307 1708 337 308 1709 337 308 1710 351 307 1711 355 309 1712 337 308 1713 355 309 1714 357 310 1715 357 310 1716 355 309 1717 375 311 1718 357 310 1719 375 311 1720 377 312 1721 377 312 1722 375 311 1723 411 313 1724 377 312 1725 411 313 1726 413 314 1727 413 314 1728 411 313 1729 428 315 1730 413 314 1731 428 315 1732 450 238 1733 450 238 1734 428 315 1735 482 239 1736 259 316 1737 257 317 1738 251 318 1739 251 318 1740 257 317 1741 250 319 1742 251 318 1743 250 319 1744 258 320 1745 258 320 1746 250 319 1747 256 321 1748 258 320 1749 256 321 1750 280 322 1751 280 322 1752 256 321 1753 278 323 1754 280 322 1755 278 323 1756 307 324 1757 307 324 1758 278 323 1759 305 325 1760 307 324 1761 305 325 1762 319 326 1763 319 326 1764 305 325 1765 317 327 1766 319 326 1767 317 327 1768 351 328 1769 351 328 1770 317 327 1771 349 329 1772 351 328 1773 349 329 1774 355 330 1775 355 330 1776 349 329 1777 353 331 1778 355 330 1779 353 331 1780 375 332 1781 375 332 1782 353 331 1783 373 333 1784 375 332 1785 373 333 1786 411 334 1787 411 334 1788 373 333 1789 409 335 1790 411 334 1791 409 335 1792 428 336 1793 428 336 1794 409 335 1795 426 337 1796 428 336 1797 426 337 1798 482 338 1799 482 338 1800 426 337 1801 480 339 1802 482 338 1803 480 339 1804 518 340 1805 518 340 1806 480 339 1807 516 341 1808 518 340 1809 516 341 1810 568 342 1811 568 342 1812 516 341 1813 566 343 1814 568 342 1815 566 343 1816 589 344 1817 589 344 1818 566 343 1819 587 345 1820 589 344 1821 587 345 1822 625 346 1823 625 346 1824 587 345 1825 623 347 1826 625 346 1827 623 347 1828 641 348 1829 641 348 1830 623 347 1831 639 349 1832 641 348 1833 639 349 1834 649 350 1835 649 350 1836 639 349 1837 647 351 1838 649 350 1839 647 351 1840 677 352 1841 677 352 1842 647 351 1843 675 353 1844 677 352 1845 675 353 1846 693 354 1847 693 354 1848 675 353 1849 691 355 1850 693 354 1851 691 355 1852 720 356 1853 720 356 1854 691 355 1855 718 357 1856 720 356 1857 718 357 1858 738 358 1859 738 358 1860 718 357 1861 736 359 1862 738 358 1863 736 359 1864 745 360 1865 745 360 1866 736 359 1867 744 361 1868 745 360 1869 744 361 1870 739 362 1871 739 362 1872 744 361 1873 737 363 1874 739 362 1875 737 363 1876 721 364 1877 721 364 1878 737 363 1879 719 365 1880 721 364 1881 719 365 1882 694 366 1883 694 366 1884 719 365 1885 692 367 1886 694 366 1887 692 367 1888 678 368 1889 678 368 1890 692 367 1891 676 369 1892 678 368 1893 676 369 1894 650 370 1895 650 370 1896 676 369 1897 648 371 1898 650 370 1899 648 371 1900 642 372 1901 642 372 1902 648 371 1903 640 373 1904 642 372 1905 640 373 1906 626 374 1907 626 374 1908 640 373 1909 624 375 1910 626 374 1911 624 375 1912 590 376 1913 590 376 1914 624 375 1915 588 377 1916 590 376 1917 588 377 1918 569 378 1919 569 378 1920 588 377 1921 567 379 1922 569 378 1923 567 379 1924 519 380 1925 519 380 1926 567 379 1927 517 381 1928 519 380 1929 517 381 1930 483 382 1931 483 382 1932 517 381 1933 481 383 1934 483 382 1935 481 383 1936 429 384 1937 429 384 1938 481 383 1939 427 385 1940 429 384 1941 427 385 1942 412 386 1943 412 386 1944 427 385 1945 410 387 1946 412 386 1947 410 387 1948 376 388 1949 376 388 1950 410 387 1951 374 389 1952 376 388 1953 374 389 1954 356 390 1955 356 390 1956 374 389 1957 354 391 1958 356 390 1959 354 391 1960 352 392 1961 352 392 1962 354 391 1963 350 393 1964 352 392 1965 350 393 1966 320 394 1967 320 394 1968 350 393 1969 318 395 1970 320 394 1971 318 395 1972 308 396 1973 308 396 1974 318 395 1975 306 397 1976 308 396 1977 306 397 1978 281 398 1979 281 398 1980 306 397 1981 279 399 1982 281 398 1983 279 399 1984 259 316 1985 259 316 1986 279 399 1987 257 317 1988 2 400 1989 27 401 1990 0 402 1991 0 402 1992 27 401 1993 22 403 1994 0 402 1995 22 403 1996 24 404 1997 27 401 1998 2 400 1999 36 405 2000 36 405 2001 2 400 2002 6 406 2003 36 405 2004 6 406 2005 42 407 2006 42 407 2007 6 406 2008 44 408 2009 42 407 2010 44 408 2011 60 409 2012 60 409 2013 44 408 2014 62 410 2015 60 409 2016 62 410 2017 69 411 2018 69 411 2019 62 410 2020 79 412 2021 69 411 2022 79 412 2023 102 413 2024 6 406 2025 10 414 2026 44 408 2027 44 408 2028 10 414 2029 56 415 2030 56 415 2031 10 414 2032 14 403 2033 56 415 2034 14 403 2035 72 403 2036 72 403 2037 14 403 2038 31 403 2039 72 403 2040 31 403 2041 93 403 2042 93 403 2043 31 403 2044 51 416 2045 93 403 2046 51 416 2047 143 417 2048 143 417 2049 51 416 2050 83 418 2051 143 417 2052 83 418 2053 156 419 2054 156 419 2055 83 418 2056 171 403 2057 171 403 2058 83 418 2059 125 420 2060 171 403 2061 125 420 2062 199 421 2063 199 421 2064 125 420 2065 195 422 2066 199 421 2067 195 422 2068 223 423 2069 223 423 2070 195 422 2071 290 424 2072 223 423 2073 290 424 2074 243 403 2075 243 403 2076 290 424 2077 313 403 2078 243 403 2079 313 403 2080 260 403 2081 260 403 2082 313 403 2083 321 403 2084 260 403 2085 321 403 2086 282 403 2087 282 403 2088 321 403 2089 333 403 2090 282 403 2091 333 403 2092 345 403 2093 195 422 2094 271 425 2095 290 424 2096 290 424 2097 271 425 2098 325 426 2099 325 426 2100 271 425 2101 329 403 2102 325 426 2103 329 403 2104 365 403 2105 365 403 2106 329 403 2107 369 403 2108 365 403 2109 369 403 2110 393 403 2111 393 403 2112 369 403 2113 401 403 2114 393 403 2115 401 403 2116 458 403 2117 458 403 2118 401 403 2119 470 403 2120 470 403 2121 401 403 2122 454 403 2123 470 403 2124 454 403 2125 486 403 2126 486 403 2127 454 403 2128 512 403 2129 486 403 2130 512 403 2131 500 403 2132 500 403 2133 512 403 2134 520 403 2135 520 403 2136 512 403 2137 575 403 2138 520 403 2139 575 403 2140 532 403 2141 532 403 2142 575 403 2143 546 403 2144 546 403 2145 575 403 2146 599 403 2147 546 403 2148 599 403 2149 556 403 2150 556 403 2151 599 403 2152 607 403 2153 556 403 2154 607 403 2155 557 403 2156 557 403 2157 607 403 2158 603 403 2159 557 403 2160 603 403 2161 595 403 2162 575 403 2163 619 403 2164 599 403 2165 599 403 2166 619 403 2167 643 403 2168 599 403 2169 643 403 2170 627 403 2171 627 403 2172 643 403 2173 687 427 2174 627 403 2175 687 427 2176 667 428 2177 667 428 2178 687 427 2179 766 429 2180 667 428 2181 766 429 2182 706 430 2183 706 430 2184 766 429 2185 832 431 2186 706 430 2187 832 431 2188 790 432 2189 790 432 2190 832 431 2191 814 433 2192 814 433 2193 832 431 2194 894 434 2195 814 433 2196 894 434 2197 836 435 2198 836 435 2199 894 434 2200 927 436 2201 836 435 2202 927 436 2203 851 403 2204 851 403 2205 927 436 2206 857 403 2207 857 403 2208 927 436 2209 903 403 2210 857 403 2211 903 403 2212 848 403 2213 848 403 2214 903 403 2215 883 437 2216 848 403 2217 883 437 2218 825 438 2219 825 438 2220 883 437 2221 866 439 2222 825 438 2223 866 439 2224 801 440 2225 801 440 2226 866 439 2227 827 441 2228 801 440 2229 827 441 2230 793 442 2231 927 436 2232 955 403 2233 903 403 2234 903 403 2235 955 403 2236 975 403 2237 903 403 2238 975 403 2239 920 403 2240 920 403 2241 975 403 2242 982 403 2243 920 403 2244 982 403 2245 940 403 2246 940 403 2247 982 403 2248 986 403 2249 940 403 2250 986 403 2251 948 443 2252 948 443 2253 986 403 2254 990 444 2255 948 443 2256 990 444 2257 959 445 2258 959 445 2259 990 444 2260 965 446 2261 965 446 2262 990 444 2263 994 447 2264 965 446 2265 994 447 2266 970 448 2267 970 448 2268 994 447 2269 972 449 2270 972 449 2271 994 447 2272 995 450 2273 972 449 2274 995 450 2275 967 451 2276 967 451 2277 995 450 2278 962 452 2279 962 452 2280 995 450 2281 991 453 2282 962 452 2283 991 453 2284 952 454 2285 952 454 2286 991 453 2287 949 455 2288 952 454 2289 949 455 2290 938 456 2291 938 456 2292 949 455 2293 935 457 2294 938 456 2295 935 457 2296 925 458 2297 925 458 2298 935 457 2299 914 459 2300 925 458 2301 914 459 2302 891 460 2303 991 453 2304 987 461 2305 949 455 2306 949 455 2307 987 461 2308 941 403 2309 941 403 2310 987 461 2311 983 403 2312 941 403 2313 983 403 2314 921 462 2315 921 462 2316 983 403 2317 976 463 2318 921 462 2319 976 463 2320 904 464 2321 904 464 2322 976 463 2323 956 403 2324 904 464 2325 956 403 2326 928 403 2327 895 465 2328 841 466 2329 928 403 2330 928 403 2331 841 466 2332 854 403 2333 928 403 2334 854 403 2335 904 464 2336 904 464 2337 854 403 2338 853 403 2339 904 464 2340 853 403 2341 840 403 2342 833 467 2343 798 468 2344 895 465 2345 895 465 2346 798 468 2347 822 469 2348 895 465 2349 822 469 2350 841 466 2351 767 470 2352 707 471 2353 833 467 2354 833 467 2355 707 471 2356 774 472 2357 833 467 2358 774 472 2359 798 468 2360 707 471 2361 767 470 2362 668 473 2363 668 473 2364 767 470 2365 688 474 2366 668 473 2367 688 474 2368 628 403 2369 628 403 2370 688 474 2371 644 403 2372 628 403 2373 644 403 2374 600 403 2375 600 403 2376 644 403 2377 620 403 2378 600 403 2379 620 403 2380 576 403 2381 513 403 2382 527 403 2383 576 403 2384 576 403 2385 527 403 2386 539 403 2387 576 403 2388 539 403 2389 600 403 2390 600 403 2391 539 403 2392 553 403 2393 600 403 2394 553 403 2395 562 403 2396 455 403 2397 493 403 2398 513 403 2399 513 403 2400 493 403 2401 507 403 2402 513 403 2403 507 403 2404 527 403 2405 402 403 2406 465 403 2407 455 403 2408 455 403 2409 465 403 2410 477 403 2411 455 403 2412 477 403 2413 493 403 2414 370 403 2415 394 403 2416 402 403 2417 402 403 2418 394 403 2419 447 403 2420 402 403 2421 447 403 2422 465 403 2423 394 403 2424 370 403 2425 366 403 2426 366 403 2427 370 403 2428 330 403 2429 366 403 2430 330 403 2431 326 475 2432 326 475 2433 330 403 2434 272 476 2435 326 475 2436 272 476 2437 291 477 2438 291 477 2439 272 476 2440 196 478 2441 291 477 2442 196 478 2443 208 479 2444 208 479 2445 196 478 2446 126 480 2447 208 479 2448 126 480 2449 180 481 2450 180 481 2451 126 480 2452 84 482 2453 180 481 2454 84 482 2455 162 403 2456 162 403 2457 84 482 2458 147 403 2459 147 403 2460 84 482 2461 52 483 2462 147 403 2463 52 483 2464 141 403 2465 141 403 2466 52 483 2467 94 484 2468 141 403 2469 94 484 2470 150 403 2471 150 403 2472 94 484 2473 110 485 2474 150 403 2475 110 485 2476 169 486 2477 169 486 2478 110 485 2479 131 487 2480 169 486 2481 131 487 2482 193 488 2483 193 488 2484 131 487 2485 166 489 2486 193 488 2487 166 489 2488 204 490 2489 52 483 2490 32 491 2491 94 484 2492 94 484 2493 32 491 2494 73 403 2495 73 403 2496 32 491 2497 15 403 2498 73 403 2499 15 403 2500 57 403 2501 57 403 2502 15 403 2503 11 403 2504 57 403 2505 11 403 2506 45 492 2507 45 492 2508 11 403 2509 7 493 2510 45 492 2511 7 493 2512 39 494 2513 39 494 2514 7 493 2515 3 495 2516 39 494 2517 3 495 2518 29 496 2519 29 496 2520 3 495 2521 24 404 2522 24 404 2523 3 495 2524 0 402 2525 257 497 2526 113 498 2527 250 499 2528 250 499 2529 113 498 2530 115 403 2531 250 499 2532 115 403 2533 256 500 2534 256 500 2535 115 403 2536 106 501 2537 256 500 2538 106 501 2539 152 502 2540 152 502 2541 106 501 2542 97 503 2543 152 502 2544 97 503 2545 121 504 2546 121 504 2547 97 503 2548 87 505 2549 121 504 2550 87 505 2551 102 413 2552 102 413 2553 87 505 2554 69 411 2555 113 498 2556 257 497 2557 153 506 2558 153 506 2559 257 497 2560 279 507 2561 153 506 2562 279 507 2563 176 508 2564 176 508 2565 279 507 2566 306 509 2567 176 508 2568 306 509 2569 211 403 2570 211 403 2571 306 509 2572 318 403 2573 211 403 2574 318 403 2575 237 510 2576 237 510 2577 318 403 2578 350 511 2579 237 510 2580 350 511 2581 252 403 2582 252 403 2583 350 511 2584 342 512 2585 252 403 2586 342 512 2587 275 403 2588 275 403 2589 342 512 2590 294 403 2591 294 403 2592 342 512 2593 346 403 2594 294 403 2595 346 403 2596 286 403 2597 286 403 2598 346 403 2599 334 403 2600 286 403 2601 334 403 2602 269 403 2603 269 403 2604 334 403 2605 322 403 2606 269 403 2607 322 403 2608 314 513 2609 350 511 2610 354 514 2611 342 512 2612 342 512 2613 354 514 2614 374 515 2615 342 512 2616 374 515 2617 362 516 2618 362 516 2619 374 515 2620 410 517 2621 362 516 2622 410 517 2623 382 518 2624 382 518 2625 410 517 2626 418 519 2627 418 519 2628 410 517 2629 427 520 2630 418 519 2631 427 520 2632 481 521 2633 517 522 2634 492 523 2635 481 521 2636 481 521 2637 492 523 2638 476 524 2639 481 521 2640 476 524 2641 418 519 2642 418 519 2643 476 524 2644 464 403 2645 418 519 2646 464 403 2647 406 403 2648 406 403 2649 464 403 2650 446 403 2651 406 403 2652 446 403 2653 398 403 2654 398 403 2655 446 403 2656 436 403 2657 398 403 2658 436 403 2659 390 403 2660 390 403 2661 436 403 2662 386 403 2663 386 403 2664 436 403 2665 437 403 2666 386 403 2667 437 403 2668 394 403 2669 394 403 2670 437 403 2671 447 403 2672 567 403 2673 580 525 2674 517 522 2675 517 522 2676 580 525 2677 506 526 2678 517 522 2679 506 526 2680 492 523 2681 567 403 2682 588 527 2683 580 525 2684 580 525 2685 588 527 2686 612 528 2687 612 528 2688 588 527 2689 632 529 2690 632 529 2691 588 527 2692 624 530 2693 632 529 2694 624 530 2695 656 531 2696 656 531 2697 624 530 2698 640 532 2699 656 531 2700 640 532 2701 648 533 2702 676 403 2703 757 534 2704 648 533 2705 648 533 2706 757 534 2707 732 535 2708 648 533 2709 732 535 2710 656 531 2711 656 531 2712 732 535 2713 714 403 2714 656 531 2715 714 403 2716 702 403 2717 757 534 2718 676 403 2719 787 536 2720 787 536 2721 676 403 2722 692 537 2723 787 536 2724 692 537 2725 818 538 2726 818 538 2727 692 537 2728 719 539 2729 818 538 2730 719 539 2731 845 540 2732 845 540 2733 719 539 2734 737 541 2735 845 540 2736 737 541 2737 888 542 2738 888 542 2739 737 541 2740 879 543 2741 879 543 2742 737 541 2743 744 544 2744 879 543 2745 744 544 2746 881 545 2747 881 545 2748 744 544 2749 736 546 2750 881 545 2751 736 546 2752 844 547 2753 844 547 2754 736 546 2755 718 548 2756 844 547 2757 718 548 2758 817 549 2759 817 549 2760 718 548 2761 691 550 2762 817 549 2763 691 550 2764 786 403 2765 786 403 2766 691 550 2767 675 403 2768 786 403 2769 675 403 2770 756 551 2771 756 551 2772 675 403 2773 647 552 2774 756 551 2775 647 552 2776 742 553 2777 742 553 2778 647 552 2779 655 554 2780 742 553 2781 655 554 2782 723 403 2783 723 403 2784 655 554 2785 704 403 2786 704 403 2787 655 554 2788 651 403 2789 704 403 2790 651 403 2791 712 403 2792 712 403 2793 651 403 2794 663 403 2795 712 403 2796 663 403 2797 725 403 2798 725 403 2799 663 403 2800 671 403 2801 725 403 2802 671 403 2803 679 555 2804 647 552 2805 639 556 2806 655 554 2807 655 554 2808 639 556 2809 623 557 2810 655 554 2811 623 557 2812 631 558 2813 631 558 2814 623 557 2815 587 559 2816 631 558 2817 587 559 2818 611 560 2819 611 560 2820 587 559 2821 579 561 2822 579 561 2823 587 559 2824 566 562 2825 579 561 2826 566 562 2827 516 563 2828 480 564 2829 501 565 2830 516 563 2831 516 563 2832 501 565 2833 521 566 2834 516 563 2835 521 566 2836 579 561 2837 579 561 2838 521 566 2839 533 403 2840 579 561 2841 533 403 2842 591 403 2843 591 403 2844 533 403 2845 547 403 2846 591 403 2847 547 403 2848 595 403 2849 595 403 2850 547 403 2851 557 403 2852 426 403 2853 417 567 2854 480 564 2855 480 564 2856 417 567 2857 487 568 2858 480 564 2859 487 568 2860 501 565 2861 426 403 2862 409 517 2863 417 567 2864 417 567 2865 409 517 2866 381 569 2867 381 569 2868 409 517 2869 361 570 2870 361 570 2871 409 517 2872 373 571 2873 361 570 2874 373 571 2875 341 572 2876 341 572 2877 373 571 2878 353 573 2879 341 572 2880 353 573 2881 349 574 2882 317 403 2883 236 575 2884 349 574 2885 349 574 2886 236 575 2887 261 403 2888 349 574 2889 261 403 2890 341 572 2891 341 572 2892 261 403 2893 283 403 2894 341 572 2895 283 403 2896 296 403 2897 236 575 2898 317 403 2899 210 576 2900 210 576 2901 317 403 2902 305 577 2903 210 576 2904 305 577 2905 175 578 2906 175 578 2907 305 577 2908 278 579 2909 175 578 2910 278 579 2911 152 502 2912 152 502 2913 278 579 2914 256 500 2915 441 580 2916 389 403 2917 432 403 2918 432 403 2919 389 403 2920 385 403 2921 432 403 2922 385 403 2923 393 403 2924 459 581 2925 405 582 2926 441 580 2927 441 580 2928 405 582 2929 397 583 2930 441 580 2931 397 583 2932 389 403 2933 405 582 2934 459 581 2935 417 567 2936 417 567 2937 459 581 2938 471 584 2939 417 567 2940 471 584 2941 487 568 2942 458 403 2943 440 403 2944 393 403 2945 393 403 2946 440 403 2947 432 403 2948 918 585 2949 913 586 2950 931 587 2951 931 587 2952 913 586 2953 934 588 2954 931 587 2955 934 588 2956 948 443 2957 908 589 2958 871 590 2959 918 585 2960 918 585 2961 871 590 2962 890 591 2963 918 585 2964 890 591 2965 913 586 2966 871 590 2967 908 589 2968 844 547 2969 844 547 2970 908 589 2971 898 592 2972 844 547 2973 898 592 2974 881 545 2975 888 542 2976 901 593 2977 845 540 2978 845 540 2979 901 593 2980 872 594 2981 872 594 2982 901 593 2983 911 595 2984 872 594 2985 911 595 2986 891 460 2987 891 460 2988 911 595 2989 925 458 2990 959 445 2991 945 596 2992 948 443 2993 948 443 2994 945 596 2995 931 587 2996 552 597 2997 604 403 2998 562 403 2999 562 403 3000 604 403 3001 608 403 3002 562 403 3003 608 403 3004 600 403 3005 538 598 3006 592 599 3007 552 597 3008 552 597 3009 592 599 3010 596 600 3011 552 597 3012 596 600 3013 604 403 3014 592 599 3015 538 598 3016 580 525 3017 580 525 3018 538 598 3019 526 601 3020 580 525 3021 526 601 3022 506 526 3023 76 602 3024 80 603 3025 66 604 3026 66 604 3027 80 603 3028 63 605 3029 66 604 3030 63 605 3031 45 492 3032 90 606 3033 122 607 3034 76 602 3035 76 602 3036 122 607 3037 103 608 3038 76 602 3039 103 608 3040 80 603 3041 122 607 3042 90 606 3043 153 506 3044 153 506 3045 90 606 3046 100 609 3047 153 506 3048 100 609 3049 113 498 3050 39 494 3051 49 610 3052 45 492 3053 45 492 3054 49 610 3055 66 604 3056 193 488 3057 204 490 3058 220 611 3059 220 611 3060 204 490 3061 237 510 3062 220 611 3063 237 510 3064 240 612 3065 240 612 3066 237 510 3067 252 403 3068 208 479 3069 227 613 3070 291 477 3071 291 477 3072 227 613 3073 247 614 3074 291 477 3075 247 614 3076 314 513 3077 314 513 3078 247 614 3079 269 403 3080 341 572 3081 296 403 3082 345 403 3083 345 403 3084 296 403 3085 282 403 3086 143 417 3087 144 403 3088 93 403 3089 93 403 3090 144 403 3091 157 403 3092 93 403 3093 157 403 3094 109 403 3095 109 403 3096 157 403 3097 172 615 3098 109 403 3099 172 615 3100 130 403 3101 130 403 3102 172 615 3103 165 616 3104 165 616 3105 172 615 3106 200 617 3107 165 616 3108 200 617 3109 203 618 3110 203 618 3111 200 617 3112 224 619 3113 203 618 3114 224 619 3115 236 575 3116 236 575 3117 224 619 3118 244 620 3119 236 575 3120 244 620 3121 261 403 3122 801 440 3123 793 442 3124 777 621 3125 777 621 3126 793 442 3127 756 551 3128 777 621 3129 756 551 3130 754 403 3131 754 403 3132 756 551 3133 742 553 3134 790 432 3135 771 622 3136 706 430 3137 706 430 3138 771 622 3139 747 623 3140 706 430 3141 747 623 3142 679 555 3143 679 555 3144 747 623 3145 725 403 3146 656 531 3147 702 403 3148 652 403 3149 652 403 3150 702 403 3151 715 403 3152 652 403 3153 715 403 3154 664 403 3155 664 403 3156 715 403 3157 672 403 3158 672 403 3159 715 403 3160 733 403 3161 672 403 3162 733 403 3163 680 403 3164 680 403 3165 733 403 3166 750 403 3167 680 403 3168 750 403 3169 707 471 3170 707 471 3171 750 403 3172 774 472 3173 904 464 3174 840 403 3175 884 403 3176 884 403 3177 840 403 3178 821 624 3179 884 403 3180 821 624 3181 867 403 3182 867 403 3183 821 624 3184 828 625 3185 828 625 3186 821 624 3187 797 626 3188 828 625 3189 797 626 3190 794 403 3191 794 403 3192 797 626 3193 773 627 3194 794 403 3195 773 627 3196 757 534 3197 757 534 3198 773 627 3199 749 628 3200 757 534 3201 749 628 3202 732 535 3203 443 629 3204 441 630 3205 433 631 3206 433 631 3207 441 630 3208 432 632 3209 433 631 3210 432 632 3211 442 633 3212 442 633 3213 432 632 3214 440 634 3215 442 633 3216 440 634 3217 460 635 3218 460 635 3219 440 634 3220 458 636 3221 460 635 3222 458 636 3223 472 637 3224 472 637 3225 458 636 3226 470 638 3227 472 637 3228 470 638 3229 488 639 3230 488 639 3231 470 638 3232 486 640 3233 488 639 3234 486 640 3235 502 641 3236 502 641 3237 486 640 3238 500 642 3239 502 641 3240 500 642 3241 522 643 3242 522 643 3243 500 642 3244 520 644 3245 522 643 3246 520 644 3247 534 645 3248 534 645 3249 520 644 3250 532 646 3251 534 645 3252 532 646 3253 548 647 3254 548 647 3255 532 646 3256 546 648 3257 548 647 3258 546 648 3259 558 649 3260 558 649 3261 546 648 3262 556 650 3263 558 649 3264 556 650 3265 559 651 3266 559 651 3267 556 650 3268 557 652 3269 559 651 3270 557 652 3271 549 653 3272 549 653 3273 557 652 3274 547 654 3275 549 653 3276 547 654 3277 535 655 3278 535 655 3279 547 654 3280 533 656 3281 535 655 3282 533 656 3283 523 657 3284 523 657 3285 533 656 3286 521 658 3287 523 657 3288 521 658 3289 503 659 3290 503 659 3291 521 658 3292 501 660 3293 503 659 3294 501 660 3295 489 661 3296 489 661 3297 501 660 3298 487 662 3299 489 661 3300 487 662 3301 473 663 3302 473 663 3303 487 662 3304 471 664 3305 473 663 3306 471 664 3307 461 665 3308 461 665 3309 471 664 3310 459 666 3311 461 665 3312 459 666 3313 443 629 3314 443 629 3315 459 666 3316 441 630 3317 424 667 3318 421 668 3319 433 669 3320 433 669 3321 421 668 3322 425 670 3323 433 669 3324 425 670 3325 443 671 3326 443 671 3327 425 670 3328 435 672 3329 443 671 3330 435 672 3331 461 673 3332 461 673 3333 435 672 3334 463 674 3335 461 673 3336 463 674 3337 473 675 3338 473 675 3339 463 674 3340 475 676 3341 473 675 3342 475 676 3343 489 677 3344 489 677 3345 475 676 3346 491 678 3347 489 677 3348 491 678 3349 503 679 3350 503 679 3351 491 678 3352 511 680 3353 503 679 3354 511 680 3355 523 681 3356 523 681 3357 511 680 3358 531 682 3359 523 681 3360 531 682 3361 535 683 3362 535 683 3363 531 682 3364 551 684 3365 535 683 3366 551 684 3367 549 685 3368 549 685 3369 551 684 3370 565 686 3371 549 685 3372 565 686 3373 559 687 3374 559 687 3375 565 686 3376 573 688 3377 559 687 3378 573 688 3379 572 689 3380 559 687 3381 572 689 3382 558 690 3383 558 690 3384 572 689 3385 564 691 3386 558 690 3387 564 691 3388 548 692 3389 548 692 3390 564 691 3391 550 693 3392 548 692 3393 550 693 3394 534 694 3395 534 694 3396 550 693 3397 530 695 3398 534 694 3399 530 695 3400 522 696 3401 522 696 3402 530 695 3403 510 697 3404 522 696 3405 510 697 3406 502 698 3407 502 698 3408 510 697 3409 490 699 3410 502 698 3411 490 699 3412 488 700 3413 488 700 3414 490 699 3415 474 701 3416 488 700 3417 474 701 3418 472 702 3419 472 702 3420 474 701 3421 462 703 3422 472 702 3423 462 703 3424 460 704 3425 460 704 3426 462 703 3427 434 705 3428 460 704 3429 434 705 3430 442 706 3431 442 706 3432 434 705 3433 424 667 3434 442 706 3435 424 667 3436 433 669 3437 919 707 3438 918 708 3439 932 709 3440 932 709 3441 918 708 3442 931 710 3443 932 709 3444 931 710 3445 946 711 3446 946 711 3447 931 710 3448 945 712 3449 946 711 3450 945 712 3451 960 713 3452 960 713 3453 945 712 3454 959 714 3455 960 713 3456 959 714 3457 966 715 3458 966 715 3459 959 714 3460 965 716 3461 966 715 3462 965 716 3463 971 717 3464 971 717 3465 965 716 3466 970 718 3467 971 717 3468 970 718 3469 973 719 3470 973 719 3471 970 718 3472 972 720 3473 973 719 3474 972 720 3475 968 721 3476 968 721 3477 972 720 3478 967 722 3479 968 721 3480 967 722 3481 963 723 3482 963 723 3483 967 722 3484 962 724 3485 963 723 3486 962 724 3487 953 725 3488 953 725 3489 962 724 3490 952 726 3491 953 725 3492 952 726 3493 939 727 3494 939 727 3495 952 726 3496 938 728 3497 939 727 3498 938 728 3499 926 729 3500 926 729 3501 938 728 3502 925 730 3503 926 729 3504 925 730 3505 912 731 3506 912 731 3507 925 730 3508 911 732 3509 912 731 3510 911 732 3511 902 733 3512 902 733 3513 911 732 3514 901 734 3515 902 733 3516 901 734 3517 889 735 3518 889 735 3519 901 734 3520 888 736 3521 889 735 3522 888 736 3523 880 737 3524 880 737 3525 888 736 3526 879 738 3527 880 737 3528 879 738 3529 882 739 3530 882 739 3531 879 738 3532 881 740 3533 882 739 3534 881 740 3535 899 741 3536 899 741 3537 881 740 3538 898 742 3539 899 741 3540 898 742 3541 909 743 3542 909 743 3543 898 742 3544 908 744 3545 909 743 3546 908 744 3547 919 707 3548 919 707 3549 908 744 3550 918 708 3551 947 745 3552 933 746 3553 932 747 3554 932 747 3555 933 746 3556 917 748 3557 932 747 3558 917 748 3559 919 749 3560 919 749 3561 917 748 3562 907 750 3563 919 749 3564 907 750 3565 909 751 3566 909 751 3567 907 750 3568 887 752 3569 909 751 3570 887 752 3571 899 753 3572 899 753 3573 887 752 3574 877 754 3575 899 753 3576 877 754 3577 882 755 3578 882 755 3579 877 754 3580 875 756 3581 882 755 3582 875 756 3583 880 757 3584 880 757 3585 875 756 3586 876 758 3587 880 757 3588 876 758 3589 889 759 3590 889 759 3591 876 758 3592 878 760 3593 889 759 3594 878 760 3595 902 761 3596 902 761 3597 878 760 3598 900 762 3599 902 761 3600 900 762 3601 912 763 3602 912 763 3603 900 762 3604 910 764 3605 912 763 3606 910 764 3607 926 765 3608 926 765 3609 910 764 3610 924 766 3611 926 765 3612 924 766 3613 944 767 3614 926 765 3615 944 767 3616 939 768 3617 939 768 3618 944 767 3619 954 769 3620 939 768 3621 954 769 3622 953 770 3623 953 770 3624 954 769 3625 964 771 3626 953 770 3627 964 771 3628 963 772 3629 963 772 3630 964 771 3631 974 773 3632 963 772 3633 974 773 3634 968 774 3635 968 774 3636 974 773 3637 980 775 3638 968 774 3639 980 775 3640 973 776 3641 973 776 3642 980 775 3643 981 777 3644 973 776 3645 981 777 3646 971 778 3647 971 778 3648 981 777 3649 979 779 3650 971 778 3651 979 779 3652 966 780 3653 966 780 3654 979 779 3655 969 781 3656 966 780 3657 969 781 3658 960 782 3659 960 782 3660 969 781 3661 961 783 3662 960 782 3663 961 783 3664 946 784 3665 946 784 3666 961 783 3667 947 745 3668 946 784 3669 947 745 3670 932 747 3671 554 785 3672 552 786 3673 563 787 3674 563 787 3675 552 786 3676 562 788 3677 563 787 3678 562 788 3679 555 789 3680 555 789 3681 562 788 3682 553 790 3683 555 789 3684 553 790 3685 541 791 3686 541 791 3687 553 790 3688 539 792 3689 541 791 3690 539 792 3691 529 793 3692 529 793 3693 539 792 3694 527 794 3695 529 793 3696 527 794 3697 509 795 3698 509 795 3699 527 794 3700 507 796 3701 509 795 3702 507 796 3703 495 797 3704 495 797 3705 507 796 3706 493 798 3707 495 797 3708 493 798 3709 479 799 3710 479 799 3711 493 798 3712 477 800 3713 479 799 3714 477 800 3715 467 801 3716 467 801 3717 477 800 3718 465 802 3719 467 801 3720 465 802 3721 449 803 3722 449 803 3723 465 802 3724 447 804 3725 449 803 3726 447 804 3727 439 805 3728 439 805 3729 447 804 3730 437 806 3731 439 805 3732 437 806 3733 438 807 3734 438 807 3735 437 806 3736 436 808 3737 438 807 3738 436 808 3739 448 809 3740 448 809 3741 436 808 3742 446 810 3743 448 809 3744 446 810 3745 466 811 3746 466 811 3747 446 810 3748 464 812 3749 466 811 3750 464 812 3751 478 813 3752 478 813 3753 464 812 3754 476 814 3755 478 813 3756 476 814 3757 494 815 3758 494 815 3759 476 814 3760 492 816 3761 494 815 3762 492 816 3763 508 817 3764 508 817 3765 492 816 3766 506 818 3767 508 817 3768 506 818 3769 528 819 3770 528 819 3771 506 818 3772 526 820 3773 528 819 3774 526 820 3775 540 821 3776 540 821 3777 526 820 3778 538 822 3779 540 821 3780 538 822 3781 554 785 3782 554 785 3783 538 822 3784 552 786 3785 571 823 3786 574 824 3787 563 825 3788 563 825 3789 574 824 3790 570 826 3791 563 825 3792 570 826 3793 554 827 3794 554 827 3795 570 826 3796 560 828 3797 554 827 3798 560 828 3799 540 829 3800 540 829 3801 560 828 3802 536 830 3803 540 829 3804 536 830 3805 528 831 3806 528 831 3807 536 830 3808 524 832 3809 528 831 3810 524 832 3811 508 833 3812 508 833 3813 524 832 3814 504 834 3815 508 833 3816 504 834 3817 494 835 3818 494 835 3819 504 834 3820 484 836 3821 494 835 3822 484 836 3823 478 837 3824 478 837 3825 484 836 3826 468 838 3827 478 837 3828 468 838 3829 466 839 3830 466 839 3831 468 838 3832 444 840 3833 466 839 3834 444 840 3835 448 841 3836 448 841 3837 444 840 3838 430 842 3839 448 841 3840 430 842 3841 438 843 3842 438 843 3843 430 842 3844 422 844 3845 438 843 3846 422 844 3847 423 845 3848 438 843 3849 423 845 3850 439 846 3851 439 846 3852 423 845 3853 431 847 3854 439 846 3855 431 847 3856 449 848 3857 449 848 3858 431 847 3859 445 849 3860 449 848 3861 445 849 3862 467 850 3863 467 850 3864 445 849 3865 469 851 3866 467 850 3867 469 851 3868 479 852 3869 479 852 3870 469 851 3871 485 853 3872 479 852 3873 485 853 3874 495 854 3875 495 854 3876 485 853 3877 505 855 3878 495 854 3879 505 855 3880 509 856 3881 509 856 3882 505 855 3883 525 857 3884 509 856 3885 525 857 3886 529 858 3887 529 858 3888 525 857 3889 537 859 3890 529 858 3891 537 859 3892 541 860 3893 541 860 3894 537 859 3895 561 861 3896 541 860 3897 561 861 3898 555 862 3899 555 862 3900 561 861 3901 571 823 3902 555 862 3903 571 823 3904 563 825 3905 77 863 3906 76 864 3907 67 865 3908 67 865 3909 76 864 3910 66 866 3911 67 865 3912 66 866 3913 50 867 3914 50 867 3915 66 866 3916 49 868 3917 50 867 3918 49 868 3919 40 869 3920 40 869 3921 49 868 3922 39 870 3923 40 869 3924 39 870 3925 30 871 3926 30 871 3927 39 870 3928 29 872 3929 30 871 3930 29 872 3931 25 873 3932 25 873 3933 29 872 3934 24 874 3935 25 873 3936 24 874 3937 23 875 3938 23 875 3939 24 874 3940 22 876 3941 23 875 3942 22 876 3943 28 877 3944 28 877 3945 22 876 3946 27 878 3947 28 877 3948 27 878 3949 37 879 3950 37 879 3951 27 878 3952 36 880 3953 37 879 3954 36 880 3955 43 881 3956 43 881 3957 36 880 3958 42 882 3959 43 881 3960 42 882 3961 61 883 3962 61 883 3963 42 882 3964 60 884 3965 61 883 3966 60 884 3967 70 885 3968 70 885 3969 60 884 3970 69 886 3971 70 885 3972 69 886 3973 88 887 3974 88 887 3975 69 886 3976 87 888 3977 88 887 3978 87 888 3979 98 889 3980 98 889 3981 87 888 3982 97 890 3983 98 889 3984 97 890 3985 107 891 3986 107 891 3987 97 890 3988 106 892 3989 107 891 3990 106 892 3991 116 893 3992 116 893 3993 106 892 3994 115 894 3995 116 893 3996 115 894 3997 114 895 3998 114 895 3999 115 894 4000 113 896 4001 114 895 4002 113 896 4003 101 897 4004 101 897 4005 113 896 4006 100 898 4007 101 897 4008 100 898 4009 91 899 4010 91 899 4011 100 898 4012 90 900 4013 91 899 4014 90 900 4015 77 863 4016 77 863 4017 90 900 4018 76 864 4019 48 901 4020 68 902 4021 67 903 4022 67 903 4023 68 902 4024 78 904 4025 67 903 4026 78 904 4027 77 905 4028 77 905 4029 78 904 4030 92 906 4031 77 905 4032 92 906 4033 91 907 4034 91 907 4035 92 906 4036 108 908 4037 91 907 4038 108 908 4039 101 909 4040 101 909 4041 108 908 4042 118 910 4043 101 909 4044 118 910 4045 114 911 4046 114 911 4047 118 910 4048 120 912 4049 114 911 4050 120 912 4051 116 913 4052 116 913 4053 120 912 4054 119 914 4055 116 913 4056 119 914 4057 107 915 4058 107 915 4059 119 914 4060 117 916 4061 107 915 4062 117 916 4063 98 917 4064 98 917 4065 117 916 4066 99 918 4067 98 917 4068 99 918 4069 88 919 4070 88 919 4071 99 918 4072 89 920 4073 88 919 4074 89 920 4075 70 921 4076 70 921 4077 89 920 4078 71 922 4079 70 921 4080 71 922 4081 55 923 4082 70 921 4083 55 923 4084 61 924 4085 61 924 4086 55 923 4087 41 925 4088 61 924 4089 41 925 4090 43 926 4091 43 926 4092 41 925 4093 35 927 4094 43 926 4095 35 927 4096 37 928 4097 37 928 4098 35 927 4099 21 929 4100 37 928 4101 21 929 4102 28 930 4103 28 930 4104 21 929 4105 19 931 4106 28 930 4107 19 931 4108 23 932 4109 23 932 4110 19 931 4111 18 933 4112 23 932 4113 18 933 4114 25 934 4115 25 934 4116 18 933 4117 20 935 4118 25 934 4119 20 935 4120 30 936 4121 30 936 4122 20 935 4123 26 937 4124 30 936 4125 26 937 4126 40 938 4127 40 938 4128 26 937 4129 38 939 4130 40 938 4131 38 939 4132 50 940 4133 50 940 4134 38 939 4135 48 901 4136 50 940 4137 48 901 4138 67 903 4139 194 941 4140 220 942 4141 221 943 4142 221 943 4143 220 942 4144 240 944 4145 221 943 4146 240 944 4147 241 945 4148 241 945 4149 240 944 4150 252 946 4151 241 945 4152 252 946 4153 253 947 4154 253 947 4155 252 946 4156 275 948 4157 253 947 4158 275 948 4159 276 949 4160 276 949 4161 275 948 4162 294 950 4163 276 949 4164 294 950 4165 295 951 4166 295 951 4167 294 950 4168 286 952 4169 295 951 4170 286 952 4171 287 953 4172 287 953 4173 286 952 4174 269 954 4175 287 953 4176 269 954 4177 270 955 4178 270 955 4179 269 954 4180 247 956 4181 270 955 4182 247 956 4183 248 957 4184 248 957 4185 247 956 4186 227 958 4187 248 957 4188 227 958 4189 228 959 4190 228 959 4191 227 958 4192 208 960 4193 228 959 4194 208 960 4195 209 961 4196 209 961 4197 208 960 4198 180 962 4199 209 961 4200 180 962 4201 181 963 4202 181 963 4203 180 962 4204 162 964 4205 181 963 4206 162 964 4207 163 965 4208 163 965 4209 162 964 4210 147 966 4211 163 965 4212 147 966 4213 148 967 4214 148 967 4215 147 966 4216 141 968 4217 148 967 4218 141 968 4219 142 969 4220 142 969 4221 141 968 4222 150 970 4223 142 969 4224 150 970 4225 151 971 4226 151 971 4227 150 970 4228 169 972 4229 151 971 4230 169 972 4231 170 973 4232 170 973 4233 169 972 4234 193 974 4235 170 973 4236 193 974 4237 194 941 4238 194 941 4239 193 974 4240 220 942 4241 242 975 4242 222 976 4243 221 977 4244 221 977 4245 222 976 4246 188 978 4247 221 977 4248 188 978 4249 194 979 4250 194 979 4251 188 978 4252 164 980 4253 194 979 4254 164 980 4255 170 981 4256 170 981 4257 164 980 4258 140 982 4259 170 981 4260 140 982 4261 151 983 4262 151 983 4263 140 982 4264 136 984 4265 151 983 4266 136 984 4267 142 985 4268 142 985 4269 136 984 4270 129 986 4271 142 985 4272 129 986 4273 148 987 4274 148 987 4275 129 986 4276 137 988 4277 148 987 4278 137 988 4279 163 989 4280 163 989 4281 137 988 4282 149 990 4283 163 989 4284 149 990 4285 181 991 4286 181 991 4287 149 990 4288 179 992 4289 181 991 4290 179 992 4291 209 993 4292 209 993 4293 179 992 4294 207 994 4295 209 993 4296 207 994 4297 229 995 4298 209 993 4299 229 995 4300 228 996 4301 228 996 4302 229 995 4303 249 997 4304 228 996 4305 249 997 4306 248 998 4307 248 998 4308 249 997 4309 277 999 4310 248 998 4311 277 999 4312 270 1000 4313 270 1000 4314 277 999 4315 299 1001 4316 270 1000 4317 299 1001 4318 287 1002 4319 287 1002 4320 299 1001 4321 303 1003 4322 287 1002 4323 303 1003 4324 295 1004 4325 295 1004 4326 303 1003 4327 302 1005 4328 295 1004 4329 302 1005 4330 276 1006 4331 276 1006 4332 302 1005 4333 298 1007 4334 276 1006 4335 298 1007 4336 253 1008 4337 253 1008 4338 298 1007 4339 264 1009 4340 253 1008 4341 264 1009 4342 241 1010 4343 241 1010 4344 264 1009 4345 242 975 4346 241 1010 4347 242 975 4348 221 977 4349 284 1011 4350 296 1012 4351 297 1013 4352 297 1013 4353 296 1012 4354 283 1014 4355 297 1013 4356 283 1014 4357 285 1015 4358 285 1015 4359 283 1014 4360 261 1016 4361 285 1015 4362 261 1016 4363 263 1017 4364 263 1017 4365 261 1016 4366 244 1018 4367 263 1017 4368 244 1018 4369 246 1019 4370 246 1019 4371 244 1018 4372 224 1020 4373 246 1019 4374 224 1020 4375 226 1021 4376 226 1021 4377 224 1020 4378 200 1022 4379 226 1021 4380 200 1022 4381 202 1023 4382 202 1023 4383 200 1022 4384 172 1024 4385 202 1023 4386 172 1024 4387 174 1025 4388 174 1025 4389 172 1024 4390 157 1026 4391 174 1025 4392 157 1026 4393 159 1027 4394 159 1027 4395 157 1026 4396 144 1028 4397 159 1027 4398 144 1028 4399 146 1029 4400 146 1029 4401 144 1028 4402 143 1030 4403 146 1029 4404 143 1030 4405 145 1031 4406 145 1031 4407 143 1030 4408 156 1032 4409 145 1031 4410 156 1032 4411 158 1033 4412 158 1033 4413 156 1032 4414 171 1034 4415 158 1033 4416 171 1034 4417 173 1035 4418 173 1035 4419 171 1034 4420 199 1036 4421 173 1035 4422 199 1036 4423 201 1037 4424 201 1037 4425 199 1036 4426 223 1038 4427 201 1037 4428 223 1038 4429 225 1039 4430 225 1039 4431 223 1038 4432 243 1040 4433 225 1039 4434 243 1040 4435 245 1041 4436 245 1041 4437 243 1040 4438 260 1042 4439 245 1041 4440 260 1042 4441 262 1043 4442 262 1043 4443 260 1042 4444 282 1044 4445 262 1043 4446 282 1044 4447 284 1011 4448 284 1011 4449 282 1044 4450 296 1012 4451 301 1045 4452 304 1046 4453 297 1047 4454 297 1047 4455 304 1046 4456 300 1048 4457 297 1047 4458 300 1048 4459 284 1049 4460 284 1049 4461 300 1048 4462 288 1050 4463 284 1049 4464 288 1050 4465 262 1051 4466 262 1051 4467 288 1050 4468 254 1052 4469 262 1051 4470 254 1052 4471 245 1053 4472 245 1053 4473 254 1052 4474 234 1054 4475 245 1053 4476 234 1054 4477 225 1055 4478 225 1055 4479 234 1054 4480 218 1056 4481 225 1055 4482 218 1056 4483 201 1057 4484 201 1057 4485 218 1056 4486 186 1058 4487 201 1057 4488 186 1058 4489 173 1059 4490 173 1059 4491 186 1058 4492 160 1060 4493 173 1059 4494 160 1060 4495 158 1061 4496 158 1061 4497 160 1060 4498 138 1062 4499 158 1061 4500 138 1062 4501 145 1063 4502 145 1063 4503 138 1062 4504 134 1064 4505 145 1063 4506 134 1064 4507 135 1065 4508 145 1063 4509 135 1065 4510 146 1066 4511 146 1066 4512 135 1065 4513 139 1067 4514 146 1066 4515 139 1067 4516 159 1068 4517 159 1068 4518 139 1067 4519 161 1069 4520 159 1068 4521 161 1069 4522 174 1070 4523 174 1070 4524 161 1069 4525 187 1071 4526 174 1070 4527 187 1071 4528 202 1072 4529 202 1072 4530 187 1071 4531 219 1073 4532 202 1072 4533 219 1073 4534 226 1074 4535 226 1074 4536 219 1073 4537 235 1075 4538 226 1074 4539 235 1075 4540 246 1076 4541 246 1076 4542 235 1075 4543 255 1077 4544 246 1076 4545 255 1077 4546 263 1078 4547 263 1078 4548 255 1077 4549 289 1079 4550 263 1078 4551 289 1079 4552 285 1080 4553 285 1080 4554 289 1079 4555 301 1045 4556 285 1080 4557 301 1045 4558 297 1047 4559 802 1081 4560 777 1082 4561 778 1083 4562 778 1083 4563 777 1082 4564 754 1084 4565 778 1083 4566 754 1084 4567 755 1085 4568 755 1085 4569 754 1084 4570 742 1086 4571 755 1085 4572 742 1086 4573 743 1087 4574 743 1087 4575 742 1086 4576 723 1088 4577 743 1087 4578 723 1088 4579 724 1089 4580 724 1089 4581 723 1088 4582 704 1090 4583 724 1089 4584 704 1090 4585 705 1091 4586 705 1091 4587 704 1090 4588 712 1092 4589 705 1091 4590 712 1092 4591 713 1093 4592 713 1093 4593 712 1092 4594 725 1094 4595 713 1093 4596 725 1094 4597 726 1095 4598 726 1095 4599 725 1094 4600 747 1096 4601 726 1095 4602 747 1096 4603 748 1097 4604 748 1097 4605 747 1096 4606 771 1098 4607 748 1097 4608 771 1098 4609 772 1099 4610 772 1099 4611 771 1098 4612 790 1100 4613 772 1099 4614 790 1100 4615 791 1101 4616 791 1101 4617 790 1100 4618 814 1102 4619 791 1101 4620 814 1102 4621 815 1103 4622 815 1103 4623 814 1102 4624 836 1104 4625 815 1103 4626 836 1104 4627 837 1105 4628 837 1105 4629 836 1104 4630 851 1106 4631 837 1105 4632 851 1106 4633 852 1107 4634 852 1107 4635 851 1106 4636 857 1108 4637 852 1107 4638 857 1108 4639 858 1109 4640 858 1109 4641 857 1108 4642 848 1110 4643 858 1109 4644 848 1110 4645 849 1111 4646 849 1111 4647 848 1110 4648 825 1112 4649 849 1111 4650 825 1112 4651 826 1113 4652 826 1113 4653 825 1112 4654 801 1114 4655 826 1113 4656 801 1114 4657 802 1081 4658 802 1081 4659 801 1114 4660 777 1082 4661 753 1115 4662 779 1116 4663 778 1117 4664 778 1117 4665 779 1116 4666 807 1118 4667 778 1117 4668 807 1118 4669 802 1119 4670 802 1119 4671 807 1118 4672 831 1120 4673 802 1119 4674 831 1120 4675 826 1121 4676 826 1121 4677 831 1120 4678 859 1122 4679 826 1121 4680 859 1122 4681 849 1123 4682 849 1123 4683 859 1122 4684 863 1124 4685 849 1123 4686 863 1124 4687 858 1125 4688 858 1125 4689 863 1124 4690 870 1126 4691 858 1125 4692 870 1126 4693 852 1127 4694 852 1127 4695 870 1126 4696 862 1128 4697 852 1127 4698 862 1128 4699 837 1129 4700 837 1129 4701 862 1128 4702 850 1130 4703 837 1129 4704 850 1130 4705 815 1131 4706 815 1131 4707 850 1130 4708 816 1132 4709 815 1131 4710 816 1132 4711 791 1133 4712 791 1133 4713 816 1132 4714 792 1134 4715 791 1133 4716 792 1134 4717 770 1135 4718 791 1133 4719 770 1135 4720 772 1136 4721 772 1136 4722 770 1135 4723 746 1137 4724 772 1136 4725 746 1137 4726 748 1138 4727 748 1138 4728 746 1137 4729 722 1139 4730 748 1138 4731 722 1139 4732 726 1140 4733 726 1140 4734 722 1139 4735 700 1141 4736 726 1140 4737 700 1141 4738 713 1142 4739 713 1142 4740 700 1141 4741 696 1143 4742 713 1142 4743 696 1143 4744 705 1144 4745 705 1144 4746 696 1143 4747 697 1145 4748 705 1144 4749 697 1145 4750 724 1146 4751 724 1146 4752 697 1145 4753 701 1147 4754 724 1146 4755 701 1147 4756 743 1148 4757 743 1148 4758 701 1147 4759 731 1149 4760 743 1148 4761 731 1149 4762 755 1150 4763 755 1150 4764 731 1149 4765 753 1115 4766 755 1150 4767 753 1115 4768 778 1117 4769 717 1151 4770 702 1152 4771 703 1153 4772 703 1153 4773 702 1152 4774 714 1154 4775 703 1153 4776 714 1154 4777 716 1155 4778 716 1155 4779 714 1154 4780 732 1156 4781 716 1155 4782 732 1156 4783 734 1157 4784 734 1157 4785 732 1156 4786 749 1158 4787 734 1157 4788 749 1158 4789 751 1159 4790 751 1159 4791 749 1158 4792 773 1160 4793 751 1159 4794 773 1160 4795 775 1161 4796 775 1161 4797 773 1160 4798 797 1162 4799 775 1161 4800 797 1162 4801 799 1163 4802 799 1163 4803 797 1162 4804 821 1164 4805 799 1163 4806 821 1164 4807 823 1165 4808 823 1165 4809 821 1164 4810 840 1166 4811 823 1165 4812 840 1166 4813 842 1167 4814 842 1167 4815 840 1166 4816 853 1168 4817 842 1167 4818 853 1168 4819 855 1169 4820 855 1169 4821 853 1168 4822 854 1170 4823 855 1169 4824 854 1170 4825 856 1171 4826 856 1171 4827 854 1170 4828 841 1172 4829 856 1171 4830 841 1172 4831 843 1173 4832 843 1173 4833 841 1172 4834 822 1174 4835 843 1173 4836 822 1174 4837 824 1175 4838 824 1175 4839 822 1174 4840 798 1176 4841 824 1175 4842 798 1176 4843 800 1177 4844 800 1177 4845 798 1176 4846 774 1178 4847 800 1177 4848 774 1178 4849 776 1179 4850 776 1179 4851 774 1178 4852 750 1180 4853 776 1179 4854 750 1180 4855 752 1181 4856 752 1181 4857 750 1180 4858 733 1182 4859 752 1181 4860 733 1182 4861 735 1183 4862 735 1183 4863 733 1182 4864 715 1184 4865 735 1183 4866 715 1184 4867 717 1151 4868 717 1151 4869 715 1184 4870 702 1152 4871 698 1185 4872 695 1186 4873 703 1187 4874 703 1187 4875 695 1186 4876 699 1188 4877 703 1187 4878 699 1188 4879 717 1189 4880 717 1189 4881 699 1188 4882 711 1190 4883 717 1189 4884 711 1190 4885 735 1191 4886 735 1191 4887 711 1190 4888 741 1192 4889 735 1191 4890 741 1192 4891 752 1193 4892 752 1193 4893 741 1192 4894 761 1194 4895 752 1193 4896 761 1194 4897 776 1195 4898 776 1195 4899 761 1194 4900 781 1196 4901 776 1195 4902 781 1196 4903 800 1197 4904 800 1197 4905 781 1196 4906 809 1198 4907 800 1197 4908 809 1198 4909 824 1199 4910 824 1199 4911 809 1198 4912 839 1200 4913 824 1199 4914 839 1200 4915 843 1201 4916 843 1201 4917 839 1200 4918 861 1202 4919 843 1201 4920 861 1202 4921 856 1203 4922 856 1203 4923 861 1202 4924 865 1204 4925 856 1203 4926 865 1204 4927 864 1205 4928 856 1203 4929 864 1205 4930 855 1206 4931 855 1206 4932 864 1205 4933 860 1207 4934 855 1206 4935 860 1207 4936 842 1208 4937 842 1208 4938 860 1207 4939 838 1209 4940 842 1208 4941 838 1209 4942 823 1210 4943 823 1210 4944 838 1209 4945 808 1211 4946 823 1210 4947 808 1211 4948 799 1212 4949 799 1212 4950 808 1211 4951 780 1213 4952 799 1212 4953 780 1213 4954 775 1214 4955 775 1214 4956 780 1213 4957 760 1215 4958 775 1214 4959 760 1215 4960 751 1216 4961 751 1216 4962 760 1215 4963 740 1217 4964 751 1216 4965 740 1217 4966 734 1218 4967 734 1218 4968 740 1217 4969 710 1219 4970 734 1218 4971 710 1219 4972 716 1220 4973 716 1220 4974 710 1219 4975 698 1185 4976 716 1220 4977 698 1185 4978 703 1187 4979 396 1221 4980 394 1222 4981 368 1223 4982 368 1223 4983 394 1222 4984 366 1224 4985 368 1223 4986 366 1224 4987 328 1225 4988 328 1225 4989 366 1224 4990 326 1226 4991 328 1225 4992 326 1226 4993 293 1227 4994 293 1227 4995 326 1226 4996 291 1228 4997 420 1229 4998 418 1230 4999 408 1231 5000 408 1231 5001 418 1230 5002 406 1232 5003 408 1231 5004 406 1232 5005 400 1233 5006 400 1233 5007 406 1232 5008 398 1234 5009 400 1233 5010 398 1234 5011 392 1235 5012 392 1235 5013 398 1234 5014 390 1236 5015 392 1235 5016 390 1236 5017 388 1237 5018 388 1237 5019 390 1236 5020 386 1238 5021 388 1237 5022 386 1238 5023 396 1239 5024 396 1239 5025 386 1238 5026 394 1240 5027 344 1241 5028 342 1242 5029 364 1243 5030 364 1243 5031 342 1242 5032 362 1244 5033 364 1243 5034 362 1244 5035 384 1245 5036 384 1245 5037 362 1244 5038 382 1246 5039 384 1245 5040 382 1246 5041 420 1247 5042 420 1247 5043 382 1246 5044 418 1248 5045 293 1249 5046 291 1250 5047 316 1251 5048 316 1251 5049 291 1250 5050 314 1252 5051 316 1251 5052 314 1252 5053 324 1253 5054 324 1253 5055 314 1252 5056 322 1254 5057 324 1253 5058 322 1254 5059 336 1255 5060 336 1255 5061 322 1254 5062 334 1256 5063 336 1255 5064 334 1256 5065 348 1257 5066 348 1257 5067 334 1256 5068 346 1258 5069 348 1257 5070 346 1258 5071 344 1259 5072 344 1259 5073 346 1258 5074 342 1260 5075 396 403 5076 368 403 5077 388 403 5078 388 403 5079 368 403 5080 392 403 5081 392 403 5082 368 403 5083 328 403 5084 392 403 5085 328 403 5086 324 403 5087 324 403 5088 328 403 5089 316 403 5090 316 403 5091 328 403 5092 293 403 5093 392 403 5094 324 403 5095 400 403 5096 400 403 5097 324 403 5098 336 403 5099 400 403 5100 336 403 5101 384 403 5102 384 403 5103 336 403 5104 364 403 5105 364 403 5106 336 403 5107 348 403 5108 364 403 5109 348 403 5110 344 403 5111 420 403 5112 408 403 5113 384 403 5114 384 403 5115 408 403 5116 400 403 5117 582 403 5118 614 403 5119 594 403 5120 594 403 5121 614 403 5122 598 403 5123 598 403 5124 614 403 5125 666 403 5126 598 403 5127 666 403 5128 674 403 5129 614 403 5130 634 403 5131 666 403 5132 666 403 5133 634 403 5134 654 403 5135 654 403 5136 634 403 5137 658 403 5138 682 403 5139 670 403 5140 674 403 5141 674 403 5142 670 403 5143 606 403 5144 674 403 5145 606 403 5146 598 403 5147 682 403 5148 709 403 5149 670 403 5150 670 403 5151 630 403 5152 606 403 5153 606 403 5154 630 403 5155 610 403 5156 610 403 5157 630 403 5158 602 403 5159 96 1261 5160 75 1262 5161 112 1263 5162 112 1263 5163 75 1262 5164 133 1264 5165 133 1264 5166 75 1262 5167 82 1265 5168 133 1264 5169 82 1265 5170 105 1266 5171 75 1262 5172 59 1267 5173 82 1265 5174 82 1265 5175 59 1267 5176 65 403 5177 65 403 5178 59 1267 5179 47 403 5180 124 1268 5181 178 1269 5182 105 1266 5183 105 1266 5184 178 1269 5185 168 1270 5186 105 1266 5187 168 1270 5188 133 1264 5189 124 1268 5190 155 403 5191 178 1269 5192 178 1269 5193 213 1271 5194 168 1270 5195 168 1270 5196 213 1271 5197 206 403 5198 206 403 5199 213 1271 5200 239 403 5201 46 403 5202 58 1272 5203 64 1273 5204 64 1273 5205 58 1272 5206 81 1274 5207 81 1274 5208 58 1272 5209 74 1275 5210 81 1274 5211 74 1275 5212 132 1276 5213 132 1276 5214 74 1275 5215 111 403 5216 111 403 5217 74 1275 5218 95 403 5219 81 1274 5220 132 1276 5221 104 1277 5222 104 1277 5223 132 1276 5224 167 1278 5225 104 1277 5226 167 1278 5227 177 1269 5228 177 1269 5229 167 1278 5230 212 1271 5231 212 1271 5232 167 1278 5233 205 403 5234 212 1271 5235 205 403 5236 238 403 5237 154 403 5238 123 1279 5239 177 1269 5240 177 1269 5241 123 1279 5242 104 1277 5243 292 403 5244 327 403 5245 315 403 5246 315 403 5247 327 403 5248 323 403 5249 323 403 5250 327 403 5251 391 403 5252 323 403 5253 391 403 5254 399 403 5255 327 403 5256 367 403 5257 391 403 5258 391 403 5259 367 403 5260 387 403 5261 387 403 5262 367 403 5263 395 403 5264 407 403 5265 383 403 5266 399 403 5267 399 403 5268 383 403 5269 335 403 5270 399 403 5271 335 403 5272 323 403 5273 407 403 5274 419 403 5275 383 403 5276 383 403 5277 363 403 5278 335 403 5279 335 403 5280 363 403 5281 347 403 5282 347 403 5283 363 403 5284 343 403 5285 601 403 5286 629 403 5287 609 403 5288 609 403 5289 629 403 5290 605 403 5291 605 403 5292 629 403 5293 669 403 5294 605 403 5295 669 403 5296 673 403 5297 673 403 5298 669 403 5299 681 403 5300 681 403 5301 669 403 5302 708 403 5303 605 403 5304 673 403 5305 597 403 5306 597 403 5307 673 403 5308 665 403 5309 597 403 5310 665 403 5311 613 403 5312 613 403 5313 665 403 5314 633 403 5315 633 403 5316 665 403 5317 653 403 5318 633 403 5319 653 403 5320 657 403 5321 581 403 5322 593 403 5323 613 403 5324 613 403 5325 593 403 5326 597 403 5327 905 403 5328 922 1280 5329 885 403 5330 885 403 5331 922 1280 5332 868 1281 5333 868 1281 5334 922 1280 5335 915 1282 5336 868 1281 5337 915 1282 5338 892 1283 5339 922 1280 5340 942 1284 5341 915 1282 5342 915 1282 5343 942 1284 5344 936 403 5345 936 403 5346 942 1284 5347 950 403 5348 873 1285 5349 819 1286 5350 892 1283 5351 892 1283 5352 819 1286 5353 829 1287 5354 892 1283 5355 829 1287 5356 868 1281 5357 873 1285 5358 846 403 5359 819 1286 5360 819 1286 5361 788 1288 5362 829 1287 5363 829 1287 5364 788 1288 5365 795 403 5366 795 403 5367 788 1288 5368 758 403 5369 951 403 5370 943 1289 5371 937 1290 5372 937 1290 5373 943 1289 5374 916 1291 5375 916 1291 5376 943 1289 5377 923 1292 5378 916 1291 5379 923 1292 5380 869 1293 5381 869 1293 5382 923 1292 5383 886 403 5384 886 403 5385 923 1292 5386 906 403 5387 916 1291 5388 869 1293 5389 893 1294 5390 893 1294 5391 869 1293 5392 830 1295 5393 893 1294 5394 830 1295 5395 820 1296 5396 820 1296 5397 830 1295 5398 789 1288 5399 789 1288 5400 830 1295 5401 796 403 5402 789 1288 5403 796 403 5404 759 403 5405 847 403 5406 874 1297 5407 820 1296 5408 820 1296 5409 874 1297 5410 893 1294 5411 582 1298 5412 580 1299 5413 614 1300 5414 614 1300 5415 580 1299 5416 612 1301 5417 614 1300 5418 612 1301 5419 634 1302 5420 634 1302 5421 612 1301 5422 632 1303 5423 634 1302 5424 632 1303 5425 658 1304 5426 658 1304 5427 632 1303 5428 656 1305 5429 602 1306 5430 600 1307 5431 610 1308 5432 610 1308 5433 600 1307 5434 608 1309 5435 610 1308 5436 608 1309 5437 606 1310 5438 606 1310 5439 608 1309 5440 604 1311 5441 606 1310 5442 604 1311 5443 598 1312 5444 598 1312 5445 604 1311 5446 596 1313 5447 598 1312 5448 596 1313 5449 594 1314 5450 594 1314 5451 596 1313 5452 592 1315 5453 594 1314 5454 592 1315 5455 582 1316 5456 582 1316 5457 592 1315 5458 580 1317 5459 709 1318 5460 707 1319 5461 670 1320 5462 670 1320 5463 707 1319 5464 668 1321 5465 670 1320 5466 668 1321 5467 630 1322 5468 630 1322 5469 668 1321 5470 628 1323 5471 630 1322 5472 628 1323 5473 602 1324 5474 602 1324 5475 628 1323 5476 600 1325 5477 658 1326 5478 656 1327 5479 654 1328 5480 654 1328 5481 656 1327 5482 652 1329 5483 654 1328 5484 652 1329 5485 666 1330 5486 666 1330 5487 652 1329 5488 664 1331 5489 666 1330 5490 664 1331 5491 674 1332 5492 674 1332 5493 664 1331 5494 672 1333 5495 674 1332 5496 672 1333 5497 682 1334 5498 682 1334 5499 672 1333 5500 680 1335 5501 682 1334 5502 680 1335 5503 709 1336 5504 709 1336 5505 680 1335 5506 707 1337 5507 96 1338 5508 94 1339 5509 75 1340 5510 75 1340 5511 94 1339 5512 73 1341 5513 75 1340 5514 73 1341 5515 59 1342 5516 59 1342 5517 73 1341 5518 57 1343 5519 59 1342 5520 57 1343 5521 47 1344 5522 47 1344 5523 57 1343 5524 45 1345 5525 239 1346 5526 237 1347 5527 206 1348 5528 206 1348 5529 237 1347 5530 204 1349 5531 206 1348 5532 204 1349 5533 168 1350 5534 168 1350 5535 204 1349 5536 166 1351 5537 168 1350 5538 166 1351 5539 133 1352 5540 133 1352 5541 166 1351 5542 131 1353 5543 133 1352 5544 131 1353 5545 112 1354 5546 112 1354 5547 131 1353 5548 110 1355 5549 112 1354 5550 110 1355 5551 96 1356 5552 96 1356 5553 110 1355 5554 94 1357 5555 155 1358 5556 153 1359 5557 178 1360 5558 178 1360 5559 153 1359 5560 176 1361 5561 178 1360 5562 176 1361 5563 213 1362 5564 213 1362 5565 176 1361 5566 211 1363 5567 213 1362 5568 211 1363 5569 239 1364 5570 239 1364 5571 211 1363 5572 237 1365 5573 47 1366 5574 45 1367 5575 65 1368 5576 65 1368 5577 45 1367 5578 63 1369 5579 65 1368 5580 63 1369 5581 82 1370 5582 82 1370 5583 63 1369 5584 80 1371 5585 82 1370 5586 80 1371 5587 105 1372 5588 105 1372 5589 80 1371 5590 103 1373 5591 105 1372 5592 103 1373 5593 124 1374 5594 124 1374 5595 103 1373 5596 122 1375 5597 124 1374 5598 122 1375 5599 155 1376 5600 155 1376 5601 122 1375 5602 153 1377 5603 46 1378 5604 44 1379 5605 58 1380 5606 58 1380 5607 44 1379 5608 56 1381 5609 58 1380 5610 56 1381 5611 74 1382 5612 74 1382 5613 56 1381 5614 72 1383 5615 74 1382 5616 72 1383 5617 95 1384 5618 95 1384 5619 72 1383 5620 93 1385 5621 154 1386 5622 152 1387 5623 123 1388 5624 123 1388 5625 152 1387 5626 121 1389 5627 123 1388 5628 121 1389 5629 104 1390 5630 104 1390 5631 121 1389 5632 102 1391 5633 104 1390 5634 102 1391 5635 81 1392 5636 81 1392 5637 102 1391 5638 79 1393 5639 81 1392 5640 79 1393 5641 64 1394 5642 64 1394 5643 79 1393 5644 62 1395 5645 64 1394 5646 62 1395 5647 46 1396 5648 46 1396 5649 62 1395 5650 44 1397 5651 238 1398 5652 236 1399 5653 212 1400 5654 212 1400 5655 236 1399 5656 210 1401 5657 212 1400 5658 210 1401 5659 177 1402 5660 177 1402 5661 210 1401 5662 175 1403 5663 177 1402 5664 175 1403 5665 154 1404 5666 154 1404 5667 175 1403 5668 152 1405 5669 95 1406 5670 93 1407 5671 111 1408 5672 111 1408 5673 93 1407 5674 109 1409 5675 111 1408 5676 109 1409 5677 132 1410 5678 132 1410 5679 109 1409 5680 130 1411 5681 132 1410 5682 130 1411 5683 167 1412 5684 167 1412 5685 130 1411 5686 165 1413 5687 167 1412 5688 165 1413 5689 205 1414 5690 205 1414 5691 165 1413 5692 203 1415 5693 205 1414 5694 203 1415 5695 238 1416 5696 238 1416 5697 203 1415 5698 236 1417 5699 292 1418 5700 290 1419 5701 327 1420 5702 327 1420 5703 290 1419 5704 325 1421 5705 327 1420 5706 325 1421 5707 367 1422 5708 367 1422 5709 325 1421 5710 365 1423 5711 367 1422 5712 365 1423 5713 395 1424 5714 395 1424 5715 365 1423 5716 393 1425 5717 343 1426 5718 341 1427 5719 347 1428 5720 347 1428 5721 341 1427 5722 345 1429 5723 347 1428 5724 345 1429 5725 335 1430 5726 335 1430 5727 345 1429 5728 333 1431 5729 335 1430 5730 333 1431 5731 323 1432 5732 323 1432 5733 333 1431 5734 321 1433 5735 323 1432 5736 321 1433 5737 315 1434 5738 315 1434 5739 321 1433 5740 313 1435 5741 315 1434 5742 313 1435 5743 292 1436 5744 292 1436 5745 313 1435 5746 290 1437 5747 419 1438 5748 417 1439 5749 383 1440 5750 383 1440 5751 417 1439 5752 381 1441 5753 383 1440 5754 381 1441 5755 363 1442 5756 363 1442 5757 381 1441 5758 361 1443 5759 363 1442 5760 361 1443 5761 343 1444 5762 343 1444 5763 361 1443 5764 341 1445 5765 395 1446 5766 393 1447 5767 387 1448 5768 387 1448 5769 393 1447 5770 385 1449 5771 387 1448 5772 385 1449 5773 391 1450 5774 391 1450 5775 385 1449 5776 389 1451 5777 391 1450 5778 389 1451 5779 399 1452 5780 399 1452 5781 389 1451 5782 397 1453 5783 399 1452 5784 397 1453 5785 407 1454 5786 407 1454 5787 397 1453 5788 405 1455 5789 407 1454 5790 405 1455 5791 419 1456 5792 419 1456 5793 405 1455 5794 417 1457 5795 601 1458 5796 599 1459 5797 629 1460 5798 629 1460 5799 599 1459 5800 627 1461 5801 629 1460 5802 627 1461 5803 669 1462 5804 669 1462 5805 627 1461 5806 667 1463 5807 669 1462 5808 667 1463 5809 708 1464 5810 708 1464 5811 667 1463 5812 706 1465 5813 581 1466 5814 579 1467 5815 593 1468 5816 593 1468 5817 579 1467 5818 591 1469 5819 593 1468 5820 591 1469 5821 597 1470 5822 597 1470 5823 591 1469 5824 595 1471 5825 597 1470 5826 595 1471 5827 605 1472 5828 605 1472 5829 595 1471 5830 603 1473 5831 605 1472 5832 603 1473 5833 609 1474 5834 609 1474 5835 603 1473 5836 607 1475 5837 609 1474 5838 607 1475 5839 601 1476 5840 601 1476 5841 607 1475 5842 599 1477 5843 657 1478 5844 655 1479 5845 633 1480 5846 633 1480 5847 655 1479 5848 631 1481 5849 633 1480 5850 631 1481 5851 613 1482 5852 613 1482 5853 631 1481 5854 611 1483 5855 613 1482 5856 611 1483 5857 581 1484 5858 581 1484 5859 611 1483 5860 579 1485 5861 708 1486 5862 706 1487 5863 681 1488 5864 681 1488 5865 706 1487 5866 679 1489 5867 681 1488 5868 679 1489 5869 673 1490 5870 673 1490 5871 679 1489 5872 671 1491 5873 673 1490 5874 671 1491 5875 665 1492 5876 665 1492 5877 671 1491 5878 663 1493 5879 665 1492 5880 663 1493 5881 653 1494 5882 653 1494 5883 663 1493 5884 651 1495 5885 653 1494 5886 651 1495 5887 657 1496 5888 657 1496 5889 651 1495 5890 655 1497 5891 905 1498 5892 903 1499 5893 922 1500 5894 922 1500 5895 903 1499 5896 920 1501 5897 922 1500 5898 920 1501 5899 942 1502 5900 942 1502 5901 920 1501 5902 940 1503 5903 942 1502 5904 940 1503 5905 950 1504 5906 950 1504 5907 940 1503 5908 948 1505 5909 758 1506 5910 756 1507 5911 795 1508 5912 795 1508 5913 756 1507 5914 793 1509 5915 795 1508 5916 793 1509 5917 829 1510 5918 829 1510 5919 793 1509 5920 827 1511 5921 829 1510 5922 827 1511 5923 868 1512 5924 868 1512 5925 827 1511 5926 866 1513 5927 868 1512 5928 866 1513 5929 885 1514 5930 885 1514 5931 866 1513 5932 883 1515 5933 885 1514 5934 883 1515 5935 905 1516 5936 905 1516 5937 883 1515 5938 903 1517 5939 846 1518 5940 844 1519 5941 819 1520 5942 819 1520 5943 844 1519 5944 817 1521 5945 819 1520 5946 817 1521 5947 788 1522 5948 788 1522 5949 817 1521 5950 786 1523 5951 788 1522 5952 786 1523 5953 758 1524 5954 758 1524 5955 786 1523 5956 756 1525 5957 950 1526 5958 948 1527 5959 936 1528 5960 936 1528 5961 948 1527 5962 934 1529 5963 936 1528 5964 934 1529 5965 915 1530 5966 915 1530 5967 934 1529 5968 913 1531 5969 915 1530 5970 913 1531 5971 892 1532 5972 892 1532 5973 913 1531 5974 890 1533 5975 892 1532 5976 890 1533 5977 873 1534 5978 873 1534 5979 890 1533 5980 871 1535 5981 873 1534 5982 871 1535 5983 846 1536 5984 846 1536 5985 871 1535 5986 844 1537 5987 951 1538 5988 949 1539 5989 943 1540 5990 943 1540 5991 949 1539 5992 941 1541 5993 943 1540 5994 941 1541 5995 923 1542 5996 923 1542 5997 941 1541 5998 921 1543 5999 923 1542 6000 921 1543 6001 906 1544 6002 906 1544 6003 921 1543 6004 904 1545 6005 847 1546 6006 845 1547 6007 874 1548 6008 874 1548 6009 845 1547 6010 872 1549 6011 874 1548 6012 872 1549 6013 893 1550 6014 893 1550 6015 872 1549 6016 891 1551 6017 893 1550 6018 891 1551 6019 916 1552 6020 916 1552 6021 891 1551 6022 914 1553 6023 916 1552 6024 914 1553 6025 937 1554 6026 937 1554 6027 914 1553 6028 935 1555 6029 937 1554 6030 935 1555 6031 951 1556 6032 951 1556 6033 935 1555 6034 949 1557 6035 759 1558 6036 757 1559 6037 789 1560 6038 789 1560 6039 757 1559 6040 787 1561 6041 789 1560 6042 787 1561 6043 820 1562 6044 820 1562 6045 787 1561 6046 818 1563 6047 820 1562 6048 818 1563 6049 847 1564 6050 847 1564 6051 818 1563 6052 845 1565 6053 906 1566 6054 904 1567 6055 886 1568 6056 886 1568 6057 904 1567 6058 884 1569 6059 886 1568 6060 884 1569 6061 869 1570 6062 869 1570 6063 884 1569 6064 867 1571 6065 869 1570 6066 867 1571 6067 830 1572 6068 830 1572 6069 867 1571 6070 828 1573 6071 830 1572 6072 828 1573 6073 796 1574 6074 796 1574 6075 828 1573 6076 794 1575 6077 796 1574 6078 794 1575 6079 759 1576 6080 759 1576 6081 794 1575 6082 757 1577 6083 1658 121 6084 1691 1578 6085 1648 1579 6086 1648 1579 6087 1691 1578 6088 1686 1580 6089 1648 1579 6090 1686 1580 6091 1679 1581 6092 1691 1578 6093 1658 121 6094 1695 1582 6095 1695 1582 6096 1658 121 6097 1664 1583 6098 1695 1582 6099 1664 1583 6100 1699 1584 6101 1699 1584 6102 1664 1583 6103 1669 1585 6104 1699 1584 6105 1669 1585 6106 1700 1586 6107 1700 1586 6108 1669 1585 6109 1666 1587 6110 1700 1586 6111 1666 1587 6112 1696 1588 6113 1696 1588 6114 1666 1587 6115 1660 1589 6116 1696 1588 6117 1660 1589 6118 1693 1590 6119 1693 1590 6120 1660 1589 6121 1652 1591 6122 1693 1590 6123 1652 1591 6124 1687 1592 6125 1687 1592 6126 1652 1591 6127 1639 1593 6128 1687 1592 6129 1639 1593 6130 1680 1594 6131 1680 1594 6132 1639 1593 6133 1627 1595 6134 1680 1594 6135 1627 1595 6136 1670 1596 6137 1670 1596 6138 1627 1595 6139 1605 1597 6140 1670 1596 6141 1605 1597 6142 1646 1598 6143 1646 1598 6144 1605 1597 6145 1582 1599 6146 1646 1598 6147 1582 1599 6148 1625 1600 6149 1625 1600 6150 1582 1599 6151 1544 1601 6152 1625 1600 6153 1544 1601 6154 1593 1602 6155 1593 1602 6156 1544 1601 6157 1548 1603 6158 1548 1603 6159 1544 1601 6160 1509 1604 6161 1548 1603 6162 1509 1604 6163 1507 1605 6164 1507 1605 6165 1509 1604 6166 1474 1606 6167 1507 1605 6168 1474 1606 6169 1458 1607 6170 1458 1607 6171 1474 1606 6172 1426 1608 6173 1458 1607 6174 1426 1608 6175 1409 1609 6176 1409 1609 6177 1426 1608 6178 1386 1610 6179 1409 1609 6180 1386 1610 6181 1371 1611 6182 1371 1611 6183 1386 1610 6184 1326 1612 6185 1371 1611 6186 1326 1612 6187 1340 1613 6188 1340 1613 6189 1326 1612 6190 1298 1614 6191 1298 1614 6192 1326 1612 6193 1286 1615 6194 1298 1614 6195 1286 1615 6196 1253 1616 6197 1253 1616 6198 1286 1615 6199 1234 1617 6200 1253 1616 6201 1234 1617 6202 1204 1618 6203 1204 1618 6204 1234 1617 6205 1203 1619 6206 1204 1618 6207 1203 1619 6208 1159 1620 6209 1159 1620 6210 1203 1619 6211 1169 1621 6212 1159 1620 6213 1169 1621 6214 1116 1622 6215 1116 1622 6216 1169 1621 6217 1084 1623 6218 1084 1623 6219 1169 1621 6220 1128 1624 6221 1084 1623 6222 1128 1624 6223 1063 1625 6224 1063 1625 6225 1128 1624 6226 1105 1626 6227 1063 1625 6228 1105 1626 6229 1039 1627 6230 1039 1627 6231 1105 1626 6232 1083 1628 6233 1039 1627 6234 1083 1628 6235 1029 1629 6236 1029 1629 6237 1083 1628 6238 1071 1630 6239 1029 1629 6240 1071 1630 6241 1022 1631 6242 1022 1631 6243 1071 1630 6244 1058 1632 6245 1022 1631 6246 1058 1632 6247 1016 1633 6248 1016 1633 6249 1058 1632 6250 1050 1634 6251 1016 1633 6252 1050 1634 6253 1013 1635 6254 1013 1635 6255 1050 1634 6256 1044 1636 6257 1013 1635 6258 1044 1636 6259 1009 1637 6260 1009 1637 6261 1044 1636 6262 1041 1638 6263 1009 1637 6264 1041 1638 6265 1010 1639 6266 1010 1639 6267 1041 1638 6268 1046 1640 6269 1010 1639 6270 1046 1640 6271 1014 1641 6272 1014 1641 6273 1046 1640 6274 1052 121 6275 1014 1641 6276 1052 121 6277 1018 1642 6278 1018 1642 6279 1052 121 6280 1062 1643 6281 1018 1642 6282 1062 1643 6283 1023 1644 6284 1023 1644 6285 1062 1643 6286 1030 1645 6287 1030 1645 6288 1062 1643 6289 1074 1646 6290 1030 1645 6291 1074 1646 6292 1079 1647 6293 1326 1612 6294 1386 1610 6295 1334 121 6296 1334 121 6297 1386 1610 6298 1374 121 6299 1334 121 6300 1374 121 6301 1343 121 6302 1343 121 6303 1374 121 6304 1369 121 6305 1343 121 6306 1369 121 6307 1351 121 6308 1351 121 6309 1369 121 6310 1357 121 6311 1079 1647 6312 1088 1648 6313 1030 1645 6314 1030 1645 6315 1088 1648 6316 1096 1649 6317 1030 1645 6318 1096 1649 6319 1101 1650 6320 1101 1650 6321 1099 1651 6322 1030 1645 6323 1030 1645 6324 1099 1651 6325 1092 1652 6326 1030 1645 6327 1092 1652 6328 1042 121 6329 1042 121 6330 1092 1652 6331 1064 121 6332 1064 121 6333 1092 1652 6334 1112 1653 6335 1064 121 6336 1112 1653 6337 1086 1654 6338 1086 1654 6339 1112 1653 6340 1142 1655 6341 1086 1654 6342 1142 1655 6343 1117 1656 6344 1117 1656 6345 1142 1655 6346 1182 1657 6347 1117 1656 6348 1182 1657 6349 1162 1658 6350 1162 1658 6351 1182 1657 6352 1213 1659 6353 1162 1658 6354 1213 1659 6355 1208 1660 6356 1208 1660 6357 1213 1659 6358 1257 1661 6359 1208 1660 6360 1257 1661 6361 1255 1662 6362 1255 1662 6363 1257 1661 6364 1295 1663 6365 1667 1664 6366 1618 1665 6367 1679 1581 6368 1679 1581 6369 1618 1665 6370 1611 1666 6371 1679 1581 6372 1611 1666 6373 1609 1667 6374 1667 1664 6375 1645 121 6376 1618 1665 6377 1618 1665 6378 1645 121 6379 1598 1668 6380 1598 1668 6381 1645 121 6382 1623 1669 6383 1598 1668 6384 1623 1669 6385 1566 1670 6386 1566 1670 6387 1623 1669 6388 1592 1671 6389 1566 1670 6390 1592 1671 6391 1530 1672 6392 1530 1672 6393 1592 1671 6394 1545 1673 6395 1530 1672 6396 1545 1673 6397 1495 1674 6398 1495 1674 6399 1545 1673 6400 1503 1675 6401 1495 1674 6402 1503 1675 6403 1455 1676 6404 1455 1676 6405 1503 1675 6406 1456 1677 6407 1455 1676 6408 1456 1677 6409 1413 121 6410 1609 1667 6411 1614 1678 6412 1679 1581 6413 1679 1581 6414 1614 1678 6415 1620 1679 6416 1679 1581 6417 1620 1679 6418 1630 1680 6419 1630 1680 6420 1636 1681 6421 1679 1581 6422 1679 1581 6423 1636 1681 6424 1648 1579 6425 1061 1682 6426 1062 1683 6427 1051 1684 6428 1051 1684 6429 1062 1683 6430 1052 1685 6431 1051 1684 6432 1052 1685 6433 1045 1686 6434 1045 1686 6435 1052 1685 6436 1046 1687 6437 1045 1686 6438 1046 1687 6439 1040 1688 6440 1040 1688 6441 1046 1687 6442 1041 1689 6443 1040 1688 6444 1041 1689 6445 1043 1690 6446 1043 1690 6447 1041 1689 6448 1044 1691 6449 1043 1690 6450 1044 1691 6451 1049 1692 6452 1049 1692 6453 1044 1691 6454 1050 1693 6455 1049 1692 6456 1050 1693 6457 1057 1694 6458 1057 1694 6459 1050 1693 6460 1058 1695 6461 1057 1694 6462 1058 1695 6463 1070 1696 6464 1070 1696 6465 1058 1695 6466 1071 1697 6467 1070 1696 6468 1071 1697 6469 1082 1698 6470 1082 1698 6471 1071 1697 6472 1083 1699 6473 1082 1698 6474 1083 1699 6475 1104 1700 6476 1104 1700 6477 1083 1699 6478 1105 1701 6479 1104 1700 6480 1105 1701 6481 1127 1702 6482 1127 1702 6483 1105 1701 6484 1128 1703 6485 1127 1702 6486 1128 1703 6487 1167 1704 6488 1167 1704 6489 1128 1703 6490 1169 1705 6491 1167 1704 6492 1169 1705 6493 1202 1706 6494 1202 1706 6495 1169 1705 6496 1203 1707 6497 1202 1706 6498 1203 1707 6499 1233 1708 6500 1233 1708 6501 1203 1707 6502 1234 1709 6503 1233 1708 6504 1234 1709 6505 1285 1710 6506 1285 1710 6507 1234 1709 6508 1286 1711 6509 1285 1710 6510 1286 1711 6511 1325 1712 6512 1325 1712 6513 1286 1711 6514 1326 1713 6515 1092 1714 6516 1091 1715 6517 1112 1716 6518 1112 1716 6519 1091 1715 6520 1111 1717 6521 1112 1716 6522 1111 1717 6523 1142 1718 6524 1142 1718 6525 1111 1717 6526 1141 1719 6527 1142 1718 6528 1141 1719 6529 1182 1720 6530 1182 1720 6531 1141 1719 6532 1181 1721 6533 1182 1720 6534 1181 1721 6535 1213 1722 6536 1213 1722 6537 1181 1721 6538 1212 1723 6539 1213 1722 6540 1212 1723 6541 1257 1724 6542 1257 1724 6543 1212 1723 6544 1256 1725 6545 1257 1724 6546 1256 1725 6547 1295 1726 6548 1295 1726 6549 1256 1725 6550 1294 1727 6551 1385 1728 6552 1386 1729 6553 1425 1730 6554 1425 1730 6555 1386 1729 6556 1426 1731 6557 1425 1730 6558 1426 1731 6559 1473 1732 6560 1473 1732 6561 1426 1731 6562 1474 1733 6563 1473 1732 6564 1474 1733 6565 1508 1734 6566 1508 1734 6567 1474 1733 6568 1509 1735 6569 1508 1734 6570 1509 1735 6571 1542 1736 6572 1542 1736 6573 1509 1735 6574 1544 1737 6575 1542 1736 6576 1544 1737 6577 1581 1738 6578 1581 1738 6579 1544 1737 6580 1582 1739 6581 1581 1738 6582 1582 1739 6583 1604 1740 6584 1604 1740 6585 1582 1739 6586 1605 1741 6587 1604 1740 6588 1605 1741 6589 1626 1742 6590 1626 1742 6591 1605 1741 6592 1627 1743 6593 1626 1742 6594 1627 1743 6595 1638 1744 6596 1638 1744 6597 1627 1743 6598 1639 1745 6599 1638 1744 6600 1639 1745 6601 1651 1746 6602 1651 1746 6603 1639 1745 6604 1652 1747 6605 1651 1746 6606 1652 1747 6607 1659 1748 6608 1659 1748 6609 1652 1747 6610 1660 1749 6611 1659 1748 6612 1660 1749 6613 1665 1750 6614 1665 1750 6615 1660 1749 6616 1666 1751 6617 1665 1750 6618 1666 1751 6619 1668 1752 6620 1668 1752 6621 1666 1751 6622 1669 1753 6623 1668 1752 6624 1669 1753 6625 1663 1754 6626 1663 1754 6627 1669 1753 6628 1664 1755 6629 1663 1754 6630 1664 1755 6631 1657 1756 6632 1657 1756 6633 1664 1755 6634 1658 1757 6635 1657 1756 6636 1658 1757 6637 1647 1758 6638 1647 1758 6639 1658 1757 6640 1648 1759 6641 1617 1760 6642 1618 1761 6643 1597 1762 6644 1597 1762 6645 1618 1761 6646 1598 1763 6647 1597 1762 6648 1598 1763 6649 1565 1764 6650 1565 1764 6651 1598 1763 6652 1566 1765 6653 1565 1764 6654 1566 1765 6655 1529 1766 6656 1529 1766 6657 1566 1765 6658 1530 1767 6659 1529 1766 6660 1530 1767 6661 1494 1768 6662 1494 1768 6663 1530 1767 6664 1495 1769 6665 1494 1768 6666 1495 1769 6667 1454 1770 6668 1454 1770 6669 1495 1769 6670 1455 1771 6671 1454 1770 6672 1455 1771 6673 1412 1772 6674 1412 1772 6675 1455 1771 6676 1413 1773 6677 1091 1774 6678 1092 1775 6679 1098 1776 6680 1098 1776 6681 1092 1775 6682 1099 1777 6683 1098 1776 6684 1099 1777 6685 1100 1778 6686 1100 1778 6687 1099 1777 6688 1101 1779 6689 1100 1778 6690 1101 1779 6691 1095 1780 6692 1095 1780 6693 1101 1779 6694 1096 1781 6695 1095 1780 6696 1096 1781 6697 1087 1782 6698 1087 1782 6699 1096 1781 6700 1088 1783 6701 1087 1782 6702 1088 1783 6703 1078 1784 6704 1078 1784 6705 1088 1783 6706 1079 1785 6707 1078 1784 6708 1079 1785 6709 1073 1786 6710 1073 1786 6711 1079 1785 6712 1074 1787 6713 1073 1786 6714 1074 1787 6715 1061 1788 6716 1061 1788 6717 1074 1787 6718 1062 1789 6719 1314 121 6720 1315 121 6721 1274 121 6722 1274 121 6723 1315 121 6724 1256 121 6725 1274 121 6726 1256 121 6727 1212 121 6728 1315 121 6729 1294 121 6730 1256 121 6731 1274 121 6732 1212 121 6733 1239 121 6734 1239 121 6735 1212 121 6736 1181 121 6737 1239 121 6738 1181 121 6739 1210 121 6740 1210 121 6741 1181 121 6742 1141 121 6743 1210 121 6744 1141 121 6745 1111 121 6746 1091 121 6747 1098 121 6748 1111 121 6749 1111 121 6750 1098 121 6751 1187 121 6752 1111 121 6753 1187 121 6754 1210 121 6755 1098 121 6756 1100 121 6757 1187 121 6758 1187 121 6759 1100 121 6760 1168 121 6761 1168 121 6762 1100 121 6763 1095 121 6764 1168 121 6765 1095 121 6766 1087 121 6767 1168 121 6768 1087 121 6769 1147 121 6770 1147 121 6771 1087 121 6772 1078 121 6773 1147 121 6774 1078 121 6775 1132 121 6776 1132 121 6777 1078 121 6778 1073 121 6779 1132 121 6780 1073 121 6781 1051 121 6782 1051 121 6783 1073 121 6784 1061 121 6785 1132 121 6786 1051 121 6787 1122 121 6788 1122 121 6789 1051 121 6790 1045 121 6791 1122 121 6792 1045 121 6793 1040 121 6794 1122 121 6795 1040 121 6796 1119 121 6797 1119 121 6798 1040 121 6799 1043 121 6800 1119 121 6801 1043 121 6802 1123 121 6803 1123 121 6804 1043 121 6805 1049 121 6806 1123 121 6807 1049 121 6808 1133 121 6809 1133 121 6810 1049 121 6811 1057 121 6812 1133 121 6813 1057 121 6814 1148 121 6815 1148 121 6816 1057 121 6817 1070 121 6818 1148 121 6819 1070 121 6820 1082 121 6821 1148 121 6822 1082 121 6823 1170 121 6824 1170 121 6825 1082 121 6826 1104 121 6827 1170 121 6828 1104 121 6829 1189 121 6830 1189 121 6831 1104 121 6832 1127 121 6833 1189 121 6834 1127 121 6835 1214 121 6836 1214 121 6837 1127 121 6838 1167 121 6839 1214 121 6840 1167 121 6841 1243 121 6842 1243 121 6843 1167 121 6844 1202 121 6845 1243 121 6846 1202 121 6847 1279 121 6848 1279 121 6849 1202 121 6850 1233 121 6851 1279 121 6852 1233 121 6853 1285 121 6854 1325 121 6855 1333 121 6856 1285 121 6857 1285 121 6858 1333 121 6859 1321 121 6860 1285 121 6861 1321 121 6862 1279 121 6863 1333 121 6864 1342 121 6865 1321 121 6866 1321 121 6867 1342 121 6868 1344 121 6869 1344 121 6870 1342 121 6871 1350 121 6872 1344 121 6873 1350 121 6874 1356 121 6875 1344 121 6876 1356 121 6877 1367 121 6878 1367 121 6879 1356 121 6880 1368 121 6881 1367 121 6882 1368 121 6883 1390 121 6884 1390 121 6885 1368 121 6886 1373 121 6887 1390 121 6888 1373 121 6889 1425 121 6890 1425 121 6891 1373 121 6892 1385 121 6893 1390 121 6894 1425 121 6895 1430 121 6896 1430 121 6897 1425 121 6898 1473 121 6899 1430 121 6900 1473 121 6901 1508 121 6902 1430 121 6903 1508 121 6904 1460 121 6905 1460 121 6906 1508 121 6907 1542 121 6908 1460 121 6909 1542 121 6910 1493 121 6911 1493 121 6912 1542 121 6913 1581 121 6914 1493 121 6915 1581 121 6916 1518 121 6917 1518 121 6918 1581 121 6919 1604 121 6920 1518 121 6921 1604 121 6922 1541 121 6923 1541 121 6924 1604 121 6925 1626 121 6926 1541 121 6927 1626 121 6928 1559 121 6929 1559 121 6930 1626 121 6931 1638 121 6932 1559 121 6933 1638 121 6934 1651 121 6935 1559 121 6936 1651 121 6937 1576 121 6938 1576 121 6939 1651 121 6940 1659 121 6941 1576 121 6942 1659 121 6943 1586 121 6944 1586 121 6945 1659 121 6946 1665 121 6947 1586 121 6948 1665 121 6949 1590 121 6950 1590 121 6951 1665 121 6952 1668 121 6953 1590 121 6954 1668 121 6955 1587 121 6956 1587 121 6957 1668 121 6958 1663 121 6959 1587 121 6960 1663 121 6961 1657 121 6962 1647 121 6963 1635 121 6964 1657 121 6965 1657 121 6966 1635 121 6967 1577 121 6968 1657 121 6969 1577 121 6970 1587 121 6971 1635 121 6972 1629 121 6973 1577 121 6974 1577 121 6975 1629 121 6976 1564 121 6977 1564 121 6978 1629 121 6979 1619 121 6980 1564 121 6981 1619 121 6982 1543 121 6983 1543 121 6984 1619 121 6985 1613 121 6986 1543 121 6987 1613 121 6988 1608 121 6989 1543 121 6990 1608 121 6991 1520 121 6992 1520 121 6993 1608 121 6994 1610 121 6995 1520 121 6996 1610 121 6997 1597 121 6998 1597 121 6999 1610 121 7000 1617 121 7001 1520 121 7002 1597 121 7003 1497 121 7004 1497 121 7005 1597 121 7006 1565 121 7007 1497 121 7008 1565 121 7009 1529 121 7010 1497 121 7011 1529 121 7012 1468 121 7013 1468 121 7014 1529 121 7015 1494 121 7016 1468 121 7017 1494 121 7018 1433 121 7019 1433 121 7020 1494 121 7021 1454 121 7022 1433 121 7023 1454 121 7024 1392 121 7025 1392 121 7026 1454 121 7027 1412 121 7028 1392 121 7029 1391 121 7030 1433 121 7031 1316 1790 7032 1317 1791 7033 1314 1792 7034 1314 1792 7035 1317 1791 7036 1315 1793 7037 1315 1793 7038 1317 1791 7039 1318 1794 7040 1315 1793 7041 1318 1794 7042 1319 1795 7043 1319 1795 7044 1320 1796 7045 1315 1793 7046 1320 1797 7047 1319 1798 7048 1305 1799 7049 1305 1799 7050 1319 1798 7051 1318 1800 7052 1305 1799 7053 1318 1800 7054 1297 1801 7055 1297 1801 7056 1318 1800 7057 1272 1802 7058 1297 1801 7059 1272 1802 7060 1292 1803 7061 1292 1803 7062 1272 1802 7063 1282 1804 7064 1282 1804 7065 1272 1802 7066 1273 1805 7067 1273 1805 7068 1272 1802 7069 1263 1806 7070 1263 1806 7071 1272 1802 7072 1258 1807 7073 1258 1807 7074 1272 1802 7075 1238 1808 7076 1238 1808 7077 1272 1802 7078 1224 1809 7079 1224 1809 7080 1272 1802 7081 1231 1810 7082 1224 1809 7083 1231 1810 7084 1211 1811 7085 1211 1811 7086 1231 1810 7087 1199 1812 7088 1199 1812 7089 1231 1810 7090 1185 1813 7091 1185 1813 7092 1231 1810 7093 1205 1814 7094 1185 1813 7095 1205 1814 7096 1135 1815 7097 1135 1815 7098 1205 1814 7099 1172 1816 7100 1135 1815 7101 1172 1816 7102 1106 1817 7103 1106 1817 7104 1172 1816 7105 1137 1818 7106 1106 1817 7107 1137 1818 7108 1076 1819 7109 1076 1819 7110 1137 1818 7111 1115 1820 7112 1076 1819 7113 1115 1820 7114 1056 1821 7115 1056 1821 7116 1115 1820 7117 1102 1822 7118 1056 1821 7119 1102 1822 7120 1065 1823 7121 1065 1823 7122 1102 1822 7123 1077 1824 7124 1077 1824 7125 1102 1822 7126 1085 1825 7127 1085 1825 7128 1102 1822 7129 1158 1826 7130 1085 1825 7131 1158 1826 7132 1103 1827 7133 1103 1827 7134 1158 1826 7135 1108 1828 7136 1108 1828 7137 1158 1826 7138 1118 1829 7139 1118 1829 7140 1158 1826 7141 1131 1830 7142 1131 1830 7143 1158 1826 7144 1138 1831 7145 1318 1800 7146 1317 1832 7147 1272 1802 7148 1272 1802 7149 1317 1832 7150 1316 1833 7151 1272 1802 7152 1316 1833 7153 1283 1834 7154 1272 1802 7155 1283 1834 7156 1231 1810 7157 1231 1810 7158 1283 1834 7159 1254 1835 7160 1231 1810 7161 1254 1835 7162 1205 1814 7163 1205 1814 7164 1254 1835 7165 1172 1816 7166 1254 1835 7167 1223 1836 7168 1172 1816 7169 1172 1816 7170 1223 1836 7171 1137 1818 7172 1223 1836 7173 1198 1837 7174 1137 1818 7175 1137 1818 7176 1198 1837 7177 1115 1820 7178 1198 1837 7179 1176 1838 7180 1115 1820 7181 1115 1820 7182 1176 1838 7183 1102 1822 7184 1176 1838 7185 1158 1826 7186 1102 1822 7187 1294 1839 7188 1315 1840 7189 1295 1841 7190 1295 1841 7191 1315 1840 7192 1320 1842 7193 1295 1841 7194 1320 1842 7195 1305 1843 7196 1305 1843 7197 1297 1844 7198 1295 1841 7199 1295 1841 7200 1297 1844 7201 1292 1845 7202 1295 1841 7203 1292 1845 7204 1255 1846 7205 1255 1846 7206 1292 1845 7207 1282 1847 7208 1255 1846 7209 1282 1847 7210 1236 1848 7211 1236 1848 7212 1282 1847 7213 1237 1849 7214 1236 1848 7215 1237 1849 7216 1226 1850 7217 1226 1850 7218 1237 1849 7219 1227 1851 7220 1020 1852 7221 1030 1853 7222 1026 1854 7223 1026 1854 7224 1030 1853 7225 1042 1855 7226 1026 1854 7227 1042 1855 7228 1033 1856 7229 1033 1856 7230 1042 1855 7231 1038 1857 7232 1038 1857 7233 1042 1855 7234 1064 1858 7235 1038 1857 7236 1064 1858 7237 1055 1859 7238 1055 1859 7239 1064 1858 7240 1086 1860 7241 1055 1859 7242 1086 1860 7243 1067 1861 7244 1067 1861 7245 1086 1860 7246 1089 1862 7247 1089 1862 7248 1086 1860 7249 1117 1863 7250 1089 1862 7251 1117 1863 7252 1113 1864 7253 1113 1864 7254 1117 1863 7255 1162 1865 7256 1113 1864 7257 1162 1865 7258 1155 1866 7259 1155 1866 7260 1162 1865 7261 1208 1867 7262 1155 1866 7263 1208 1867 7264 1190 1868 7265 1190 1868 7266 1208 1867 7267 1236 1869 7268 1190 1868 7269 1236 1869 7270 1226 1870 7271 1030 1853 7272 1020 1852 7273 1023 1871 7274 1023 1871 7275 1020 1852 7276 1012 1872 7277 1023 1871 7278 1012 1872 7279 1018 1873 7280 1018 1873 7281 1012 1872 7282 1006 1874 7283 1018 1873 7284 1006 1874 7285 1014 1875 7286 1014 1875 7287 1006 1874 7288 1002 1876 7289 1014 1875 7290 1002 1876 7291 1010 1877 7292 1010 1877 7293 1002 1876 7294 998 1878 7295 1010 1877 7296 998 1878 7297 1009 1879 7298 1009 1879 7299 998 1878 7300 1001 1880 7301 1009 1879 7302 1001 1880 7303 1013 1881 7304 1013 1881 7305 1001 1880 7306 1005 1882 7307 1013 1881 7308 1005 1882 7309 1016 1883 7310 1016 1883 7311 1005 1882 7312 1011 1884 7313 1016 1883 7314 1011 1884 7315 1022 1885 7316 1022 1885 7317 1011 1884 7318 1019 1886 7319 1022 1885 7320 1019 1886 7321 1029 1887 7322 1029 1887 7323 1019 1886 7324 1025 1888 7325 1029 1887 7326 1025 1888 7327 1039 1889 7328 1039 1889 7329 1025 1888 7330 1032 1890 7331 1039 1889 7332 1032 1890 7333 1037 1891 7334 1039 1889 7335 1037 1891 7336 1063 1892 7337 1063 1892 7338 1037 1891 7339 1054 1893 7340 1063 1892 7341 1054 1893 7342 1084 1894 7343 1084 1894 7344 1054 1893 7345 1066 1895 7346 1084 1894 7347 1066 1895 7348 1093 1896 7349 1084 1894 7350 1093 1896 7351 1116 1897 7352 1116 1897 7353 1093 1896 7354 1125 1898 7355 1116 1897 7356 1125 1898 7357 1159 1899 7358 1159 1899 7359 1125 1898 7360 1173 1900 7361 1159 1899 7362 1173 1900 7363 1204 1901 7364 1204 1901 7365 1173 1900 7366 1220 1902 7367 1204 1901 7368 1220 1902 7369 1253 1903 7370 1253 1903 7371 1220 1902 7372 1270 1904 7373 1253 1903 7374 1270 1904 7375 1298 1905 7376 1298 1905 7377 1270 1904 7378 1323 1906 7379 1298 1905 7380 1323 1906 7381 1340 1907 7382 1340 1907 7383 1323 1906 7384 1352 1908 7385 1340 1907 7386 1352 1908 7387 1371 1909 7388 1371 1909 7389 1352 1908 7390 1387 1910 7391 1371 1909 7392 1387 1910 7393 1409 1911 7394 1409 1911 7395 1387 1910 7396 1436 1912 7397 1409 1911 7398 1436 1912 7399 1458 1913 7400 1458 1913 7401 1436 1912 7402 1490 1914 7403 1458 1913 7404 1490 1914 7405 1507 1915 7406 1507 1915 7407 1490 1914 7408 1533 1916 7409 1507 1915 7410 1533 1916 7411 1548 1917 7412 1548 1917 7413 1533 1916 7414 1583 1918 7415 1548 1917 7416 1583 1918 7417 1593 1919 7418 1593 1919 7419 1583 1918 7420 1615 1920 7421 1593 1919 7422 1615 1920 7423 1625 1921 7424 1625 1921 7425 1615 1920 7426 1640 1922 7427 1625 1921 7428 1640 1922 7429 1654 1923 7430 1625 1921 7431 1654 1923 7432 1646 1924 7433 1646 1924 7434 1654 1923 7435 1671 1925 7436 1646 1924 7437 1671 1925 7438 1670 1926 7439 1670 1926 7440 1671 1925 7441 1676 1927 7442 1670 1926 7443 1676 1927 7444 1681 1928 7445 1670 1926 7446 1681 1928 7447 1680 1929 7448 1680 1929 7449 1681 1928 7450 1689 1930 7451 1680 1929 7452 1689 1930 7453 1687 1931 7454 1687 1931 7455 1689 1930 7456 1697 1932 7457 1687 1931 7458 1697 1932 7459 1693 1933 7460 1693 1933 7461 1697 1932 7462 1703 1934 7463 1693 1933 7464 1703 1934 7465 1696 1935 7466 1696 1935 7467 1703 1934 7468 1707 1936 7469 1696 1935 7470 1707 1936 7471 1700 1937 7472 1700 1937 7473 1707 1936 7474 1711 1938 7475 1700 1937 7476 1711 1938 7477 1699 1939 7478 1699 1939 7479 1711 1938 7480 1708 1940 7481 1699 1939 7482 1708 1940 7483 1695 1941 7484 1695 1941 7485 1708 1940 7486 1704 1942 7487 1695 1941 7488 1704 1942 7489 1691 1943 7490 1691 1943 7491 1704 1942 7492 1698 1944 7493 1691 1943 7494 1698 1944 7495 1686 1945 7496 1686 1945 7497 1698 1944 7498 1690 1946 7499 1686 1945 7500 1690 1946 7501 1679 1947 7502 1679 1947 7503 1690 1946 7504 1682 1948 7505 1679 1947 7506 1682 1948 7507 1677 1949 7508 1679 1947 7509 1677 1949 7510 1667 1950 7511 1667 1950 7512 1677 1949 7513 1672 1951 7514 1667 1950 7515 1672 1951 7516 1645 1952 7517 1645 1952 7518 1672 1951 7519 1655 1953 7520 1645 1952 7521 1655 1953 7522 1623 1954 7523 1623 1954 7524 1655 1953 7525 1641 1955 7526 1623 1954 7527 1641 1955 7528 1621 1956 7529 1623 1954 7530 1621 1956 7531 1592 1957 7532 1592 1957 7533 1621 1956 7534 1595 1958 7535 1592 1957 7536 1595 1958 7537 1545 1959 7538 1545 1959 7539 1595 1958 7540 1555 1960 7541 1545 1959 7542 1555 1960 7543 1503 1961 7544 1503 1961 7545 1555 1960 7546 1515 1962 7547 1503 1961 7548 1515 1962 7549 1471 1963 7550 1471 1963 7551 1515 1962 7552 1484 1964 7553 1471 1963 7554 1456 1965 7555 1503 1961 7556 1208 1867 7557 1255 1966 7558 1236 1869 7559 1673 1967 7560 1675 1968 7561 1683 1969 7562 1683 1969 7563 1675 1968 7564 1685 1970 7565 1683 1969 7566 1685 1970 7567 1681 1971 7568 1681 1971 7569 1685 1970 7570 1689 1972 7571 1689 1972 7572 1685 1970 7573 1692 1973 7574 1689 1972 7575 1692 1973 7576 1697 1974 7577 1697 1974 7578 1692 1973 7579 1701 1975 7580 1697 1974 7581 1701 1975 7582 1703 1976 7583 1703 1976 7584 1701 1975 7585 1705 1977 7586 1703 1976 7587 1705 1977 7588 1707 1978 7589 1707 1978 7590 1705 1977 7591 1709 1979 7592 1707 1978 7593 1709 1979 7594 1711 1980 7595 1711 1980 7596 1709 1979 7597 1710 1981 7598 1711 1980 7599 1710 1981 7600 1708 1982 7601 1708 1982 7602 1710 1981 7603 1706 1983 7604 1708 1982 7605 1706 1983 7606 1704 1984 7607 1704 1984 7608 1706 1983 7609 1702 1985 7610 1704 1984 7611 1702 1985 7612 1698 1986 7613 1698 1986 7614 1702 1985 7615 1694 1987 7616 1698 1986 7617 1694 1987 7618 1690 1988 7619 1690 1988 7620 1694 1987 7621 1688 1989 7622 1690 1988 7623 1688 1989 7624 1684 1990 7625 1684 1990 7626 1688 1989 7627 1678 1991 7628 1684 1990 7629 1678 1991 7630 1674 1992 7631 1674 1992 7632 1678 1991 7633 1662 1993 7634 1674 1992 7635 1662 1993 7636 1661 1994 7637 1675 1968 7638 1673 1967 7639 1656 1995 7640 1656 1995 7641 1673 1967 7642 1649 1996 7643 1656 1995 7644 1649 1996 7645 1634 1997 7646 1634 1997 7647 1649 1996 7648 1628 1998 7649 1634 1997 7650 1628 1998 7651 1602 1999 7652 1602 1999 7653 1628 1998 7654 1599 2000 7655 1602 1999 7656 1599 2000 7657 1573 2001 7658 1573 2001 7659 1599 2000 7660 1554 2002 7661 1573 2001 7662 1554 2002 7663 1521 2003 7664 1521 2003 7665 1554 2002 7666 1511 2004 7667 1521 2003 7668 1511 2004 7669 1483 2005 7670 1483 2005 7671 1511 2004 7672 1465 2006 7673 1483 2005 7674 1465 2006 7675 1431 2007 7676 1431 2007 7677 1465 2006 7678 1411 2008 7679 1431 2007 7680 1411 2008 7681 1420 2009 7682 1420 2009 7683 1411 2008 7684 1418 2010 7685 1418 2010 7686 1411 2008 7687 1407 2011 7688 1407 2011 7689 1411 2008 7690 1405 2012 7691 1405 2012 7692 1411 2008 7693 1372 2013 7694 1405 2012 7695 1372 2013 7696 1370 2014 7697 1370 2014 7698 1372 2013 7699 1339 2015 7700 1370 2014 7701 1339 2015 7702 1341 2016 7703 1341 2016 7704 1339 2015 7705 1299 2017 7706 1299 2017 7707 1339 2015 7708 1296 2018 7709 1299 2017 7710 1296 2018 7711 1293 2019 7712 1293 2019 7713 1296 2018 7714 1291 2020 7715 1291 2020 7716 1296 2018 7717 1280 2021 7718 1280 2021 7719 1296 2018 7720 1242 2022 7721 1280 2021 7722 1242 2022 7723 1228 2023 7724 1228 2023 7725 1242 2022 7726 1200 2024 7727 1228 2023 7728 1200 2024 7729 1186 2025 7730 1186 2025 7731 1200 2024 7732 1157 2026 7733 1186 2025 7734 1157 2026 7735 1136 2027 7736 1136 2027 7737 1157 2026 7738 1110 2028 7739 1136 2027 7740 1110 2028 7741 1107 2029 7742 1107 2029 7743 1110 2028 7744 1081 2030 7745 1107 2029 7746 1081 2030 7747 1075 2031 7748 1075 2031 7749 1081 2030 7750 1060 2032 7751 1075 2031 7752 1060 2032 7753 1053 2033 7754 1053 2033 7755 1060 2032 7756 1036 2034 7757 1053 2033 7758 1036 2034 7759 1034 2035 7760 1034 2035 7761 1036 2034 7762 1027 2036 7763 1034 2035 7764 1027 2036 7765 1024 2037 7766 1024 2037 7767 1027 2036 7768 1025 2038 7769 1024 2037 7770 1025 2038 7771 1019 2039 7772 1024 2037 7773 1019 2039 7774 1017 2040 7775 1017 2040 7776 1019 2039 7777 1011 2041 7778 1017 2040 7779 1011 2041 7780 1008 2042 7781 1008 2042 7782 1011 2041 7783 1005 2043 7784 1008 2042 7785 1005 2043 7786 1004 2044 7787 1004 2044 7788 1005 2043 7789 1001 2045 7790 1004 2044 7791 1001 2045 7792 1000 2046 7793 1000 2046 7794 1001 2045 7795 998 2047 7796 1000 2046 7797 998 2047 7798 999 2048 7799 999 2048 7800 998 2047 7801 1002 2049 7802 999 2048 7803 1002 2049 7804 1003 2050 7805 1003 2050 7806 1002 2049 7807 1006 2051 7808 1003 2050 7809 1006 2051 7810 1007 2052 7811 1007 2052 7812 1006 2051 7813 1012 2053 7814 1007 2052 7815 1012 2053 7816 1015 2054 7817 1015 2054 7818 1012 2053 7819 1020 2055 7820 1015 2054 7821 1020 2055 7822 1021 2056 7823 1021 2056 7824 1020 2055 7825 1026 2057 7826 1021 2056 7827 1026 2057 7828 1028 2058 7829 1021 2056 7830 1028 2058 7831 1031 2059 7832 1031 2059 7833 1028 2058 7834 1035 2060 7835 1031 2059 7836 1035 2060 7837 1048 2061 7838 1048 2061 7839 1035 2060 7840 1047 2062 7841 1047 2062 7842 1035 2060 7843 1059 2063 7844 1047 2062 7845 1059 2063 7846 1072 2064 7847 1072 2064 7848 1059 2063 7849 1080 2065 7850 1072 2064 7851 1080 2065 7852 1097 2066 7853 1097 2066 7854 1080 2065 7855 1109 2067 7856 1097 2066 7857 1109 2067 7858 1130 2068 7859 1130 2068 7860 1109 2067 7861 1154 2069 7862 1130 2068 7863 1154 2069 7864 1175 2070 7865 1175 2070 7866 1154 2069 7867 1193 2071 7868 1175 2070 7869 1193 2071 7870 1188 2072 7871 1188 2072 7872 1193 2071 7873 1201 2073 7874 1201 2073 7875 1193 2071 7876 1209 2074 7877 1209 2074 7878 1193 2071 7879 1222 2075 7880 1222 2075 7881 1193 2071 7882 1237 2076 7883 1222 2075 7884 1237 2076 7885 1225 2077 7886 1225 2077 7887 1237 2076 7888 1232 2078 7889 1232 2078 7890 1237 2076 7891 1235 2079 7892 1293 2019 7893 1301 2080 7894 1299 2017 7895 1674 1992 7896 1661 1994 7897 1650 2081 7898 1650 2081 7899 1661 1994 7900 1637 2082 7901 1650 2081 7902 1637 2082 7903 1631 2083 7904 1631 2083 7905 1637 2082 7906 1612 2084 7907 1631 2083 7908 1612 2084 7909 1600 2085 7910 1600 2085 7911 1612 2084 7912 1579 2086 7913 1600 2085 7914 1579 2086 7915 1557 2087 7916 1557 2087 7917 1579 2086 7918 1532 2088 7919 1557 2087 7920 1532 2088 7921 1514 2089 7922 1514 2089 7923 1532 2088 7924 1519 2090 7925 1514 2089 7926 1519 2090 7927 1510 2091 7928 1510 2091 7929 1498 2092 7930 1514 2089 7931 1514 2089 7932 1498 2092 7933 1489 2093 7934 1514 2089 7935 1489 2093 7936 1486 2094 7937 1514 2089 7938 1486 2094 7939 1470 2095 7940 1470 2095 7941 1486 2094 7942 1475 2096 7943 1470 2095 7944 1475 2096 7945 1472 2097 7946 1684 1990 7947 1682 2098 7948 1690 1988 7949 1027 403 7950 1036 2099 7951 1068 2100 7952 1068 2100 7953 1036 2099 7954 1060 2101 7955 1068 2100 7956 1060 2101 7957 1081 403 7958 1081 403 7959 1110 403 7960 1068 2100 7961 1068 2100 7962 1110 403 7963 1094 403 7964 1094 403 7965 1110 403 7966 1157 403 7967 1094 403 7968 1157 403 7969 1126 403 7970 1126 403 7971 1157 403 7972 1200 403 7973 1126 403 7974 1200 403 7975 1174 2102 7976 1174 2102 7977 1200 403 7978 1242 2103 7979 1174 2102 7980 1242 2103 7981 1221 2104 7982 1221 2104 7983 1242 2103 7984 1296 2105 7985 1221 2104 7986 1296 2105 7987 1271 403 7988 1271 403 7989 1296 2105 7990 1324 2106 7991 1324 2106 7992 1296 2105 7993 1339 2107 7994 1324 2106 7995 1339 2107 7996 1353 403 7997 1353 403 7998 1339 2107 7999 1372 2108 8000 1353 403 8001 1372 2108 8002 1388 2109 8003 1388 2109 8004 1372 2108 8005 1411 2110 8006 1388 2109 8007 1411 2110 8008 1437 2111 8009 1437 2111 8010 1411 2110 8011 1491 2112 8012 1491 2112 8013 1411 2110 8014 1465 2113 8015 1491 2112 8016 1465 2113 8017 1534 2114 8018 1534 2114 8019 1465 2113 8020 1511 403 8021 1534 2114 8022 1511 403 8023 1584 403 8024 1584 403 8025 1511 403 8026 1554 403 8027 1584 403 8028 1554 403 8029 1616 403 8030 1616 403 8031 1554 403 8032 1599 403 8033 1616 403 8034 1599 403 8035 1642 2115 8036 1642 2115 8037 1599 403 8038 1628 403 8039 1642 2115 8040 1628 403 8041 1649 403 8042 1649 403 8043 1673 2116 8044 1642 2115 8045 1642 2115 8046 1673 2116 8047 1683 2117 8048 1028 403 8049 1069 2118 8050 1035 403 8051 1035 403 8052 1069 2118 8053 1059 2119 8054 1059 2119 8055 1069 2118 8056 1080 2120 8057 1080 2120 8058 1069 2118 8059 1090 2121 8060 1080 2120 8061 1090 2121 8062 1109 2122 8063 1109 2122 8064 1090 2121 8065 1114 2123 8066 1109 2122 8067 1114 2123 8068 1154 2124 8069 1154 2124 8070 1114 2123 8071 1156 2125 8072 1154 2124 8073 1156 2125 8074 1193 2126 8075 1193 2126 8076 1156 2125 8077 1191 2127 8078 1193 2126 8079 1191 2127 8080 1237 2128 8081 1237 2128 8082 1191 2127 8083 1227 403 8084 1684 403 8085 1674 403 8086 1643 2129 8087 1643 2129 8088 1674 403 8089 1650 2130 8090 1643 2129 8091 1650 2130 8092 1631 2131 8093 1643 2129 8094 1631 2131 8095 1622 2132 8096 1622 2132 8097 1631 2131 8098 1600 2133 8099 1622 2132 8100 1600 2133 8101 1596 2134 8102 1596 2134 8103 1600 2133 8104 1557 2135 8105 1596 2134 8106 1557 2135 8107 1556 2136 8108 1556 2136 8109 1557 2135 8110 1514 403 8111 1556 2136 8112 1514 403 8113 1516 403 8114 1516 403 8115 1514 403 8116 1470 403 8117 1516 403 8118 1470 403 8119 1485 403 8120 1068 2137 8121 1066 2138 8122 1027 2036 8123 1027 2036 8124 1066 2138 8125 1054 2139 8126 1027 2036 8127 1054 2139 8128 1037 2140 8129 1037 2140 8130 1032 2141 8131 1027 2036 8132 1027 2036 8133 1032 2141 8134 1025 2038 8135 1066 2142 8136 1068 2143 8137 1093 2144 8138 1093 2144 8139 1068 2143 8140 1094 2145 8141 1093 2144 8142 1094 2145 8143 1125 2146 8144 1125 2146 8145 1094 2145 8146 1126 2147 8147 1125 2146 8148 1126 2147 8149 1173 2148 8150 1173 2148 8151 1126 2147 8152 1174 2149 8153 1173 2148 8154 1174 2149 8155 1220 2150 8156 1220 2150 8157 1174 2149 8158 1221 2151 8159 1220 2150 8160 1221 2151 8161 1270 2152 8162 1270 2152 8163 1221 2151 8164 1271 2153 8165 1270 2152 8166 1271 2153 8167 1323 2154 8168 1323 2154 8169 1271 2153 8170 1324 2155 8171 1323 2154 8172 1324 2155 8173 1352 2156 8174 1352 2156 8175 1324 2155 8176 1353 2157 8177 1352 2156 8178 1353 2157 8179 1387 2158 8180 1387 2158 8181 1353 2157 8182 1388 2159 8183 1387 2158 8184 1388 2159 8185 1436 2160 8186 1436 2160 8187 1388 2159 8188 1437 2161 8189 1436 2160 8190 1437 2161 8191 1490 2162 8192 1490 2162 8193 1437 2161 8194 1491 2163 8195 1490 2162 8196 1491 2163 8197 1533 2164 8198 1533 2164 8199 1491 2163 8200 1534 2165 8201 1533 2164 8202 1534 2165 8203 1583 2166 8204 1583 2166 8205 1534 2165 8206 1584 2167 8207 1583 2166 8208 1584 2167 8209 1615 2168 8210 1615 2168 8211 1584 2167 8212 1616 2169 8213 1615 2168 8214 1616 2169 8215 1640 2170 8216 1640 2170 8217 1616 2169 8218 1642 2171 8219 1069 2172 8220 1067 2173 8221 1090 2174 8222 1090 2174 8223 1067 2173 8224 1089 2175 8225 1090 2174 8226 1089 2175 8227 1114 2176 8228 1114 2176 8229 1089 2175 8230 1113 2177 8231 1114 2176 8232 1113 2177 8233 1156 2178 8234 1156 2178 8235 1113 2177 8236 1155 2179 8237 1156 2178 8238 1155 2179 8239 1191 2180 8240 1191 2180 8241 1155 2179 8242 1190 2181 8243 1191 2180 8244 1190 2181 8245 1227 2182 8246 1227 2182 8247 1190 2181 8248 1226 2183 8249 1641 2184 8250 1643 2185 8251 1621 2186 8252 1621 2186 8253 1643 2185 8254 1622 2187 8255 1621 2186 8256 1622 2187 8257 1595 2188 8258 1595 2188 8259 1622 2187 8260 1596 2189 8261 1595 2188 8262 1596 2189 8263 1555 2190 8264 1555 2190 8265 1596 2189 8266 1556 2191 8267 1555 2190 8268 1556 2191 8269 1515 2192 8270 1515 2192 8271 1556 2191 8272 1516 2193 8273 1515 2192 8274 1516 2193 8275 1484 2194 8276 1484 2194 8277 1516 2193 8278 1485 2195 8279 1642 2196 8280 1683 1969 8281 1640 2197 8282 1640 2197 8283 1683 1969 8284 1654 2198 8285 1654 2198 8286 1683 1969 8287 1671 2199 8288 1671 2199 8289 1683 1969 8290 1676 2200 8291 1676 2200 8292 1683 1969 8293 1681 1971 8294 1069 2201 8295 1028 2058 8296 1067 2202 8297 1067 2202 8298 1028 2058 8299 1055 2203 8300 1055 2203 8301 1028 2058 8302 1038 2204 8303 1038 2204 8304 1028 2058 8305 1033 2205 8306 1033 2205 8307 1028 2058 8308 1026 2057 8309 1643 2206 8310 1641 2207 8311 1684 1990 8312 1684 1990 8313 1641 2207 8314 1655 2208 8315 1684 1990 8316 1655 2208 8317 1672 2209 8318 1672 2209 8319 1677 2210 8320 1684 1990 8321 1684 1990 8322 1677 2210 8323 1682 2098 8324 1402 2211 8325 1397 2212 8326 1413 2213 8327 1413 2213 8328 1397 2212 8329 1392 2214 8330 1413 2213 8331 1392 2214 8332 1412 2215 8333 1456 2216 8334 1419 2217 8335 1413 2213 8336 1413 2213 8337 1419 2217 8338 1410 2218 8339 1413 2213 8340 1410 2218 8341 1402 2211 8342 1419 2217 8343 1456 2216 8344 1429 2219 8345 1429 2219 8346 1456 2216 8347 1471 2220 8348 1429 2219 8349 1471 2220 8350 1470 2221 8351 1470 2221 8352 1471 2220 8353 1484 2222 8354 1470 2221 8355 1484 2222 8356 1485 2223 8357 1397 2224 8358 1396 2225 8359 1392 2226 8360 1392 2226 8361 1396 2225 8362 1395 2227 8363 1392 2226 8364 1395 2227 8365 1394 2228 8366 1393 2229 8367 1391 2230 8368 1394 2228 8369 1394 2228 8370 1391 2230 8371 1392 2226 8372 1394 2231 8373 1410 2232 8374 1393 2233 8375 1393 2233 8376 1410 2232 8377 1435 2234 8378 1393 2233 8379 1435 2234 8380 1428 2235 8381 1428 2235 8382 1435 2234 8383 1476 2236 8384 1428 2235 8385 1476 2236 8386 1457 2237 8387 1457 2237 8388 1476 2236 8389 1506 2238 8390 1457 2237 8391 1506 2238 8392 1535 2239 8393 1535 2239 8394 1506 2238 8395 1574 2240 8396 1535 2239 8397 1574 2240 8398 1603 2241 8399 1394 2231 8400 1395 2242 8401 1410 2232 8402 1410 2232 8403 1395 2242 8404 1402 2243 8405 1402 2243 8406 1395 2242 8407 1396 2244 8408 1402 2243 8409 1396 2244 8410 1397 2245 8411 1435 2234 8412 1410 2232 8413 1434 2246 8414 1434 2246 8415 1410 2232 8416 1419 2247 8417 1434 2246 8418 1419 2247 8419 1429 2248 8420 1434 2246 8421 1444 2249 8422 1435 2234 8423 1435 2234 8424 1444 2249 8425 1453 2250 8426 1435 2234 8427 1453 2250 8428 1469 2251 8429 1469 2251 8430 1487 2252 8431 1435 2234 8432 1435 2234 8433 1487 2252 8434 1476 2236 8435 1487 2252 8436 1496 2253 8437 1476 2236 8438 1476 2236 8439 1496 2253 8440 1512 2254 8441 1476 2236 8442 1512 2254 8443 1526 2255 8444 1476 2236 8445 1526 2255 8446 1506 2238 8447 1506 2238 8448 1526 2255 8449 1574 2240 8450 1535 2239 8451 1603 2241 8452 1572 2256 8453 1572 2256 8454 1603 2241 8455 1633 2257 8456 1572 2256 8457 1633 2257 8458 1594 2258 8459 1594 2258 8460 1633 2257 8461 1653 2259 8462 1594 2258 8463 1653 2259 8464 1644 2260 8465 1594 2258 8466 1644 2260 8467 1607 2261 8468 1607 2261 8469 1644 2260 8470 1632 2262 8471 1607 2261 8472 1632 2262 8473 1624 2263 8474 1624 2263 8475 1606 2264 8476 1607 2261 8477 1607 2261 8478 1606 2264 8479 1531 2265 8480 1607 2261 8481 1531 2265 8482 1594 2258 8483 1594 2258 8484 1531 2265 8485 1513 2266 8486 1594 2258 8487 1513 2266 8488 1572 2256 8489 1572 2256 8490 1513 2266 8491 1488 2267 8492 1572 2256 8493 1488 2267 8494 1535 2239 8495 1535 2239 8496 1488 2267 8497 1457 2237 8498 1531 2265 8499 1606 2264 8500 1549 2268 8501 1549 2268 8502 1606 2264 8503 1601 2269 8504 1549 2268 8505 1601 2269 8506 1591 2270 8507 1591 2270 8508 1578 2271 8509 1549 2268 8510 1549 2268 8511 1578 2271 8512 1569 2272 8513 1316 2273 8514 1314 2274 8515 1283 2275 8516 1283 2275 8517 1314 2274 8518 1274 2276 8519 1283 2275 8520 1274 2276 8521 1254 2277 8522 1254 2277 8523 1274 2276 8524 1239 2278 8525 1254 2277 8526 1239 2278 8527 1223 2279 8528 1223 2279 8529 1239 2278 8530 1210 2280 8531 1223 2279 8532 1210 2280 8533 1198 2281 8534 1198 2281 8535 1210 2280 8536 1187 2282 8537 1198 2281 8538 1187 2282 8539 1176 2283 8540 1176 2283 8541 1187 2282 8542 1168 2284 8543 1176 2283 8544 1168 2284 8545 1158 2285 8546 1158 2285 8547 1168 2284 8548 1147 2286 8549 1158 2285 8550 1147 2286 8551 1138 2287 8552 1138 2287 8553 1147 2286 8554 1132 2288 8555 1138 2287 8556 1132 2288 8557 1139 2289 8558 1139 2289 8559 1132 2288 8560 1129 2290 8561 1129 2290 8562 1132 2288 8563 1122 2291 8564 1129 2290 8565 1122 2291 8566 1121 2292 8567 1121 2292 8568 1122 2291 8569 1119 2293 8570 1121 2292 8571 1119 2293 8572 1120 2294 8573 1120 2294 8574 1119 2293 8575 1123 2295 8576 1120 2294 8577 1123 2295 8578 1124 2296 8579 1124 2296 8580 1123 2295 8581 1133 2297 8582 1124 2296 8583 1133 2297 8584 1134 2298 8585 1134 2298 8586 1133 2297 8587 1148 2299 8588 1134 2298 8589 1148 2299 8590 1149 2300 8591 1149 2300 8592 1148 2299 8593 1170 2301 8594 1149 2300 8595 1170 2301 8596 1171 2302 8597 1171 2302 8598 1170 2301 8599 1189 2303 8600 1171 2302 8601 1189 2303 8602 1192 2304 8603 1192 2304 8604 1189 2303 8605 1214 2305 8606 1192 2304 8607 1214 2305 8608 1215 2306 8609 1215 2306 8610 1214 2305 8611 1243 2307 8612 1215 2306 8613 1243 2307 8614 1252 2308 8615 1252 2308 8616 1243 2307 8617 1279 2309 8618 1252 2308 8619 1279 2309 8620 1284 2310 8621 1284 2310 8622 1279 2309 8623 1321 2311 8624 1284 2310 8625 1321 2311 8626 1322 2312 8627 1322 2312 8628 1321 2311 8629 1344 2313 8630 1322 2312 8631 1344 2313 8632 1345 2314 8633 1345 2314 8634 1344 2313 8635 1366 2315 8636 1366 2315 8637 1344 2313 8638 1367 2316 8639 1366 2315 8640 1367 2316 8641 1389 2317 8642 1389 2317 8643 1367 2316 8644 1390 2318 8645 1389 2317 8646 1390 2318 8647 1427 2319 8648 1427 2319 8649 1390 2318 8650 1430 2320 8651 1427 2319 8652 1430 2320 8653 1459 2321 8654 1459 2321 8655 1430 2320 8656 1460 2322 8657 1459 2321 8658 1460 2322 8659 1492 2323 8660 1492 2323 8661 1460 2322 8662 1493 2324 8663 1492 2323 8664 1493 2324 8665 1517 2325 8666 1517 2325 8667 1493 2324 8668 1518 2326 8669 1517 2325 8670 1518 2326 8671 1540 2327 8672 1540 2327 8673 1518 2326 8674 1541 2328 8675 1540 2327 8676 1541 2328 8677 1558 2329 8678 1558 2329 8679 1541 2328 8680 1559 2330 8681 1558 2329 8682 1559 2330 8683 1575 2331 8684 1575 2331 8685 1559 2330 8686 1576 2332 8687 1575 2331 8688 1576 2332 8689 1585 2333 8690 1585 2333 8691 1576 2332 8692 1586 2334 8693 1585 2333 8694 1586 2334 8695 1589 2335 8696 1589 2335 8697 1586 2334 8698 1590 2336 8699 1589 2335 8700 1590 2336 8701 1588 2337 8702 1588 2337 8703 1590 2336 8704 1587 2338 8705 1588 2337 8706 1587 2338 8707 1580 2339 8708 1580 2339 8709 1587 2338 8710 1577 2340 8711 1580 2339 8712 1577 2340 8713 1570 2341 8714 1570 2341 8715 1577 2340 8716 1569 2342 8717 1569 2342 8718 1577 2340 8719 1564 2343 8720 1569 2342 8721 1564 2343 8722 1549 2344 8723 1549 2344 8724 1564 2343 8725 1543 2345 8726 1549 2344 8727 1543 2345 8728 1531 2346 8729 1531 2346 8730 1543 2345 8731 1520 2347 8732 1531 2346 8733 1520 2347 8734 1513 2348 8735 1513 2348 8736 1520 2347 8737 1497 2349 8738 1513 2348 8739 1497 2349 8740 1488 2350 8741 1488 2350 8742 1497 2349 8743 1468 2351 8744 1488 2350 8745 1468 2351 8746 1457 2352 8747 1457 2352 8748 1468 2351 8749 1433 2353 8750 1457 2352 8751 1433 2353 8752 1428 2354 8753 1428 2354 8754 1433 2353 8755 1391 2355 8756 1428 2354 8757 1391 2355 8758 1393 2356 8759 1138 2357 8760 1139 2358 8761 1131 2359 8762 1131 2359 8763 1139 2358 8764 1118 2360 8765 1118 2360 8766 1139 2358 8767 1108 2361 8768 1108 2361 8769 1139 2358 8770 1103 2362 8771 1103 2362 8772 1139 2358 8773 1085 2363 8774 1085 2363 8775 1139 2358 8776 1077 2364 8777 1077 2364 8778 1139 2358 8779 1140 2365 8780 1077 2364 8781 1140 2365 8782 1065 2366 8783 1065 2366 8784 1140 2365 8785 1048 2367 8786 1065 2366 8787 1048 2367 8788 1056 2368 8789 1056 2368 8790 1048 2367 8791 1047 2369 8792 1175 2370 8793 1185 2371 8794 1130 403 8795 1130 403 8796 1185 2371 8797 1135 403 8798 1130 403 8799 1135 403 8800 1097 403 8801 1097 403 8802 1135 403 8803 1106 403 8804 1097 403 8805 1106 403 8806 1072 403 8807 1072 403 8808 1106 403 8809 1076 403 8810 1072 403 8811 1076 403 8812 1047 403 8813 1047 403 8814 1076 403 8815 1056 403 8816 1532 2372 8817 1579 403 8818 1526 2373 8819 1526 2373 8820 1579 403 8821 1574 403 8822 1574 403 8823 1579 403 8824 1612 403 8825 1574 403 8826 1612 403 8827 1603 403 8828 1603 403 8829 1612 403 8830 1637 403 8831 1603 403 8832 1637 403 8833 1633 403 8834 1633 403 8835 1637 403 8836 1661 403 8837 1633 403 8838 1661 403 8839 1653 403 8840 1282 1847 8841 1273 2374 8842 1237 1849 8843 1237 1849 8844 1273 2374 8845 1235 2375 8846 1235 2375 8847 1273 2374 8848 1263 2376 8849 1235 2375 8850 1263 2376 8851 1232 2377 8852 1232 2377 8853 1263 2376 8854 1258 2378 8855 1232 2377 8856 1258 2378 8857 1225 2379 8858 1225 2379 8859 1258 2378 8860 1238 2380 8861 1225 2379 8862 1238 2380 8863 1222 2381 8864 1222 2381 8865 1238 2380 8866 1224 2382 8867 1222 2381 8868 1224 2382 8869 1209 2383 8870 1209 2383 8871 1224 2382 8872 1211 2384 8873 1209 2383 8874 1211 2384 8875 1201 2385 8876 1201 2385 8877 1211 2384 8878 1199 2386 8879 1201 2385 8880 1199 2386 8881 1188 2387 8882 1188 2387 8883 1199 2386 8884 1185 2371 8885 1188 2387 8886 1185 2371 8887 1175 2370 8888 1429 2219 8889 1470 2221 8890 1434 2388 8891 1434 2388 8892 1470 2221 8893 1472 2389 8894 1434 2388 8895 1472 2389 8896 1444 2390 8897 1444 2390 8898 1472 2389 8899 1475 2391 8900 1444 2390 8901 1475 2391 8902 1453 2392 8903 1453 2392 8904 1475 2391 8905 1486 2393 8906 1453 2392 8907 1486 2393 8908 1469 2394 8909 1469 2394 8910 1486 2393 8911 1489 2395 8912 1469 2394 8913 1489 2395 8914 1487 2396 8915 1487 2396 8916 1489 2395 8917 1498 2397 8918 1487 2396 8919 1498 2397 8920 1496 2398 8921 1496 2398 8922 1498 2397 8923 1510 2399 8924 1496 2398 8925 1510 2399 8926 1512 2400 8927 1512 2400 8928 1510 2399 8929 1519 2401 8930 1512 2400 8931 1519 2401 8932 1526 2373 8933 1526 2373 8934 1519 2401 8935 1532 2372 8936 1661 2402 8937 1662 2403 8938 1653 2404 8939 1653 2404 8940 1662 2403 8941 1644 2405 8942 1644 2405 8943 1662 2403 8944 1571 2406 8945 1644 2405 8946 1571 2406 8947 1632 2407 8948 1632 2407 8949 1571 2406 8950 1570 2408 8951 1632 2407 8952 1570 2408 8953 1624 2409 8954 1624 2409 8955 1570 2408 8956 1606 2410 8957 1606 2410 8958 1570 2408 8959 1601 2411 8960 1601 2411 8961 1570 2408 8962 1591 2412 8963 1591 2412 8964 1570 2408 8965 1578 2413 8966 1578 2413 8967 1570 2408 8968 1569 2414 8969 1570 2415 8970 1571 2416 8971 1546 2417 8972 1546 2417 8973 1571 2416 8974 1547 2418 8975 1546 2417 8976 1547 2418 8977 1527 2419 8978 1527 2419 8979 1547 2418 8980 1528 2420 8981 1527 2419 8982 1528 2420 8983 1504 2421 8984 1504 2421 8985 1528 2420 8986 1505 2422 8987 1504 2421 8988 1505 2422 8989 1477 2423 8990 1477 2423 8991 1505 2422 8992 1478 2424 8993 1477 2423 8994 1478 2424 8995 1442 2425 8996 1442 2425 8997 1478 2424 8998 1443 2426 8999 1442 2425 9000 1443 2426 9001 1403 2427 9002 1403 2427 9003 1443 2426 9004 1404 2428 9005 1403 2427 9006 1404 2428 9007 1375 2429 9008 1375 2429 9009 1404 2428 9010 1376 2430 9011 1375 2429 9012 1376 2430 9013 1354 2431 9014 1354 2431 9015 1376 2430 9016 1355 2432 9017 1354 2431 9018 1355 2432 9019 1331 2433 9020 1331 2433 9021 1355 2432 9022 1332 2434 9023 1331 2433 9024 1332 2434 9025 1303 2435 9026 1303 2435 9027 1332 2434 9028 1304 2436 9029 1303 2435 9030 1304 2436 9031 1264 2437 9032 1264 2437 9033 1304 2436 9034 1265 2438 9035 1264 2437 9036 1265 2438 9037 1229 2439 9038 1229 2439 9039 1265 2438 9040 1230 2440 9041 1229 2439 9042 1230 2440 9043 1206 2441 9044 1206 2441 9045 1230 2440 9046 1207 2442 9047 1206 2441 9048 1207 2442 9049 1183 2443 9050 1183 2443 9051 1207 2442 9052 1184 2444 9053 1183 2443 9054 1184 2444 9055 1160 2445 9056 1160 2445 9057 1184 2444 9058 1161 2446 9059 1160 2445 9060 1161 2446 9061 1139 2447 9062 1139 2447 9063 1161 2446 9064 1140 2448 9065 1431 2449 9066 1432 2450 9067 1483 2451 9068 1483 2451 9069 1432 2450 9070 1521 403 9071 1521 403 9072 1432 2450 9073 1573 403 9074 1573 403 9075 1432 2450 9076 1602 403 9077 1602 403 9078 1432 2450 9079 1634 2452 9080 1634 2452 9081 1432 2450 9082 1656 2453 9083 1656 2453 9084 1432 2450 9085 1675 2454 9086 1675 2454 9087 1432 2450 9088 1685 2455 9089 1685 2455 9090 1432 2450 9091 1440 2456 9092 1685 2455 9093 1440 2456 9094 1692 2457 9095 1692 2457 9096 1440 2456 9097 1451 2458 9098 1692 2457 9099 1451 2458 9100 1701 403 9101 1701 403 9102 1451 2458 9103 1705 2459 9104 1705 2459 9105 1451 2458 9106 1463 2460 9107 1705 2459 9108 1463 2460 9109 1709 2461 9110 1709 2461 9111 1463 2460 9112 1467 2462 9113 1709 2461 9114 1467 2462 9115 1571 2463 9116 1571 2463 9117 1467 2462 9118 1464 2464 9119 1571 2463 9120 1464 2464 9121 1452 2465 9122 1281 2466 9123 1364 2467 9124 1432 2450 9125 1432 2450 9126 1364 2467 9127 1379 2468 9128 1432 2450 9129 1379 2468 9130 1400 2469 9131 1280 2470 9132 1228 2471 9133 1281 2466 9134 1281 2466 9135 1228 2471 9136 1186 2472 9137 1281 2466 9138 1186 2472 9139 1136 2473 9140 1136 2473 9141 1107 2474 9142 1281 2466 9143 1281 2466 9144 1107 2474 9145 1075 2475 9146 1281 2466 9147 1075 2475 9148 1053 2476 9149 1053 2476 9150 1034 403 9151 1281 2466 9152 1281 2466 9153 1034 403 9154 1024 2477 9155 1281 2466 9156 1024 2477 9157 1268 2478 9158 1268 2478 9159 1024 2477 9160 1017 2479 9161 1268 2478 9162 1017 2479 9163 1261 2480 9164 1261 2480 9165 1017 2479 9166 1008 2481 9167 1261 2480 9168 1008 2481 9169 1004 2482 9170 1261 2480 9171 1004 2482 9172 1246 2483 9173 1246 2483 9174 1004 2482 9175 1000 2484 9176 1246 2483 9177 1000 2484 9178 1241 403 9179 1241 403 9180 1000 2484 9181 1140 2485 9182 1241 403 9183 1140 2485 9184 1247 403 9185 1247 403 9186 1140 2485 9187 1262 2486 9188 1262 2486 9189 1140 2485 9190 1269 2487 9191 1269 2487 9192 1140 2485 9193 1161 403 9194 1269 2487 9195 1161 403 9196 1290 403 9197 1290 403 9198 1161 403 9199 1184 403 9200 1290 403 9201 1184 403 9202 1207 2488 9203 1000 2484 9204 999 2489 9205 1140 2485 9206 1140 2485 9207 999 2489 9208 1003 2490 9209 1140 2485 9210 1003 2490 9211 1007 403 9212 1007 403 9213 1015 403 9214 1140 2485 9215 1140 2485 9216 1015 403 9217 1021 403 9218 1140 2485 9219 1021 403 9220 1031 403 9221 1031 403 9222 1048 403 9223 1140 2485 9224 1290 403 9225 1207 2488 9226 1309 2491 9227 1309 2491 9228 1207 2488 9229 1230 2492 9230 1309 2491 9231 1230 2492 9232 1330 2493 9233 1330 2493 9234 1230 2492 9235 1265 2494 9236 1330 2493 9237 1265 2494 9238 1304 2495 9239 1330 2493 9240 1304 2495 9241 1349 2496 9242 1349 2496 9243 1304 2495 9244 1332 2497 9245 1349 2496 9246 1332 2497 9247 1355 2498 9248 1349 2496 9249 1355 2498 9250 1365 2499 9251 1365 2499 9252 1355 2498 9253 1376 2500 9254 1365 2499 9255 1376 2500 9256 1404 2501 9257 1365 2499 9258 1404 2501 9259 1380 2502 9260 1380 2502 9261 1404 2501 9262 1443 2503 9263 1380 2502 9264 1443 2503 9265 1478 2504 9266 1380 2502 9267 1478 2504 9268 1401 2505 9269 1401 2505 9270 1478 2504 9271 1505 2506 9272 1401 2505 9273 1505 2506 9274 1424 2507 9275 1424 2507 9276 1505 2506 9277 1528 403 9278 1424 2507 9279 1528 403 9280 1547 2508 9281 1424 2507 9282 1547 2508 9283 1441 2509 9284 1441 2509 9285 1547 2508 9286 1571 2463 9287 1441 2509 9288 1571 2463 9289 1452 2465 9290 1662 403 9291 1678 403 9292 1571 2463 9293 1571 2463 9294 1678 403 9295 1688 403 9296 1571 2463 9297 1688 403 9298 1694 403 9299 1694 403 9300 1702 403 9301 1571 2463 9302 1571 2463 9303 1702 403 9304 1706 2510 9305 1571 2463 9306 1706 2510 9307 1710 2511 9308 1710 2511 9309 1709 2461 9310 1571 2463 9311 1268 2478 9312 1289 403 9313 1281 2466 9314 1281 2466 9315 1289 403 9316 1308 2512 9317 1281 2466 9318 1308 2512 9319 1329 2513 9320 1329 2513 9321 1348 403 9322 1281 2466 9323 1281 2466 9324 1348 403 9325 1364 2467 9326 1400 2469 9327 1423 403 9328 1432 2450 9329 1432 2450 9330 1423 403 9331 1440 2456 9332 1244 2514 9333 1246 2515 9334 1240 2516 9335 1240 2516 9336 1246 2515 9337 1241 2517 9338 1240 2516 9339 1241 2517 9340 1245 2518 9341 1245 2518 9342 1241 2517 9343 1247 2519 9344 1245 2518 9345 1247 2519 9346 1260 2520 9347 1260 2520 9348 1247 2519 9349 1262 2521 9350 1260 2520 9351 1262 2521 9352 1267 2522 9353 1267 2522 9354 1262 2521 9355 1269 2523 9356 1267 2522 9357 1269 2523 9358 1288 2524 9359 1288 2524 9360 1269 2523 9361 1290 2525 9362 1288 2524 9363 1290 2525 9364 1307 2526 9365 1307 2526 9366 1290 2525 9367 1309 2527 9368 1307 2526 9369 1309 2527 9370 1328 2528 9371 1328 2528 9372 1309 2527 9373 1330 2529 9374 1328 2528 9375 1330 2529 9376 1347 2530 9377 1347 2530 9378 1330 2529 9379 1349 2531 9380 1347 2530 9381 1349 2531 9382 1363 2532 9383 1363 2532 9384 1349 2531 9385 1365 2533 9386 1363 2532 9387 1365 2533 9388 1378 2534 9389 1378 2534 9390 1365 2533 9391 1380 2535 9392 1378 2534 9393 1380 2535 9394 1399 2536 9395 1399 2536 9396 1380 2535 9397 1401 2537 9398 1399 2536 9399 1401 2537 9400 1422 2538 9401 1422 2538 9402 1401 2537 9403 1424 2539 9404 1422 2538 9405 1424 2539 9406 1439 2540 9407 1439 2540 9408 1424 2539 9409 1441 2541 9410 1439 2540 9411 1441 2541 9412 1450 2542 9413 1450 2542 9414 1441 2541 9415 1452 2543 9416 1450 2542 9417 1452 2543 9418 1462 2544 9419 1462 2544 9420 1452 2543 9421 1464 2545 9422 1462 2544 9423 1464 2545 9424 1466 2546 9425 1466 2546 9426 1464 2545 9427 1467 2547 9428 1466 2546 9429 1467 2547 9430 1461 2548 9431 1461 2548 9432 1467 2547 9433 1463 2549 9434 1461 2548 9435 1463 2549 9436 1449 2550 9437 1449 2550 9438 1463 2549 9439 1451 2551 9440 1449 2550 9441 1451 2551 9442 1438 2552 9443 1438 2552 9444 1451 2551 9445 1440 2553 9446 1438 2552 9447 1440 2553 9448 1421 2554 9449 1421 2554 9450 1440 2553 9451 1423 2555 9452 1421 2554 9453 1423 2555 9454 1398 2556 9455 1398 2556 9456 1423 2555 9457 1400 2557 9458 1398 2556 9459 1400 2557 9460 1377 2558 9461 1377 2558 9462 1400 2557 9463 1379 2559 9464 1377 2558 9465 1379 2559 9466 1362 2560 9467 1362 2560 9468 1379 2559 9469 1364 2561 9470 1362 2560 9471 1364 2561 9472 1346 2562 9473 1346 2562 9474 1364 2561 9475 1348 2563 9476 1346 2562 9477 1348 2563 9478 1327 2564 9479 1327 2564 9480 1348 2563 9481 1329 2565 9482 1327 2564 9483 1329 2565 9484 1306 2566 9485 1306 2566 9486 1329 2565 9487 1308 2567 9488 1306 2566 9489 1308 2567 9490 1287 2568 9491 1287 2568 9492 1308 2567 9493 1289 2569 9494 1287 2568 9495 1289 2569 9496 1266 2570 9497 1266 2570 9498 1289 2569 9499 1268 2571 9500 1266 2570 9501 1268 2571 9502 1259 2572 9503 1259 2572 9504 1268 2571 9505 1261 2573 9506 1259 2572 9507 1261 2573 9508 1244 2514 9509 1244 2514 9510 1261 2573 9511 1246 2515 9512 1245 2574 9513 1146 2575 9514 1240 2576 9515 1240 2576 9516 1146 2575 9517 1145 2577 9518 1240 2576 9519 1145 2577 9520 1244 2578 9521 1244 2578 9522 1145 2577 9523 1152 2579 9524 1244 2578 9525 1152 2579 9526 1165 2580 9527 1260 2581 9528 1166 2582 9529 1245 2574 9530 1245 2574 9531 1166 2582 9532 1153 2583 9533 1245 2574 9534 1153 2583 9535 1146 2575 9536 1166 2582 9537 1260 2581 9538 1180 2584 9539 1180 2584 9540 1260 2581 9541 1267 2585 9542 1180 2584 9543 1267 2585 9544 1197 2586 9545 1197 2586 9546 1267 2585 9547 1288 2587 9548 1197 2586 9549 1288 2587 9550 1219 2588 9551 1219 2588 9552 1288 2587 9553 1251 2589 9554 1251 2589 9555 1288 2587 9556 1307 2590 9557 1251 2589 9558 1307 2590 9559 1278 2591 9560 1278 2591 9561 1307 2590 9562 1328 2592 9563 1278 2591 9564 1328 2592 9565 1313 2593 9566 1313 2593 9567 1328 2592 9568 1347 2594 9569 1313 2593 9570 1347 2594 9571 1338 2595 9572 1338 2595 9573 1347 2594 9574 1361 2596 9575 1361 2596 9576 1347 2594 9577 1363 2597 9578 1361 2596 9579 1363 2597 9580 1384 2598 9581 1384 2598 9582 1363 2597 9583 1378 2599 9584 1384 2598 9585 1378 2599 9586 1417 2600 9587 1417 2600 9588 1378 2599 9589 1399 2601 9590 1417 2600 9591 1399 2601 9592 1448 2602 9593 1448 2602 9594 1399 2601 9595 1482 2603 9596 1482 2603 9597 1399 2601 9598 1422 2604 9599 1482 2603 9600 1422 2604 9601 1502 2605 9602 1502 2605 9603 1422 2604 9604 1439 2606 9605 1502 2605 9606 1439 2606 9607 1525 2607 9608 1525 2607 9609 1439 2606 9610 1539 2608 9611 1539 2608 9612 1439 2606 9613 1450 2609 9614 1539 2608 9615 1450 2609 9616 1553 2610 9617 1553 2610 9618 1450 2609 9619 1462 2611 9620 1553 2610 9621 1462 2611 9622 1563 2612 9623 1563 2612 9624 1462 2611 9625 1466 2613 9626 1563 2612 9627 1466 2613 9628 1568 2614 9629 1568 2614 9630 1466 2613 9631 1562 2615 9632 1562 2615 9633 1466 2613 9634 1461 2616 9635 1562 2615 9636 1461 2616 9637 1552 2617 9638 1552 2617 9639 1461 2616 9640 1449 2618 9641 1552 2617 9642 1449 2618 9643 1538 2619 9644 1538 2619 9645 1449 2618 9646 1438 2620 9647 1538 2619 9648 1438 2620 9649 1524 2621 9650 1524 2621 9651 1438 2620 9652 1501 2622 9653 1501 2622 9654 1438 2620 9655 1421 2623 9656 1501 2622 9657 1421 2623 9658 1481 2624 9659 1481 2624 9660 1421 2623 9661 1398 2625 9662 1481 2624 9663 1398 2625 9664 1447 2626 9665 1447 2626 9666 1398 2625 9667 1416 2627 9668 1416 2627 9669 1398 2625 9670 1377 2628 9671 1416 2627 9672 1377 2628 9673 1383 2629 9674 1383 2629 9675 1377 2628 9676 1362 2630 9677 1383 2629 9678 1362 2630 9679 1360 2631 9680 1360 2631 9681 1362 2630 9682 1346 2632 9683 1360 2631 9684 1346 2632 9685 1337 2633 9686 1337 2633 9687 1346 2632 9688 1312 2634 9689 1312 2634 9690 1346 2632 9691 1327 2635 9692 1312 2634 9693 1327 2635 9694 1277 2636 9695 1277 2636 9696 1327 2635 9697 1306 2637 9698 1277 2636 9699 1306 2637 9700 1250 2638 9701 1250 2638 9702 1306 2637 9703 1287 2639 9704 1250 2638 9705 1287 2639 9706 1218 2640 9707 1218 2640 9708 1287 2639 9709 1196 2641 9710 1196 2641 9711 1287 2639 9712 1266 2642 9713 1196 2641 9714 1266 2642 9715 1179 2643 9716 1179 2643 9717 1266 2642 9718 1259 2644 9719 1179 2643 9720 1259 2644 9721 1165 2580 9722 1165 2580 9723 1259 2644 9724 1244 2578 9725 1561 2645 9726 1563 2646 9727 1567 2647 9728 1567 2647 9729 1563 2646 9730 1568 2648 9731 1567 2647 9732 1568 2648 9733 1560 2649 9734 1560 2649 9735 1568 2648 9736 1562 2650 9737 1560 2649 9738 1562 2650 9739 1552 2651 9740 1561 2645 9741 1551 2652 9742 1563 2646 9743 1563 2646 9744 1551 2652 9745 1553 2653 9746 1553 2653 9747 1551 2652 9748 1537 2654 9749 1553 2653 9750 1537 2654 9751 1539 2655 9752 1539 2655 9753 1537 2654 9754 1523 2656 9755 1539 2655 9756 1523 2656 9757 1525 2657 9758 1525 2657 9759 1523 2656 9760 1500 2658 9761 1525 2657 9762 1500 2658 9763 1502 2659 9764 1502 2659 9765 1500 2658 9766 1480 2660 9767 1502 2659 9768 1480 2660 9769 1482 2661 9770 1482 2661 9771 1480 2660 9772 1446 2662 9773 1482 2661 9774 1446 2662 9775 1448 2663 9776 1448 2663 9777 1446 2662 9778 1415 2664 9779 1448 2663 9780 1415 2664 9781 1417 2665 9782 1417 2665 9783 1415 2664 9784 1382 2666 9785 1417 2665 9786 1382 2666 9787 1384 2667 9788 1384 2667 9789 1382 2666 9790 1359 2668 9791 1384 2667 9792 1359 2668 9793 1361 2669 9794 1361 2669 9795 1359 2668 9796 1336 2670 9797 1361 2669 9798 1336 2670 9799 1338 2671 9800 1338 2671 9801 1336 2670 9802 1311 2672 9803 1338 2671 9804 1311 2672 9805 1313 2673 9806 1313 2673 9807 1311 2672 9808 1276 2674 9809 1313 2673 9810 1276 2674 9811 1278 2675 9812 1278 2675 9813 1276 2674 9814 1249 2676 9815 1278 2675 9816 1249 2676 9817 1251 2677 9818 1251 2677 9819 1249 2676 9820 1217 2678 9821 1251 2677 9822 1217 2678 9823 1219 2679 9824 1219 2679 9825 1217 2678 9826 1195 2680 9827 1219 2679 9828 1195 2680 9829 1197 2681 9830 1197 2681 9831 1195 2680 9832 1178 2682 9833 1197 2681 9834 1178 2682 9835 1180 2683 9836 1180 2683 9837 1178 2682 9838 1164 2684 9839 1180 2683 9840 1164 2684 9841 1166 2685 9842 1166 2685 9843 1164 2684 9844 1151 2686 9845 1166 2685 9846 1151 2686 9847 1153 2687 9848 1153 2687 9849 1151 2686 9850 1144 2688 9851 1153 2687 9852 1144 2688 9853 1146 2689 9854 1146 2689 9855 1144 2688 9856 1143 2690 9857 1146 2689 9858 1143 2690 9859 1145 2691 9860 1145 2691 9861 1143 2690 9862 1150 2692 9863 1145 2691 9864 1150 2692 9865 1152 2693 9866 1152 2693 9867 1150 2692 9868 1163 2694 9869 1152 2693 9870 1163 2694 9871 1165 2695 9872 1165 2695 9873 1163 2694 9874 1177 2696 9875 1165 2695 9876 1177 2696 9877 1179 2697 9878 1179 2697 9879 1177 2696 9880 1194 2698 9881 1179 2697 9882 1194 2698 9883 1196 2699 9884 1196 2699 9885 1194 2698 9886 1216 2700 9887 1196 2699 9888 1216 2700 9889 1218 2701 9890 1218 2701 9891 1216 2700 9892 1248 2702 9893 1218 2701 9894 1248 2702 9895 1250 2703 9896 1250 2703 9897 1248 2702 9898 1275 2704 9899 1250 2703 9900 1275 2704 9901 1277 2705 9902 1277 2705 9903 1275 2704 9904 1310 2706 9905 1277 2705 9906 1310 2706 9907 1312 2707 9908 1312 2707 9909 1310 2706 9910 1335 2708 9911 1312 2707 9912 1335 2708 9913 1337 2709 9914 1337 2709 9915 1335 2708 9916 1358 2710 9917 1337 2709 9918 1358 2710 9919 1360 2711 9920 1360 2711 9921 1358 2710 9922 1381 2712 9923 1360 2711 9924 1381 2712 9925 1383 2713 9926 1383 2713 9927 1381 2712 9928 1414 2714 9929 1383 2713 9930 1414 2714 9931 1416 2715 9932 1416 2715 9933 1414 2714 9934 1445 2716 9935 1416 2715 9936 1445 2716 9937 1447 2717 9938 1447 2717 9939 1445 2716 9940 1479 2718 9941 1447 2717 9942 1479 2718 9943 1481 2719 9944 1481 2719 9945 1479 2718 9946 1499 2720 9947 1481 2719 9948 1499 2720 9949 1501 2721 9950 1501 2721 9951 1499 2720 9952 1522 2722 9953 1501 2721 9954 1522 2722 9955 1524 2723 9956 1524 2723 9957 1522 2722 9958 1536 2724 9959 1524 2723 9960 1536 2724 9961 1538 2725 9962 1538 2725 9963 1536 2724 9964 1550 2726 9965 1538 2725 9966 1550 2726 9967 1552 2651 9968 1552 2651 9969 1550 2726 9970 1560 2649 9971 1129 2727 9972 1164 2728 9973 1139 2729 9974 1139 2729 9975 1164 2728 9976 1178 121 9977 1139 2729 9978 1178 121 9979 1160 2730 9980 1160 2730 9981 1178 121 9982 1195 2731 9983 1160 2730 9984 1195 2731 9985 1183 2732 9986 1183 2732 9987 1195 2731 9988 1217 2733 9989 1183 2732 9990 1217 2733 9991 1206 121 9992 1206 121 9993 1217 2733 9994 1229 2734 9995 1229 2734 9996 1217 2733 9997 1249 2735 9998 1229 2734 9999 1249 2735 10000 1264 2736 10001 1264 2736 10002 1249 2735 10003 1276 2737 10004 1264 2736 10005 1276 2737 10006 1303 121 10007 1303 121 10008 1276 2737 10009 1311 2738 10010 1303 121 10011 1311 2738 10012 1331 2739 10013 1331 2739 10014 1311 2738 10015 1336 2740 10016 1331 2739 10017 1336 2740 10018 1354 2741 10019 1354 2741 10020 1336 2740 10021 1359 2742 10022 1354 2741 10023 1359 2742 10024 1375 2743 10025 1375 2743 10026 1359 2742 10027 1382 2744 10028 1375 2743 10029 1382 2744 10030 1403 2745 10031 1403 2745 10032 1382 2744 10033 1415 2746 10034 1403 2745 10035 1415 2746 10036 1442 2747 10037 1442 2747 10038 1415 2746 10039 1446 2748 10040 1442 2747 10041 1446 2748 10042 1477 2749 10043 1477 2749 10044 1446 2748 10045 1480 2750 10046 1477 2749 10047 1480 2750 10048 1504 2751 10049 1504 2751 10050 1480 2750 10051 1500 2752 10052 1504 2751 10053 1500 2752 10054 1527 2753 10055 1527 2753 10056 1500 2752 10057 1523 2754 10058 1527 2753 10059 1523 2754 10060 1546 2755 10061 1546 2755 10062 1523 2754 10063 1537 2756 10064 1546 2755 10065 1537 2756 10066 1570 2757 10067 1570 2757 10068 1537 2756 10069 1551 2758 10070 1570 2757 10071 1551 2758 10072 1580 2759 10073 1580 2759 10074 1551 2758 10075 1561 121 10076 1580 2759 10077 1561 121 10078 1588 2760 10079 1588 2760 10080 1561 121 10081 1567 2761 10082 1588 2760 10083 1567 2761 10084 1589 2762 10085 1589 2762 10086 1567 2761 10087 1560 2763 10088 1589 2762 10089 1560 2763 10090 1585 2764 10091 1585 2764 10092 1560 2763 10093 1550 2765 10094 1585 2764 10095 1550 2765 10096 1575 2766 10097 1575 2766 10098 1550 2765 10099 1536 2767 10100 1575 2766 10101 1536 2767 10102 1558 2768 10103 1558 2768 10104 1536 2767 10105 1522 2769 10106 1558 2768 10107 1522 2769 10108 1540 2770 10109 1540 2770 10110 1522 2769 10111 1499 2771 10112 1540 2770 10113 1499 2771 10114 1517 121 10115 1517 121 10116 1499 2771 10117 1492 2772 10118 1492 2772 10119 1499 2771 10120 1479 2773 10121 1492 2772 10122 1479 2773 10123 1459 2774 10124 1459 2774 10125 1479 2773 10126 1445 2775 10127 1459 2774 10128 1445 2775 10129 1427 121 10130 1427 121 10131 1445 2775 10132 1414 121 10133 1427 121 10134 1414 121 10135 1389 121 10136 1389 121 10137 1414 121 10138 1381 121 10139 1389 121 10140 1381 121 10141 1366 121 10142 1366 121 10143 1381 121 10144 1358 2776 10145 1366 121 10146 1358 2776 10147 1345 2777 10148 1345 2777 10149 1358 2776 10150 1335 2778 10151 1345 2777 10152 1335 2778 10153 1322 2779 10154 1322 2779 10155 1335 2778 10156 1310 2780 10157 1322 2779 10158 1310 2780 10159 1284 121 10160 1284 121 10161 1310 2780 10162 1275 121 10163 1284 121 10164 1275 121 10165 1252 2781 10166 1252 2781 10167 1275 121 10168 1248 2782 10169 1252 2781 10170 1248 2782 10171 1215 2783 10172 1215 2783 10173 1248 2782 10174 1216 2784 10175 1215 2783 10176 1216 2784 10177 1192 2785 10178 1192 2785 10179 1216 2784 10180 1194 2786 10181 1192 2785 10182 1194 2786 10183 1171 2787 10184 1171 2787 10185 1194 2786 10186 1177 2788 10187 1171 2787 10188 1177 2788 10189 1149 2789 10190 1149 2789 10191 1177 2788 10192 1163 121 10193 1149 2789 10194 1163 121 10195 1134 2790 10196 1134 2790 10197 1163 121 10198 1150 2791 10199 1134 2790 10200 1150 2791 10201 1124 2792 10202 1124 2792 10203 1150 2791 10204 1143 2793 10205 1124 2792 10206 1143 2793 10207 1120 2794 10208 1120 2794 10209 1143 2793 10210 1144 2795 10211 1120 2794 10212 1144 2795 10213 1121 2796 10214 1121 2796 10215 1144 2795 10216 1151 121 10217 1121 2796 10218 1151 121 10219 1129 2727 10220 1129 2727 10221 1151 121 10222 1164 2728 10223 1431 2797 10224 1420 2798 10225 1432 2799 10226 1432 2799 10227 1420 2798 10228 1408 2800 10229 1408 2800 10230 1420 2798 10231 1418 2801 10232 1408 2800 10233 1418 2801 10234 1407 2802 10235 1281 2803 10236 1432 2804 10237 1302 2805 10238 1302 2805 10239 1432 2804 10240 1408 2806 10241 1301 2807 10242 1293 2808 10243 1302 2809 10244 1302 2809 10245 1293 2808 10246 1291 2810 10247 1302 2809 10248 1291 2810 10249 1281 2811 10250 1281 2811 10251 1291 2810 10252 1280 2812 10253 1301 2813 10254 1302 2813 10255 1299 2813 10256 1299 2813 10257 1302 2813 10258 1300 2813 10259 1405 403 10260 1370 403 10261 1406 403 10262 1406 403 10263 1370 403 10264 1341 2814 10265 1406 403 10266 1341 2814 10267 1300 2815 10268 1300 2815 10269 1341 2814 10270 1299 2816 10271 1408 2817 10272 1407 2817 10273 1406 2817 10274 1406 2817 10275 1407 2817 10276 1405 2817 10277 1302 2818 10278 1408 2818 10279 1300 2818 10280 1300 2818 10281 1408 2818 10282 1406 2818 10283 1618 2819 10284 1617 2820 10285 1611 2821 10286 1611 2821 10287 1617 2820 10288 1610 2822 10289 1611 2821 10290 1610 2822 10291 1609 2823 10292 1609 2823 10293 1610 2822 10294 1608 2824 10295 1609 2823 10296 1608 2824 10297 1614 2825 10298 1614 2825 10299 1608 2824 10300 1613 2826 10301 1614 2825 10302 1613 2826 10303 1620 2827 10304 1620 2827 10305 1613 2826 10306 1619 2828 10307 1620 2827 10308 1619 2828 10309 1630 2829 10310 1630 2829 10311 1619 2828 10312 1629 2830 10313 1630 2829 10314 1629 2830 10315 1636 2831 10316 1636 2831 10317 1629 2830 10318 1635 2832 10319 1636 2831 10320 1635 2832 10321 1648 2833 10322 1648 2833 10323 1635 2832 10324 1647 2834 10325 1386 2835 10326 1385 2836 10327 1374 2837 10328 1374 2837 10329 1385 2836 10330 1373 2838 10331 1374 2837 10332 1373 2838 10333 1369 2839 10334 1369 2839 10335 1373 2838 10336 1368 2840 10337 1369 2839 10338 1368 2840 10339 1357 2841 10340 1357 2841 10341 1368 2840 10342 1356 2842 10343 1357 2841 10344 1356 2842 10345 1351 2843 10346 1351 2843 10347 1356 2842 10348 1350 2844 10349 1351 2843 10350 1350 2844 10351 1343 2845 10352 1343 2845 10353 1350 2844 10354 1342 2846 10355 1343 2845 10356 1342 2846 10357 1334 2847 10358 1334 2847 10359 1342 2846 10360 1333 2848 10361 1334 2847 10362 1333 2848 10363 1326 2849 10364 1326 2849 10365 1333 2848 10366 1325 2850 10367</p>
        </triangles>
      </mesh>
    </geometry>
  </library_geometries>
  <library_visual_scenes>
    <visual_scene id="Scene" name="Scene">
      <node id="XL-430_new_TOP" name="XL-430_new_TOP" type="NODE">
        <matrix sid="transform">-9.99987e-4 4.37108e-11 0 0 4.37108e-11 9.99987e-4 -8.74217e-11 0 0 -8.74217e-11 -9.99987e-4 0 0 0 0 1</matrix>
        <instance_geometry url="#XL-430_new_TOP-mesh" name="XL-430_new_TOP">
          <bind_material>
            <technique_common>
              <instance_material symbol="_91_191_191-material" target="#_91_191_191-material">
                <bind_vertex_input semantic="UVMap" input_semantic="TEXCOORD" input_set="0"/>
              </instance_material>
            </technique_common>
          </bind_material>
        </instance_geometry>
      </node>
      <node id="Camera" name="Camera" type="NODE">
        <matrix sid="transform">0.7276763 0.3054208 -0.6141704 -6.925791 -0.6859207 0.3240135 -0.6515582 -7.358891 0 0.8953956 0.4452714 4.958309 0 0 0 1</matrix>
        <instance_camera url="#Camera-camera"/>
      </node>
      <node id="Light" name="Light" type="NODE">
        <matrix sid="transform">0.9551712 -0.1998834 0.2183912 1.005454 0.2908646 0.7711008 -0.5663932 -4.076245 -0.05518906 0.6045247 0.7946723 5.903862 0 0 0 1</matrix>
        <instance_light url="#Light-light"/>
      </node>
    </visual_scene>
  </library_visual_scenes>
  <scene>
    <instance_visual_scene url="#Scene"/>
  </scene>
</COLLADA>