<?xml version="1.0" encoding="utf-8"?>
<COLLADA xmlns="http://www.collada.org/2005/11/COLLADASchema" version="1.4.1" xmlns:xsi="http://www.w3.org/2001/XMLSchema-instance">
  <asset>
    <contributor>
      <author>Blender User</author>
      <authoring_tool>Blender 4.4.3 commit date:2025-04-29, commit time:14:09, hash:802179c51ccc</authoring_tool>
    </contributor>
    <created>2026-05-28T20:10:33</created>
    <modified>2026-05-28T20:10:33</modified>
    <unit name="meter" meter="1"/>
    <up_axis>Z_UP</up_axis>
  </asset>
  <library_cameras>
    <camera id="Camera_001-camera" name="Camera.001">
      <optics>
        <technique_common>
          <perspective>
            <xfov sid="xfov">39.59775</xfov>
            <aspect_ratio>1.777778</aspect_ratio>
            <znear sid="znear">0.1</znear>
            <zfar sid="zfar">100</zfar>
          </perspective>
        </technique_common>
      </optics>
      <extra>
        <technique profile="blender">
          <shiftx sid="shiftx" type="float">0</shiftx>
          <shifty sid="shifty" type="float">0</shifty>
          <dof_distance sid="dof_distance" type="float">10</dof_distance>
        </technique>
      </extra>
    </camera>
    <camera id="Camera-camera" name="Camera">
      <optics>
        <technique_common>
          <perspective>
            <xfov sid="xfov">39.59775</xfov>
            <aspect_ratio>1.777778</aspect_ratio>
            <znear sid="znear">0.1</znear>
            <zfar sid="zfar">100</zfar>
          </perspective>
        </technique_common>
      </optics>
      <extra>
        <technique profile="blender">
          <shiftx sid="shiftx" type="float">0</shiftx>
          <shifty sid="shifty" type="float">0</shifty>
          <dof_distance sid="dof_distance" type="float">10</dof_distance>
        </technique>
      </extra>
    </camera>
  </library_cameras>
  <library_lights>
    <light id="Light_001-light" name="Light.001">
      <technique_common>
        <point>
          <color sid="color">1000 1000 1000</color>
          <constant_attenuation>1</constant_attenuation>
          <linear_attenuation>0</linear_attenuation>
          <quadratic_attenuation>0</quadratic_attenuation>
        </point>
      </technique_common>
      <extra>
        <technique profile="blender">
          <type sid="type" type="int">0</type>
          <flag sid="flag" type="int">0</flag>
          <mode sid="mode" type="int">2097153</mode>
          <red sid="red" type="float">1</red>
          <green sid="green" type="float">1</green>
          <blue sid="blue" type="float">1</blue>
          <energy sid="blender_energy" type="float">1000</energy>
          <spotsize sid="spotsize" type="float">75</spotsize>
          <spotblend sid="spotblend" type="float">0.15</spotblend>
          <clipsta sid="clipsta" type="float">0.04999995</clipsta>
          <clipend sid="clipend" type="float">40</clipend>
          <radius sid="radius" type="float">0.1</radius>
          <area_shape sid="area_shape" type="int">1</area_shape>
          <area_size sid="area_size" type="float">0.1</area_size>
          <area_sizey sid="area_sizey" type="float">0.1</area_sizey>
          <area_sizez sid="area_sizez" type="float">1</area_sizez>
        </technique>
      </extra>
    </light>
    <light id="Light-light" name="Light">
      <technique_common>
        <point>
          <color sid="color">1000 1000 1000</color>
          <constant_attenuation>1</constant_attenuation>
          <linear_attenuation>0</linear_attenuation>
          <quadratic_attenuation>0</quadratic_attenuation>
        </point>
      </technique_common>
      <extra>
        <technique profile="blender">
          <type sid="type" type="int">0</type>
          <flag sid="flag" type="int">0</flag>
          <mode sid="mode" type="int">2097153</mode>
          <red sid="red" type="float">1</red>
          <green sid="green" type="float">1</green>
          <blue sid="blue" type="float">1</blue>
          <energy sid="blender_energy" type="float">1000</energy>
          <spotsize sid="spotsize" type="float">75</spotsize>
          <spotblend sid="spotblend" type="float">0.15</spotblend>
          <clipsta sid="clipsta" type="float">0.04999995</clipsta>
          <clipend sid="clipend" type="float">40</clipend>
          <radius sid="radius" type="float">0.1</radius>
          <area_shape sid="area_shape" type="int">1</area_shape>
          <area_size sid="area_size" type="float">0.1</area_size>
          <area_sizey sid="area_sizey" type="float">0.1</area_sizey>
          <area_sizez sid="area_sizez" type="float">1</area_sizez>
        </technique>
      </extra>
    </light>
  </library_lights>
  <library_effects>
    <effect id="ALUMINUM-effect">
      <profile_COMMON>
        <technique sid="common">
          <lambert>
            <emission>
              <color sid="emission">0 0 0 1</color>
            </emission>
            <diffuse>
              <color sid="diffuse">0.6252926 0.5179501 0.6320938 1</color>
            </diffuse>
            <reflectivity>
              <float sid="specular">1</float>
            </reflectivity>
            <index_of_refraction>
              <float sid="ior">1.5</float>
            </index_of_refraction>
          </lambert>
        </technique>
      </profile_COMMON>
    </effect>
    <effect id="Black-effect">
      <profile_COMMON>
        <technique sid="common">
          <lambert>
            <emission>
              <color sid="emission">0 0 0 1</color>
            </emission>
            <diffuse>
              <color sid="diffuse">0.03310456 0.03310481 0.03310479 1</color>
            </diffuse>
            <index_of_refraction>
              <float sid="ior">1.5</float>
            </index_of_refraction>
          </lambert>
        </technique>
      </profile_COMMON>
    </effect>
  </library_effects>
  <library_images/>
  <library_materials>
    <material id="ALUMINUM-material" name="ALUMINUM">
      <instance_effect url="#ALUMINUM-effect"/>
    </material>
    <material id="Black-material" name="Black">
      <instance_effect url="#Black-effect"/>
    </material>
  </library_materials>
  <library_geometries>
    <geometry id="ID4_001-mesh" name="ID4.001">
      <mesh>
        <source id="ID4_001-mesh-positions">
          <float_array id="ID4_001-mesh-positions-array" count="684">0.03399991 -0.01749998 0 0.03399991 -0.004480779 -0.04698628 0.03399991 -0.008916497 -0.04635 0.03399991 0.01749998 0 0.03399991 0.01539075 0.008329033 0.03399991 0.01380991 0.01074868 0.03399991 0.01185238 0.01287513 0.03399991 0.009571552 0.0146504 0.03399991 0.007029592 0.01602596 0.03399991 0.004295945 0.01696449 0.03399991 -1.03161e-5 -0.0471993 0.03399991 0.001445055 0.01744014 0.03399991 -0.001445055 0.01744014 0.03399991 -0.007029592 0.01602596 0.03399991 -0.004295945 0.01696449 0.03399991 -0.01325619 -0.04529982 0.03399991 -0.01655179 0.00568217 0.03399991 -0.01539075 0.008329033 0.03399991 -0.009571552 0.0146504 0.03399991 -0.01185238 0.01287513 0.03399991 -0.01380991 0.01074868 0.03399991 -0.0172612 0.002880394 0.03399991 -0.01749998 -0.04383581 0.03399991 0.004471838 -0.04698759 0.03399991 0.008901178 -0.0463522 0.03399991 0.01749998 -0.04383581 0.03399991 0.01325619 -0.04529982 0.0349999 1.03161e-5 -0.0471993 0.0349999 -0.002538025 -0.05143696 0.0349999 -0.007614076 -0.05093288 0.0349999 -0.01749998 -0.04843538 0.0349999 -0.004471838 -0.04698759 0.0349999 -0.01260858 -0.04993176 0.0349999 0.01325619 -0.04529982 0.0349999 0.01749998 -0.04383581 0.0349999 0.01749998 -0.04843538 0.0349999 0.004480779 -0.04698628 0.0349999 0.008916497 -0.04635 0.0349999 -0.008901178 -0.0463522 0.0349999 -0.01325619 -0.04529982 0.0349999 -0.01749998 -0.04383581 0.0349999 0.002565205 -0.05143451 0.0349999 0.007630348 -0.05093145 0.0349999 0.01260858 -0.04993176 0.0349999 0.007630348 -0.05093145 0.02249991 0.01257485 -0.06025123 0.02249991 0.007578492 -0.06108099 0.02249991 0.01749998 -0.05900979 0.0349999 0.01260858 -0.04993176 0.0349999 0.01749998 -0.04843538 0.0349999 -0.007614076 -0.05093288 0.0349999 -0.002538025 -0.05143696 0.02249991 -0.007589817 -0.06108009 0.02249991 0.002526164 -0.0614978 0.0349999 0.002565205 -0.05143451 0.0349999 -0.01260858 -0.04993176 0.02249991 -0.01257485 -0.06025123 0.02249991 -0.01749998 -0.05900979 0.0349999 -0.01749998 -0.04843538 0.02249991 -0.00254482 -0.06149643 0.03399991 -0.01325619 -0.04529982 0.0349999 -0.01749998 -0.04383581 0.03399991 -0.01749998 -0.04383581 0.03399991 -1.03161e-5 -0.0471993 0.0349999 -0.004471838 -0.04698759 0.03399991 -0.004480779 -0.04698628 0.03399991 -0.008916497 -0.04635 0.0349999 -0.008901178 -0.0463522 0.0349999 -0.01325619 -0.04529982 0.0349999 0.008916497 -0.04635 0.03399991 0.008901178 -0.0463522 0.03399991 0.01325619 -0.04529982 0.0349999 1.03161e-5 -0.0471993 0.03399991 0.004471838 -0.04698759 0.0349999 0.004480779 -0.04698628 0.03399991 0.01749998 -0.04383581 0.0349999 0.01325619 -0.04529982 0.0349999 0.01749998 -0.04383581 0.02249991 0.03799808 0.0527836 0.02249991 0.04255068 0.04918789 0.02249991 0.005790174 0.06478089 0.02249991 2.04226e-5 0.06503796 0.02249991 -0.0214582 0.05768662 0.02249991 -0.01717799 0.06272977 0.02249991 -0.02652209 0.0555424 0.02249991 -0.04423421 0.04279839 0.02249991 -0.05057197 0.04089444 0.02249991 -0.05835527 0.01956647 0.02249991 -0.05958354 0.02607446 0.02249991 -0.0632618 0.01509976 0.02249991 0.002526164 -0.0614978 0.02249991 0.008008122 -0.06454324 0.02249991 -0.06089997 0.008910119 0.02249991 -0.06493657 0.003646552 0.02249991 -0.0601806 -0.01290357 0.02249991 -0.06455457 -0.007921934 0.02249991 -0.04252082 0.04921245 0.02249991 0.04788178 0.03867352 0.02249991 0.05403035 0.03620266 0.02249991 -0.005786716 0.0647813 0.02249991 -0.03312259 0.05597132 0.02249991 -0.0621277 -0.01923972 0.02249991 -0.06016719 -0.02469468 0.02249991 0.06151527 -0.002055764 0.02249991 0.06493705 0.003614068 0.02249991 -0.01257485 -0.06025123 0.02249991 -0.008019745 -0.06454241 0.02249991 -0.01749998 -0.05900979 0.02249991 0.04675519 0.0452094 0.02249991 0.03707206 -0.04913306 0.02249991 0.04128396 -0.04564917 0.02249991 0.05703926 0.03124994 0.02249991 -0.05189329 -0.03309583 0.02249991 -0.05773311 -0.02994811 0.02249991 0.05693238 -0.02338951 0.02249991 0.05878329 -0.01824045 0.02249991 0.01093041 0.06057041 0.02249991 -0.03798514 0.05279427 0.02249991 -0.03257071 -0.05222451 0.02249991 -0.03918141 -0.05191177 0.02249991 0.04519408 -0.04178369 0.02249991 0.06358832 -0.0136606 0.02249991 0.05639588 0.0246514 0.02249991 -0.01759994 -0.05897992 0.02249991 0.06167554 0.020644 0.02249991 0.01759994 -0.05897992 0.02249991 0.01842427 -0.06237173 0.02249991 0.0487228 -0.03760707 0.02249991 0.0548262 -0.03498834 0.02249991 -0.05112016 0.03427976 0.02249991 -0.05702108 0.03128063 0.02249991 0.01257485 -0.06025123 0.02249991 -0.06151485 -0.002028644 0.02249991 -0.01150965 0.06401127 0.02249991 0.0162636 0.05936169 0.02249991 0.06435835 0.009384274 0.02249991 -0.04365479 -0.04821026 0.02249991 -0.02279675 -0.05717128 0.02249991 0.06108593 -0.007529616 0.02249991 0.06326746 0.01507019 0.02249991 0.03137832 0.05294972 0.02249991 -0.02777993 -0.05492377 0.02249991 -0.05150973 -0.03970813 0.02249991 -0.04776531 -0.04414123 0.02249991 0.02279675 -0.05717128 0.02249991 0.02777588 -0.05492621 0.02249991 0.05771476 -0.02998149 0.02249991 0.02149498 0.05767357 0.02249991 0.02653205 0.0555368 0.02249991 0.03253728 -0.05224508 0.02249991 -0.002688884 -0.06498229 0.02249991 0.03595936 0.04995185 0.02249991 0.04026788 0.0465489 0.02249991 0.005479097 0.0613054 0.02249991 1.97833e-5 0.06154865 0.02249991 -0.02267521 0.06095683 0.02249991 -0.0162568 0.05936414 0.02249991 -0.02802532 0.05869144 0.02249991 -0.04674172 0.04522502 0.02249991 -0.04785853 0.03870064 0.02249991 -0.06166362 0.02067548 0.02249991 -0.05638688 0.0246753 0.02249991 -0.05986779 0.01428943 0.02249991 0.002669215 -0.06498378 0.02249991 0.007578492 -0.06108099 0.02249991 -0.06435251 0.00941509 0.02249991 -0.06145262 0.00345087 0.02249991 -0.06359237 -0.01363515 0.02249991 -0.06109118 -0.007496953 0.02249991 -0.04023927 0.04657238 0.02249991 0.05059623 0.04086607 0.02249991 0.0511316 0.03426039 0.02249991 -0.005476713 0.06130576 0.02249991 -0.03134518 0.05296868 0.02249991 -0.05879449 -0.01820749 0.02249991 -0.05693918 -0.02336978 0.02249991 0.06500267 -0.00217247 0.02249991 0.06145316 0.003419995 0.02249991 -0.0132879 -0.06366646 0.02249991 -0.007589817 -0.06108009 0.02249991 -0.01842427 -0.06237173 0.02249991 0.04424667 0.04278391 0.02249991 0.03917336 -0.05191874 0.02249991 0.04362475 -0.04823678 0.02249991 0.05397903 0.02957338 0.02249991 -0.05483531 -0.03497201 0.02249991 -0.05463576 -0.02834135 0.02249991 0.06015992 -0.02471584 0.02249991 0.0621159 -0.01927423 0.02249991 0.01154977 0.06400436 0.02249991 -0.0359475 0.04996162 0.02249991 -0.03441697 -0.05518543 0.02249991 -0.03707903 -0.04912686 0.02249991 0.04775601 -0.04415279 0.02249991 0.06017678 -0.01292747 0.02249991 0.05959314 0.02604901 0.02249991 0.05836653 0.01953655 0.02249991 0.05148524 -0.03973871 0.02249991 0.05188488 -0.03311091 0.02249991 -0.05401808 0.03622341 0.02249991 -0.05396175 0.0296027 0.02249991 0.0132876 -0.06366652 0.02249991 0.01749998 -0.05900979 0.02249991 -0.06500226 -0.00214374 0.02249991 -0.01089161 0.06057715 0.02249991 0.01718592 0.06272697 0.02249991 0.06090539 0.008880972 0.02249991 -0.04131287 -0.04562366 0.02249991 -0.02408874 -0.06041258 0.02249991 -0.01867127 -0.06229805 0.02249991 0.06454908 -0.007956206 0.02249991 0.05987316 0.0142616 0.02249991 0.03315711 0.05595171 0.02249991 -0.02935522 -0.05803728 0.02249991 -0.04874628 -0.03757762 0.02249991 -0.04520255 -0.0417732 0.02249991 0.02408856 -0.06041264 0.02249991 0.02935057 -0.05804008 0.02249991 0.05461812 -0.0283733 0.02249991 0.0227133 0.0609433 0.02249991 0.02803647 0.05868524 0.02249991 0.03438228 -0.05520665 0.02249991 0.01867127 -0.06229805 0.02249991 -0.00254482 -0.06149643 0.03399991 0.01749998 0 0.03399991 0.01655179 0.00568217 0.03399991 0.0172612 0.002880394 0.03399991 0.01539075 0.008329033</float_array>
          <technique_common>
            <accessor source="#ID4_001-mesh-positions-array" count="228" stride="3">
              <param name="X" type="float"/>
              <param name="Y" type="float"/>
              <param name="Z" type="float"/>
            </accessor>
          </technique_common>
        </source>
        <source id="ID4_001-mesh-normals">
          <float_array id="ID4_001-mesh-normals-array" count="330">1 2.72666e-7 0 1 0 0 1 -1.12329e-6 0 1 1.26549e-7 0 1 0 0 1 -1.62432e-6 0 1 2.54854e-7 0 1 4.15057e-7 0 1 1.59596e-7 0 1 -4.95297e-7 0 1 8.03021e-7 0 1 -4.22001e-7 0 0.62664 0.1153669 -0.7707223 0.6265375 0.09602123 -0.7734537 0.6265684 0.1593559 -0.7629008 0.6265946 0.2215657 -0.7471867 0.6265973 0.2647973 -0.7329791 0.6266004 0.1910363 -0.7555642 0.6266039 -0.1153738 -0.7707506 0.6264939 -0.09601306 -0.7734902 0.6266662 -0.03854411 -0.7783341 0.6266691 0.03145676 -0.7786504 0.6266591 0.038567 -0.7783387 0.6266217 -0.1910296 -0.7555481 0.6265923 -0.2215663 -0.7471885 0.626496 -0.159357 -0.7629601 0.6265925 -0.2647983 -0.7329828 0.6266512 -0.03167432 -0.778656 0 0.2809695 0.9597168 0 0.3707321 0.9287399 0 0.3707317 0.92874 -7.86963e-6 -4.40078e-5 1 1.98354e-4 0.09497082 0.9954801 3.27652e-4 0.09460395 0.9955151 -1.77883e-4 0.1888921 0.9819979 -9.84978e-5 0.2809494 0.9597226 -2.10022e-4 0.188589 0.9820561 1.78021e-4 -0.1888918 0.981998 9.84978e-5 -0.2809497 0.9597226 2.0871e-4 -0.188588 0.9820563 7.8033e-6 4.34998e-5 1 -4.55042e-4 -0.09517478 0.9954605 -3.27652e-4 -0.0946049 0.9955149 0 -0.3707298 0.9287408 0 -0.280969 0.9597169 0 -0.3707293 0.928741 1 3.59793e-7 0 1 -3.61028e-7 0 1 3.60756e-7 0 1 -7.60458e-7 0 1 4.50333e-7 0 1 -7.59596e-7 0 1 -7.61682e-7 0 1 -7.22527e-7 0 1 -7.61492e-7 0 1 1.19476e-6 0 1 -3.60175e-7 0 1 -3.59888e-7 0 1 -3.60962e-7 0 1 7.61317e-7 0 1 -5.40527e-7 0 1 4.12118e-7 0 1 4.95614e-7 0 1 -7.22349e-7 0 1 -3.6082e-7 0 1 7.22567e-7 0 1 7.64304e-7 0 1 3.61095e-7 0 1 7.60132e-7 0 1 -3.7958e-7 0 1 -9.01292e-7 0 1 7.5902e-7 0 1 -7.58654e-7 0 1 5.31791e-7 0 1 -7.11998e-6 0 1 -4.29691e-7 0 1 -2.05862e-7 0 1 -4.94997e-7 0 1 7.61399e-7 0 1 7.18151e-7 0 1 -7.6099e-7 0 1 7.20641e-7 0 1 -1.52463e-6 0 1 7.81671e-7 0 1 -7.8809e-7 0 1 7.60553e-7 0 1 -3.60498e-7 0 1 -7.18613e-7 0 1 3.59655e-7 0 1 -3.60241e-7 0 1 7.61578e-7 0 1 3.59402e-7 0 1 -4.5019e-7 0 1 1.90847e-7 0 1 -5.39884e-7 0 1 7.58654e-7 0 1 -1.19178e-6 0 1 -3.60589e-7 0 1 5.40118e-7 0 1 -3.81818e-7 0 1 -3.60677e-7 0 1 -7.23216e-7 0 1 -7.62122e-7 0 1 -3.59708e-7 0 1 7.19177e-7 0 1 7.61946e-7 0 1 -3.81974e-7 0 1 -3.60874e-7 0 1 3.59522e-7 0 1 -4.12333e-7 0</float_array>
          <technique_common>
            <accessor source="#ID4_001-mesh-normals-array" count="110" stride="3">
              <param name="X" type="float"/>
              <param name="Y" type="float"/>
              <param name="Z" type="float"/>
            </accessor>
          </technique_common>
        </source>
        <vertices id="ID4_001-mesh-vertices">
          <input semantic="POSITION" source="#ID4_001-mesh-positions"/>
        </vertices>
        <triangles material="ALUMINUM-material" count="214">
          <input semantic="VERTEX" source="#ID4_001-mesh-vertices" offset="0"/>
          <input semantic="NORMAL" source="#ID4_001-mesh-normals" offset="1"/>
          <p>0 0 2 0 1 0 4 1 5 1 3 1 6 1 7 1 3 1 6 1 3 1 5 1 8 1 9 1 3 1 8 1 3 1 7 1 1 2 10 2 0 2 11 1 12 1 10 1 13 1 0 1 14 1 2 1 0 1 15 1 16 1 0 1 17 1 18 1 19 1 0 1 20 1 17 1 0 1 21 1 0 1 16 1 20 1 0 1 19 1 10 3 14 3 0 3 18 1 0 1 13 1 22 1 15 1 0 1 10 4 12 4 14 4 10 5 23 5 9 5 11 1 10 1 9 1 3 6 23 6 24 6 23 7 3 7 9 7 25 1 3 1 26 1 24 1 26 1 3 1 27 8 29 8 28 8 30 1 32 1 31 1 33 1 35 1 34 1 35 1 37 1 36 1 35 1 33 1 37 1 32 1 29 1 31 1 38 9 30 9 31 9 38 10 39 10 30 10 39 1 40 1 30 1 27 11 28 11 41 11 31 1 29 1 27 1 42 1 27 1 41 1 27 1 43 1 36 1 43 1 27 1 42 1 36 1 43 1 35 1 44 12 46 13 45 14 47 15 49 16 48 17 50 18 52 19 51 20 53 21 54 22 51 20 55 23 57 24 56 25 56 25 50 18 55 23 58 26 57 24 55 23 50 18 56 25 52 19 59 27 53 21 51 20 52 19 59 27 51 20 54 22 46 13 44 12 53 21 46 13 54 22 48 17 45 14 47 15 44 12 45 14 48 17 60 28 62 29 61 30 63 31 65 32 64 33 66 34 68 35 67 36 69 37 71 38 70 39 72 40 74 41 73 42 75 43 71 38 76 44 69 37 76 44 71 38 77 45 75 43 76 44 73 42 74 41 70 39 74 41 69 37 70 39 72 40 63 31 64 33 72 40 73 42 63 31 65 32 66 34 67 36 64 33 65 32 67 36 60 28 61 30 68 35 66 34 60 28 68 35 78 46 152 46 79 46 81 1 153 1 80 1 155 1 156 1 83 1 155 1 84 1 82 1 86 47 85 47 158 47 160 48 161 48 88 48 160 49 162 49 87 49 91 1 90 1 163 1 165 1 166 1 92 1 167 50 168 50 95 50 96 51 85 51 169 51 98 52 97 52 171 52 81 1 172 1 154 1 100 53 84 53 157 53 102 1 174 1 101 1 167 54 174 54 94 54 104 55 103 55 176 55 178 1 179 1 105 1 180 1 105 1 107 1 108 1 97 1 170 1 183 1 109 1 182 1 98 56 184 56 111 56 185 57 186 57 113 57 102 1 186 1 175 1 188 58 114 58 187 58 189 1 153 1 116 1 100 1 190 1 173 1 96 1 190 1 117 1 191 1 192 1 119 1 183 1 120 1 110 1 188 1 194 1 115 1 195 59 184 59 122 59 195 60 196 60 124 60 197 1 120 1 193 1 197 1 198 1 127 1 130 1 129 1 199 1 91 61 131 61 164 61 126 1 131 1 201 1 203 1 168 1 132 1 86 1 129 1 159 1 133 1 172 1 99 1 203 62 166 62 93 62 189 63 134 63 205 63 104 1 206 1 177 1 136 1 192 1 207 1 209 1 137 1 208 1 210 64 194 64 121 64 210 1 103 1 138 1 133 1 156 1 204 1 108 1 152 1 181 1 139 1 196 1 211 1 78 1 140 1 151 1 208 65 141 65 213 65 143 1 214 1 142 1 185 1 214 1 112 1 216 66 145 66 144 66 165 1 162 1 89 1 146 67 198 67 128 67 130 68 161 68 200 68 191 69 141 69 118 69 219 1 134 1 147 1 212 1 148 1 140 1 219 1 148 1 220 1 139 70 206 70 135 70 221 71 109 71 149 71 221 1 145 1 217 1 222 72 144 72 125 72 150 73 90 73 223 73 143 1 207 1 215 1 146 1 114 1 218 1 150 1 179 1 106 1 224 1 226 1 225 1 227 74 224 74 225 74 78 1 151 1 152 1 81 75 154 75 153 75 155 1 82 1 156 1 155 1 157 1 84 1 86 1 159 1 85 1 160 1 87 1 161 1 160 1 89 1 162 1 91 76 164 76 90 76 165 77 93 77 166 77 167 78 94 78 168 78 96 1 158 1 85 1 98 1 170 1 97 1 81 79 99 79 172 79 100 1 173 1 84 1 102 80 175 80 174 80 167 81 101 81 174 81 104 82 177 82 103 82 178 83 106 83 179 83 180 84 178 84 105 84 108 1 181 1 97 1 183 1 110 1 109 1 98 1 171 1 184 1 185 85 112 85 186 85 102 86 113 86 186 86 188 1 115 1 114 1 189 1 80 1 153 1 100 1 117 1 190 1 96 1 169 1 190 1 191 1 118 1 192 1 183 87 193 87 120 87 188 88 121 88 194 88 195 89 111 89 184 89 195 90 122 90 196 90 197 1 127 1 120 1 197 91 128 91 198 91 130 1 200 1 129 1 91 1 201 1 131 1 126 1 202 1 131 1 203 92 95 92 168 92 86 1 199 1 129 1 133 1 204 1 172 1 203 1 132 1 166 1 189 93 116 93 134 93 104 94 135 94 206 94 136 1 119 1 192 1 209 95 123 95 137 95 210 1 138 1 194 1 210 96 176 96 103 96 133 1 83 1 156 1 108 97 79 97 152 97 139 98 124 98 196 98 78 1 212 1 140 1 208 99 137 99 141 99 143 1 215 1 214 1 185 100 142 100 214 100 216 101 217 101 145 101 165 102 92 102 162 102 146 1 218 1 198 1 130 103 88 103 161 103 191 1 213 1 141 1 219 1 205 1 134 1 212 104 220 104 148 104 219 1 147 1 148 1 139 105 211 105 206 105 221 1 182 1 109 1 221 106 149 106 145 106 222 1 216 1 144 1 150 1 163 1 90 1 143 107 136 107 207 107 146 108 187 108 114 108 150 109 223 109 179 109</p>
        </triangles>
      </mesh>
    </geometry>
    <geometry id="ID4-mesh" name="ID4">
      <mesh>
        <source id="ID4-mesh-positions">
          <float_array id="ID4-mesh-positions-array" count="14184">0.02249991 0.01735997 0.002896845 0.03399991 0.01759994 0 0.02249991 0.01759994 0 0.02249991 0.01388883 0.01081001 0.03399991 0.01547867 0.008376657 0.02249991 0.01547867 0.008376657 0.02249991 0.01664638 0.005714595 0.03399991 0.01664638 0.005714595 0.03399991 0.01735997 0.002896845 0.03399991 0.009626269 0.01473402 0.02249991 0.009626269 0.01473402 0.02249991 0.007069826 0.01611757 0.03399991 0.01388883 0.01081001 0.02249991 0.01192015 0.01294869 0.03399991 0.01192015 0.01294869 0.02249991 0.00145334 0.01753979 0.02249991 -0.00145334 0.01753979 0.03399991 0.00145334 0.01753979 0.02249991 0.004320502 0.01706135 0.03399991 0.004320502 0.01706135 0.03399991 0.007069826 0.01611757 0.02249991 -0.009626269 0.01473402 0.03399991 -0.007069826 0.01611757 0.02249991 -0.007069826 0.01611757 0.03399991 -0.004320502 0.01706135 0.03399991 -0.00145334 0.01753979 0.02249991 -0.004320502 0.01706135 0.03399991 -0.01388883 0.01081001 0.03399991 -0.01192015 0.01294869 0.02249991 -0.01388883 0.01081001 0.03399991 -0.009626269 0.01473402 0.02249991 -0.01192015 0.01294869 0.02249991 -0.01547867 0.008376657 0.03399991 -0.01547867 0.008376657 0.02249991 -0.01664638 0.005714595 0.03399991 -0.01664638 0.005714595 0.03399991 -0.01735997 0.002896845 0.02249991 -0.01735997 0.002896845 0.02249991 -0.01759994 0 0.03399991 -0.01759994 0 0.02249991 0.0172612 0.002880394 0.02249991 0.01749998 0 0.03399991 0.01749998 0 0.02249991 0.01380991 0.01074868 0.02249991 0.01539075 0.008329033 0.03399991 0.01539075 0.008329033 0.02249991 0.01655179 0.00568217 0.03399991 0.0172612 0.002880394 0.03399991 0.01655179 0.00568217 0.03399991 0.009571552 0.0146504 0.02249991 0.007029592 0.01602596 0.02249991 0.009571552 0.0146504 0.03399991 0.01380991 0.01074868 0.03399991 0.01185238 0.01287513 0.02249991 0.01185238 0.01287513 0.02249991 0.001445055 0.01744014 0.03399991 0.001445055 0.01744014 0.02249991 -0.001445055 0.01744014 0.02249991 0.004295945 0.01696449 0.03399991 0.007029592 0.01602596 0.03399991 0.004295945 0.01696449 0.02249991 -0.009571552 0.0146504 0.02249991 -0.007029592 0.01602596 0.03399991 -0.007029592 0.01602596 0.03399991 -0.004295945 0.01696449 0.02249991 -0.004295945 0.01696449 0.03399991 -0.001445055 0.01744014 0.03399991 -0.01380991 0.01074868 0.02249991 -0.01380991 0.01074868 0.03399991 -0.01185238 0.01287513 0.03399991 -0.009571552 0.0146504 0.02249991 -0.01185238 0.01287513 0.02249991 -0.01539075 0.008329033 0.03399991 -0.01539075 0.008329033 0.03399991 -0.01655179 0.00568217 0.02249991 -0.01655179 0.00568217 0.03399991 -0.0172612 0.002880394 0.02249991 -0.0172612 0.002880394 0.02249991 -0.01749998 0 0.03399991 -0.01749998 0 0.03399991 -0.01759994 -0.04379588 0.03399991 -0.01759994 0 0.02249991 -0.01759994 0 0.0349999 -0.01759994 -0.0483992 0.0349999 -0.01759994 -0.04379588 0.02249991 -0.01759994 -0.05897992 0.03399991 -0.01749998 -0.04383581 0.02249991 -0.01749998 0 0.03399991 -0.01749998 0 0.0349999 -0.01749998 -0.04843538 0.0349999 -0.01749998 -0.04383581 0.02249991 -0.01749998 -0.05900979 0.0349999 0.01749998 -0.04843538 0.0349999 0.01749998 -0.04383581 0.03399991 0.01749998 -0.04383581 0.03399991 0.01749998 0 0.02249991 0.01749998 0 0.02249991 0.01749998 -0.05900979 0.03399991 0.01759994 -0.04379588 0.02249991 0.01759994 0 0.03399991 0.01759994 0 0.0349999 0.01759994 -0.0483992 0.0349999 0.01759994 -0.04379588 0.02249991 0.01759994 -0.05897992 -0.0205 -0.0287255 -0.05125397 -0.0205 -0.03077447 -0.05180299 -0.0205 -0.02947545 -0.05255293 -0.0205 -0.03164947 -0.05331856 -0.0205 -0.02720981 -0.05212897 -0.0205 -0.02795988 -0.05342799 -0.0205 -0.0303505 -0.0540685 -0.0205 -0.03154003 -0.04962897 -0.0205 -0.0322901 -0.05092793 -0.0205 -0.0300244 -0.0505039 -0.0205 -0.02785038 -0.04973828 -0.0205 -0.02914947 -0.04898846 -0.02249991 -0.0287255 -0.05125397 -0.0205 -0.0287255 -0.05125397 -0.0205 -0.02720981 -0.05212897 -0.02249991 -0.02720981 -0.05212897 -0.0205 -0.02720981 -0.05212897 -0.0205 -0.02795988 -0.05342799 -0.02249991 -0.02795988 -0.05342799 -0.02249991 -0.02720981 -0.05212897 -0.0205 -0.02795988 -0.05342799 -0.0205 -0.02947545 -0.05255293 -0.02249991 -0.02947545 -0.05255293 -0.02249991 -0.02795988 -0.05342799 -0.0205 -0.02947545 -0.05255293 -0.0205 -0.0303505 -0.0540685 -0.02249991 -0.0303505 -0.0540685 -0.02249991 -0.02947545 -0.05255293 -0.0205 -0.0303505 -0.0540685 -0.0205 -0.03164947 -0.05331856 -0.02249991 -0.03164947 -0.05331856 -0.02249991 -0.0303505 -0.0540685 -0.02249991 -0.03164947 -0.05331856 -0.0205 -0.03164947 -0.05331856 -0.0205 -0.03077447 -0.05180299 -0.02249991 -0.03077447 -0.05180299 -0.0205 -0.03077447 -0.05180299 -0.0205 -0.0322901 -0.05092793 -0.02249991 -0.0322901 -0.05092793 -0.02249991 -0.03077447 -0.05180299 -0.02249991 -0.0322901 -0.05092793 -0.0205 -0.0322901 -0.05092793 -0.0205 -0.03154003 -0.04962897 -0.02249991 -0.03154003 -0.04962897 -0.02249991 -0.03154003 -0.04962897 -0.0205 -0.03154003 -0.04962897 -0.0205 -0.0300244 -0.0505039 -0.02249991 -0.0300244 -0.0505039 -0.02249991 -0.0300244 -0.0505039 -0.0205 -0.0300244 -0.0505039 -0.0205 -0.02914947 -0.04898846 -0.02249991 -0.02914947 -0.04898846 -0.02249991 -0.02914947 -0.04898846 -0.0205 -0.02914947 -0.04898846 -0.0205 -0.02785038 -0.04973828 -0.02249991 -0.02785038 -0.04973828 -0.0205 -0.02785038 -0.04973828 -0.0205 -0.0287255 -0.05125397 -0.02249991 -0.0287255 -0.05125397 -0.02249991 -0.02785038 -0.04973828 -0.02249991 -0.02877515 -0.05501997 -0.02249991 -0.02795988 -0.05342799 -0.02249991 -0.0303505 -0.0540685 -0.02249991 -0.02720981 -0.05212897 -0.02249991 -0.02785038 -0.04973828 -0.02249991 -0.0287255 -0.05125397 -0.02249991 -0.02768117 -0.0545051 -0.02249991 -0.02820652 -0.05480843 -0.02249991 -0.02947545 -0.05255293 -0.02249991 -0.02681726 -0.0536592 -0.02249991 -0.02721369 -0.05411845 -0.02249991 -0.02937108 -0.0551337 -0.02249991 -0.0265029 -0.05314028 -0.02249991 -0.02997756 -0.05514633 -0.02249991 -0.02627962 -0.0525763 -0.02249991 -0.03115469 -0.05487018 -0.02249991 -0.03057771 -0.0550577 -0.02249991 -0.02615356 -0.05198276 -0.02249991 -0.03169232 -0.05458915 -0.02249991 -0.0325908 -0.05378013 -0.02249991 -0.03164947 -0.05331856 -0.02249991 -0.03292649 -0.05327481 -0.02249991 -0.03317338 -0.0527206 -0.02249991 -0.0262041 -0.05077475 -0.02249991 -0.0322901 -0.05092793 -0.02249991 -0.02637958 -0.05019408 -0.02249991 -0.03077447 -0.05180299 -0.02249991 -0.02664929 -0.0496506 -0.02249991 -0.03332418 -0.05213296 -0.02249991 -0.03295969 -0.04984378 -0.02249991 -0.0331884 -0.05038052 -0.02249991 -0.02793747 -0.04838913 -0.02249991 -0.02914947 -0.04898846 -0.02249991 -0.0307585 -0.04804652 -0.02249991 -0.03018689 -0.04792988 -0.02249991 -0.03154003 -0.04962897 -0.02249991 -0.0300244 -0.0505039 -0.02249991 -0.0326479 -0.04935073 -0.02249991 -0.02846455 -0.04813903 -0.02249991 -0.02902483 -0.04797679 -0.02249991 -0.02960389 -0.04790639 -0.02249991 -0.03332799 -0.05094695 -0.02249991 -0.02743929 -0.04873538 -0.02249991 -0.03337496 -0.05152845 -0.02249991 -0.02612817 -0.0513767 -0.02249991 -0.031304 -0.04825341 -0.02249991 -0.02700585 -0.04915988 -0.02249991 -0.03226107 -0.04891419 -0.02249991 -0.03180915 -0.04854518 -0.02249991 -0.0321756 -0.0542224 -0.0205 -0.02947545 0.05255293 -0.0205 -0.03077447 0.05180299 -0.0205 -0.0287255 0.05125397 -0.0205 -0.0300244 0.0505039 -0.0205 -0.0322901 0.05092793 -0.0205 -0.03154003 0.04962897 -0.0205 -0.03164947 0.05331856 -0.0205 -0.0303505 0.0540685 -0.0205 -0.02720981 0.05212897 -0.0205 -0.02795988 0.05342799 -0.0205 -0.02785038 0.04973828 -0.0205 -0.02914947 0.04898846 -0.02249991 -0.0300244 0.0505039 -0.0205 -0.0300244 0.0505039 -0.0205 -0.03154003 0.04962897 -0.02249991 -0.03154003 0.04962897 -0.0205 -0.03154003 0.04962897 -0.0205 -0.0322901 0.05092793 -0.02249991 -0.0322901 0.05092793 -0.02249991 -0.03154003 0.04962897 -0.0205 -0.0322901 0.05092793 -0.0205 -0.03077447 0.05180299 -0.02249991 -0.03077447 0.05180299 -0.02249991 -0.0322901 0.05092793 -0.0205 -0.03077447 0.05180299 -0.0205 -0.03164947 0.05331856 -0.02249991 -0.03164947 0.05331856 -0.02249991 -0.03077447 0.05180299 -0.0205 -0.03164947 0.05331856 -0.0205 -0.0303505 0.0540685 -0.02249991 -0.0303505 0.0540685 -0.02249991 -0.03164947 0.05331856 -0.02249991 -0.0303505 0.0540685 -0.0205 -0.0303505 0.0540685 -0.0205 -0.02947545 0.05255293 -0.02249991 -0.02947545 0.05255293 -0.0205 -0.02947545 0.05255293 -0.0205 -0.02795988 0.05342799 -0.02249991 -0.02795988 0.05342799 -0.02249991 -0.02947545 0.05255293 -0.02249991 -0.02795988 0.05342799 -0.0205 -0.02795988 0.05342799 -0.0205 -0.02720981 0.05212897 -0.02249991 -0.02720981 0.05212897 -0.02249991 -0.02720981 0.05212897 -0.0205 -0.02720981 0.05212897 -0.0205 -0.0287255 0.05125397 -0.02249991 -0.0287255 0.05125397 -0.02249991 -0.0287255 0.05125397 -0.0205 -0.0287255 0.05125397 -0.0205 -0.02785038 0.04973828 -0.02249991 -0.02785038 0.04973828 -0.02249991 -0.02785038 0.04973828 -0.0205 -0.02785038 0.04973828 -0.0205 -0.02914947 0.04898846 -0.02249991 -0.02914947 0.04898846 -0.0205 -0.02914947 0.04898846 -0.0205 -0.0300244 0.0505039 -0.02249991 -0.0300244 0.0505039 -0.02249991 -0.02914947 0.04898846 -0.02249991 -0.03164947 0.05331856 -0.02249991 -0.03317338 0.0527206 -0.02249991 -0.0322901 0.05092793 -0.02249991 -0.02720981 0.05212897 -0.02249991 -0.0287255 0.05125397 -0.02249991 -0.02785038 0.04973828 -0.02249991 -0.02914947 0.04898846 -0.02249991 -0.03154003 0.04962897 -0.02249991 -0.0307585 0.04804652 -0.02249991 -0.0265029 0.05314028 -0.02249991 -0.02795988 0.05342799 -0.02249991 -0.03180915 0.04854518 -0.02249991 -0.031304 0.04825341 -0.02249991 -0.02820652 0.05480843 -0.02249991 -0.02877515 0.05501997 -0.02249991 -0.0331884 0.05038052 -0.02249991 -0.03295969 0.04984378 -0.02249991 -0.02937108 0.0551337 -0.02249991 -0.0303505 0.0540685 -0.02249991 -0.03077447 0.05180299 -0.02249991 -0.03169232 0.05458915 -0.02249991 -0.0321756 0.0542224 -0.02249991 -0.0325908 0.05378013 -0.02249991 -0.03115469 0.05487018 -0.02249991 -0.03292649 0.05327481 -0.02249991 -0.02997756 0.05514633 -0.02249991 -0.03332418 0.05213296 -0.02249991 -0.03337496 0.05152845 -0.02249991 -0.02947545 0.05255293 -0.02249991 -0.02768117 0.0545051 -0.02249991 -0.0326479 0.04935073 -0.02249991 -0.02681726 0.0536592 -0.02249991 -0.02721369 0.05411845 -0.02249991 -0.0262041 0.05077475 -0.02249991 -0.02612817 0.0513767 -0.02249991 -0.03226107 0.04891419 -0.02249991 -0.0300244 0.0505039 -0.02249991 -0.02637958 0.05019408 -0.02249991 -0.02664929 0.0496506 -0.02249991 -0.02743929 0.04873538 -0.02249991 -0.02700585 0.04915988 -0.02249991 -0.03018689 0.04792988 -0.02249991 -0.02793747 0.04838913 -0.02249991 -0.02960389 0.04790639 -0.02249991 -0.02846455 0.04813903 -0.02249991 -0.02615356 0.05198276 -0.02249991 -0.02902483 0.04797679 -0.02249991 -0.02627962 0.0525763 -0.02249991 -0.03057771 0.0550577 -0.02249991 -0.03332799 0.05094695 -0.0205 0.03077447 -0.05180299 -0.0205 0.0287255 -0.05125397 -0.0205 0.02947545 -0.05255293 -0.0205 0.0300244 -0.0505039 -0.0205 0.02785038 -0.04973828 -0.0205 0.0322901 -0.05092793 -0.0205 0.03154003 -0.04962897 -0.0205 0.03164947 -0.05331856 -0.0205 0.0303505 -0.0540685 -0.0205 0.02720981 -0.05212897 -0.0205 0.02795988 -0.05342799 -0.0205 0.02914947 -0.04898846 -0.02249991 0.0300244 -0.0505039 -0.0205 0.0300244 -0.0505039 -0.0205 0.03154003 -0.04962897 -0.02249991 0.03154003 -0.04962897 -0.02249991 0.03154003 -0.04962897 -0.0205 0.03154003 -0.04962897 -0.0205 0.0322901 -0.05092793 -0.02249991 0.0322901 -0.05092793 -0.0205 0.0322901 -0.05092793 -0.0205 0.03077447 -0.05180299 -0.02249991 0.03077447 -0.05180299 -0.02249991 0.0322901 -0.05092793 -0.02249991 0.03077447 -0.05180299 -0.0205 0.03077447 -0.05180299 -0.0205 0.03164947 -0.05331856 -0.02249991 0.03164947 -0.05331856 -0.0205 0.03164947 -0.05331856 -0.0205 0.0303505 -0.0540685 -0.02249991 0.0303505 -0.0540685 -0.02249991 0.03164947 -0.05331856 -0.0205 0.0303505 -0.0540685 -0.0205 0.02947545 -0.05255293 -0.02249991 0.02947545 -0.05255293 -0.02249991 0.0303505 -0.0540685 -0.0205 0.02947545 -0.05255293 -0.0205 0.02795988 -0.05342799 -0.02249991 0.02795988 -0.05342799 -0.02249991 0.02947545 -0.05255293 -0.0205 0.02795988 -0.05342799 -0.0205 0.02720981 -0.05212897 -0.02249991 0.02720981 -0.05212897 -0.02249991 0.02795988 -0.05342799 -0.02249991 0.02720981 -0.05212897 -0.0205 0.02720981 -0.05212897 -0.0205 0.0287255 -0.05125397 -0.02249991 0.0287255 -0.05125397 -0.0205 0.0287255 -0.05125397 -0.0205 0.02785038 -0.04973828 -0.02249991 0.02785038 -0.04973828 -0.02249991 0.0287255 -0.05125397 -0.02249991 0.02785038 -0.04973828 -0.0205 0.02785038 -0.04973828 -0.0205 0.02914947 -0.04898846 -0.02249991 0.02914947 -0.04898846 -0.02249991 0.02914947 -0.04898846 -0.0205 0.02914947 -0.04898846 -0.0205 0.0300244 -0.0505039 -0.02249991 0.0300244 -0.0505039 -0.02249991 0.02914947 -0.04898846 -0.02249991 0.03154003 -0.04962897 -0.02249991 0.0308935 -0.04808855 -0.02249991 0.03145533 -0.04832965 -0.02249991 0.03196889 -0.04866188 -0.02249991 0.0287255 -0.05125397 -0.02249991 0.02785038 -0.04973828 -0.02249991 0.02720981 -0.05212897 -0.02249991 0.0322901 -0.05092793 -0.02249991 0.03327405 -0.0506792 -0.02249991 0.03308117 -0.05009889 -0.02249991 0.02692127 -0.05379539 -0.02249991 0.02795988 -0.05342799 -0.02249991 0.02658045 -0.05328768 -0.02249991 0.03077447 -0.05180299 -0.02249991 0.03164947 -0.05331856 -0.02249991 0.0289604 -0.0550664 -0.02249991 0.02837681 -0.05488336 -0.02249991 0.0303505 -0.0540685 -0.02249991 0.02956628 -0.05514883 -0.02249991 0.03134638 -0.0547831 -0.02249991 0.03187078 -0.05446839 -0.02249991 0.0323348 -0.05406993 -0.02249991 0.03017759 -0.05512809 -0.02249991 0.03303092 -0.05306965 -0.02249991 0.03324329 -0.05249625 -0.02249991 0.03272527 -0.05359929 -0.02249991 0.02947545 -0.05255293 -0.02249991 0.02783238 -0.0546047 -0.02249991 0.0333563 -0.0518952 -0.02249991 0.03336668 -0.05128371 -0.02249991 0.03279346 -0.04955929 -0.02249991 0.02734261 -0.05423861 -0.02249991 0.02632987 -0.0527299 -0.02249991 0.0300244 -0.0505039 -0.02249991 0.02618008 -0.05089849 -0.02249991 0.02661103 -0.04971534 -0.02249991 0.02634388 -0.05028796 -0.02249991 0.02697348 -0.04919797 -0.02249991 0.0274201 -0.04875135 -0.02249991 0.03029882 -0.04794526 -0.02249991 0.02793747 -0.04838913 -0.02249991 0.02968877 -0.04790395 -0.02249991 0.02849096 -0.0481292 -0.02249991 0.0324192 -0.04907566 -0.02249991 0.02612495 -0.05152845 -0.02249991 0.02908039 -0.04796588 -0.02249991 0.02617657 -0.05213785 -0.02249991 0.03077656 -0.05500507 -0.0205 -0.06024998 0.002499938 -0.0205 -0.05874997 7.5e-4 -0.0205 -0.05874997 0.002499938 -0.0205 -0.05874997 -0.002499938 -0.0205 -0.05874997 -7.5e-4 -0.0205 -0.06024998 -7.5e-4 -0.0205 -0.06024998 7.5e-4 -0.0205 -0.06024998 -0.002499938 -0.0205 -0.06199991 7.5e-4 -0.0205 -0.06199991 -7.5e-4 -0.0205 -0.05699998 -7.5e-4 -0.0205 -0.05699998 7.5e-4 -0.0205 -0.05874997 -7.5e-4 -0.0205 -0.05874997 -0.002499938 -0.02249991 -0.05874997 -0.002499938 -0.02249991 -0.05874997 -7.5e-4 -0.02249991 -0.05874997 -0.002499938 -0.0205 -0.05874997 -0.002499938 -0.0205 -0.06024998 -0.002499938 -0.02249991 -0.06024998 -0.002499938 -0.02249991 -0.06024998 -0.002499938 -0.0205 -0.06024998 -7.5e-4 -0.02249991 -0.06024998 -7.5e-4 -0.0205 -0.06024998 -0.002499938 -0.02249991 -0.06024998 -7.5e-4 -0.0205 -0.06024998 -7.5e-4 -0.0205 -0.06199991 -7.5e-4 -0.02249991 -0.06199991 -7.5e-4 -0.02249991 -0.06199991 -7.5e-4 -0.0205 -0.06199991 7.5e-4 -0.02249991 -0.06199991 7.5e-4 -0.0205 -0.06199991 -7.5e-4 -0.02249991 -0.06199991 7.5e-4 -0.0205 -0.06199991 7.5e-4 -0.0205 -0.06024998 7.5e-4 -0.02249991 -0.06024998 7.5e-4 -0.02249991 -0.06024998 7.5e-4 -0.0205 -0.06024998 0.002499938 -0.02249991 -0.06024998 0.002499938 -0.0205 -0.06024998 7.5e-4 -0.02249991 -0.05874997 0.002499938 -0.0205 -0.06024998 0.002499938 -0.0205 -0.05874997 0.002499938 -0.02249991 -0.06024998 0.002499938 -0.0205 -0.05874997 0.002499938 -0.0205 -0.05874997 7.5e-4 -0.02249991 -0.05874997 7.5e-4 -0.02249991 -0.05874997 0.002499938 -0.02249991 -0.05874997 7.5e-4 -0.0205 -0.05874997 7.5e-4 -0.0205 -0.05699998 7.5e-4 -0.02249991 -0.05699998 7.5e-4 -0.0205 -0.05699998 7.5e-4 -0.0205 -0.05699998 -7.5e-4 -0.02249991 -0.05699998 -7.5e-4 -0.02249991 -0.05699998 7.5e-4 -0.02249991 -0.05699998 -7.5e-4 -0.0205 -0.05699998 -7.5e-4 -0.0205 -0.05874997 -7.5e-4 -0.02249991 -0.05874997 -7.5e-4 -0.0205 -0.02800548 -0.0480684 -0.0205 -0.02868849 -0.04806238 -0.0205 -0.02811795 -0.04829168 -0.0205 -0.026138 -0.05122107 -0.0205 -0.026138 -0.05183589 -0.0205 -0.02588891 -0.05185705 -0.0205 -0.0275945 -0.0486139 -0.0205 -0.02744579 -0.04841291 -0.0205 -0.02861529 -0.0478233 -0.0205 -0.02925777 -0.04768478 -0.0205 -0.0271328 -0.04902017 -0.0205 -0.02695238 -0.04884713 -0.0205 -0.02991443 -0.04765695 -0.0205 -0.0292896 -0.04793286 -0.0205 -0.0265395 -0.04935848 -0.0205 -0.02674669 -0.04949849 -0.0205 -0.03056639 -0.04774039 -0.0205 -0.0299037 -0.04790669 -0.0205 -0.0264467 -0.05003529 -0.0205 -0.02621895 -0.04993236 -0.0205 -0.0311948 -0.04793286 -0.0205 -0.0305137 -0.04798483 -0.0205 -0.02624189 -0.05061507 -0.0205 -0.02599996 -0.05055207 -0.0205 -0.02588891 -0.05119985 -0.0205 -0.03178167 -0.0482288 -0.0205 -0.03231 -0.04861962 -0.0205 -0.0316506 -0.04844158 -0.0205 -0.03110158 -0.0481649 -0.0205 -0.03276485 -0.0490942 -0.0205 -0.0321449 -0.04880726 -0.0205 -0.02624189 -0.05244189 -0.0205 -0.02599996 -0.05250483 -0.0205 -0.03257036 -0.04925113 -0.0205 -0.03313285 -0.04963862 -0.0205 -0.0264467 -0.0530216 -0.0205 -0.02621895 -0.05312448 -0.0205 -0.02695238 -0.0542097 -0.0205 -0.0265395 -0.05369836 -0.0205 -0.0271328 -0.05403673 -0.0205 -0.02674669 -0.05355829 -0.0205 -0.02800548 -0.05498856 -0.0205 -0.02744579 -0.05464392 -0.0205 -0.02811795 -0.0547654 -0.0205 -0.0275945 -0.054443 -0.0205 -0.0299037 -0.05515015 -0.0205 -0.02991443 -0.05539995 -0.0205 -0.02925777 -0.05537199 -0.0205 -0.03340351 -0.05023753 -0.0205 -0.03291463 -0.04976058 -0.0205 -0.03257036 -0.0538057 -0.0205 -0.03276485 -0.05396282 -0.0205 -0.0321449 -0.0542497 -0.0205 -0.03231 -0.05443733 -0.0205 -0.0316506 -0.05461519 -0.0205 -0.03110158 -0.05489206 -0.0205 -0.03178167 -0.0548281 -0.0205 -0.0305137 -0.055072 -0.0205 -0.03056639 -0.05531638 -0.0205 -0.0311948 -0.0551241 -0.0205 -0.03340351 -0.05281937 -0.0205 -0.03291463 -0.05329632 -0.0205 -0.03316783 -0.0527361 -0.0205 -0.03313285 -0.05341821 -0.0205 -0.02868849 -0.05499458 -0.0205 -0.02861529 -0.05523359 -0.0205 -0.0292896 -0.0551241 -0.0205 -0.03362488 -0.05152845 -0.0205 -0.03332287 -0.05214107 -0.0205 -0.03337496 -0.05152845 -0.0205 -0.03356921 -0.05218333 -0.0205 -0.03356921 -0.05087351 -0.0205 -0.03332287 -0.05091583 -0.0205 -0.03316783 -0.05032086 -0.0205 0.03149443 -0.0480684 -0.0205 0.03081142 -0.04806238 -0.0205 0.03138196 -0.04829168 -0.0205 0.03336185 -0.05122107 -0.0205 0.03336185 -0.05183589 -0.0205 0.03361093 -0.05185705 -0.0205 0.03190547 -0.0486139 -0.0205 0.03205412 -0.04841291 -0.0205 0.03088468 -0.0478233 -0.0205 0.0302422 -0.04768478 -0.0205 0.03236705 -0.04902017 -0.0205 0.03254759 -0.04884713 -0.0205 0.02958548 -0.04765695 -0.0205 0.03021037 -0.04793286 -0.0205 0.03296047 -0.04935848 -0.0205 0.03275322 -0.04949849 -0.0205 0.02893358 -0.04774039 -0.0205 0.02959609 -0.04790669 -0.0205 0.0330531 -0.05003529 -0.0205 0.0332809 -0.04993236 -0.0205 0.02830517 -0.04793286 -0.0205 0.02898627 -0.04798483 -0.0205 0.03325796 -0.05061507 -0.0205 0.03349989 -0.05055207 -0.0205 0.03361093 -0.05119985 -0.0205 0.0277183 -0.0482288 -0.0205 0.02718985 -0.04861962 -0.0205 0.02784937 -0.04844158 -0.0205 0.02839839 -0.0481649 -0.0205 0.026735 -0.0490942 -0.0205 0.02735507 -0.04880726 -0.0205 0.03325796 -0.05244189 -0.0205 0.03349989 -0.05250483 -0.0205 0.02692949 -0.04925113 -0.0205 0.026367 -0.04963862 -0.0205 0.0330531 -0.0530216 -0.0205 0.0332809 -0.05312448 -0.0205 0.03254759 -0.0542097 -0.0205 0.03296047 -0.05369836 -0.0205 0.03236705 -0.05403673 -0.0205 0.03275322 -0.05355829 -0.0205 0.03149443 -0.05498856 -0.0205 0.03205412 -0.05464392 -0.0205 0.03138196 -0.0547654 -0.0205 0.03190547 -0.054443 -0.0205 0.02959609 -0.05515015 -0.0205 0.02958548 -0.05539995 -0.0205 0.0302422 -0.05537199 -0.0205 0.02609628 -0.05023753 -0.0205 0.02658528 -0.04976058 -0.0205 0.02692949 -0.0538057 -0.0205 0.026735 -0.05396282 -0.0205 0.02735507 -0.0542497 -0.0205 0.02718985 -0.05443733 -0.0205 0.02784937 -0.05461519 -0.0205 0.02839839 -0.05489206 -0.0205 0.0277183 -0.0548281 -0.0205 0.02898627 -0.055072 -0.0205 0.02893358 -0.05531638 -0.0205 0.02830517 -0.0551241 -0.0205 0.02609628 -0.05281937 -0.0205 0.02658528 -0.05329632 -0.0205 0.02633208 -0.0527361 -0.0205 0.026367 -0.05341821 -0.0205 0.03081142 -0.05499458 -0.0205 0.03088468 -0.05523359 -0.0205 0.03021037 -0.0551241 -0.0205 0.02587497 -0.05152845 -0.0205 0.02617698 -0.05214107 -0.0205 0.02612495 -0.05152845 -0.0205 0.0259307 -0.05218333 -0.0205 0.0259307 -0.05087351 -0.0205 0.02617698 -0.05091583 -0.0205 0.02633208 -0.05032086 -0.0205 0.02720981 0.05212897 -0.0205 0.02947545 0.05255293 -0.0205 0.02795988 0.05342799 -0.0205 0.0287255 0.05125397 -0.0205 0.03077447 0.05180299 -0.0205 0.03164947 0.05331856 -0.0205 0.0303505 0.0540685 -0.0205 0.03154003 0.04962897 -0.0205 0.0322901 0.05092793 -0.0205 0.0300244 0.0505039 -0.0205 0.02785038 0.04973828 -0.0205 0.02914947 0.04898846 -0.02249991 0.0287255 0.05125397 -0.0205 0.0287255 0.05125397 -0.0205 0.02720981 0.05212897 -0.02249991 0.02720981 0.05212897 -0.02249991 0.02720981 0.05212897 -0.0205 0.02720981 0.05212897 -0.0205 0.02795988 0.05342799 -0.02249991 0.02795988 0.05342799 -0.0205 0.02795988 0.05342799 -0.0205 0.02947545 0.05255293 -0.02249991 0.02947545 0.05255293 -0.02249991 0.02795988 0.05342799 -0.02249991 0.02947545 0.05255293 -0.0205 0.02947545 0.05255293 -0.0205 0.0303505 0.0540685 -0.02249991 0.0303505 0.0540685 -0.0205 0.0303505 0.0540685 -0.0205 0.03164947 0.05331856 -0.02249991 0.03164947 0.05331856 -0.02249991 0.0303505 0.0540685 -0.0205 0.03164947 0.05331856 -0.0205 0.03077447 0.05180299 -0.02249991 0.03077447 0.05180299 -0.02249991 0.03164947 0.05331856 -0.0205 0.03077447 0.05180299 -0.0205 0.0322901 0.05092793 -0.02249991 0.0322901 0.05092793 -0.02249991 0.03077447 0.05180299 -0.0205 0.0322901 0.05092793 -0.0205 0.03154003 0.04962897 -0.02249991 0.03154003 0.04962897 -0.02249991 0.0322901 0.05092793 -0.02249991 0.03154003 0.04962897 -0.0205 0.03154003 0.04962897 -0.0205 0.0300244 0.0505039 -0.02249991 0.0300244 0.0505039 -0.0205 0.0300244 0.0505039 -0.0205 0.02914947 0.04898846 -0.02249991 0.02914947 0.04898846 -0.02249991 0.0300244 0.0505039 -0.02249991 0.02914947 0.04898846 -0.0205 0.02914947 0.04898846 -0.0205 0.02785038 0.04973828 -0.02249991 0.02785038 0.04973828 -0.02249991 0.02785038 0.04973828 -0.0205 0.02785038 0.04973828 -0.0205 0.0287255 0.05125397 -0.02249991 0.0287255 0.05125397 -0.0205 -0.03340941 0.05280286 -0.0205 -0.03292649 0.05327481 -0.0205 -0.0331456 0.05339527 -0.0205 -0.0307585 0.04804652 -0.0205 -0.031304 0.04825341 -0.0205 -0.03141117 0.04802757 -0.0205 -0.03195112 0.04833942 -0.0205 -0.03180915 0.04854518 -0.0205 -0.03082799 0.0478065 -0.0205 -0.03021705 0.04768168 -0.0205 -0.03226107 0.04891419 -0.0205 -0.03243428 0.04873389 -0.0205 -0.03018689 0.04792988 -0.0205 -0.029594 0.04765659 -0.0205 -0.0326479 0.04935073 -0.0205 -0.03284776 0.04920059 -0.0205 -0.02960389 0.04790639 -0.0205 -0.02897489 0.04773169 -0.0205 -0.02902483 0.04797679 -0.0205 -0.03295969 0.04984378 -0.0205 -0.03318107 0.04972761 -0.0205 -0.0331884 0.05038052 -0.0205 -0.0334255 0.05030137 -0.0205 -0.02664929 0.0496506 -0.0205 -0.02643549 0.04952108 -0.0205 -0.026147 0.05010193 -0.0205 -0.02793747 0.04838913 -0.0205 -0.02727997 0.04854273 -0.0205 -0.02743929 0.04873538 -0.0205 -0.03169232 0.05458915 -0.0205 -0.03182619 0.05480027 -0.0205 -0.03234285 0.05440819 -0.0205 -0.02615356 0.05198276 -0.0205 -0.02612817 0.0513767 -0.0205 -0.02587831 0.05136615 -0.0205 -0.02681726 0.0536592 -0.0205 -0.0265029 0.05314028 -0.0205 -0.02627909 0.0532515 -0.0205 -0.03063488 0.05530107 -0.0205 -0.02997756 0.05514633 -0.0205 -0.02999329 0.0553959 -0.0205 -0.02820652 0.05480843 -0.0205 -0.02768117 0.0545051 -0.0205 -0.02753841 0.05471038 -0.0205 -0.02810007 0.05503463 -0.0205 -0.02877515 0.05501997 -0.0205 -0.02661508 0.05380612 -0.0205 -0.02721369 0.05411845 -0.0205 -0.02703875 0.05429702 -0.0205 -0.02934497 0.05538225 -0.0205 -0.02937108 0.0551337 -0.0205 -0.02870786 0.05526071 -0.0205 -0.02604037 0.05264848 -0.0205 -0.02627962 0.0525763 -0.0205 -0.03125149 0.05510061 -0.0205 -0.03057771 0.0550577 -0.0205 -0.02590548 0.05201417 -0.0205 -0.02595967 0.05072283 -0.0205 -0.0262041 0.05077475 -0.0205 -0.03115469 0.05487018 -0.0205 -0.0321756 0.0542224 -0.0205 -0.03278672 0.0539354 -0.0205 -0.02637958 0.05019408 -0.0205 -0.02700585 0.04915988 -0.0205 -0.0268166 0.04899638 -0.0205 -0.0325908 0.05378013 -0.0205 -0.03332418 0.05213296 -0.0205 -0.03317338 0.0527206 -0.0205 -0.03332799 0.05094695 -0.0205 -0.0335747 0.05090683 -0.0205 -0.03357058 0.05217462 -0.0205 -0.03337496 0.05152845 -0.0205 -0.02781248 0.04817265 -0.0205 -0.02846455 0.04813903 -0.0205 -0.02837586 0.0479052 -0.0205 -0.03362488 0.05152845 -0.02249991 -0.05751729 -0.003034651 -0.02249991 -0.05874997 -0.002499938 -0.02249991 -0.05804383 -0.003319621 -0.02249991 -0.05699998 7.5e-4 -0.02249991 -0.05874997 0.002499938 -0.02249991 -0.05874997 7.5e-4 -0.02249991 -0.05861008 -0.003514051 -0.02249991 -0.05704486 -0.00266695 -0.02249991 -0.05920058 -0.003612518 -0.02249991 -0.05699998 -7.5e-4 -0.02249991 -0.05874997 -7.5e-4 -0.02249991 -0.05663937 -0.002226412 -0.02249991 -0.05979937 -0.003612518 -0.02249991 -0.0560714 0.001176953 -0.02249991 -0.0563119 0.001725256 -0.02249991 -0.0563119 -0.001725256 -0.02249991 -0.06024998 -7.5e-4 -0.02249991 -0.06199991 -7.5e-4 -0.02249991 -0.06024998 -0.002499938 -0.02249991 -0.06195509 -0.00266695 -0.02249991 -0.0614826 -0.003034651 -0.02249991 -0.0630756 -5.96655e-4 -0.02249991 -0.06292855 -0.001176953 -0.02249991 -0.055875 0 -0.02249991 -0.05592429 5.96655e-4 -0.02249991 -0.06199991 7.5e-4 -0.02249991 -0.0630756 5.96655e-4 -0.02249991 -0.06312495 0 -0.02249991 -0.05663937 0.002226412 -0.02249991 -0.05704486 0.00266695 -0.02249991 -0.06024998 0.002499938 -0.02249991 -0.06195509 0.00266695 -0.02249991 -0.05751729 0.003034651 -0.02249991 -0.06095606 0.003319621 -0.02249991 -0.0614826 0.003034651 -0.02249991 -0.05979937 0.003612518 -0.02249991 -0.06038981 0.003514051 -0.02249991 -0.06024998 7.5e-4 -0.02249991 -0.05920058 0.003612518 -0.02249991 -0.06236058 0.002226412 -0.02249991 -0.06268805 0.001725256 -0.02249991 -0.06236058 -0.002226412 -0.02249991 -0.06268805 -0.001725256 -0.02249991 -0.05592429 -5.96655e-4 -0.02249991 -0.06038981 -0.003514051 -0.02249991 -0.06095606 -0.003319621 -0.02249991 -0.05804383 0.003319621 -0.02249991 -0.0560714 -0.001176953 -0.02249991 -0.05861008 0.003514051 -0.02249991 -0.06292855 0.001176953 -0.0205 -0.05775547 0.00345999 -0.0205 -0.05843842 0.00346601 -0.0205 -0.057868 0.00323683 -0.0205 -0.05588799 3.07421e-4 -0.0205 -0.05588799 -3.07421e-4 -0.0205 -0.0556389 -3.28623e-4 -0.0205 -0.05734443 0.002914488 -0.0205 -0.05719578 0.003115475 -0.0205 -0.05836522 0.003705084 -0.0205 -0.05900776 0.003843545 -0.0205 -0.05688279 0.002508223 -0.0205 -0.05670231 0.002681255 -0.0205 -0.05966442 0.0038715 -0.0205 -0.05903959 0.00359553 -0.0205 -0.05628949 0.002169847 -0.0205 -0.05649656 0.002029836 -0.0205 -0.06031638 0.003787994 -0.0205 -0.05965381 0.003621697 -0.0205 -0.05619668 0.001493096 -0.0205 -0.05596894 0.001596093 -0.0205 -0.06094473 0.003595471 -0.0205 -0.06026369 0.003543615 -0.0205 -0.05599188 9.13421e-4 -0.0205 -0.05574995 9.76415e-4 -0.0205 -0.0556389 3.28623e-4 -0.0205 -0.06153166 0.003299593 -0.0205 -0.06205999 0.002908766 -0.0205 -0.06140059 0.003086686 -0.0205 -0.06085157 0.00336349 -0.0205 -0.0625149 0.002434313 -0.0205 -0.06189489 0.00272119 -0.0205 -0.05599188 -9.13421e-4 -0.0205 -0.05574995 -9.76415e-4 -0.0205 -0.06232035 0.002277255 -0.0205 -0.0628829 0.001889765 -0.0205 -0.05619668 -0.001493096 -0.0205 -0.05596894 -0.001596093 -0.0205 -0.05670231 -0.002681255 -0.0205 -0.05628949 -0.002169847 -0.0205 -0.05688279 -0.002508223 -0.0205 -0.05649656 -0.002029836 -0.0205 -0.05775547 -0.00345999 -0.0205 -0.05719578 -0.003115475 -0.0205 -0.057868 -0.00323683 -0.0205 -0.05734443 -0.002914488 -0.0205 -0.05965381 -0.003621697 -0.0205 -0.05966442 -0.0038715 -0.0205 -0.05900776 -0.003843545 -0.0205 -0.06315356 0.001290917 -0.0205 -0.06266468 0.001767814 -0.0205 -0.06232035 -0.002277255 -0.0205 -0.0625149 -0.002434313 -0.0205 -0.06189489 -0.00272119 -0.0205 -0.06205999 -0.002908766 -0.0205 -0.06140059 -0.003086686 -0.0205 -0.06085157 -0.00336349 -0.0205 -0.06153166 -0.003299593 -0.0205 -0.06026369 -0.003543615 -0.0205 -0.06031638 -0.003787994 -0.0205 -0.06094473 -0.003595471 -0.0205 -0.06315356 -0.001290917 -0.0205 -0.06266468 -0.001767814 -0.0205 -0.06291788 -0.00120759 -0.0205 -0.0628829 -0.001889765 -0.0205 -0.05843842 -0.00346601 -0.0205 -0.05836522 -0.003705084 -0.0205 -0.05903959 -0.00359553 -0.0205 -0.06337499 0 -0.0205 -0.06307286 -6.12628e-4 -0.0205 -0.06312495 0 -0.0205 -0.06331926 -6.54878e-4 -0.0205 -0.06331926 6.54878e-4 -0.0205 -0.06307286 6.12628e-4 -0.0205 -0.06291788 0.00120759 -0.02249991 0.02692127 0.05379539 -0.02249991 0.02795988 0.05342799 -0.02249991 0.02734261 0.05423861 -0.02249991 0.02837681 0.05488336 -0.02249991 0.02783238 0.0546047 -0.02249991 0.02658045 0.05328768 -0.02249991 0.0303505 0.0540685 -0.02249991 0.0289604 0.0550664 -0.02249991 0.02720981 0.05212897 -0.02249991 0.02632987 0.0527299 -0.02249991 0.02947545 0.05255293 -0.02249991 0.02617657 0.05213785 -0.02249991 0.02956628 0.05514883 -0.02249991 0.03077656 0.05500507 -0.02249991 0.03134638 0.0547831 -0.02249991 0.03017759 0.05512809 -0.02249991 0.0263434 0.05028927 -0.02249991 0.0261799 0.05089932 -0.02249991 0.03164947 0.05331856 -0.02249991 0.02785038 0.04973828 -0.02249991 0.0287255 0.05125397 -0.02249991 0.03187078 0.05446839 -0.02249991 0.03272527 0.05359929 -0.02249991 0.03303092 0.05306965 -0.02249991 0.02661025 0.04971665 -0.02249991 0.03324329 0.05249625 -0.02249991 0.0322901 0.05092793 -0.02249991 0.03077447 0.05180299 -0.02249991 0.02914947 0.04898846 -0.02249991 0.02793747 0.04838913 -0.02249991 0.02849096 0.0481292 -0.02249991 0.0333563 0.0518952 -0.02249991 0.03029882 0.04794526 -0.02249991 0.0308935 0.04808855 -0.02249991 0.03279346 0.04955929 -0.02249991 0.03308117 0.05009889 -0.02249991 0.0300244 0.0505039 -0.02249991 0.03154003 0.04962897 -0.02249991 0.02908039 0.04796588 -0.02249991 0.02968877 0.04790395 -0.02249991 0.03336668 0.05128371 -0.02249991 0.03327405 0.0506792 -0.02249991 0.02741938 0.04875195 -0.02249991 0.02612495 0.05152845 -0.02249991 0.03145533 0.04832965 -0.02249991 0.02697265 0.04919898 -0.02249991 0.03196889 0.04866188 -0.02249991 0.0324192 0.04907566 -0.02249991 0.0323348 0.05406993 -0.0205 0.03149443 0.05498856 -0.0205 0.03081142 0.05499458 -0.0205 0.03138196 0.0547654 -0.0205 0.03336185 0.05183589 -0.0205 0.03336185 0.05122107 -0.0205 0.03361093 0.05119985 -0.0205 0.03190547 0.054443 -0.0205 0.03205412 0.05464392 -0.0205 0.03088468 0.05523359 -0.0205 0.0302422 0.05537199 -0.0205 0.03236705 0.05403673 -0.0205 0.03254759 0.0542097 -0.0205 0.02958548 0.05539995 -0.0205 0.03021037 0.0551241 -0.0205 0.03296047 0.05369836 -0.0205 0.03275322 0.05355829 -0.0205 0.02893358 0.05531638 -0.0205 0.02959609 0.05515015 -0.0205 0.0330531 0.0530216 -0.0205 0.0332809 0.05312448 -0.0205 0.02830517 0.0551241 -0.0205 0.02898627 0.055072 -0.0205 0.03325796 0.05244189 -0.0205 0.03349989 0.05250483 -0.0205 0.03361093 0.05185705 -0.0205 0.0277183 0.0548281 -0.0205 0.02718985 0.05443733 -0.0205 0.02784937 0.05461519 -0.0205 0.02839839 0.05489206 -0.0205 0.026735 0.05396282 -0.0205 0.02735507 0.0542497 -0.0205 0.03325796 0.05061507 -0.0205 0.03349989 0.05055207 -0.0205 0.02692949 0.0538057 -0.0205 0.026367 0.05341821 -0.0205 0.0330531 0.05003529 -0.0205 0.0332809 0.04993236 -0.0205 0.03254759 0.04884713 -0.0205 0.03296047 0.04935848 -0.0205 0.03236705 0.04902017 -0.0205 0.03275322 0.04949849 -0.0205 0.03149443 0.0480684 -0.0205 0.03205412 0.04841291 -0.0205 0.03138196 0.04829168 -0.0205 0.03190547 0.0486139 -0.0205 0.02959609 0.04790669 -0.0205 0.02958548 0.04765695 -0.0205 0.0302422 0.04768478 -0.0205 0.02609628 0.05281937 -0.0205 0.02658528 0.05329632 -0.0205 0.02692949 0.04925113 -0.0205 0.026735 0.0490942 -0.0205 0.02735507 0.04880726 -0.0205 0.02718985 0.04861962 -0.0205 0.02784937 0.04844158 -0.0205 0.02839839 0.0481649 -0.0205 0.0277183 0.0482288 -0.0205 0.02898627 0.04798483 -0.0205 0.02893358 0.04774039 -0.0205 0.02830517 0.04793286 -0.0205 0.02609628 0.05023753 -0.0205 0.02658528 0.04976058 -0.0205 0.02633208 0.05032086 -0.0205 0.026367 0.04963862 -0.0205 0.03081142 0.04806238 -0.0205 0.03088468 0.0478233 -0.0205 0.03021037 0.04793286 -0.0205 0.02587497 0.05152845 -0.0205 0.02617698 0.05091583 -0.0205 0.02612495 0.05152845 -0.0205 0.0259307 0.05087351 -0.0205 0.0259307 0.05218333 -0.0205 0.02617698 0.05214107 -0.0205 0.02633208 0.0527361 -0.0205 0.06024998 7.5e-4 -0.0205 0.05874997 7.5e-4 -0.0205 0.06024998 -7.5e-4 -0.0205 0.05874997 0.002499938 -0.0205 0.06024998 0.002499938 -0.0205 0.06199991 -7.5e-4 -0.0205 0.06199991 7.5e-4 -0.0205 0.05874997 -7.5e-4 -0.0205 0.06024998 -0.002499938 -0.0205 0.05874997 -0.002499938 -0.0205 0.05699998 7.5e-4 -0.0205 0.05699998 -7.5e-4 -0.02249991 0.05874997 0.002499938 -0.0205 0.05874997 7.5e-4 -0.0205 0.05874997 0.002499938 -0.02249991 0.05874997 7.5e-4 -0.02249991 0.06024998 0.002499938 -0.0205 0.05874997 0.002499938 -0.0205 0.06024998 0.002499938 -0.02249991 0.05874997 0.002499938 -0.02249991 0.06024998 0.002499938 -0.0205 0.06024998 0.002499938 -0.0205 0.06024998 7.5e-4 -0.02249991 0.06024998 7.5e-4 -0.02249991 0.06024998 7.5e-4 -0.0205 0.06024998 7.5e-4 -0.0205 0.06199991 7.5e-4 -0.02249991 0.06199991 7.5e-4 -0.02249991 0.06199991 7.5e-4 -0.0205 0.06199991 7.5e-4 -0.0205 0.06199991 -7.5e-4 -0.02249991 0.06199991 -7.5e-4 -0.02249991 0.06199991 -7.5e-4 -0.0205 0.06199991 -7.5e-4 -0.0205 0.06024998 -7.5e-4 -0.02249991 0.06024998 -7.5e-4 -0.02249991 0.06024998 -7.5e-4 -0.0205 0.06024998 -7.5e-4 -0.0205 0.06024998 -0.002499938 -0.02249991 0.06024998 -0.002499938 -0.02249991 0.06024998 -0.002499938 -0.0205 0.06024998 -0.002499938 -0.0205 0.05874997 -0.002499938 -0.02249991 0.05874997 -0.002499938 -0.02249991 0.05874997 -7.5e-4 -0.0205 0.05874997 -0.002499938 -0.0205 0.05874997 -7.5e-4 -0.02249991 0.05874997 -0.002499938 -0.02249991 0.05874997 -7.5e-4 -0.0205 0.05874997 -7.5e-4 -0.0205 0.05699998 -7.5e-4 -0.02249991 0.05699998 -7.5e-4 -0.02249991 0.05699998 7.5e-4 -0.0205 0.05699998 -7.5e-4 -0.0205 0.05699998 7.5e-4 -0.02249991 0.05699998 -7.5e-4 -0.02249991 0.05699998 7.5e-4 -0.0205 0.05699998 7.5e-4 -0.0205 0.05874997 7.5e-4 -0.02249991 0.05874997 7.5e-4 -0.02249991 0.06024998 0.002499938 -0.02249991 0.06024998 7.5e-4 -0.02249991 0.06199991 7.5e-4 -0.02249991 0.05699998 7.5e-4 -0.02249991 0.05874997 0.002499938 -0.02249991 0.05710506 0.00272119 -0.02249991 0.0575993 0.003086686 -0.02249991 0.05874997 7.5e-4 -0.02249991 0.05814838 0.00336349 -0.02249991 0.05667948 0.002277255 -0.02249991 0.05873626 0.003543615 -0.02249991 0.05633527 0.001767814 -0.02249991 0.05934613 0.003621697 -0.02249991 0.05699998 -7.5e-4 -0.02249991 0.055875 0 -0.02249991 0.0599603 0.00359553 -0.02249991 0.06300801 9.13421e-4 -0.02249991 0.0631119 3.07421e-4 -0.02249991 0.05667948 -0.002277255 -0.02249991 0.05633527 -0.001767814 -0.02249991 0.05710506 -0.00272119 -0.02249991 0.05874997 -0.002499938 -0.02249991 0.05934613 -0.003621697 -0.02249991 0.0599603 -0.00359553 -0.02249991 0.06024998 -0.002499938 -0.02249991 0.06250339 -0.002029836 -0.02249991 0.0628032 -0.001493096 -0.02249991 0.06199991 -7.5e-4 -0.02249991 0.06211704 -0.002508223 -0.02249991 0.06165546 -0.002914488 -0.02249991 0.06024998 -7.5e-4 -0.02249991 0.06056141 -0.00346601 -0.02249991 0.06113195 -0.00323683 -0.02249991 0.0631119 -3.07421e-4 -0.02249991 0.0575993 -0.003086686 -0.02249991 0.05874997 -7.5e-4 -0.02249991 0.0628032 0.001493096 -0.02249991 0.06250339 0.002029836 -0.02249991 0.05592703 -6.12628e-4 -0.02249991 0.05608201 -0.00120759 -0.02249991 0.06211704 0.002508223 -0.02249991 0.06056141 0.00346601 -0.02249991 0.06165546 0.002914488 -0.02249991 0.06113195 0.00323683 -0.02249991 0.05592703 6.12628e-4 -0.02249991 0.05814838 -0.00336349 -0.02249991 0.05608201 0.00120759 -0.02249991 0.05873626 -0.003543615 -0.02249991 0.06300801 -9.13421e-4 -0.0205 0.06124442 0.00345999 -0.0205 0.06056141 0.00346601 -0.0205 0.06113195 0.00323683 -0.0205 0.0631119 3.07421e-4 -0.0205 0.0631119 -3.07421e-4 -0.0205 0.06336098 -3.28623e-4 -0.0205 0.06165546 0.002914488 -0.0205 0.06180411 0.003115475 -0.0205 0.06063467 0.003705084 -0.0205 0.05999219 0.003843545 -0.0205 0.06211704 0.002508223 -0.0205 0.06229758 0.002681255 -0.0205 0.05933547 0.0038715 -0.0205 0.0599603 0.00359553 -0.0205 0.06271046 0.002169847 -0.0205 0.06250339 0.002029836 -0.0205 0.05868357 0.003787994 -0.0205 0.05934613 0.003621697 -0.0205 0.0628032 0.001493096 -0.0205 0.06303095 0.001596093 -0.0205 0.05805516 0.003595471 -0.0205 0.05873626 0.003543615 -0.0205 0.06300801 9.13421e-4 -0.0205 0.06325 9.76415e-4 -0.0205 0.06336098 3.28623e-4 -0.0205 0.05746829 0.003299593 -0.0205 0.05693984 0.002908766 -0.0205 0.0575993 0.003086686 -0.0205 0.05814838 0.00336349 -0.0205 0.05648499 0.002434313 -0.0205 0.05710506 0.00272119 -0.0205 0.06300801 -9.13421e-4 -0.0205 0.06325 -9.76415e-4 -0.0205 0.05667948 0.002277255 -0.0205 0.05611699 0.001889765 -0.0205 0.0628032 -0.001493096 -0.0205 0.06303095 -0.001596093 -0.0205 0.06229758 -0.002681255 -0.0205 0.06271046 -0.002169847 -0.0205 0.06211704 -0.002508223 -0.0205 0.06250339 -0.002029836 -0.0205 0.06124442 -0.00345999 -0.0205 0.06180411 -0.003115475 -0.0205 0.06113195 -0.00323683 -0.0205 0.06165546 -0.002914488 -0.0205 0.05934613 -0.003621697 -0.0205 0.05933547 -0.0038715 -0.0205 0.05999219 -0.003843545 -0.0205 0.05584639 0.001290917 -0.0205 0.05633527 0.001767814 -0.0205 0.05667948 -0.002277255 -0.0205 0.05648499 -0.002434313 -0.0205 0.05710506 -0.00272119 -0.0205 0.05693984 -0.002908766 -0.0205 0.0575993 -0.003086686 -0.0205 0.05814838 -0.00336349 -0.0205 0.05746829 -0.003299593 -0.0205 0.05873626 -0.003543615 -0.0205 0.05868357 -0.003787994 -0.0205 0.05805516 -0.003595471 -0.0205 0.05584639 -0.001290917 -0.0205 0.05633527 -0.001767814 -0.0205 0.05608201 -0.00120759 -0.0205 0.05611699 -0.001889765 -0.0205 0.06056141 -0.00346601 -0.0205 0.06063467 -0.003705084 -0.0205 0.0599603 -0.00359553 -0.0205 0.05562496 0 -0.0205 0.05592703 -6.12628e-4 -0.0205 0.055875 0 -0.0205 0.05568069 -6.54878e-4 -0.0205 0.05568069 6.54878e-4 -0.0205 0.05592703 6.12628e-4 -0.0205 0.05608201 0.00120759 -0.02899998 0.003160119 -0.01466321 -0.02899998 6.60635e-4 -0.007972657 -0.02899998 6.36618e-4 -0.01498639 -0.02899998 0.007566452 0.00259757 -0.02899998 0.0141431 0.004997014 -0.02899998 0.007035732 0.003807485 -0.02899998 -6.60635e-4 -0.007972657 -0.02899998 -0.001905202 -0.01487845 -0.02899998 0.001963794 -0.00775516 -0.02899998 0.005592823 -0.01391828 -0.02899998 -0.004392266 -0.01434242 -0.02899998 -0.001963794 -0.00775516 -0.02899998 0.007864594 -0.01277279 -0.02899998 0.003213465 -0.007326126 -0.02899998 0.004375517 -0.006697297 -0.02899998 0.009910106 -0.01126009 -0.02899998 0.01167047 -0.009423255 -0.02899998 0.005418241 -0.00588572 -0.02899998 -0.003213465 -0.007326126 -0.02899998 -0.006753027 -0.01339381 -0.02899998 0.0130952 -0.007315397 -0.02899998 0.0141431 -0.004997014 -0.02899998 0.007035732 -0.003807485 -0.02899998 -0.004375517 -0.006697297 -0.02899998 -0.008919477 -0.01205992 -0.02899998 0.007999956 0 -0.02899998 0.01499992 0 -0.02899998 0.01478409 0.002534925 -0.02899998 6.36618e-4 0.01498639 -0.02899998 -6.60635e-4 0.007972657 -0.02899998 6.60635e-4 0.007972657 -0.02899998 0.01167047 0.009423255 -0.02899998 0.005418241 0.00588572 -0.02899998 0.006313025 0.004913628 -0.02899998 -0.007566452 -0.00259757 -0.02899998 -0.00789088 -0.001316726 -0.02899998 -0.01451593 -0.00377959 -0.02899998 0.003213465 0.007326126 -0.02899998 0.005592823 0.01391828 -0.02899998 0.001963794 0.00775516 -0.02899998 -0.007566452 0.00259757 -0.02899998 -0.01451593 0.00377959 -0.02899998 -0.00789088 0.001316726 -0.02899998 -0.004392266 0.01434242 -0.02899998 -0.003213465 0.007326126 -0.02899998 -0.001963794 0.00775516 -0.02899998 -0.006753027 0.01339381 -0.02899998 -0.008919477 0.01205992 -0.02899998 -0.004375517 0.006697297 -0.02899998 -0.001905202 0.01487845 -0.02899998 -0.006313025 0.004913628 -0.02899998 -0.005418241 0.00588572 -0.02899998 -0.01082921 0.01037901 -0.02899998 0.003160119 0.01466321 -0.02899998 0.004375517 0.006697297 -0.02899998 0.007864594 0.01277279 -0.02899998 -0.0124275 0.008399605 -0.02899998 -0.01366829 0.006178498 -0.02899998 -0.007035732 0.003807485 -0.02899998 -0.007999956 0 -0.02899998 -0.01494598 0.001272082 -0.02899998 -0.01494598 -0.001272082 -0.02899998 0.009910106 0.01126009 -0.02899998 0.00789088 0.001316726 -0.02899998 0.0130952 0.007315397 -0.02899998 -0.01366829 -0.006178498 -0.02899998 -0.007035732 -0.003807485 -0.02899998 0.00789088 -0.001316726 -0.02899998 0.01478409 -0.002534925 -0.02899998 -0.006313025 -0.004913628 -0.02899998 -0.0124275 -0.008399605 -0.02899998 -0.01082921 -0.01037901 -0.02899998 0.007566452 -0.00259757 -0.02899998 0.006313025 -0.004913628 -0.02899998 -0.005418241 -0.00588572 -0.07725 0.005249977 -0.006036341 -0.03354996 0.005249977 -0.006036341 -0.03354996 0.005249977 0.006036341 -0.07725 0.005249977 0.006036341 -0.03354996 0.006200492 -0.005054891 -0.03354996 0.006200492 0.005054891 -0.03354996 0.005249977 -0.006036341 -0.03354996 0.00788331 -0.001361191 -0.03354996 0.00788331 0.001361191 -0.03354996 0.007536709 -0.002682805 -0.03354996 0.007999956 0 -0.03354996 0.006970286 -0.003926098 -0.03354996 0.007536709 0.002682805 -0.03354996 0.006970286 0.003926098 -0.03354996 0.005249977 0.006036341 -0.07725 0.006200492 0.005054891 -0.07725 0.006200492 -0.005054891 -0.07725 0.005249977 0.006036341 -0.07725 0.00788331 0.001361191 -0.07725 0.00788331 -0.001361191 -0.07725 0.007536709 0.002682805 -0.07725 0.007999956 0 -0.07725 0.006970286 0.003926098 -0.07725 0.007536709 -0.002682805 -0.07725 0.006970286 -0.003926098 -0.07725 0.005249977 -0.006036341 -0.07949995 -0.007999956 0 -0.07949995 0.003213465 0.007326126 -0.07949995 0.001963794 0.00775516 -0.07949995 -0.003213465 0.007326126 -0.07949995 -0.005418241 0.00588572 -0.07949995 -0.006313025 0.004913628 -0.07949995 -0.004375517 0.006697297 -0.07949995 -0.007035732 0.003807485 -0.07949995 -0.001963794 0.00775516 -0.07949995 -0.007566452 0.00259757 -0.07949995 -6.60635e-4 0.007972657 -0.07949995 6.60635e-4 0.007972657 -0.07949995 -0.00789088 0.001316726 -0.07949995 -0.007035732 -0.003807485 -0.07949995 0.005418241 0.00588572 -0.07949995 -0.007566452 -0.00259757 -0.07949995 -0.00789088 -0.001316726 -0.07949995 0.004375517 0.006697297 -0.07949995 0.006313025 0.004913628 -0.07949995 -0.006313025 -0.004913628 -0.07949995 0.007035732 0.003807485 -0.07949995 -0.003213465 -0.007326126 -0.07949995 0.007999956 0 -0.07949995 0.00789088 0.001316726 -0.07949995 -0.005418241 -0.00588572 -0.07949995 -0.004375517 -0.006697297 -0.07949995 0.007566452 0.00259757 -0.07949995 0.007566452 -0.00259757 -0.07949995 6.60635e-4 -0.007972657 -0.07949995 0.007035732 -0.003807485 -0.07949995 0.00789088 -0.001316726 -0.07949995 -0.001963794 -0.00775516 -0.07949995 -6.60635e-4 -0.007972657 -0.07949995 0.005418241 -0.00588572 -0.07949995 0.003213465 -0.007326126 -0.07949995 0.004375517 -0.006697297 -0.07949995 0.006313025 -0.004913628 -0.07949995 0.001963794 -0.00775516 -0.02199995 -0.06568086 -0.02287399 -0.02199995 -0.06288731 -0.01662921 -0.02199995 -0.06735819 -0.01731669 -0.02199995 -0.0125246 0.06383275 -0.02199995 -0.01589137 0.06770896 -0.02199995 -0.0179792 0.06251436 -0.02199995 -0.0424087 0.04932528 -0.02199995 -0.0465424 0.05168056 -0.02199995 -0.04650259 0.04548418 -0.02199995 -0.03802412 0.0527774 -0.02199995 -0.04206496 0.05538582 -0.02199995 -0.0507127 0.04759472 -0.02199995 -0.05023056 0.0413326 -0.02199995 -0.03727293 0.0587179 -0.02199995 -0.03333348 0.05586028 -0.02199995 -0.03223896 0.06162554 -0.02199995 -0.0284217 0.05851066 -0.02199995 -0.02150988 0.06613916 -0.02199995 -0.02327299 0.06074422 -0.02199995 -0.02695959 0.06411105 -0.02199995 -0.05360645 0.03684633 -0.02199995 -0.0545088 0.04319608 -0.02199995 -0.01017832 0.06880027 -0.02199995 -0.007004976 0.06467008 -0.02199995 -0.001405954 0.06503468 -0.02199995 -0.00437808 0.0694108 -0.02199995 -0.06094861 0.03350198 -0.02199995 -0.05656778 0.0321182 -0.02199995 -0.05793988 0.0384708 -0.02199995 -0.06123316 0.02195441 -0.02199995 -0.05912578 0.02711939 -0.02199995 -0.06354439 0.02826917 -0.02199995 0.00143826 0.0695343 -0.02199995 0.00417608 0.06491416 -0.02199995 0.00725764 0.06916886 -0.02199995 0.009754002 0.06431436 -0.02199995 -0.06736886 0.01727575 -0.02199995 -0.06289726 0.01659095 -0.02199995 -0.06568199 0.02286976 -0.02199995 -0.06480628 0.005611479 -0.02199995 -0.0640887 0.01114183 -0.02199995 -0.06857585 0.01159948 -0.02199995 0.01523387 0.06323939 -0.02199995 0.01301479 0.06832057 -0.02199995 -0.06930285 -0.005840837 -0.02199995 -0.06857585 -0.01159948 -0.02199995 -0.06480628 -0.005611479 -0.02199995 0.02584135 0.05969506 -0.02199995 0.02422666 0.06519329 -0.02199995 0.02062577 0.06169325 -0.02199995 0.05194789 0.0391497 -0.02199995 0.05263829 0.04545682 -0.02199995 0.04839718 0.04346466 -0.02199995 0.04023718 0.05111193 -0.02199995 0.03968006 0.05711799 -0.02199995 0.035685 0.05438613 -0.02199995 0.06228762 0.0309388 -0.02199995 0.05948209 0.03604143 -0.02199995 0.05788636 0.02967238 -0.02199995 -0.0579164 -0.03850555 -0.02199995 -0.05656427 -0.03212332 -0.02199995 -0.06094592 -0.03350788 -0.02199995 0.06657481 0.02011835 -0.02199995 0.06354695 0.01390081 -0.02199995 0.06802678 0.01447379 -0.02199995 -0.05068373 -0.047625 -0.02199995 -0.04647552 -0.04551231 -0.02199995 -0.0502249 -0.04133856 -0.02199995 -0.03726279 -0.05872529 -0.02199995 -0.03332275 -0.0558657 -0.02199995 -0.03799307 -0.05280053 -0.02199995 -0.02147096 -0.06615108 -0.02199995 -0.01794278 -0.06252551 -0.02199995 -0.02325969 -0.06074821 -0.02199995 0.06948798 -0.002893686 -0.02199995 0.06948798 0.002925813 -0.02199995 0.06498891 -0.002781271 -0.02199995 -0.006967723 -0.06467485 -0.02199995 -0.004360318 -0.06941306 -0.02199995 -0.001388907 -0.06503397 -0.02199995 0.06355178 -0.01387286 -0.02199995 0.06212407 -0.01928818 -0.02199995 0.06658476 -0.0200904 -0.02199995 0.02587455 -0.05968177 -0.02199995 0.02064466 -0.06168568 -0.02199995 0.0242623 -0.06517887 -0.02199995 0.00727725 -0.06916809 -0.02199995 0.00977236 -0.06431049 -0.02199995 0.004213035 -0.06491255 -0.02199995 0.03090649 -0.05723708 -0.02199995 0.03479218 -0.06022006 -0.02199995 0.03571486 -0.05436784 -0.02199995 0.02962088 -0.06292676 -0.02199995 0.04841268 -0.0434454 -0.02199995 0.04449939 -0.0474469 -0.02199995 0.04866868 -0.04968422 -0.02199995 0.05513936 -0.03451001 -0.02199995 0.05949938 -0.0360108 -0.02199995 0.05790209 -0.02964407 -0.02199995 0.04025465 -0.05109661 -0.02199995 0.04434758 -0.05357468 -0.02199995 0.05196887 -0.03912365 -0.02199995 0.05266088 -0.04542875 -0.02199995 0.01305294 -0.0683124 -0.02199995 0.01526939 -0.0632317 -0.02199995 0.03970068 -0.0571053 -0.02199995 0.05627328 -0.0408715 -0.02199995 0.01871109 -0.0669856 -0.02199995 0.06230151 -0.03091382 -0.02199995 0.06023591 -0.02455437 -0.02199995 0.001477897 -0.06953257 -0.02199995 0.06467145 -0.02558416 -0.02199995 -0.01587599 -0.06771367 -0.02199995 -0.0125091 -0.06383478 -0.02199995 -0.01013839 -0.06880539 -0.02199995 0.0645098 -0.008362233 -0.02199995 0.0690028 -0.008704125 -0.02199995 0.06803238 -0.01444119 -0.02199995 -0.02838742 -0.05852788 -0.02199995 -0.03220218 -0.06164401 -0.02199995 -0.0269469 -0.06411761 -0.02199995 0.06450468 0.008392333 -0.02199995 0.06899756 0.008734643 -0.02199995 0.06498891 0.002810776 -0.02199995 -0.04653519 -0.05168819 -0.02199995 -0.04240053 -0.0493313 -0.02199995 -0.04203152 -0.0554105 -0.02199995 0.06466007 0.0256164 -0.02199995 0.06022679 0.02458 -0.02199995 0.06211358 0.01931798 -0.02199995 -0.05450391 -0.04320317 -0.02199995 -0.05358439 -0.036879 -0.02199995 0.05625617 0.0408926 -0.02199995 0.05512672 0.0345326 -0.02199995 -0.06352698 -0.02830767 -0.02199995 -0.06123137 -0.02195835 -0.02199995 -0.05910938 -0.02715539 -0.02199995 0.0443198 0.05359899 -0.02199995 0.0444737 0.04746949 -0.02199995 0.04864937 0.04970127 -0.02199995 -0.06408816 -0.01114398 -0.02199995 0.03088796 0.05724865 -0.02199995 0.0295996 0.06293529 -0.02199995 0.03475999 0.06023979 -0.02199995 0.01869028 0.06699007 -0.02199995 -0.06505 0 -0.02199995 -0.06954997 0 -0.02199995 -0.06930285 0.005840837 -0.02249991 0.05625617 -0.0408926 -0.02249991 0.05847579 -0.04461109 -0.02249991 0.06190258 -0.0397166 -0.02249991 -0.06368678 0.03678977 -0.02249991 -0.06646859 0.03148466 -0.02249991 -0.06094592 0.03350788 -0.02249991 0.04111802 -0.0609824 -0.02249991 0.04593569 -0.05743891 -0.02249991 0.03968006 -0.05711799 -0.02249991 0.05464226 -0.04922956 -0.02249991 0.04864937 -0.04970127 -0.02249991 0.0504651 -0.05350536 -0.02249991 0.0295996 -0.06293529 -0.02249991 0.0306819 -0.06684416 -0.02249991 0.0360133 -0.0641278 -0.02249991 0.03475999 -0.06023979 -0.02249991 0.02422666 -0.06519329 -0.02249991 0.0251379 -0.06911885 -0.02249991 0.0443198 -0.05359899 -0.02249991 0.05263829 -0.04545682 -0.02249991 0.01869028 -0.06699007 -0.02249991 0.01943343 -0.07093548 -0.02249991 0.00725764 -0.06916886 -0.02249991 0.007670462 -0.07314819 -0.02249991 0.01359748 -0.07228046 -0.02249991 0.01301479 -0.06832057 -0.02249991 0.05948209 -0.03604143 -0.02249991 0.06493771 -0.03453522 -0.02249991 0.06466007 -0.0256164 -0.02249991 0.06752419 -0.02915173 -0.02249991 0.06967955 -0.0235446 -0.02249991 0.06228762 -0.0309388 -0.02249991 -0.004295349 -0.07342356 -0.02249991 0.00143826 -0.0695343 -0.02249991 -0.00437808 -0.0694108 -0.02249991 0.00169754 -0.07352888 -0.02249991 -0.01017832 -0.06880027 -0.02249991 -0.01024687 -0.07283151 -0.02249991 0.06657481 -0.02011835 -0.02249991 0.0713582 -0.01781499 -0.02249991 -0.02757138 -0.06818538 -0.02249991 -0.02150988 -0.06613916 -0.02249991 -0.02695959 -0.06411105 -0.02249991 -0.01589137 -0.06770896 -0.02249991 -0.01614725 -0.07175445 -0.02249991 -0.04206496 -0.05538582 -0.02249991 -0.04323148 -0.05950313 -0.02249991 -0.03727293 -0.0587179 -0.02249991 -0.0330125 -0.06572437 -0.02249991 -0.03223896 -0.06162554 -0.02249991 0.0674681 0.02928328 -0.02249991 0.06230151 0.03091382 -0.02249991 0.06467145 0.02558416 -0.02249991 -0.0465424 -0.05168056 -0.02249991 -0.04794538 -0.0557729 -0.02249991 0.05266088 0.04542875 -0.02249991 0.05627328 0.0408715 -0.02249991 0.0583086 0.04482698 -0.02249991 -0.0545088 -0.04319608 -0.02249991 -0.05793988 -0.0384708 -0.02249991 -0.06000465 -0.0425328 -0.02249991 0.04564428 0.05767256 -0.02249991 0.03970068 0.0571053 -0.02249991 0.04434758 0.05357468 -0.02249991 -0.06851679 -0.02673536 -0.02249991 -0.06354439 -0.02826917 -0.02249991 -0.06568199 -0.02286976 -0.02249991 -0.06930285 -0.005840837 -0.02249991 -0.07346946 -0.003400862 -0.02249991 -0.07294946 -0.009377479 -0.02249991 -0.07194548 -0.01527005 -0.02249991 -0.06857585 -0.01159948 -0.02249991 0.007044911 0.07321 -0.02249991 0.001477897 0.06953257 -0.02249991 0.00727725 0.06916809 -0.02249991 0.01871109 0.0669856 -0.02249991 0.0188961 0.07107919 -0.02249991 0.01305294 0.0683124 -0.02249991 -0.0579164 0.03850555 -0.02249991 -0.06048399 0.04184573 -0.02249991 -0.06881076 0.02597278 -0.02249991 -0.07069408 0.02028989 -0.02249991 -0.06568086 0.02287399 -0.02249991 -0.04203152 0.0554105 -0.02249991 -0.04391413 0.05900007 -0.02249991 -0.04855942 0.05523961 -0.02249991 -0.03895694 0.062384 -0.02249991 -0.03220218 0.06164401 -0.02249991 -0.0337736 0.06533706 -0.02249991 -0.06352698 0.02830767 -0.02249991 -0.03726279 0.05872529 -0.02249991 -0.05289888 0.05109918 -0.02249991 -0.05687618 0.04663223 -0.02249991 -0.05068373 0.047625 -0.02249991 -0.04653519 0.05168819 -0.02249991 -0.05450391 0.04320317 -0.02249991 -0.0169025 0.07157987 -0.02249991 -0.02147096 0.06615108 -0.02249991 -0.01587599 0.06771367 -0.02249991 -0.0269469 0.06411761 -0.02249991 -0.028364 0.06785917 -0.02249991 -0.004360318 0.06941306 -0.02249991 -0.004995465 0.07337838 -0.02249991 -0.01013839 0.06880539 -0.02249991 -0.0227282 0.06995016 -0.02249991 0.001009821 0.07354295 -0.02249991 -0.01100665 0.07272166 -0.02249991 0.01299929 0.07239198 -0.02249991 -0.06857585 0.01159948 -0.02249991 -0.06735819 0.01731669 -0.02249991 -0.0721125 0.01446759 -0.02249991 0.0242623 0.06517887 -0.02249991 0.02464008 0.06929957 -0.02249991 -0.07350438 0.002579331 -0.02249991 -0.06930285 0.005840837 -0.02249991 -0.07304847 0.008557975 -0.02249991 0.02962088 0.06292676 -0.02249991 0.03024029 0.06704348 -0.02249991 0.03479218 0.06022006 -0.02249991 0.03561985 0.06434875 -0.02249991 -0.06736886 -0.01727575 -0.02249991 -0.0704624 -0.02108603 -0.02249991 0.04077363 0.0612111 -0.02249991 0.04866868 0.04968422 -0.02249991 0.05444455 0.04944986 -0.02249991 0.05021405 0.05373889 -0.02249991 -0.06327408 -0.0374931 -0.02249991 -0.06094861 -0.03350198 -0.02249991 -0.06610906 -0.03223621 -0.02249991 0.05949938 0.0360108 -0.02249991 0.06484049 0.03471446 -0.02249991 0.0617848 0.03990131 -0.02249991 -0.0507127 -0.04759472 -0.02249991 -0.05231088 -0.05170261 -0.02249991 -0.05635589 -0.04725849 -0.02249991 0.06658476 0.0200904 -0.02249991 0.06963515 0.0236724 -0.02249991 0.07256376 0.01200413 -0.02249991 0.06803238 0.01444119 -0.02249991 0.0690028 0.008704125 -0.02249991 0.07134228 0.01788026 -0.02249991 0.0732997 0.00604403 -0.02249991 0.06948798 0.002893686 -0.02249991 -0.0382651 -0.06281065 -0.02249991 0.07330286 -0.006006062 -0.02249991 0.07354998 0 -0.02249991 0.06948798 -0.002925813 -0.02249991 0.06899756 -0.008734643 -0.02249991 0.07257586 -0.01193022 -0.02249991 -0.0219199 -0.0702067 -0.02249991 0.06802678 -0.01447379 -0.02249991 -0.06954997 0 0.02249991 -0.06049776 0.04182809 0.02249991 -0.05112016 0.03427976 0.02249991 -0.0637055 0.03675508 0.02249991 0.02149498 0.05767357 0.02249991 0.02461469 0.06930708 0.02249991 0.03020519 0.0670607 0.02249991 0.04788178 0.03867352 0.02249991 0.05441737 0.04947787 0.02249991 0.05829358 0.04484879 0.02249991 0.0162636 0.05936169 0.02249991 0.01885592 0.07109099 0.02249991 0.03137832 0.05294972 0.02249991 0.04074496 0.06123203 0.02249991 0.03595936 0.04995185 0.02249991 0.03559178 0.0643627 0.02249991 0.01093041 0.06057041 0.02249991 0.007001221 0.073215 0.02249991 0.01297855 0.07239437 0.02249991 0.04026788 0.0465489 0.02249991 0.04561555 0.05769336 0.02249991 9.95295e-4 0.07354217 0.02249991 0.005479097 0.0613054 0.02249991 1.97833e-5 0.06154865 0.02249991 0.0511316 0.03426039 0.02249991 -0.005040705 0.07337576 0.02249991 -0.005476713 0.06130576 0.02249991 -0.01089161 0.06057715 0.02249991 -0.0169025 0.07157987 0.02249991 -0.01100665 0.07272166 0.02249991 -0.0214582 0.05768662 0.02249991 -0.0227282 0.06995016 0.02249991 -0.0162568 0.05936414 0.02249991 0.05639588 0.0246514 0.02249991 0.06483179 0.03473347 0.02249991 0.0674498 0.02932316 0.02249991 0.05397903 0.02957338 0.02249991 0.0617612 0.03993582 0.02249991 -0.028364 0.06785917 0.02249991 -0.02652209 0.0555424 0.02249991 -0.03134518 0.05296868 0.02249991 -0.0337736 0.06533706 0.02249991 -0.03899395 0.06236058 0.02249991 0.05836653 0.01953655 0.02249991 0.06963145 0.0236864 0.02249991 0.07133066 0.01792407 0.02249991 -0.04423421 0.04279839 0.02249991 -0.05690169 0.0465998 0.02249991 -0.05291181 0.05108731 0.02249991 -0.0359475 0.04996162 0.02249991 -0.04023927 0.04657238 0.02249991 -0.04392445 0.05899339 0.02249991 -0.05396175 0.0296027 0.02249991 -0.04785853 0.03870064 0.02249991 -0.05835527 0.01956647 0.02249991 -0.06882268 0.02593779 0.02249991 -0.05638688 0.0246753 0.02249991 0.0487228 -0.03760707 0.02249991 0.05848819 -0.04459249 0.02249991 0.05466943 -0.04920095 0.02249991 -0.05986779 0.01428943 0.02249991 -0.07070386 0.02026093 0.02249991 -0.06089997 0.008910119 0.02249991 -0.07305389 0.008524298 0.02249991 -0.07211786 0.01443403 0.02249991 -0.07350397 0.002548635 0.02249991 -0.06151485 -0.002028644 0.02249991 -0.07346898 -0.003437817 0.02249991 0.03253728 -0.05224508 0.02249991 0.04114258 -0.06096398 0.02249991 0.03604358 -0.0641123 0.02249991 -0.05879449 -0.01820749 0.02249991 -0.05693918 -0.02336978 0.02249991 -0.0685026 -0.02677422 0.02249991 0.01257485 -0.06025123 0.02249991 0.0194689 -0.07092446 0.02249991 0.01362407 -0.07227689 0.02249991 -0.00254482 -0.06149643 0.02249991 0.002526164 -0.0614978 0.02249991 0.001719892 -0.07352966 0.02249991 0.007578492 -0.06108099 0.02249991 0.007709503 -0.073143 0.02249991 -0.0330072 -0.06572771 0.02249991 -0.03822726 -0.0628336 0.02249991 -0.02777993 -0.05492377 0.02249991 -0.01022958 -0.07283496 0.02249991 -0.01610535 -0.07176327 0.02249991 -0.01257485 -0.06025123 0.02249991 -0.02190858 -0.07021117 0.02249991 -0.01749998 -0.05900979 0.02249991 -0.02753067 -0.06820136 0.02249991 -0.02279675 -0.05717128 0.02249991 -0.04874628 -0.03757762 0.02249991 -0.04520255 -0.0417732 0.02249991 -0.05632799 -0.04729235 0.02249991 -0.0599969 -0.04254209 0.02249991 -0.05189329 -0.03309583 0.02249991 -0.03257071 -0.05222451 0.02249991 -0.04323148 -0.05950313 0.02249991 -0.03707903 -0.04912686 0.02249991 -0.04131287 -0.04562366 0.02249991 -0.05230599 -0.05170679 0.02249991 -0.04791188 -0.0558018 0.02249991 -0.01759994 -0.05897992 0.02249991 -0.004253983 -0.07342505 0.02249991 -0.007589817 -0.06108009 0.02249991 -0.0632528 -0.03753036 0.02249991 -0.05463576 -0.02834135 0.02249991 -0.06610035 -0.03225141 0.02249991 -0.07045465 -0.02110701 0.02249991 -0.0601806 -0.01290357 0.02249991 -0.06109118 -0.007496953 0.02249991 -0.0729447 -0.009403824 0.02249991 0.01749998 -0.05900979 0.02249991 -0.06145262 0.00345087 0.02249991 0.03071236 -0.06682866 0.02249991 0.02279675 -0.05717128 0.02249991 0.02777588 -0.05492621 0.02249991 0.04596525 -0.05741679 0.02249991 0.03707206 -0.04913306 0.02249991 0.0504837 -0.05348592 0.02249991 0.04128396 -0.04564917 0.02249991 0.04519408 -0.04178369 0.02249991 0.06192559 -0.0396822 0.02249991 0.05188488 -0.03311091 0.02249991 0.05461812 -0.0283733 0.02249991 0.06494486 -0.03451937 0.02249991 0.06968259 -0.0235328 0.02249991 0.05693238 -0.02338951 0.02249991 0.05878329 -0.01824045 0.02249991 -0.06648129 0.03146111 0.02249991 0.06108593 -0.007529616 0.02249991 0.07257586 -0.01193022 0.02249991 0.06017678 -0.01292747 0.02249991 0.07136917 -0.01777255 0.02249991 0.06151527 -0.002055764 0.02249991 0.07330286 -0.006006062 0.02249991 0.07354998 0 0.02249991 0.06145316 0.003419995 0.02249991 0.0732997 0.00604403 0.02249991 0.06090539 0.008880972 0.02249991 0.07256376 0.01200413 0.02249991 -0.04859113 0.05521082 0.02249991 0.05987316 0.0142616 0.02249991 0.06754177 -0.02911275 0.02249991 0.01759994 -0.05897992 0.02249991 0.0251671 -0.06910979 0.02249991 -0.07193839 -0.01530879 0.02249991 0.02653205 0.0555368 0.02249991 0.05019211 0.05376136 0.02249991 0.04424667 0.04278391 0.02249991 -0.01749998 0 0.02249991 -0.01759994 0 0.02249991 -0.0172612 0.002880394 0.02249991 -0.01735997 0.002896845 0.02249991 -0.01655179 0.00568217 0.02249991 -0.01664638 0.005714595 0.02249991 -0.01547867 0.008376657 0.02249991 -0.01539075 0.008329033 0.02249991 -0.01388883 0.01081001 0.02249991 -0.01380991 0.01074868 0.02249991 -0.01192015 0.01294869 0.02249991 -0.01185238 0.01287513 0.02249991 -0.009626269 0.01473402 0.02249991 -0.009571552 0.0146504 0.02249991 -0.007069826 0.01611757 0.02249991 -0.007029592 0.01602596 0.02249991 -0.004320502 0.01706135 0.02249991 -0.004295945 0.01696449 0.02249991 -0.001445055 0.01744014 0.02249991 -0.00145334 0.01753979 0.02249991 0.00145334 0.01753979 0.02249991 0.001445055 0.01744014 0.02249991 0.004320502 0.01706135 0.02249991 0.004295945 0.01696449 0.02249991 0.007069826 0.01611757 0.02249991 0.007029592 0.01602596 0.02249991 0.009626269 0.01473402 0.02249991 0.009571552 0.0146504 0.02249991 0.01192015 0.01294869 0.02249991 0.01185238 0.01287513 0.02249991 0.01388883 0.01081001 0.02249991 0.01380991 0.01074868 0.02249991 0.01547867 0.008376657 0.02249991 0.01539075 0.008329033 0.02249991 0.01664638 0.005714595 0.02249991 0.01655179 0.00568217 0.02249991 0.01735997 0.002896845 0.02249991 0.0172612 0.002880394 0.02249991 0.01759994 0 0.02249991 0.01749998 0 -0.02249991 -0.06480628 -0.005611479 -0.02249991 -0.06212449 -0.00285089 -0.02249991 -0.06255787 -0.002380013 -0.02249991 -0.01309317 0.01829797 -0.02249991 -0.02897489 0.04773169 -0.02249991 -0.01561939 0.01619488 -0.02249991 -0.03243428 0.04873389 -0.02249991 -0.04240053 0.0493313 -0.02249991 -0.03195112 0.04833942 -0.02249991 -0.03799307 0.05280053 -0.02249991 -0.03318107 0.04972761 -0.02249991 -0.04647552 0.04551231 -0.02249991 -0.03141117 0.04802757 -0.02249991 -0.03125149 0.05510061 -0.02249991 -0.03063488 0.05530107 -0.02249991 -0.03332275 0.0558657 -0.02249991 -0.03357058 0.05217462 -0.02249991 -0.03340941 0.05280286 -0.02249991 -0.05656427 0.03212332 -0.02249991 -0.01962405 0.01100564 -0.02249991 -0.05358439 0.036879 -0.02249991 -0.02325969 0.06074821 -0.02249991 -0.02703875 0.05429702 -0.02249991 -0.02661508 0.05380612 -0.02249991 -0.0178039 -0.01375657 -0.02249991 -0.01961731 -0.01101756 -0.02249991 -0.05360645 -0.03684633 -0.02249991 0.002454698 0.02236539 -0.02249991 0.0261085 0.0502038 -0.02249991 0.00977236 0.06431049 -0.02249991 0.0259338 0.05085599 -0.02249991 -0.03082799 0.0478065 -0.02249991 -0.0502249 0.04133856 -0.02249991 -0.03021705 0.04768168 -0.02249991 -0.02781248 0.04817265 -0.02249991 -0.02837586 0.0479052 -0.02249991 0.0056867 0.0217694 -0.02249991 0.02639377 0.04959166 -0.02249991 0.0259301 0.05217987 -0.02249991 0.02064466 0.06168568 -0.02249991 0.02587497 0.05152845 -0.02249991 -0.02727997 0.04854273 -0.02249991 -0.007269263 0.0212928 -0.02249991 -0.0268166 0.04899638 -0.02249991 0.02636188 0.05340903 -0.02249991 0.02587455 0.05968177 -0.02249991 -0.004093289 0.02212387 -0.02249991 -0.006967723 0.06467485 -0.02249991 -0.026147 0.05010193 -0.02249991 -0.05644208 0.002380013 -0.02249991 -0.06123137 0.02195835 -0.02249991 -0.0568754 0.00285089 -0.02249991 0.03090649 0.05723708 -0.02249991 0.03084737 0.05524486 -0.02249991 0.03145647 0.05500739 -0.02249991 -0.05912578 -0.02711939 -0.02249991 -0.05644208 -0.002380013 -0.02249991 -0.06123316 -0.02195441 -0.02249991 0.05648499 0.002434313 -0.02249991 0.06023591 0.02455437 -0.02249991 0.02036952 0.009555816 -0.02249991 -0.05656778 -0.0321182 -0.02249991 0.05746829 0.003299593 -0.02249991 0.05805516 0.003595471 -0.02249991 0.06355178 0.01387286 -0.02249991 0.0645098 0.008362233 -0.02249991 0.06124442 0.00345999 -0.02249991 0.06180411 0.003115475 -0.02249991 0.00417608 -0.06491416 -0.02249991 0.009754002 -0.06431436 -0.02249991 0.002467751 -0.02236366 -0.02249991 -0.0284217 -0.05851066 -0.02249991 -0.02934497 -0.05538225 -0.02249991 -0.02999329 -0.0553959 -0.02249991 -0.02595967 -0.05072283 -0.02249991 -0.0125246 -0.06383275 -0.02249991 -0.026147 -0.05010193 -0.02249991 -0.02587831 -0.05136615 -0.02249991 -0.02590548 -0.05201417 -0.02249991 -0.0179792 -0.06251436 -0.02249991 0.03084737 -0.05524486 -0.02249991 0.03088796 -0.05724865 -0.02249991 0.03145647 -0.05500739 -0.02249991 0.01676052 -0.01501077 -0.02249991 0.03033673 -0.04769814 -0.02249991 0.01876819 -0.01240909 -0.02249991 -8.15064e-4 -0.02248471 -0.02249991 0.03212183 -0.04846423 -0.02249991 0.0444737 -0.04746949 -0.02249991 0.03157299 -0.04810905 -0.02249991 0.0272594 -0.0485599 -0.02249991 0.00880289 -0.02070593 -0.02249991 0.02678197 -0.04903709 -0.02249991 0.035685 -0.05438613 -0.02249991 0.0332573 -0.05317592 -0.02249991 0.03293049 -0.05374217 -0.02249991 0.02903413 -0.04772019 -0.02249991 0.0296846 -0.04765409 -0.02249991 0.01439476 -0.01729261 -0.02249991 0.01523387 -0.06323939 -0.02249991 0.02593398 -0.0508551 -0.02249991 0.0277003 -0.05481696 -0.02249991 0.02584135 -0.05969506 -0.02249991 0.02828216 -0.0551148 -0.02249991 0.03300333 -0.04942339 -0.02249991 0.04023718 -0.05111193 -0.02249991 0.03260326 -0.04890656 -0.02249991 -0.001405954 -0.06503468 -0.02249991 -0.004081428 -0.02212649 -0.02249991 -0.007261574 -0.0212959 -0.02249991 -0.02643549 -0.04952108 -0.02249991 -0.015612 -0.01620131 -0.02249991 -0.03021705 -0.04768168 -0.02249991 0.02840417 -0.04789459 -0.02249991 -0.02727997 -0.04854273 -0.02249991 -0.0102871 -0.02001059 -0.02249991 0.05648499 -0.002434313 -0.02249991 0.05611699 -0.001889765 -0.02249991 0.02154719 -0.006475985 -0.02249991 -0.0268166 -0.04899638 -0.02249991 0.02610898 -0.05020242 -0.02249991 0.0263946 -0.04959022 -0.02249991 0.005696654 -0.0217663 -0.02249991 0.05788636 -0.02967238 -0.02249991 0.05512672 -0.0345326 -0.02249991 -0.02327299 -0.06074422 -0.02249991 -0.02604037 -0.05264848 -0.02249991 0.05805516 -0.003595471 -0.02249991 0.06354695 -0.01390081 -0.02249991 0.05868357 -0.003787994 -0.02249991 0.02249991 0 -0.02249991 0.05568069 6.54878e-4 -0.02249991 0.02225977 0.003278434 -0.02249991 -0.02703875 -0.05429702 -0.02249991 -0.0331456 -0.05339527 -0.02249991 -0.03340941 -0.05280286 -0.02249991 -0.03802412 -0.0527774 -0.02249991 0.06325 9.76415e-4 -0.02249991 0.06498891 0.002781271 -0.02249991 0.06303095 0.001596093 -0.02249991 0.05568069 -6.54878e-4 -0.02249991 0.05562496 0 -0.02249991 0.05933547 0.0038715 -0.02249991 0.05196887 0.03912365 -0.02249991 0.01876068 0.01242029 -0.02249991 0.05513936 0.03451001 -0.02249991 0.03571486 0.05436784 -0.02249991 0.03201705 0.05467098 -0.02249991 0.03251308 0.05424529 -0.02249991 -0.0568754 -0.00285089 -0.02249991 -0.0579434 -0.003548502 -0.02249991 -0.05854862 -0.003756344 -0.02249991 -0.0640887 -0.01114183 -0.02249991 0.05611699 0.001889765 -0.02249991 0.02154439 0.006486654 -0.02249991 0.04449939 0.0474469 -0.02249991 0.03212183 0.04846423 -0.02249991 0.03157299 0.04810905 -0.02249991 -0.0604512 -0.003756344 -0.02249991 -0.063165 0.001258194 -0.02249991 -0.06290799 0.001844227 -0.02249991 -0.06505 0 -0.02249991 0.04025465 0.05109661 -0.02249991 0.03351718 0.05062067 -0.02249991 0.03331089 0.0500003 -0.02249991 -0.06288731 0.01662921 -0.02249991 -0.05738049 0.003243923 -0.02249991 0.02781248 0.04817265 -0.02249991 0.008797883 0.02070856 -0.02249991 0.01172029 0.01920616 -0.02249991 -0.029594 0.04765659 -0.02249991 0.0277003 0.05481696 -0.02249991 0.02828216 0.0551148 -0.02249991 -0.03243428 -0.04873389 -0.02249991 -0.0424087 -0.04932528 -0.02249991 -0.03284776 -0.04920059 -0.02249991 -0.04650259 -0.04548418 -0.02249991 -0.03141117 -0.04802757 -0.02249991 -0.03082799 -0.0478065 -0.02249991 -0.05738049 -0.003243923 -0.02249991 -0.06289726 -0.01659095 -0.02249991 -0.05609196 -0.001844227 -0.02249991 -0.02101308 -0.008042812 -0.02249991 -0.02196079 -0.004895687 -0.02249991 -0.05023056 -0.0413326 -0.02249991 -0.03195112 -0.04833942 -0.02249991 -0.03318107 -0.04972761 -0.02249991 -0.0335747 -0.05090683 -0.02249991 -0.0334255 -0.05030137 -0.02249991 -0.03357058 -0.05217462 -0.02249991 -0.03362488 -0.05152845 -0.02249991 -0.03125149 -0.05510061 -0.02249991 -0.03182619 -0.05480027 -0.02249991 -0.03333348 -0.05586028 -0.02249991 -0.03278672 -0.0539354 -0.02249991 -0.03234285 -0.05440819 -0.02249991 -0.03063488 -0.05530107 -0.02249991 -0.02870786 -0.05526071 -0.02249991 -0.02753841 -0.05471038 -0.02249991 -0.02810007 -0.05503463 -0.02249991 -0.02661508 -0.05380612 -0.02249991 -0.02627909 -0.0532515 -0.02249991 -0.007004976 -0.06467008 -0.02249991 -0.02781248 -0.04817265 -0.02249991 0.0309723 -0.04785126 -0.02249991 0.04839718 -0.04346466 -0.02249991 -0.05910938 0.02715539 -0.02249991 -0.02101725 0.00803107 -0.02249991 0.03361618 -0.05126678 -0.02249991 0.03351718 -0.05062067 -0.02249991 -0.01308912 -0.01830035 -0.02249991 -0.02837586 -0.0479052 -0.02249991 -0.02897489 -0.04773169 -0.02249991 0.02062577 -0.06169325 -0.02249991 0.0259301 -0.05217987 -0.02249991 0.02587497 -0.05152845 -0.02249991 0.02636188 -0.05340903 -0.02249991 0.0260939 -0.05281275 -0.02249991 0.02672618 -0.05395174 -0.02249991 0.02717649 -0.05442559 -0.02249991 0.02890592 -0.05531042 -0.02249991 0.03020703 -0.05537647 -0.02249991 0.02955365 -0.05539846 -0.02249991 0.03201705 -0.05467098 -0.02249991 0.03251308 -0.05424529 -0.02249991 0.03348433 -0.05256295 -0.02249991 0.03360503 -0.05192047 -0.02249991 0.03331089 -0.0500003 -0.02249991 0.05194789 -0.0391497 -0.02249991 0.02037507 -0.009543657 -0.02249991 0.06022679 -0.02458 -0.02249991 0.06336098 -3.28623e-4 -0.02249991 0.06325 -9.76415e-4 -0.02249991 0.06498891 -0.002810776 -0.02249991 0.06211358 -0.01931798 -0.02249991 0.05693984 -0.002908766 -0.02249991 0.06450468 -0.008392333 -0.02249991 0.06124442 -0.00345999 -0.02249991 0.06063467 -0.003705084 -0.02249991 0.004213035 0.06491255 -0.02249991 -0.001388907 0.06503397 -0.02249991 -8.28708e-4 0.0224843 -0.02249991 -0.02590548 0.05201417 -0.02249991 -0.02587831 0.05136615 -0.02249991 -0.01794278 0.06252551 -0.02249991 -0.0125091 0.06383478 -0.02249991 -0.02595967 0.05072283 -0.02249991 -0.02999329 0.0553959 -0.02249991 -0.02838742 0.05852788 -0.02249991 0.01526939 0.0632317 -0.02249991 -0.02604037 0.05264848 -0.02249991 -0.02627909 0.0532515 -0.02249991 -0.02753841 0.05471038 -0.02249991 -0.02870786 0.05526071 -0.02249991 -0.02810007 0.05503463 -0.02249991 -0.02934497 0.05538225 -0.02249991 -0.03234285 0.05440819 -0.02249991 -0.03182619 0.05480027 -0.02249991 -0.0331456 0.05339527 -0.02249991 -0.03278672 0.0539354 -0.02249991 -0.03362488 0.05152845 -0.02249991 -0.0335747 0.05090683 -0.02249991 -0.0334255 0.05030137 -0.02249991 -0.03284776 0.04920059 -0.02249991 -0.01781195 0.0137465 -0.02249991 -0.02643549 0.04952108 -0.02249991 -0.01028925 0.02000921 -0.02249991 -0.02243983 0.001640081 -0.02249991 -0.05562496 0 -0.02249991 -0.02243983 -0.001643598 -0.02249991 -0.05609196 0.001844227 -0.02249991 -0.06408816 0.01114398 -0.02249991 -0.05981993 0.003861725 -0.02249991 -0.05917996 0.003861725 -0.02249991 -0.06480628 0.005611479 -0.02249991 -0.06255787 0.002380013 -0.02249991 -0.0579434 0.003548502 -0.02249991 -0.05854862 0.003756344 -0.02249991 -0.0604512 0.003756344 -0.02249991 -0.0616194 0.003243923 -0.02249991 -0.06105655 0.003548502 -0.02249991 -0.06212449 0.00285089 -0.02249991 -0.06337499 0 -0.02249991 -0.06332206 6.37804e-4 -0.02249991 -0.06332206 -6.37804e-4 -0.02249991 -0.06290799 -0.001844227 -0.02249991 -0.063165 -0.001258194 -0.02249991 -0.0616194 -0.003243923 -0.02249991 -0.06105655 -0.003548502 -0.02249991 -0.05981993 -0.003861725 -0.02249991 -0.05917996 -0.003861725 -0.02249991 -0.05583488 -0.001258194 -0.02249991 -0.02196228 0.004886746 -0.02249991 -0.05583488 0.001258194 -0.02249991 -0.05567777 -6.37804e-4 -0.02249991 -0.05567777 6.37804e-4 -0.02249991 0.0296846 0.04765409 -0.02249991 0.0167526 0.01501911 -0.02249991 0.03033673 0.04769814 -0.02249991 0.04841268 0.0434454 -0.02249991 0.0309723 0.04785126 -0.02249991 0.05693984 0.002908766 -0.02249991 0.06212407 0.01928818 -0.02249991 0.05790209 0.02964407 -0.02249991 0.03260326 0.04890656 -0.02249991 0.03300333 0.04942339 -0.02249991 0.03361618 0.05126678 -0.02249991 0.03348433 0.05256295 -0.02249991 0.03360503 0.05192047 -0.02249991 0.03293049 0.05374217 -0.02249991 0.0332573 0.05317592 -0.02249991 0.03020703 0.05537647 -0.02249991 0.02890592 0.05531042 -0.02249991 0.02955365 0.05539846 -0.02249991 0.02717649 0.05442559 -0.02249991 0.02672618 0.05395174 -0.02249991 0.0260939 0.05281275 -0.02249991 0.02725875 0.0485605 -0.02249991 0.02678108 0.04903835 -0.02249991 0.01438874 0.01729702 -0.02249991 0.02903413 0.04772019 -0.02249991 0.02840417 0.04789459 -0.02249991 0.05584639 -0.001290917 -0.02249991 0.02225977 -0.003278434 -0.02249991 0.01172149 -0.01920557 -0.02249991 0.02781248 -0.04817265 -0.02249991 0.05746829 -0.003299593 -0.02249991 0.05933547 -0.0038715 -0.02249991 0.05999219 -0.003843545 -0.02249991 0.06180411 -0.003115475 -0.02249991 0.06271046 -0.002169847 -0.02249991 0.06229758 -0.002681255 -0.02249991 0.06303095 -0.001596093 -0.02249991 0.06336098 3.28623e-4 -0.02249991 0.06271046 0.002169847 -0.02249991 0.06229758 0.002681255 -0.02249991 0.06063467 0.003705084 -0.02249991 0.05999219 0.003843545 -0.02249991 0.05868357 0.003787994 -0.02249991 0.05584639 0.001290917 -0.02249991 -0.029594 -0.04765659 0.03399991 0.04719418 7.27932e-4 0.03399991 0.01759994 0 0.03399991 0.04688453 0.00543791 0.03399991 -0.02474033 0.04019618 0.03399991 -0.009626269 0.01473402 0.03399991 -0.02863848 0.03751742 0.03399991 -0.03225278 0.03446066 0.03399991 -0.01192015 0.01294869 0.03399991 -0.0355485 0.03104978 0.03399991 -0.01664638 0.005714595 0.03399991 -0.0460987 0.01013141 0.03399991 -0.04485219 0.01469951 0.03399991 -0.01170253 0.0457254 0.03399991 -0.004320502 0.01706135 0.03399991 -0.0162369 0.04431927 0.03399991 -0.0205819 0.04247468 0.03399991 -0.007069826 0.01611757 0.03399991 -0.00235641 0.04714059 0.03399991 0.00145334 0.01753979 0.03399991 -0.00145334 0.01753979 0.03399991 -0.00706923 0.04666668 0.03399991 0.004320502 0.01706135 0.03399991 0.007082521 0.04666543 0.03399991 0.01173138 0.04571759 0.03399991 0.002381086 0.04713857 0.03399991 0.007069826 0.01611757 0.03399991 0.02475625 0.04018515 0.03399991 0.009626269 0.01473402 0.03399991 0.0206077 0.04246282 0.03399991 0.01624065 0.0443176 0.03399991 0.01388883 0.01081001 0.03399991 0.03555291 0.03104543 0.03399991 0.03849065 0.02731692 0.03399991 0.03227269 0.03444105 0.03399991 0.01192015 0.01294869 0.03399991 0.02865535 0.0375058 0.03399991 0.01664638 0.005714595 0.03399991 0.0431627 0.01909917 0.03399991 0.04485875 0.01467657 0.03399991 0.01547867 0.008376657 0.03399991 0.04102993 0.02333015 0.03399991 0.01735997 0.002896845 0.03399991 0.04610288 0.01011699 0.03399991 0.04372149 -0.0177803 0.03399991 0.0417273 -0.02206057 0.03399991 0.04528546 -0.01330542 0.03399991 0.0463894 -0.008703649 0.03399991 0.02597177 -0.03941178 0.03399991 0.0219106 -0.04180532 0.03399991 0.0364893 -0.02993816 0.03399991 0.03330308 -0.0334469 0.03399991 0.02978318 -0.03661519 0.03399991 0.01759994 -0.04379588 0.03399991 0.03929996 -0.02613919 0.03399991 0.04702818 -0.004015386 0.03399991 -0.01388883 0.01081001 0.03399991 -0.03847312 0.02734136 0.03399991 -0.04102486 0.0233407 0.03399991 -0.04315143 0.01912236 0.03399991 -0.01547867 0.008376657 0.03399991 -0.01735997 0.002896845 0.03399991 -0.01759994 0 0.03399991 -0.04688143 0.005467355 0.03399991 -0.04703009 -0.003986597 0.03399991 -0.04719436 7.3008e-4 0.03399991 -0.04529058 -0.01328432 0.03399991 -0.04639369 -0.008686244 0.03399991 -0.04173046 -0.02205318 0.03399991 -0.04373258 -0.01775527 0.03399991 -0.03649616 -0.02993083 0.03399991 -0.03931659 -0.02611416 0.03399991 -0.02980148 -0.0366016 0.03399991 -0.03332126 -0.03342759 0.03399991 -0.0219106 -0.04180532 0.03399991 -0.02598506 -0.03940188 0.03399991 -0.01759994 -0.04379588 0.0349999 -0.03064733 -0.0413866 0.0349999 -0.02978318 -0.03661519 0.0349999 -0.02597177 -0.03941178 0.0349999 -0.04485875 0.01467657 0.0349999 -0.04890555 0.0161395 0.0349999 -0.0431627 0.01909917 0.0349999 0.04102486 0.0233407 0.0349999 0.03847312 0.02734136 0.0349999 0.04227346 0.02941393 0.0349999 -0.03800612 -0.03475147 0.0349999 -0.0364893 -0.02993816 0.0349999 -0.03330308 -0.0334469 0.0349999 -0.03448849 -0.03824579 0.0349999 -0.0417273 -0.02206057 0.0349999 -0.03929996 -0.02613919 0.0349999 -0.04396075 -0.02682679 0.0349999 -0.0411694 -0.03093951 0.0349999 -0.04528546 -0.01330542 0.0349999 -0.04372149 -0.0177803 0.0349999 -0.04828178 -0.01791918 0.0349999 -0.04632931 -0.02248811 0.0349999 -0.04702818 -0.004015386 0.0349999 -0.0463894 -0.008703649 0.0349999 -0.05081802 -0.008350729 0.0349999 -0.04977738 -0.0132029 0.0349999 -0.04688453 0.00543791 0.0349999 -0.04719418 7.27932e-4 0.0349999 -0.05147653 0.001527369 0.0349999 -0.05138468 -0.003426313 0.0349999 -0.05023247 0.01135075 0.0349999 -0.04610288 0.01011699 0.0349999 -0.05109018 0.00648117 0.0349999 -0.04228359 0.02939778 0.0349999 -0.04102993 0.02333015 0.0349999 -0.04491412 0.02519798 0.0349999 -0.0471304 0.02075678 0.0349999 -0.0358693 0.03695368 0.0349999 -0.03555291 0.03104543 0.0349999 -0.03926259 0.03332608 0.0349999 -0.03849065 0.02731692 0.0349999 -0.02813231 0.04313719 0.0349999 -0.02865535 0.0375058 0.0349999 -0.03215879 0.04022371 0.0349999 -0.03227269 0.03444105 0.0349999 -0.02475625 0.04018515 0.0349999 -0.02386415 0.0456357 0.0349999 -0.0206077 0.04246282 0.0349999 -0.01173138 0.04571759 0.0349999 -0.01624065 0.0443176 0.0349999 -0.0146842 0.04936087 0.0349999 -0.01935958 0.04772233 0.0349999 -0.002381086 0.04713857 0.0349999 -0.007082521 0.04666543 0.0349999 -0.00495702 0.05126029 0.0349999 -0.009870767 0.0505445 0.0349999 0.00706923 0.04666668 0.0349999 0.00235641 0.04714059 0.0349999 0.004949033 0.0512616 0.0349999 -1.55527e-5 0.05149888 0.0349999 0.0162369 0.04431927 0.0349999 0.01170253 0.0457254 0.0349999 0.01466482 0.0493676 0.0349999 0.009842455 0.05054932 0.0349999 0.02474033 0.04019618 0.0349999 0.0205819 0.04247468 0.0349999 0.02383959 0.04564929 0.0349999 0.01933926 0.04772955 0.0349999 0.03225278 0.03446066 0.0349999 0.02863848 0.03751742 0.0349999 0.03213459 0.0402432 0.0349999 0.02812379 0.0431419 0.0349999 0.03924316 0.03334808 0.0349999 0.0355485 0.03104978 0.0349999 0.0358653 0.03695833 0.0349999 0.0489012 0.01615029 0.0349999 0.04315143 0.01912236 0.0349999 0.04712009 0.02078217 0.0349999 0.04490202 0.02521729 0.0349999 0.05109 0.006485283 0.0349999 0.0460987 0.01013141 0.0349999 0.05022579 0.01138097 0.0349999 0.04485219 0.01469951 0.0349999 0.05138689 -0.00340867 0.0349999 0.04719436 7.3008e-4 0.0349999 0.0514751 0.001557052 0.0349999 0.04688143 0.005467355 0.0349999 0.05082088 -0.008327066 0.0349999 0.04639369 -0.008686244 0.0349999 0.04703009 -0.003986597 0.0349999 0.04373258 -0.01775527 0.0349999 0.04529058 -0.01328432 0.0349999 0.04828566 -0.0179066 0.0349999 0.04978501 -0.01317745 0.0349999 0.03931659 -0.02611416 0.0349999 0.04173046 -0.02205318 0.0349999 0.043962 -0.02682512 0.0349999 0.04634302 -0.02246052 0.0349999 0.03332126 -0.03342759 0.0349999 0.03649616 -0.02993083 0.0349999 0.0380178 -0.03474009 0.0349999 0.04118698 -0.0309152 0.0349999 0.02598506 -0.03940188 0.0349999 0.02980148 -0.0366016 0.0349999 0.03066867 -0.041372 0.0349999 0.03450638 -0.03822857 0.0349999 0.0219106 -0.04180532 0.0349999 0.02654629 -0.04412961 0.0349999 0.02218502 -0.04647558 0.0349999 0.01759994 -0.0483992 0.0349999 0.01759994 -0.04379588 0.0349999 -0.01759994 -0.04379588 0.0349999 -0.02218502 -0.04647558 0.0349999 -0.0219106 -0.04180532 0.0349999 -0.02653414 -0.04413807 0.0349999 -0.01759994 -0.0483992 0.02249991 0.02149498 0.05767357 0.0349999 0.01933926 0.04772955 0.0349999 0.01466482 0.0493676 0.0349999 -0.01759994 -0.0483992 0.02249991 -0.01759994 -0.05897992 0.02249991 -0.02279675 -0.05717128 0.0349999 0.009842455 0.05054932 0.02249991 0.0162636 0.05936169 0.0349999 0.02383959 0.04564929 0.02249991 0.02653205 0.0555368 0.02249991 0.03595936 0.04995185 0.0349999 0.03213459 0.0402432 0.0349999 0.02812379 0.0431419 0.02249991 0.03137832 0.05294972 0.02249991 0.04026788 0.0465489 0.02249991 0.04424667 0.04278391 0.02249991 0.04788178 0.03867352 0.0349999 0.03924316 0.03334808 0.0349999 0.0358653 0.03695833 0.02249991 0.0511316 0.03426039 0.02249991 0.05397903 0.02957338 0.0349999 0.04490202 0.02521729 0.0349999 0.04227346 0.02941393 0.0349999 0.04712009 0.02078217 0.02249991 0.06108593 -0.007529616 0.02249991 0.06017678 -0.01292747 0.0349999 0.05082088 -0.008327066 0.02249991 0.05836653 0.01953655 0.0349999 0.0489012 0.01615029 0.02249991 0.05639588 0.0246514 0.02249991 0.05987316 0.0142616 0.0349999 0.05022579 0.01138097 0.0349999 0.05138689 -0.00340867 0.02249991 0.06151527 -0.002055764 0.0349999 0.05109 0.006485283 0.02249991 0.06090539 0.008880972 0.02249991 0.06145316 0.003419995 0.0349999 0.0514751 0.001557052 0.02249991 0.05878329 -0.01824045 0.0349999 0.04978501 -0.01317745 0.0349999 0.04828566 -0.0179066 0.0349999 0.04634302 -0.02246052 0.02249991 0.05693238 -0.02338951 0.02249991 0.01093041 0.06057041 0.02249991 0.05461812 -0.0283733 0.02249991 0.05188488 -0.03311091 0.0349999 0.04118698 -0.0309152 0.0349999 0.043962 -0.02682512 0.02249991 0.0487228 -0.03760707 0.02249991 0.04519408 -0.04178369 0.0349999 0.0380178 -0.03474009 0.02249991 0.04128396 -0.04564917 0.0349999 0.03450638 -0.03822857 0.0349999 0.03066867 -0.041372 0.02249991 0.03707206 -0.04913306 0.02249991 0.03253728 -0.05224508 0.02249991 0.02777588 -0.05492621 0.0349999 0.02654629 -0.04412961 0.0349999 0.02218502 -0.04647558 0.0349999 0.01759994 -0.0483992 0.02249991 0.02279675 -0.05717128 0.02249991 0.01759994 -0.05897992 0.0349999 0.004949033 0.0512616 0.02249991 0.005479097 0.0613054 0.02249991 1.97833e-5 0.06154865 0.0349999 -1.55527e-5 0.05149888 0.0349999 -0.00495702 0.05126029 0.02249991 -0.005476713 0.06130576 0.0349999 -0.009870767 0.0505445 0.02249991 -0.01089161 0.06057715 0.02249991 -0.0162568 0.05936414 0.0349999 -0.0146842 0.04936087 0.0349999 -0.01935958 0.04772233 0.02249991 -0.0214582 0.05768662 0.0349999 -0.02386415 0.0456357 0.02249991 -0.02652209 0.0555424 0.02249991 -0.03134518 0.05296868 0.0349999 -0.02813231 0.04313719 0.0349999 -0.03215879 0.04022371 0.02249991 -0.0359475 0.04996162 0.0349999 -0.0358693 0.03695368 0.02249991 -0.04023927 0.04657238 0.02249991 -0.04423421 0.04279839 0.0349999 -0.03926259 0.03332608 0.0349999 -0.04228359 0.02939778 0.02249991 -0.04785853 0.03870064 0.0349999 -0.04491412 0.02519798 0.02249991 -0.05112016 0.03427976 0.02249991 -0.05396175 0.0296027 0.0349999 -0.0471304 0.02075678 0.02249991 -0.05638688 0.0246753 0.02249991 -0.05835527 0.01956647 0.0349999 -0.04890555 0.0161395 0.02249991 -0.05986779 0.01428943 0.02249991 -0.06089997 0.008910119 0.0349999 -0.05023247 0.01135075 0.0349999 -0.05109018 0.00648117 0.02249991 -0.06145262 0.00345087 0.0349999 -0.05147653 0.001527369 0.02249991 -0.06151485 -0.002028644 0.02249991 -0.06109118 -0.007496953 0.0349999 -0.05138468 -0.003426313 0.0349999 -0.05081802 -0.008350729 0.02249991 -0.0601806 -0.01290357 0.0349999 -0.04977738 -0.0132029 0.02249991 -0.05879449 -0.01820749 0.02249991 -0.05693918 -0.02336978 0.0349999 -0.04828178 -0.01791918 0.0349999 -0.04632931 -0.02248811 0.02249991 -0.05463576 -0.02834135 0.0349999 -0.04396075 -0.02682679 0.02249991 -0.05189329 -0.03309583 0.02249991 -0.04874628 -0.03757762 0.0349999 -0.0411694 -0.03093951 0.0349999 -0.03800612 -0.03475147 0.02249991 -0.04520255 -0.0417732 0.0349999 -0.03448849 -0.03824579 0.02249991 -0.04131287 -0.04562366 0.0349999 -0.03064733 -0.0413866 0.02249991 -0.03707903 -0.04912686 0.02249991 -0.03257071 -0.05222451 0.0349999 -0.02653414 -0.04413807 0.0349999 -0.02218502 -0.04647558 0.02249991 -0.02777993 -0.05492377 0.0349999 -0.02597177 -0.03941178 0.03399991 -0.02598506 -0.03940188 0.03399991 -0.0219106 -0.04180532 0.03399991 -0.01759994 -0.04379588 0.0349999 -0.01759994 -0.04379588 0.0349999 -0.0219106 -0.04180532 0.03399991 -0.03332126 -0.03342759 0.0349999 -0.0364893 -0.02993816 0.03399991 -0.03649616 -0.02993083 0.0349999 -0.03330308 -0.0334469 0.03399991 -0.02980148 -0.0366016 0.0349999 -0.02978318 -0.03661519 0.0349999 -0.04372149 -0.0177803 0.03399991 -0.04373258 -0.01775527 0.03399991 -0.04173046 -0.02205318 0.0349999 -0.0417273 -0.02206057 0.03399991 -0.03931659 -0.02611416 0.0349999 -0.03929996 -0.02613919 0.03399991 -0.04703009 -0.003986597 0.03399991 -0.04639369 -0.008686244 0.0349999 -0.04702818 -0.004015386 0.03399991 -0.04529058 -0.01328432 0.0349999 -0.04528546 -0.01330542 0.0349999 -0.0463894 -0.008703649 0.03399991 -0.04688143 0.005467355 0.0349999 -0.04610288 0.01011699 0.03399991 -0.0460987 0.01013141 0.0349999 -0.04719418 7.27932e-4 0.0349999 -0.04688453 0.00543791 0.03399991 -0.04719436 7.3008e-4 0.0349999 -0.04102993 0.02333015 0.03399991 -0.04102486 0.0233407 0.03399991 -0.04315143 0.01912236 0.0349999 -0.0431627 0.01909917 0.03399991 -0.04485219 0.01469951 0.0349999 -0.04485875 0.01467657 0.03399991 -0.03225278 0.03446066 0.03399991 -0.0355485 0.03104978 0.0349999 -0.03227269 0.03444105 0.03399991 -0.03847312 0.02734136 0.0349999 -0.03849065 0.02731692 0.0349999 -0.03555291 0.03104543 0.03399991 -0.02474033 0.04019618 0.0349999 -0.0206077 0.04246282 0.03399991 -0.0205819 0.04247468 0.0349999 -0.02865535 0.0375058 0.0349999 -0.02475625 0.04018515 0.03399991 -0.02863848 0.03751742 0.0349999 -0.007082521 0.04666543 0.03399991 -0.00706923 0.04666668 0.03399991 -0.01170253 0.0457254 0.0349999 -0.01173138 0.04571759 0.03399991 -0.0162369 0.04431927 0.0349999 -0.01624065 0.0443176 0.03399991 0.007082521 0.04666543 0.03399991 0.002381086 0.04713857 0.0349999 0.00706923 0.04666668 0.03399991 -0.00235641 0.04714059 0.0349999 -0.002381086 0.04713857 0.0349999 0.00235641 0.04714059 0.03399991 0.01624065 0.0443176 0.0349999 0.0205819 0.04247468 0.03399991 0.0206077 0.04246282 0.0349999 0.01170253 0.0457254 0.0349999 0.0162369 0.04431927 0.03399991 0.01173138 0.04571759 0.0349999 0.03225278 0.03446066 0.03399991 0.03227269 0.03444105 0.03399991 0.02865535 0.0375058 0.0349999 0.02863848 0.03751742 0.03399991 0.02475625 0.04018515 0.0349999 0.02474033 0.04019618 0.03399991 0.04102993 0.02333015 0.03399991 0.03849065 0.02731692 0.0349999 0.04102486 0.0233407 0.03399991 0.03555291 0.03104543 0.0349999 0.0355485 0.03104978 0.0349999 0.03847312 0.02734136 0.03399991 0.04485875 0.01467657 0.0349999 0.0460987 0.01013141 0.03399991 0.04610288 0.01011699 0.0349999 0.04315143 0.01912236 0.0349999 0.04485219 0.01469951 0.03399991 0.0431627 0.01909917 0.03399991 0.04688453 0.00543791 0.0349999 0.04688143 0.005467355 0.0349999 0.04719436 7.3008e-4 0.0349999 0.04703009 -0.003986597 0.03399991 0.04719418 7.27932e-4 0.0349999 0.04639369 -0.008686244 0.03399991 0.04702818 -0.004015386 0.03399991 0.0463894 -0.008703649 0.0349999 0.04529058 -0.01328432 0.0349999 0.04373258 -0.01775527 0.03399991 0.04528546 -0.01330542 0.0349999 0.04173046 -0.02205318 0.03399991 0.04372149 -0.0177803 0.03399991 0.0417273 -0.02206057 0.0349999 0.03931659 -0.02611416 0.0349999 0.03649616 -0.02993083 0.03399991 0.03929996 -0.02613919 0.0349999 0.03332126 -0.03342759 0.03399991 0.0364893 -0.02993816 0.03399991 0.03330308 -0.0334469 0.0349999 0.02980148 -0.0366016 0.0349999 0.02598506 -0.03940188 0.03399991 0.02978318 -0.03661519 0.0349999 0.0219106 -0.04180532 0.03399991 0.02597177 -0.03941178 0.03399991 0.0219106 -0.04180532 0.0349999 0.01759994 -0.04379588 0.03399991 0.01759994 -0.04379588 -0.01820266 -0.06961578 -0.03290319 -0.02249991 -0.06851679 -0.02673536 -0.01820266 -0.07417517 -0.02066475 -0.002755284 0.06500625 -0.05068969 -0.002755284 0.07263779 -0.03897446 -0.008187532 0.0642749 -0.0501194 0.008187532 -0.08108317 -0.008290231 0.008187532 -0.07851588 -0.02187407 0.002755284 -0.08200585 -0.008384525 -0.008187532 -0.08108317 -0.008290231 -0.01338607 -0.07949358 0.005407989 -0.008187532 -0.08131796 0.005532026 -0.01820266 -0.07660061 -0.007831871 -0.02249991 -0.07194548 -0.01527005 -0.002755284 -0.08011478 0.0194137 -0.008187532 -0.07482987 0.03230637 -0.002755284 -0.07568138 0.03267395 0.002755284 -0.08224326 0.005595088 0.008187532 -0.08131796 0.005532026 -0.01338607 -0.0774362 0.01876467 -0.008187532 -0.07921326 0.01919531 -0.02249991 -0.07346946 -0.003400862 -0.01820266 -0.0768224 0.005226254 -0.002755284 -0.06907087 0.04499429 -0.008187532 -0.06829369 0.04448795 -0.02249991 -0.07304847 0.008557975 -0.01820266 -0.0748341 0.01813411 -0.01338607 -0.07315111 0.03158158 0.008187532 -0.07921326 0.01919531 0.002755284 -0.08011478 0.0194137 -0.008187532 -0.05979281 0.05538976 -0.002755284 -0.06047326 0.05602008 -0.02249991 -0.06881076 0.02597278 -0.01820266 -0.07069295 0.03052026 -0.01338607 -0.06676155 0.04348987 0.01820266 -0.0748341 0.01813411 0.01820266 -0.07069295 0.03052026 0.02249991 -0.06882268 0.02593779 -0.008187532 -0.04957187 0.0646981 -0.002755284 -0.05013597 0.06543427 -0.02249991 -0.07294946 -0.009377479 0.008187532 -0.05979281 0.05538976 0.01338607 -0.06676155 0.04348987 0.008187532 -0.06829369 0.04448795 -0.01338607 -0.05845135 0.05414706 -0.002755284 -0.03835636 0.07296615 -0.008187532 -0.0379247 0.07214516 -0.01820266 -0.06451815 0.04202842 -0.02249991 -0.06368678 0.03678977 0.008187532 -0.04957187 0.0646981 0.01338607 -0.05845135 0.05414706 -0.02249991 -0.028364 0.06785917 -0.02249991 -0.0227282 0.06995016 -0.0195803 -0.02349168 0.07229995 -0.01338607 -0.0484597 0.0632466 -0.02249991 -0.0337736 0.06533706 -0.01820266 -0.03582817 0.06815665 -0.01820266 -0.05648726 0.05232757 -0.02249991 -0.05687618 0.04663223 -0.02249991 -0.04855942 0.05523961 -0.01820266 -0.04683125 0.06112128 -0.00570935 -0.02535355 0.0780304 -0.00942105 -0.02507948 0.07718706 -0.02249991 -0.04391413 0.05900007 -0.02249991 -0.03895694 0.062384 -0.01338607 -0.03707391 0.07052659 -0.01299977 -0.02467435 0.07594007 -0.0164116 -0.02414077 0.0742976 -0.02249991 -0.05289888 0.05109918 -0.02249991 -0.06048399 0.04184573 -0.001912653 -0.02549195 0.07845628 0.01338607 -0.0484597 0.0632466 0.008187532 -0.0379247 0.07214516 0.002755284 -0.03835636 0.07296615 0.001902401 -0.02549195 0.07845628 0.005690157 -0.02535456 0.0780335 0.009407937 -0.02508091 0.07719147 0.01338607 -0.03707391 0.07052659 0.0129944 -0.02467495 0.07594186 0.01820266 -0.03582817 0.06815665 0.02249991 -0.03899395 0.06236058 0.01820266 -0.04683125 0.06112128 0.0195803 -0.02349168 0.07229995 0.01639539 -0.02414339 0.07430619 0.02249991 -0.028364 0.06785917 0.02249991 -0.0227282 0.06995016 -0.002755284 -0.08224326 0.005595088 -0.02249991 -0.06327408 -0.0374931 -0.01820266 -0.06305378 -0.04419499 -0.008187532 -0.07851588 -0.02187407 -0.01338607 -0.0792641 -0.008104205 -0.002755284 -0.08200585 -0.008384525 0.01820266 -0.06961578 -0.03290319 0.01338607 -0.07675439 -0.0213834 0.01820266 -0.07417517 -0.02066475 -0.01820266 -0.05467778 -0.05421549 -0.02249991 -0.05635589 -0.04725849 -0.01338607 -0.07675439 -0.0213834 -0.008187532 -0.07368969 -0.03482866 -0.002755284 -0.0794093 -0.02212291 0.01820266 -0.06305378 -0.04419499 0.01338607 -0.0720365 -0.0340473 -0.02249991 -0.04794538 -0.0557729 -0.01820266 -0.04472887 -0.06267631 -0.008187532 -0.06674367 -0.04678136 -0.01338607 -0.0720365 -0.0340473 -0.002755284 -0.07452827 -0.03522509 0.01338607 -0.06524628 -0.04573178 0.01820266 -0.05467778 -0.05421549 -0.02249991 -0.0382651 -0.06281065 -0.01820266 -0.0334931 -0.06933397 -0.008187532 -0.05787748 -0.05738812 -0.01338607 -0.06524628 -0.04573178 -0.002755284 -0.06750315 -0.04731369 0.01820266 -0.04472887 -0.06267631 0.01338607 -0.05657905 -0.0561006 -0.01820266 -0.02129381 -0.07399696 -0.02249991 -0.02757138 -0.06818538 -0.008187532 -0.04734635 -0.06634408 -0.01338607 -0.05657905 -0.0561006 -0.002755284 -0.05853617 -0.05804127 0.008187532 -0.04734635 -0.06634408 0.008187532 -0.05787748 -0.05738812 0.01338607 -0.04628413 -0.06485569 -0.01820266 -0.008481979 -0.07653129 -0.02249991 -0.01614725 -0.07175445 -0.01338607 -0.04628413 -0.06485569 -0.008187532 -0.03545308 -0.07339125 -0.002755284 -0.04788511 -0.06709897 0.01338607 -0.03465771 -0.07174479 0.008187532 -0.03545308 -0.07339125 -0.01820266 0.004573822 -0.076864 -0.02249991 -0.004295349 -0.07342356 -0.008187532 -0.02253997 -0.07832729 -0.01338607 -0.03465771 -0.07174479 0.02249991 -0.004253983 -0.07342505 0.01820266 0.004573822 -0.076864 0.01820266 -0.008481979 -0.07653129 0.01338607 -0.02203422 -0.07656997 0.008187532 -0.02253997 -0.07832729 -0.02249991 0.04593569 -0.05743891 -0.02249991 0.04111802 -0.0609824 -0.01820266 0.04147917 -0.06487268 -0.002755284 -0.0358566 -0.07422649 0.02249991 0.007709503 -0.073143 0.02249991 0.01362407 -0.07227689 -0.008187532 -0.008978366 -0.08100986 -0.01338607 -0.02203422 -0.07656997 -0.01820266 0.01749807 -0.07498538 -0.02249991 0.007670462 -0.07314819 -0.002755284 -0.02279645 -0.07921856 0.008187532 0.03166985 -0.07510149 0.002755284 0.0187329 -0.08027666 0.008187532 0.01852208 -0.07937347 -0.008187532 0.004841387 -0.081362 -0.01338607 -0.008776903 -0.07919245 -0.01820266 0.0299189 -0.07094955 -0.02249991 0.0251379 -0.06911885 -0.002755284 -0.009080529 -0.08193176 -0.02249991 0.0360133 -0.0641278 -0.01338607 0.004732847 -0.07953667 -0.008187532 0.01852208 -0.07937347 0.008187532 0.04390645 -0.06866896 0.002755284 0.03203028 -0.0759561 -0.002755284 0.004896581 -0.0822879 -0.01820266 0.05184602 -0.0569294 -0.008187532 0.03166985 -0.07510149 -0.01338607 0.01810652 -0.07759279 0.002755284 0.04440611 -0.06945037 0.008187532 0.05488008 -0.06026095 -0.002755284 0.0187329 -0.08027666 -0.02249991 0.05464226 -0.04922956 -0.01820266 0.06072139 -0.04734849 -0.008187532 0.04390645 -0.06866896 -0.01338607 0.0309593 -0.07341659 -0.002755284 0.03203028 -0.0759561 -0.01820266 0.06784999 -0.03640556 -0.02249991 0.06190258 -0.0397166 -0.008187532 0.05488008 -0.06026095 -0.01338607 0.04292148 -0.06712836 -0.002755284 0.04440611 -0.06945037 0.01820266 0.05184602 -0.0569294 0.01820266 0.06072139 -0.04734849 0.01338607 0.05364882 -0.05890899 -0.01820266 0.07302659 -0.02441519 -0.02249991 0.06752419 -0.02915173 -0.01338607 0.05364882 -0.05890899 -0.002755284 0.05550456 -0.06094676 0.01338607 0.06283289 -0.04899489 0.01820266 0.06784999 -0.03640556 -0.01820266 0.07610237 -0.0117225 -0.02249991 0.0713582 -0.01781499 -0.008187532 0.07182049 -0.03853595 -0.01338607 0.06283289 -0.04899489 0.01820266 0.07302659 -0.02441519 0.01338607 0.07020926 -0.03767138 -0.01338607 0.07020926 -0.03767138 -0.008187532 0.07730007 -0.02584391 0.01338607 0.07874858 -0.01213008 0.008187532 0.08055585 -0.01240849 0.008187532 0.07730007 -0.02584391 -0.02249991 0.07330286 -0.006006062 -0.01820266 0.07698875 0.001307427 -0.008187532 0.08149415 0.00138396 -0.008187532 0.08008795 0.01513659 -0.01338607 0.07966589 0.001352906 -0.02249991 0.07134228 0.01788026 -0.01820266 0.0756604 0.0142998 -0.01820266 0.07215535 0.02688086 0.008187532 0.08008795 0.01513659 0.01338607 0.07466435 0.02781558 0.008187532 0.07637786 0.02845382 -0.008187532 0.07637786 0.02845382 -0.01338607 0.07829129 0.01479709 -0.002755284 0.07724708 0.02877759 -0.002755284 0.08099937 0.01530891 -0.01820266 0.06657469 0.03868848 -0.01820266 0.05907857 0.04938316 -0.02249991 0.0617848 0.03990131 0.008187532 0.0528022 0.0620898 0.002755284 0.05340301 0.06279635 0.002755284 0.0632475 0.05286782 -0.01820266 0.001961112 0.07697486 -0.02249991 -0.004995465 0.07337838 -0.02249991 0.001009821 0.07354295 -0.008187532 0.06253588 0.05227309 -0.008187532 0.0528022 0.0620898 -0.01338607 0.06113278 0.05110037 0.01338607 0.00202924 0.07965147 0.008187532 0.01581615 0.07995659 0.01338607 0.0154612 0.07816278 -0.01820266 0.049883 0.0586571 -0.01820266 0.0392524 0.06624376 -0.02249991 0.04077363 0.0612111 -0.002755284 0.05340301 0.06279635 -0.01820266 0.02749246 0.07192456 -0.01820266 0.01494175 0.07553631 -0.02249991 0.0188961 0.07107919 -0.02249991 0.03024029 0.06704348 -0.01338607 -0.0114609 0.07884877 -0.008187532 -0.01172393 0.08065825 -0.01820266 -0.01107585 0.07619917 -0.02249991 -0.0169025 0.07157987 -0.02249991 0.007044911 0.07321 0.008187532 0.00207591 0.08147948 0.01338607 -0.0114609 0.07884877 -0.002755284 0.002099514 0.08240669 -0.008187532 0.01581615 0.07995659 -0.002755284 0.01599603 0.08086645 0.008187532 0.04154938 0.07012027 0.002755284 0.04202222 0.07091826 -0.002755284 0.0632475 0.05286782 -0.008187532 0.07047057 0.04095256 -0.002755284 0.07127249 0.04141855 0.02249991 0.007001221 0.073215 0.01820266 0.001961112 0.07697486 0.01820266 0.01494175 0.07553631 0.01338607 0.02844846 0.07442557 0.008187532 0.02910137 0.0761336 0.002755284 0.02943259 0.07699996 0.01820266 -0.01107585 0.07619917 0.02249991 -0.0169025 0.07157987 0.02249991 -0.01100665 0.07272166 0.02249991 -0.005040705 0.07337576 -0.02249991 0.05021405 0.05373889 -0.01338607 0.06888955 0.04003369 -0.01338607 0.07466435 0.02781558 0.008187532 0.06253588 0.05227309 0.01820266 0.05907857 0.04938316 0.01820266 0.06657469 0.03868848 0.02249991 0.0617612 0.03993582 -0.002755284 0.0824216 0.001399755 -0.008187532 0.08055585 -0.01240849 -0.002755284 0.08147257 -0.01254963 -0.02249991 0.03561985 0.06434875 -0.02249991 0.0674681 0.02928328 0.008187532 0.08149415 0.00138396 0.01338607 0.07829129 0.01479709 0.01338607 0.07966589 0.001352906 -0.002755284 0.07817965 -0.026138 -0.01338607 0.07874858 -0.01213008 -0.01338607 0.07556587 -0.0252642 -0.02249991 0.0732997 0.00604403 0.008187532 0.07182049 -0.03853595 0.01338607 0.07556587 -0.0252642 -0.02249991 -0.06646859 0.03148466 0.002755284 -0.05013597 0.06543427 0.02249991 -0.04859113 0.05521082 0.01820266 -0.05648726 0.05232757 0.02249991 -0.0337736 0.06533706 -0.02249991 -0.07069408 0.02028989 0.002755284 -0.06047326 0.05602008 0.01820266 -0.06451815 0.04202842 0.02249991 -0.05690169 0.0465998 0.02249991 -0.04392445 0.05899339 -0.02249991 -0.0721125 0.01446759 0.002755284 -0.06907087 0.04499429 0.02249991 -0.0637055 0.03675508 0.008187532 -0.07482987 0.03230637 0.02249991 -0.05291181 0.05108731 -0.02249991 -0.07350438 0.002579331 0.002755284 -0.07568138 0.03267395 0.01338607 -0.07315111 0.03158158 0.02249991 -0.06049776 0.04182809 -0.02249991 -0.0704624 -0.02108603 0.01338607 -0.0774362 0.01876467 0.02249991 -0.07070386 0.02026093 0.02249991 -0.06648129 0.03146111 -0.02249991 -0.06610906 -0.03223621 0.01338607 -0.07949358 0.005407989 0.01820266 -0.0768224 0.005226254 0.02249991 -0.07305389 0.008524298 0.02249991 -0.07211786 0.01443403 -0.02249991 -0.06000465 -0.0425328 0.01820266 -0.07660061 -0.007831871 0.01338607 -0.0792641 -0.008104205 0.02249991 -0.07346898 -0.003437817 0.02249991 -0.07350397 0.002548635 -0.02249991 -0.05231088 -0.05170261 0.002755284 -0.0794093 -0.02212291 0.008187532 -0.07368969 -0.03482866 0.02249991 -0.07193839 -0.01530879 0.02249991 -0.0729447 -0.009403824 -0.02249991 -0.04323148 -0.05950313 0.002755284 -0.07452827 -0.03522509 0.008187532 -0.06674367 -0.04678136 0.02249991 -0.0685026 -0.02677422 0.02249991 -0.07045465 -0.02110701 -0.02249991 -0.0330125 -0.06572437 0.002755284 -0.06750315 -0.04731369 0.02249991 -0.0632528 -0.03753036 0.02249991 -0.06610035 -0.03225141 -0.02249991 -0.0219199 -0.0702067 0.002755284 -0.05853617 -0.05804127 0.02249991 -0.05632799 -0.04729235 0.02249991 -0.0599969 -0.04254209 -0.02249991 -0.01024687 -0.07283151 0.002755284 -0.04788511 -0.06709897 0.01820266 -0.0334931 -0.06933397 0.02249991 -0.03822726 -0.0628336 0.02249991 -0.04791188 -0.0558018 0.02249991 -0.05230599 -0.05170679 -0.02249991 0.00169754 -0.07352888 0.002755284 -0.0358566 -0.07422649 0.01820266 -0.02129381 -0.07399696 0.02249991 -0.02753067 -0.06820136 0.02249991 -0.04323148 -0.05950313 -0.02249991 0.01359748 -0.07228046 0.002755284 -0.02279645 -0.07921856 0.02249991 -0.01610535 -0.07176327 0.008187532 -0.008978366 -0.08100986 0.02249991 -0.0330072 -0.06572771 -0.02249991 0.01943343 -0.07093548 0.002755284 -0.009080529 -0.08193176 0.01338607 -0.008776903 -0.07919245 0.008187532 0.004841387 -0.081362 0.02249991 -0.02190858 -0.07021117 -0.02249991 0.0306819 -0.06684416 0.002755284 0.004896581 -0.0822879 0.01338607 0.004732847 -0.07953667 0.02249991 0.001719892 -0.07352966 0.02249991 -0.01022958 -0.07283496 -0.02249991 0.0504651 -0.05350536 0.01338607 0.01810652 -0.07759279 0.01820266 0.01749807 -0.07498538 -0.02249991 0.05847579 -0.04461109 0.01338607 0.0309593 -0.07341659 0.01820266 0.0299189 -0.07094955 0.02249991 0.0251671 -0.06910979 0.02249991 0.0194689 -0.07092446 -0.02249991 0.06493771 -0.03453522 0.01820266 0.04147917 -0.06487268 0.01338607 0.04292148 -0.06712836 0.02249991 0.03604358 -0.0641123 0.02249991 0.03071236 -0.06682866 -0.02249991 0.06967955 -0.0235446 0.002755284 0.05550456 -0.06094676 0.008187532 0.0642749 -0.0501194 0.02249991 0.04596525 -0.05741679 0.02249991 0.04114258 -0.06096398 -0.02249991 0.07257586 -0.01193022 0.002755284 0.06500625 -0.05068969 0.02249991 0.05466943 -0.04920095 0.02249991 0.0504837 -0.05348592 -0.02249991 0.07354998 0 0.002755284 0.07263779 -0.03897446 0.02249991 0.06192559 -0.0396822 0.02249991 0.05848819 -0.04459249 -0.02249991 0.07256376 0.01200413 0.002755284 0.07817965 -0.026138 0.01820266 0.07610237 -0.0117225 0.02249991 0.07136917 -0.01777255 0.02249991 0.06754177 -0.02911275 0.02249991 0.06494486 -0.03451937 -0.02249991 0.06963515 0.0236724 0.002755284 0.08147257 -0.01254963 0.01820266 0.07698875 0.001307427 0.02249991 0.07330286 -0.006006062 0.02249991 0.06968259 -0.0235328 -0.02249991 0.06484049 0.03471446 0.002755284 0.0824216 0.001399755 0.01820266 0.0756604 0.0142998 0.02249991 0.0732997 0.00604403 0.02249991 0.07257586 -0.01193022 -0.02249991 0.0583086 0.04482698 0.002755284 0.08099937 0.01530891 0.01820266 0.07215535 0.02688086 0.02249991 0.07133066 0.01792407 0.02249991 0.07354998 0 -0.02249991 0.05444455 0.04944986 0.002755284 0.07724708 0.02877759 0.02249991 0.0674498 0.02932316 0.008187532 0.07047057 0.04095256 0.02249991 0.07256376 0.01200413 -0.02249991 0.04564428 0.05767256 0.002755284 0.07127249 0.04141855 0.01338607 0.06888955 0.04003369 0.02249991 0.06963145 0.0236864 -0.02249991 0.02464008 0.06929957 0.01338607 0.06113278 0.05110037 0.02249991 0.05829358 0.04484879 0.02249991 0.06483179 0.03473347 -0.02249991 0.01299929 0.07239198 -0.01338607 0.05161756 0.06069678 0.01820266 0.02749246 0.07192456 0.01338607 0.05161756 0.06069678 0.01820266 0.049883 0.0586571 0.02249991 0.05019211 0.05376136 0.02249991 0.05441737 0.04947787 -0.008187532 0.04154938 0.07012027 -0.002755284 0.04202222 0.07091826 -0.01338607 0.04061722 0.06854718 0.01338607 0.04061722 0.06854718 0.01820266 0.0392524 0.06624376 0.02249991 0.04074496 0.06123203 0.02249991 0.04561555 0.05769336 -0.008187532 0.02910137 0.0761336 -0.002755284 0.02943259 0.07699996 -0.01338607 0.02844846 0.07442557 0.02249991 0.03020519 0.0670607 0.02249991 0.03559178 0.0643627 -0.01338607 0.0154612 0.07816278 0.002755284 0.01599603 0.08086645 0.02249991 0.01885592 0.07109099 0.02249991 0.02461469 0.06930708 -0.008187532 0.00207591 0.08147948 -0.01338607 0.00202924 0.07965147 -0.002755284 -0.01185745 0.08157616 0.002755284 -0.01185745 0.08157616 0.002755284 0.002099514 0.08240669 0.02249991 0.01297855 0.07239437 -0.02249991 -0.01100665 0.07272166 0.008187532 -0.01172393 0.08065825 0.02249991 9.95295e-4 0.07354217 -0.02199995 -0.06930285 0.005840837 -0.02249991 -0.06954997 0 -0.02199995 -0.06954997 0 -0.02199995 -0.06568199 0.02286976 -0.02249991 -0.06735819 0.01731669 -0.02199995 -0.06736886 0.01727575 -0.02199995 -0.06857585 0.01159948 -0.02249991 -0.06857585 0.01159948 -0.02249991 -0.06930285 0.005840837 -0.02249991 -0.06094592 0.03350788 -0.02199995 -0.06094861 0.03350198 -0.02199995 -0.05793988 0.0384708 -0.02249991 -0.06568086 0.02287399 -0.02199995 -0.06354439 0.02826917 -0.02249991 -0.06352698 0.02830767 -0.02199995 -0.0507127 0.04759472 -0.02199995 -0.0465424 0.05168056 -0.02249991 -0.05068373 0.047625 -0.02199995 -0.0545088 0.04319608 -0.02249991 -0.05450391 0.04320317 -0.02249991 -0.0579164 0.03850555 -0.02199995 -0.03223896 0.06162554 -0.02249991 -0.03726279 0.05872529 -0.02199995 -0.03727293 0.0587179 -0.02249991 -0.04203152 0.0554105 -0.02249991 -0.04653519 0.05168819 -0.02199995 -0.04206496 0.05538582 -0.02249991 -0.02147096 0.06615108 -0.02199995 -0.02150988 0.06613916 -0.02199995 -0.01589137 0.06770896 -0.02249991 -0.03220218 0.06164401 -0.02199995 -0.02695959 0.06411105 -0.02249991 -0.0269469 0.06411761 -0.02199995 -0.00437808 0.0694108 -0.02199995 0.00143826 0.0695343 -0.02249991 -0.004360318 0.06941306 -0.02199995 -0.01017832 0.06880027 -0.02249991 -0.01013839 0.06880539 -0.02249991 -0.01587599 0.06771367 -0.02199995 0.01869028 0.06699007 -0.02249991 0.01305294 0.0683124 -0.02199995 0.01301479 0.06832057 -0.02249991 0.00727725 0.06916809 -0.02249991 0.001477897 0.06953257 -0.02199995 0.00725764 0.06916886 -0.02249991 0.02962088 0.06292676 -0.02199995 0.0295996 0.06293529 -0.02199995 0.03475999 0.06023979 -0.02249991 0.01871109 0.0669856 -0.02199995 0.02422666 0.06519329 -0.02249991 0.0242623 0.06517887 -0.02199995 0.0443198 0.05359899 -0.02199995 0.04864937 0.04970127 -0.02249991 0.04434758 0.05357468 -0.02199995 0.03968006 0.05711799 -0.02249991 0.03970068 0.0571053 -0.02249991 0.03479218 0.06022006 -0.02199995 0.05948209 0.03604143 -0.02249991 0.05627328 0.0408715 -0.02199995 0.05625617 0.0408926 -0.02249991 0.05266088 0.04542875 -0.02249991 0.04866868 0.04968422 -0.02199995 0.05263829 0.04545682 -0.02249991 0.06467145 0.02558416 -0.02199995 0.06466007 0.0256164 -0.02199995 0.06657481 0.02011835 -0.02249991 0.05949938 0.0360108 -0.02199995 0.06228762 0.0309388 -0.02249991 0.06230151 0.03091382 -0.02199995 0.06899756 0.008734643 -0.02199995 0.06948798 0.002925813 -0.02249991 0.0690028 0.008704125 -0.02199995 0.06802678 0.01447379 -0.02249991 0.06803238 0.01444119 -0.02249991 0.06658476 0.0200904 -0.02199995 0.06803238 -0.01444119 -0.02249991 0.06899756 -0.008734643 -0.02199995 0.0690028 -0.008704125 -0.02249991 0.06948798 -0.002925813 -0.02249991 0.06948798 0.002893686 -0.02199995 0.06948798 -0.002893686 -0.02249991 0.06466007 -0.0256164 -0.02199995 0.06467145 -0.02558416 -0.02199995 0.06230151 -0.03091382 -0.02249991 0.06802678 -0.01447379 -0.02199995 0.06658476 -0.0200904 -0.02249991 0.06657481 -0.02011835 -0.02199995 0.05627328 -0.0408715 -0.02199995 0.05266088 -0.04542875 -0.02249991 0.05625617 -0.0408926 -0.02199995 0.05949938 -0.0360108 -0.02249991 0.05948209 -0.03604143 -0.02249991 0.06228762 -0.0309388 -0.02199995 0.03970068 -0.0571053 -0.02249991 0.0443198 -0.05359899 -0.02199995 0.04434758 -0.05357468 -0.02249991 0.04864937 -0.04970127 -0.02249991 0.05263829 -0.04545682 -0.02199995 0.04866868 -0.04968422 -0.02249991 0.0295996 -0.06293529 -0.02199995 0.02962088 -0.06292676 -0.02199995 0.0242623 -0.06517887 -0.02249991 0.03968006 -0.05711799 -0.02199995 0.03479218 -0.06022006 -0.02249991 0.03475999 -0.06023979 -0.02199995 0.01305294 -0.0683124 -0.02199995 0.00727725 -0.06916809 -0.02249991 0.01301479 -0.06832057 -0.02199995 0.01871109 -0.0669856 -0.02249991 0.01869028 -0.06699007 -0.02249991 0.02422666 -0.06519329 -0.02199995 -0.004360318 -0.06941306 -0.02249991 -0.00437808 -0.0694108 -0.02249991 0.00143826 -0.0695343 -0.02249991 0.00725764 -0.06916886 -0.02199995 0.001477897 -0.06953257 -0.02199995 -0.01013839 -0.06880539 -0.02249991 -0.01017832 -0.06880027 -0.02249991 -0.01589137 -0.06770896 -0.02199995 -0.01587599 -0.06771367 -0.02199995 -0.02147096 -0.06615108 -0.02249991 -0.02150988 -0.06613916 -0.02199995 -0.0269469 -0.06411761 -0.02249991 -0.02695959 -0.06411105 -0.02249991 -0.03223896 -0.06162554 -0.02199995 -0.03220218 -0.06164401 -0.02199995 -0.03726279 -0.05872529 -0.02249991 -0.03727293 -0.0587179 -0.02199995 -0.04203152 -0.0554105 -0.02249991 -0.04206496 -0.05538582 -0.02249991 -0.0465424 -0.05168056 -0.02199995 -0.04653519 -0.05168819 -0.02199995 -0.05068373 -0.047625 -0.02249991 -0.0507127 -0.04759472 -0.02199995 -0.05450391 -0.04320317 -0.02249991 -0.0545088 -0.04319608 -0.02249991 -0.05793988 -0.0384708 -0.02199995 -0.0579164 -0.03850555 -0.02199995 -0.06094592 -0.03350788 -0.02249991 -0.06094861 -0.03350198 -0.02199995 -0.06352698 -0.02830767 -0.02249991 -0.06354439 -0.02826917 -0.02249991 -0.06568199 -0.02286976 -0.02199995 -0.06568086 -0.02287399 -0.02199995 -0.06735819 -0.01731669 -0.02249991 -0.06736886 -0.01727575 -0.02199995 -0.06857585 -0.01159948 -0.02249991 -0.06857585 -0.01159948 -0.02249991 -0.06930285 -0.005840837 -0.02199995 -0.06930285 -0.005840837 -0.02249991 0.06498891 0.002781271 -0.02199995 0.06498891 -0.002781271 -0.02199995 0.06498891 0.002810776 -0.02199995 0.06450468 0.008392333 -0.02249991 0.0645098 0.008362233 -0.02199995 0.06354695 0.01390081 -0.02249991 0.06355178 0.01387286 -0.02249991 0.06212407 0.01928818 -0.02199995 0.06211358 0.01931798 -0.02199995 0.06022679 0.02458 -0.02249991 0.06023591 0.02455437 -0.02199995 0.05788636 0.02967238 -0.02249991 0.05790209 0.02964407 -0.02249991 0.05513936 0.03451001 -0.02199995 0.05512672 0.0345326 -0.02199995 0.05194789 0.0391497 -0.02249991 0.05196887 0.03912365 -0.02199995 0.04839718 0.04346466 -0.02249991 0.04841268 0.0434454 -0.02249991 0.04449939 0.0474469 -0.02199995 0.0444737 0.04746949 -0.02199995 0.04023718 0.05111193 -0.02249991 0.04025465 0.05109661 -0.02199995 0.035685 0.05438613 -0.02249991 0.03571486 0.05436784 -0.02249991 0.03090649 0.05723708 -0.02199995 0.03088796 0.05724865 -0.02199995 0.02584135 0.05969506 -0.02249991 0.02587455 0.05968177 -0.02199995 0.02062577 0.06169325 -0.02249991 0.02064466 0.06168568 -0.02249991 0.01526939 0.0632317 -0.02199995 0.01523387 0.06323939 -0.02199995 0.009754002 0.06431436 -0.02249991 0.00977236 0.06431049 -0.02199995 0.00417608 0.06491416 -0.02249991 0.004213035 0.06491255 -0.02249991 -0.001388907 0.06503397 -0.02199995 -0.001405954 0.06503468 -0.02199995 -0.007004976 0.06467008 -0.02249991 -0.006967723 0.06467485 -0.02199995 -0.0125246 0.06383275 -0.02249991 -0.0125091 0.06383478 -0.02249991 -0.01794278 0.06252551 -0.02199995 -0.0179792 0.06251436 -0.02199995 -0.02327299 0.06074422 -0.02249991 -0.02325969 0.06074821 -0.02199995 -0.0284217 0.05851066 -0.02249991 -0.02838742 0.05852788 -0.02249991 -0.03332275 0.0558657 -0.02199995 -0.03333348 0.05586028 -0.02199995 -0.03802412 0.0527774 -0.02249991 -0.03799307 0.05280053 -0.02199995 -0.0424087 0.04932528 -0.02249991 -0.04240053 0.0493313 -0.02249991 -0.04647552 0.04551231 -0.02199995 -0.04650259 0.04548418 -0.02199995 -0.05023056 0.0413326 -0.02249991 -0.0502249 0.04133856 -0.02199995 -0.05360645 0.03684633 -0.02249991 -0.05358439 0.036879 -0.02249991 -0.05656427 0.03212332 -0.02199995 -0.05656778 0.0321182 -0.02199995 -0.05912578 0.02711939 -0.02249991 -0.05910938 0.02715539 -0.02199995 -0.06123316 0.02195441 -0.02249991 -0.06123137 0.02195835 -0.02249991 -0.06288731 0.01662921 -0.02199995 -0.06289726 0.01659095 -0.02199995 -0.0640887 0.01114183 -0.02249991 -0.06408816 0.01114398 -0.02199995 -0.06480628 0.005611479 -0.02249991 -0.06480628 0.005611479 -0.02249991 -0.06505 0 -0.02199995 -0.06505 0 -0.02249991 0.06498891 -0.002810776 -0.02199995 0.0645098 -0.008362233 -0.02249991 0.06450468 -0.008392333 -0.02249991 0.06354695 -0.01390081 -0.02199995 0.06355178 -0.01387286 -0.02249991 0.06211358 -0.01931798 -0.02199995 0.06212407 -0.01928818 -0.02199995 0.06023591 -0.02455437 -0.02249991 0.06022679 -0.02458 -0.02249991 0.05788636 -0.02967238 -0.02199995 0.05790209 -0.02964407 -0.02249991 0.05512672 -0.0345326 -0.02199995 0.05513936 -0.03451001 -0.02199995 0.05196887 -0.03912365 -0.02249991 0.05194789 -0.0391497 -0.02249991 0.04839718 -0.04346466 -0.02199995 0.04841268 -0.0434454 -0.02249991 0.0444737 -0.04746949 -0.02199995 0.04449939 -0.0474469 -0.02199995 0.04025465 -0.05109661 -0.02249991 0.04023718 -0.05111193 -0.02249991 0.035685 -0.05438613 -0.02199995 0.03571486 -0.05436784 -0.02249991 0.03088796 -0.05724865 -0.02199995 0.03090649 -0.05723708 -0.02199995 0.02587455 -0.05968177 -0.02249991 0.02584135 -0.05969506 -0.02249991 0.02062577 -0.06169325 -0.02199995 0.02064466 -0.06168568 -0.02249991 0.01523387 -0.06323939 -0.02199995 0.01526939 -0.0632317 -0.02199995 0.00977236 -0.06431049 -0.02249991 0.009754002 -0.06431436 -0.02249991 0.00417608 -0.06491416 -0.02199995 0.004213035 -0.06491255 -0.02249991 -0.001405954 -0.06503468 -0.02199995 -0.001388907 -0.06503397 -0.02199995 -0.006967723 -0.06467485 -0.02249991 -0.007004976 -0.06467008 -0.02249991 -0.0125246 -0.06383275 -0.02199995 -0.0125091 -0.06383478 -0.02249991 -0.0179792 -0.06251436 -0.02199995 -0.01794278 -0.06252551 -0.02199995 -0.02325969 -0.06074821 -0.02249991 -0.02327299 -0.06074422 -0.02249991 -0.0284217 -0.05851066 -0.02199995 -0.02838742 -0.05852788 -0.02249991 -0.03333348 -0.05586028 -0.02199995 -0.03332275 -0.0558657 -0.02199995 -0.03799307 -0.05280053 -0.02249991 -0.03802412 -0.0527774 -0.02249991 -0.0424087 -0.04932528 -0.02199995 -0.04240053 -0.0493313 -0.02249991 -0.04650259 -0.04548418 -0.02199995 -0.04647552 -0.04551231 -0.02199995 -0.0502249 -0.04133856 -0.02249991 -0.05023056 -0.0413326 -0.02249991 -0.05360645 -0.03684633 -0.02199995 -0.05358439 -0.036879 -0.02249991 -0.05656778 -0.0321182 -0.02199995 -0.05656427 -0.03212332 -0.02199995 -0.05910938 -0.02715539 -0.02249991 -0.05912578 -0.02711939 -0.02249991 -0.06123316 -0.02195441 -0.02199995 -0.06123137 -0.02195835 -0.02249991 -0.06289726 -0.01659095 -0.02199995 -0.06288731 -0.01662921 -0.02199995 -0.06408816 -0.01114398 -0.02249991 -0.0640887 -0.01114183 -0.02249991 -0.06480628 -0.005611479 -0.02199995 -0.06480628 -0.005611479 -0.07949995 0.007035732 0.003807485 -0.07949995 0.007566452 0.00259757 -0.07725 0.007536709 0.002682805 -0.07949995 0.004375517 0.006697297 -0.07949995 0.005418241 0.00588572 -0.07725 0.005249977 0.006036341 -0.03354996 0.006200492 -0.005054891 -0.03354996 0.005249977 -0.006036341 -0.02899998 0.005418241 -0.00588572 -0.07949995 0.00789088 0.001316726 -0.07725 0.00788331 0.001361191 -0.02899998 -0.007566452 -0.00259757 -0.07949995 -0.007035732 -0.003807485 -0.07949995 -0.007566452 -0.00259757 -0.02899998 -0.00789088 -0.001316726 -0.07725 0.007999956 0 -0.07949995 0.007999956 0 -0.07949995 -0.00789088 -0.001316726 -0.02899998 -0.007999956 0 -0.07725 0.006970286 0.003926098 -0.07725 0.006200492 0.005054891 -0.07949995 0.006313025 0.004913628 -0.02899998 -0.003213465 0.007326126 -0.02899998 -0.004375517 0.006697297 -0.07949995 -0.004375517 0.006697297 -0.07949995 6.60635e-4 0.007972657 -0.02899998 6.60635e-4 0.007972657 -0.07949995 -6.60635e-4 0.007972657 -0.07949995 -0.007999956 0 -0.07949995 -0.007035732 0.003807485 -0.02899998 -0.007035732 0.003807485 -0.07949995 -0.007566452 0.00259757 -0.02899998 -0.007035732 -0.003807485 -0.02899998 -0.006313025 -0.004913628 -0.07949995 -0.006313025 -0.004913628 -0.02899998 -0.005418241 -0.00588572 -0.07949995 -0.005418241 -0.00588572 -0.07949995 -0.004375517 -0.006697297 -0.02899998 -0.004375517 -0.006697297 -0.02899998 -0.003213465 -0.007326126 -0.07949995 -0.003213465 -0.007326126 -0.07949995 -0.001963794 -0.00775516 -0.02899998 -6.60635e-4 -0.007972657 -0.02899998 6.60635e-4 -0.007972657 -0.07949995 6.60635e-4 -0.007972657 -0.02899998 -0.001963794 -0.00775516 -0.07949995 -6.60635e-4 -0.007972657 -0.02899998 0.004375517 -0.006697297 -0.07949995 0.003213465 -0.007326126 -0.07949995 0.001963794 -0.00775516 -0.02899998 0.001963794 -0.00775516 -0.07949995 0.004375517 -0.006697297 -0.02899998 0.003213465 -0.007326126 -0.07725 0.005249977 -0.006036341 -0.07725 0.006200492 -0.005054891 -0.07949995 0.005418241 -0.00588572 -0.07949995 0.006313025 -0.004913628 -0.07725 0.006970286 -0.003926098 -0.07725 0.007536709 -0.002682805 -0.07949995 0.007035732 -0.003807485 -0.07725 0.00788331 -0.001361191 -0.07949995 0.007566452 -0.00259757 -0.07949995 0.00789088 -0.001316726 -0.02899998 0.006313025 -0.004913628 -0.03354996 0.006970286 -0.003926098 -0.03354996 0.00788331 -0.001361191 -0.03354996 0.007536709 -0.002682805 -0.02899998 0.007566452 -0.00259757 -0.02899998 0.007035732 -0.003807485 -0.02899998 0.00789088 -0.001316726 -0.03354996 0.007999956 0 -0.02899998 0.007999956 0 -0.07949995 -0.00789088 0.001316726 -0.02899998 -0.00789088 0.001316726 -0.02899998 -0.007566452 0.00259757 -0.02899998 -0.006313025 0.004913628 -0.07949995 -0.006313025 0.004913628 -0.02899998 -0.005418241 0.00588572 -0.07949995 -0.005418241 0.00588572 -0.07949995 -0.003213465 0.007326126 -0.07949995 -0.001963794 0.00775516 -0.02899998 -0.001963794 0.00775516 -0.02899998 -6.60635e-4 0.007972657 -0.02899998 0.001963794 0.00775516 -0.07949995 0.001963794 0.00775516 -0.07949995 0.003213465 0.007326126 -0.02899998 0.003213465 0.007326126 -0.02899998 0.004375517 0.006697297 -0.03354996 0.005249977 0.006036341 -0.02899998 0.005418241 0.00588572 -0.03354996 0.006200492 0.005054891 -0.03354996 0.006970286 0.003926098 -0.02899998 0.006313025 0.004913628 -0.03354996 0.007536709 0.002682805 -0.02899998 0.007035732 0.003807485 -0.02899998 0.007566452 0.00259757 -0.03354996 0.00788331 0.001361191 -0.02899998 0.00789088 0.001316726 -0.02899998 -0.01494598 -0.001272082 -0.02249991 -0.02196079 -0.004895687 -0.02899998 -0.01451593 -0.00377959 -0.02249991 -0.02243983 -0.001643598 -0.02899998 -0.01494598 0.001272082 -0.02249991 -0.02243983 0.001640081 -0.02249991 -0.02196228 0.004886746 -0.02899998 -0.01451593 0.00377959 -0.02249991 -0.02101725 0.00803107 -0.02249991 -0.01962405 0.01100564 -0.02899998 -0.01366829 0.006178498 -0.02899998 -0.0124275 0.008399605 -0.02249991 -0.01781195 0.0137465 -0.02899998 -0.01082921 0.01037901 -0.02249991 -0.01561939 0.01619488 -0.02249991 -0.01309317 0.01829797 -0.02899998 -0.008919477 0.01205992 -0.02899998 -0.006753027 0.01339381 -0.02249991 -0.01028925 0.02000921 -0.02899998 -0.004392266 0.01434242 -0.02249991 -0.007269263 0.0212928 -0.02899998 -0.001905202 0.01487845 -0.02249991 -0.004093289 0.02212387 -0.02249991 -8.28708e-4 0.0224843 -0.02899998 6.36618e-4 0.01498639 -0.02899998 0.003160119 0.01466321 -0.02249991 0.002454698 0.02236539 -0.02899998 0.005592823 0.01391828 -0.02249991 0.0056867 0.0217694 -0.02249991 0.008797883 0.02070856 -0.02899998 0.007864594 0.01277279 -0.02249991 0.01172029 0.01920616 -0.02249991 0.01438874 0.01729702 -0.02899998 0.009910106 0.01126009 -0.02249991 0.0167526 0.01501911 -0.02249991 0.01876068 0.01242029 -0.02899998 0.01167047 0.009423255 -0.02899998 0.0130952 0.007315397 -0.02249991 0.02036952 0.009555816 -0.02899998 0.0141431 0.004997014 -0.02249991 0.02154439 0.006486654 -0.02249991 0.02225977 0.003278434 -0.02899998 0.01478409 0.002534925 -0.02899998 0.01499992 0 -0.02249991 0.02249991 0 -0.02249991 -0.02101308 -0.008042812 -0.02899998 -0.01366829 -0.006178498 -0.02899998 -0.0124275 -0.008399605 -0.02249991 -0.01961731 -0.01101756 -0.02249991 -0.0178039 -0.01375657 -0.02899998 -0.01082921 -0.01037901 -0.02249991 -0.015612 -0.01620131 -0.02899998 -0.008919477 -0.01205992 -0.02899998 -0.006753027 -0.01339381 -0.02249991 -0.01308912 -0.01830035 -0.02249991 -0.0102871 -0.02001059 -0.02249991 -0.007261574 -0.0212959 -0.02249991 -0.004081428 -0.02212649 -0.02899998 -0.004392266 -0.01434242 -0.02899998 -0.001905202 -0.01487845 -0.02249991 -8.15064e-4 -0.02248471 -0.02249991 0.002467751 -0.02236366 -0.02899998 6.36618e-4 -0.01498639 -0.02249991 0.005696654 -0.0217663 -0.02899998 0.003160119 -0.01466321 -0.02899998 0.005592823 -0.01391828 -0.02249991 0.00880289 -0.02070593 -0.02249991 0.01172149 -0.01920557 -0.02899998 0.007864594 -0.01277279 -0.02899998 0.009910106 -0.01126009 -0.02249991 0.01439476 -0.01729261 -0.02249991 0.01676052 -0.01501077 -0.02899998 0.01167047 -0.009423255 -0.02249991 0.01876819 -0.01240909 -0.02899998 0.0130952 -0.007315397 -0.02899998 0.0141431 -0.004997014 -0.02249991 0.02037507 -0.009543657 -0.02249991 0.02154719 -0.006475985 -0.02899998 0.01478409 -0.002534925 -0.02249991 0.02225977 -0.003278434 -0.02249991 0.0631119 3.07421e-4 -0.0205 0.0631119 -3.07421e-4 -0.0205 0.0631119 3.07421e-4 -0.0205 0.06300801 9.13421e-4 -0.02249991 0.06300801 9.13421e-4 -0.0205 0.0628032 0.001493096 -0.02249991 0.0628032 0.001493096 -0.02249991 0.06250339 0.002029836 -0.0205 0.06250339 0.002029836 -0.0205 0.06211704 0.002508223 -0.02249991 0.06211704 0.002508223 -0.0205 0.06165546 0.002914488 -0.02249991 0.06165546 0.002914488 -0.02249991 0.06113195 0.00323683 -0.0205 0.06113195 0.00323683 -0.0205 0.06056141 0.00346601 -0.02249991 0.06056141 0.00346601 -0.0205 0.0599603 0.00359553 -0.02249991 0.0599603 0.00359553 -0.02249991 0.05934613 0.003621697 -0.0205 0.05934613 0.003621697 -0.0205 0.05873626 0.003543615 -0.02249991 0.05873626 0.003543615 -0.0205 0.05814838 0.00336349 -0.02249991 0.05814838 0.00336349 -0.02249991 0.0575993 0.003086686 -0.0205 0.0575993 0.003086686 -0.0205 0.05710506 0.00272119 -0.02249991 0.05710506 0.00272119 -0.0205 0.05667948 0.002277255 -0.02249991 0.05667948 0.002277255 -0.02249991 0.05633527 0.001767814 -0.0205 0.05633527 0.001767814 -0.0205 0.05608201 0.00120759 -0.02249991 0.05608201 0.00120759 -0.0205 0.05592703 6.12628e-4 -0.02249991 0.05592703 6.12628e-4 -0.02249991 0.055875 0 -0.0205 0.055875 0 -0.02249991 0.0631119 -3.07421e-4 -0.0205 0.06300801 -9.13421e-4 -0.02249991 0.06300801 -9.13421e-4 -0.02249991 0.0628032 -0.001493096 -0.0205 0.0628032 -0.001493096 -0.02249991 0.06250339 -0.002029836 -0.0205 0.06250339 -0.002029836 -0.0205 0.06211704 -0.002508223 -0.02249991 0.06211704 -0.002508223 -0.02249991 0.06165546 -0.002914488 -0.0205 0.06165546 -0.002914488 -0.02249991 0.06113195 -0.00323683 -0.0205 0.06113195 -0.00323683 -0.0205 0.06056141 -0.00346601 -0.02249991 0.06056141 -0.00346601 -0.02249991 0.0599603 -0.00359553 -0.0205 0.0599603 -0.00359553 -0.02249991 0.05934613 -0.003621697 -0.0205 0.05934613 -0.003621697 -0.0205 0.05873626 -0.003543615 -0.02249991 0.05873626 -0.003543615 -0.02249991 0.05814838 -0.00336349 -0.0205 0.05814838 -0.00336349 -0.02249991 0.0575993 -0.003086686 -0.0205 0.0575993 -0.003086686 -0.0205 0.05710506 -0.00272119 -0.02249991 0.05710506 -0.00272119 -0.02249991 0.05667948 -0.002277255 -0.0205 0.05667948 -0.002277255 -0.02249991 0.05633527 -0.001767814 -0.0205 0.05633527 -0.001767814 -0.0205 0.05608201 -0.00120759 -0.02249991 0.05608201 -0.00120759 -0.02249991 0.05592703 -6.12628e-4 -0.0205 0.05592703 -6.12628e-4 -0.0205 0.05568069 6.54878e-4 -0.02249991 0.05562496 0 -0.0205 0.05562496 0 -0.0205 0.05648499 0.002434313 -0.02249991 0.05611699 0.001889765 -0.0205 0.05611699 0.001889765 -0.0205 0.05584639 0.001290917 -0.02249991 0.05584639 0.001290917 -0.02249991 0.05568069 6.54878e-4 -0.02249991 0.05746829 0.003299593 -0.0205 0.05746829 0.003299593 -0.0205 0.05805516 0.003595471 -0.02249991 0.05648499 0.002434313 -0.0205 0.05693984 0.002908766 -0.02249991 0.05693984 0.002908766 -0.0205 0.05933547 0.0038715 -0.0205 0.05999219 0.003843545 -0.02249991 0.05933547 0.0038715 -0.0205 0.05868357 0.003787994 -0.02249991 0.05868357 0.003787994 -0.02249991 0.05805516 0.003595471 -0.0205 0.06180411 0.003115475 -0.02249991 0.06124442 0.00345999 -0.0205 0.06124442 0.00345999 -0.02249991 0.06063467 0.003705084 -0.02249991 0.05999219 0.003843545 -0.0205 0.06063467 0.003705084 -0.02249991 0.06271046 0.002169847 -0.0205 0.06271046 0.002169847 -0.0205 0.06303095 0.001596093 -0.02249991 0.06180411 0.003115475 -0.0205 0.06229758 0.002681255 -0.02249991 0.06229758 0.002681255 -0.0205 0.06336098 3.28623e-4 -0.0205 0.06336098 -3.28623e-4 -0.02249991 0.06336098 3.28623e-4 -0.0205 0.06325 9.76415e-4 -0.02249991 0.06325 9.76415e-4 -0.02249991 0.06303095 0.001596093 -0.0205 0.06271046 -0.002169847 -0.02249991 0.06303095 -0.001596093 -0.0205 0.06303095 -0.001596093 -0.02249991 0.06325 -9.76415e-4 -0.02249991 0.06336098 -3.28623e-4 -0.0205 0.06325 -9.76415e-4 -0.02249991 0.06180411 -0.003115475 -0.0205 0.06180411 -0.003115475 -0.0205 0.06124442 -0.00345999 -0.02249991 0.06271046 -0.002169847 -0.0205 0.06229758 -0.002681255 -0.02249991 0.06229758 -0.002681255 -0.0205 0.05999219 -0.003843545 -0.0205 0.05933547 -0.0038715 -0.02249991 0.05999219 -0.003843545 -0.0205 0.06063467 -0.003705084 -0.02249991 0.06063467 -0.003705084 -0.02249991 0.06124442 -0.00345999 -0.02249991 0.05933547 -0.0038715 -0.0205 0.05868357 -0.003787994 -0.02249991 0.05868357 -0.003787994 -0.02249991 0.05805516 -0.003595471 -0.0205 0.05805516 -0.003595471 -0.0205 0.05746829 -0.003299593 -0.02249991 0.05746829 -0.003299593 -0.0205 0.05693984 -0.002908766 -0.02249991 0.05693984 -0.002908766 -0.02249991 0.05648499 -0.002434313 -0.0205 0.05648499 -0.002434313 -0.0205 0.05611699 -0.001889765 -0.02249991 0.05611699 -0.001889765 -0.0205 0.05584639 -0.001290917 -0.02249991 0.05584639 -0.001290917 -0.02249991 0.05568069 -6.54878e-4 -0.0205 0.05568069 -6.54878e-4 -0.02249991 0.03303092 0.05306965 -0.0205 0.03275322 0.05355829 -0.02249991 0.03272527 0.05359929 -0.0205 0.02784937 0.04844158 -0.02249991 0.02741938 0.04875195 -0.0205 0.02735507 0.04880726 -0.0205 0.03236705 0.05403673 -0.02249991 0.0323348 0.05406993 -0.02249991 0.03187078 0.05446839 -0.0205 0.03190547 0.054443 -0.0205 0.03138196 0.0547654 -0.02249991 0.03134638 0.0547831 -0.0205 0.03081142 0.05499458 -0.02249991 0.03077656 0.05500507 -0.02249991 0.03017759 0.05512809 -0.0205 0.03021037 0.0551241 -0.0205 0.02959609 0.05515015 -0.02249991 0.02956628 0.05514883 -0.0205 0.02898627 0.055072 -0.02249991 0.0289604 0.0550664 -0.02249991 0.02837681 0.05488336 -0.0205 0.02839839 0.05489206 -0.0205 0.02784937 0.05461519 -0.02249991 0.02783238 0.0546047 -0.0205 0.02735507 0.0542497 -0.02249991 0.02734261 0.05423861 -0.02249991 0.02692127 0.05379539 -0.0205 0.02692949 0.0538057 -0.0205 0.02658528 0.05329632 -0.02249991 0.02658045 0.05328768 -0.0205 0.02633208 0.0527361 -0.02249991 0.02632987 0.0527299 -0.02249991 0.02617657 0.05213785 -0.0205 0.02617698 0.05214107 -0.0205 0.02612495 0.05152845 -0.02249991 0.02612495 0.05152845 -0.0205 0.0330531 0.0530216 -0.02249991 0.03324329 0.05249625 -0.0205 0.03325796 0.05244189 -0.02249991 0.0333563 0.0518952 -0.0205 0.03336185 0.05183589 -0.0205 0.03336185 0.05122107 -0.02249991 0.03336668 0.05128371 -0.02249991 0.03327405 0.0506792 -0.0205 0.03325796 0.05061507 -0.02249991 0.03308117 0.05009889 -0.0205 0.0330531 0.05003529 -0.0205 0.03275322 0.04949849 -0.02249991 0.03279346 0.04955929 -0.02249991 0.0324192 0.04907566 -0.0205 0.03236705 0.04902017 -0.02249991 0.03196889 0.04866188 -0.0205 0.03190547 0.0486139 -0.0205 0.03138196 0.04829168 -0.02249991 0.03145533 0.04832965 -0.02249991 0.0308935 0.04808855 -0.0205 0.03081142 0.04806238 -0.02249991 0.03029882 0.04794526 -0.0205 0.03021037 0.04793286 -0.0205 0.02959609 0.04790669 -0.02249991 0.02968877 0.04790395 -0.02249991 0.02908039 0.04796588 -0.0205 0.02898627 0.04798483 -0.02249991 0.02849096 0.0481292 -0.0205 0.02839839 0.0481649 -0.02249991 0.02793747 0.04838913 -0.02249991 0.02661025 0.04971665 -0.0205 0.02692949 0.04925113 -0.02249991 0.02697265 0.04919898 -0.0205 0.02617698 0.05091583 -0.0205 0.02633208 0.05032086 -0.02249991 0.0261799 0.05089932 -0.02249991 0.0263434 0.05028927 -0.0205 0.02658528 0.04976058 -0.02249991 0.0332573 0.05317592 -0.02249991 0.03293049 0.05374217 -0.0205 0.03296047 0.05369836 -0.0205 0.0277183 0.0482288 -0.0205 0.02718985 0.04861962 -0.02249991 0.02725875 0.0485605 -0.0205 0.03254759 0.0542097 -0.02249991 0.03251308 0.05424529 -0.02249991 0.03201705 0.05467098 -0.0205 0.03205412 0.05464392 -0.02249991 0.03145647 0.05500739 -0.0205 0.03149443 0.05498856 -0.0205 0.03088468 0.05523359 -0.02249991 0.03084737 0.05524486 -0.02249991 0.03020703 0.05537647 -0.0205 0.0302422 0.05537199 -0.02249991 0.02955365 0.05539846 -0.0205 0.02958548 0.05539995 -0.0205 0.02893358 0.05531638 -0.02249991 0.02890592 0.05531042 -0.02249991 0.02828216 0.0551148 -0.0205 0.02830517 0.0551241 -0.02249991 0.0277003 0.05481696 -0.0205 0.0277183 0.0548281 -0.0205 0.02718985 0.05443733 -0.02249991 0.02717649 0.05442559 -0.02249991 0.02672618 0.05395174 -0.0205 0.026735 0.05396282 -0.02249991 0.02636188 0.05340903 -0.0205 0.026367 0.05341821 -0.0205 0.02609628 0.05281937 -0.02249991 0.0260939 0.05281275 -0.02249991 0.0259301 0.05217987 -0.0205 0.0259307 0.05218333 -0.02249991 0.02587497 0.05152845 -0.0205 0.02587497 0.05152845 -0.0205 0.0332809 0.05312448 -0.0205 0.03349989 0.05250483 -0.02249991 0.03348433 0.05256295 -0.02249991 0.03360503 0.05192047 -0.0205 0.03361093 0.05185705 -0.0205 0.03361093 0.05119985 -0.02249991 0.03361618 0.05126678 -0.0205 0.03349989 0.05055207 -0.02249991 0.03351718 0.05062067 -0.02249991 0.03331089 0.0500003 -0.0205 0.0332809 0.04993236 -0.0205 0.03296047 0.04935848 -0.02249991 0.03300333 0.04942339 -0.0205 0.03254759 0.04884713 -0.02249991 0.03260326 0.04890656 -0.02249991 0.03212183 0.04846423 -0.0205 0.03205412 0.04841291 -0.0205 0.03149443 0.0480684 -0.02249991 0.03157299 0.04810905 -0.0205 0.03088468 0.0478233 -0.02249991 0.0309723 0.04785126 -0.02249991 0.03033673 0.04769814 -0.0205 0.0302422 0.04768478 -0.0205 0.02958548 0.04765695 -0.02249991 0.0296846 0.04765409 -0.0205 0.02893358 0.04774039 -0.02249991 0.02903413 0.04772019 -0.02249991 0.02840417 0.04789459 -0.0205 0.02830517 0.04793286 -0.02249991 0.02781248 0.04817265 -0.02249991 0.02639377 0.04959166 -0.02249991 0.02678108 0.04903835 -0.0205 0.026735 0.0490942 -0.0205 0.0259307 0.05087351 -0.02249991 0.0259338 0.05085599 -0.0205 0.02609628 0.05023753 -0.02249991 0.0261085 0.0502038 -0.0205 0.026367 0.04963862 -0.02249991 -0.05920058 0.003612518 -0.0205 -0.05965381 0.003621697 -0.02249991 -0.05979937 0.003612518 -0.0205 -0.05588799 -3.07421e-4 -0.0205 -0.05588799 3.07421e-4 -0.02249991 -0.055875 0 -0.0205 -0.06026369 0.003543615 -0.02249991 -0.06038981 0.003514051 -0.02249991 -0.06095606 0.003319621 -0.0205 -0.06085157 0.00336349 -0.0205 -0.06140059 0.003086686 -0.02249991 -0.0614826 0.003034651 -0.0205 -0.06189489 0.00272119 -0.02249991 -0.06195509 0.00266695 -0.02249991 -0.06236058 0.002226412 -0.0205 -0.06232035 0.002277255 -0.0205 -0.06266468 0.001767814 -0.02249991 -0.06268805 0.001725256 -0.0205 -0.06291788 0.00120759 -0.02249991 -0.06292855 0.001176953 -0.02249991 -0.0630756 5.96655e-4 -0.0205 -0.06307286 6.12628e-4 -0.0205 -0.06312495 0 -0.02249991 -0.06312495 0 -0.0205 -0.05903959 0.00359553 -0.02249991 -0.05861008 0.003514051 -0.0205 -0.05843842 0.00346601 -0.02249991 -0.05804383 0.003319621 -0.0205 -0.057868 0.00323683 -0.0205 -0.05734443 0.002914488 -0.02249991 -0.05751729 0.003034651 -0.02249991 -0.05704486 0.00266695 -0.0205 -0.05688279 0.002508223 -0.02249991 -0.05663937 0.002226412 -0.0205 -0.05649656 0.002029836 -0.0205 -0.05619668 0.001493096 -0.02249991 -0.0563119 0.001725256 -0.02249991 -0.0560714 0.001176953 -0.0205 -0.05599188 9.13421e-4 -0.02249991 -0.05592429 5.96655e-4 -0.0205 -0.05649656 -0.002029836 -0.0205 -0.05619668 -0.001493096 -0.02249991 -0.0563119 -0.001725256 -0.0205 -0.05599188 -9.13421e-4 -0.02249991 -0.05592429 -5.96655e-4 -0.02249991 -0.0560714 -0.001176953 -0.02249991 -0.05751729 -0.003034651 -0.0205 -0.057868 -0.00323683 -0.0205 -0.05734443 -0.002914488 -0.02249991 -0.05663937 -0.002226412 -0.02249991 -0.05704486 -0.00266695 -0.0205 -0.05688279 -0.002508223 -0.0205 -0.05903959 -0.00359553 -0.02249991 -0.05920058 -0.003612518 -0.0205 -0.05965381 -0.003621697 -0.0205 -0.05843842 -0.00346601 -0.02249991 -0.05804383 -0.003319621 -0.02249991 -0.05861008 -0.003514051 -0.0205 -0.06140059 -0.003086686 -0.0205 -0.06085157 -0.00336349 -0.02249991 -0.06095606 -0.003319621 -0.02249991 -0.06038981 -0.003514051 -0.0205 -0.06026369 -0.003543615 -0.02249991 -0.05979937 -0.003612518 -0.02249991 -0.06236058 -0.002226412 -0.0205 -0.06232035 -0.002277255 -0.02249991 -0.06195509 -0.00266695 -0.02249991 -0.0614826 -0.003034651 -0.0205 -0.06189489 -0.00272119 -0.0205 -0.06266468 -0.001767814 -0.02249991 -0.06268805 -0.001725256 -0.02249991 -0.06292855 -0.001176953 -0.0205 -0.06291788 -0.00120759 -0.02249991 -0.0630756 -5.96655e-4 -0.0205 -0.06307286 -6.12628e-4 -0.02249991 -0.05917996 0.003861725 -0.02249991 -0.05981993 0.003861725 -0.0205 -0.05966442 0.0038715 -0.0205 -0.0556389 -3.28623e-4 -0.02249991 -0.05562496 0 -0.0205 -0.0556389 3.28623e-4 -0.0205 -0.06031638 0.003787994 -0.02249991 -0.0604512 0.003756344 -0.02249991 -0.06105655 0.003548502 -0.0205 -0.06094473 0.003595471 -0.02249991 -0.0616194 0.003243923 -0.0205 -0.06153166 0.003299593 -0.0205 -0.06205999 0.002908766 -0.02249991 -0.06212449 0.00285089 -0.02249991 -0.06255787 0.002380013 -0.0205 -0.0625149 0.002434313 -0.02249991 -0.06290799 0.001844227 -0.0205 -0.0628829 0.001889765 -0.0205 -0.06315356 0.001290917 -0.02249991 -0.063165 0.001258194 -0.02249991 -0.06332206 6.37804e-4 -0.0205 -0.06331926 6.54878e-4 -0.02249991 -0.06337499 0 -0.0205 -0.06337499 0 -0.0205 -0.05900776 0.003843545 -0.0205 -0.05836522 0.003705084 -0.02249991 -0.05854862 0.003756344 -0.02249991 -0.0579434 0.003548502 -0.0205 -0.05775547 0.00345999 -0.0205 -0.05719578 0.003115475 -0.02249991 -0.05738049 0.003243923 -0.0205 -0.05670231 0.002681255 -0.02249991 -0.0568754 0.00285089 -0.02249991 -0.05644208 0.002380013 -0.0205 -0.05628949 0.002169847 -0.0205 -0.05596894 0.001596093 -0.02249991 -0.05609196 0.001844227 -0.0205 -0.05574995 9.76415e-4 -0.02249991 -0.05583488 0.001258194 -0.02249991 -0.05567777 6.37804e-4 -0.0205 -0.05628949 -0.002169847 -0.02249991 -0.05609196 -0.001844227 -0.0205 -0.05596894 -0.001596093 -0.0205 -0.05574995 -9.76415e-4 -0.02249991 -0.05583488 -0.001258194 -0.02249991 -0.05567777 -6.37804e-4 -0.02249991 -0.05738049 -0.003243923 -0.0205 -0.05719578 -0.003115475 -0.0205 -0.05775547 -0.00345999 -0.02249991 -0.05644208 -0.002380013 -0.0205 -0.05670231 -0.002681255 -0.02249991 -0.0568754 -0.00285089 -0.0205 -0.05900776 -0.003843545 -0.0205 -0.05966442 -0.0038715 -0.02249991 -0.05917996 -0.003861725 -0.0205 -0.05836522 -0.003705084 -0.02249991 -0.05854862 -0.003756344 -0.02249991 -0.0579434 -0.003548502 -0.0205 -0.06153166 -0.003299593 -0.02249991 -0.06105655 -0.003548502 -0.0205 -0.06094473 -0.003595471 -0.02249991 -0.0604512 -0.003756344 -0.02249991 -0.05981993 -0.003861725 -0.0205 -0.06031638 -0.003787994 -0.02249991 -0.06255787 -0.002380013 -0.02249991 -0.06212449 -0.00285089 -0.0205 -0.0625149 -0.002434313 -0.02249991 -0.0616194 -0.003243923 -0.0205 -0.06205999 -0.002908766 -0.0205 -0.0628829 -0.001889765 -0.02249991 -0.06290799 -0.001844227 -0.0205 -0.06315356 -0.001290917 -0.02249991 -0.063165 -0.001258194 -0.02249991 -0.06332206 -6.37804e-4 -0.0205 -0.06331926 -6.54878e-4 -0.02249991 -0.02820652 0.05480843 -0.0205 -0.02768117 0.0545051 -0.0205 -0.02820652 0.05480843 -0.0205 -0.02846455 0.04813903 -0.0205 -0.02793747 0.04838913 -0.02249991 -0.02793747 0.04838913 -0.0205 -0.02877515 0.05501997 -0.02249991 -0.02877515 0.05501997 -0.0205 -0.02937108 0.0551337 -0.02249991 -0.02937108 0.0551337 -0.02249991 -0.02997756 0.05514633 -0.0205 -0.02997756 0.05514633 -0.0205 -0.03057771 0.0550577 -0.02249991 -0.03057771 0.0550577 -0.0205 -0.03115469 0.05487018 -0.02249991 -0.03115469 0.05487018 -0.02249991 -0.03169232 0.05458915 -0.0205 -0.03169232 0.05458915 -0.0205 -0.0321756 0.0542224 -0.02249991 -0.0321756 0.0542224 -0.0205 -0.0325908 0.05378013 -0.02249991 -0.0325908 0.05378013 -0.02249991 -0.03292649 0.05327481 -0.0205 -0.03292649 0.05327481 -0.0205 -0.03317338 0.0527206 -0.02249991 -0.03317338 0.0527206 -0.0205 -0.03332418 0.05213296 -0.02249991 -0.03332418 0.05213296 -0.02249991 -0.03337496 0.05152845 -0.0205 -0.03337496 0.05152845 -0.02249991 -0.02768117 0.0545051 -0.0205 -0.02721369 0.05411845 -0.02249991 -0.02721369 0.05411845 -0.02249991 -0.02681726 0.0536592 -0.0205 -0.02681726 0.0536592 -0.02249991 -0.0265029 0.05314028 -0.0205 -0.0265029 0.05314028 -0.0205 -0.02627962 0.0525763 -0.02249991 -0.02627962 0.0525763 -0.02249991 -0.02615356 0.05198276 -0.0205 -0.02615356 0.05198276 -0.02249991 -0.02612817 0.0513767 -0.0205 -0.02612817 0.0513767 -0.0205 -0.0262041 0.05077475 -0.02249991 -0.0262041 0.05077475 -0.02249991 -0.02637958 0.05019408 -0.0205 -0.02637958 0.05019408 -0.02249991 -0.02664929 0.0496506 -0.0205 -0.02664929 0.0496506 -0.0205 -0.02700585 0.04915988 -0.02249991 -0.02700585 0.04915988 -0.02249991 -0.02743929 0.04873538 -0.0205 -0.02743929 0.04873538 -0.0205 -0.03018689 0.04792988 -0.0205 -0.02960389 0.04790639 -0.02249991 -0.02960389 0.04790639 -0.0205 -0.02902483 0.04797679 -0.02249991 -0.02846455 0.04813903 -0.02249991 -0.02902483 0.04797679 -0.02249991 -0.031304 0.04825341 -0.0205 -0.03180915 0.04854518 -0.0205 -0.031304 0.04825341 -0.02249991 -0.03018689 0.04792988 -0.02249991 -0.0307585 0.04804652 -0.0205 -0.0307585 0.04804652 -0.0205 -0.0326479 0.04935073 -0.02249991 -0.0326479 0.04935073 -0.0205 -0.03295969 0.04984378 -0.0205 -0.03226107 0.04891419 -0.02249991 -0.03180915 0.04854518 -0.02249991 -0.03226107 0.04891419 -0.02249991 -0.03295969 0.04984378 -0.02249991 -0.0331884 0.05038052 -0.0205 -0.0331884 0.05038052 -0.02249991 -0.03332799 0.05094695 -0.0205 -0.03332799 0.05094695 -0.02249991 -0.02810007 0.05503463 -0.0205 -0.02810007 0.05503463 -0.0205 -0.02753841 0.05471038 -0.0205 -0.02837586 0.0479052 -0.02249991 -0.02781248 0.04817265 -0.0205 -0.02781248 0.04817265 -0.02249991 -0.02870786 0.05526071 -0.0205 -0.02870786 0.05526071 -0.0205 -0.02934497 0.05538225 -0.02249991 -0.02934497 0.05538225 -0.02249991 -0.02999329 0.0553959 -0.0205 -0.02999329 0.0553959 -0.02249991 -0.03063488 0.05530107 -0.0205 -0.03063488 0.05530107 -0.0205 -0.03125149 0.05510061 -0.02249991 -0.03125149 0.05510061 -0.02249991 -0.03182619 0.05480027 -0.0205 -0.03182619 0.05480027 -0.02249991 -0.03234285 0.05440819 -0.0205 -0.03234285 0.05440819 -0.0205 -0.03278672 0.0539354 -0.02249991 -0.03278672 0.0539354 -0.02249991 -0.0331456 0.05339527 -0.0205 -0.0331456 0.05339527 -0.02249991 -0.03340941 0.05280286 -0.0205 -0.03340941 0.05280286 -0.0205 -0.03357058 0.05217462 -0.02249991 -0.03357058 0.05217462 -0.02249991 -0.03362488 0.05152845 -0.0205 -0.03362488 0.05152845 -0.02249991 -0.02753841 0.05471038 -0.0205 -0.02703875 0.05429702 -0.02249991 -0.02703875 0.05429702 -0.0205 -0.02661508 0.05380612 -0.02249991 -0.02661508 0.05380612 -0.02249991 -0.02627909 0.0532515 -0.0205 -0.02627909 0.0532515 -0.0205 -0.02604037 0.05264848 -0.02249991 -0.02604037 0.05264848 -0.0205 -0.02590548 0.05201417 -0.02249991 -0.02590548 0.05201417 -0.02249991 -0.02587831 0.05136615 -0.0205 -0.02587831 0.05136615 -0.0205 -0.02595967 0.05072283 -0.02249991 -0.02595967 0.05072283 -0.0205 -0.026147 0.05010193 -0.02249991 -0.026147 0.05010193 -0.02249991 -0.02643549 0.04952108 -0.0205 -0.02643549 0.04952108 -0.0205 -0.0268166 0.04899638 -0.02249991 -0.0268166 0.04899638 -0.0205 -0.02727997 0.04854273 -0.02249991 -0.02727997 0.04854273 -0.0205 -0.03021705 0.04768168 -0.02249991 -0.029594 0.04765659 -0.0205 -0.029594 0.04765659 -0.0205 -0.02897489 0.04773169 -0.02249991 -0.02897489 0.04773169 -0.02249991 -0.02837586 0.0479052 -0.02249991 -0.03141117 0.04802757 -0.0205 -0.03141117 0.04802757 -0.0205 -0.03195112 0.04833942 -0.02249991 -0.03021705 0.04768168 -0.0205 -0.03082799 0.0478065 -0.02249991 -0.03082799 0.0478065 -0.0205 -0.03284776 0.04920059 -0.0205 -0.03318107 0.04972761 -0.02249991 -0.03284776 0.04920059 -0.0205 -0.03243428 0.04873389 -0.02249991 -0.03243428 0.04873389 -0.02249991 -0.03195112 0.04833942 -0.02249991 -0.03318107 0.04972761 -0.0205 -0.0334255 0.05030137 -0.02249991 -0.0334255 0.05030137 -0.02249991 -0.0335747 0.05090683 -0.0205 -0.0335747 0.05090683 -0.02249991 0.02661103 -0.04971534 -0.0205 0.02658528 -0.04976058 -0.02249991 0.02634388 -0.05028796 -0.0205 0.02839839 -0.0481649 -0.0205 0.02784937 -0.04844158 -0.02249991 0.02793747 -0.04838913 -0.0205 0.02633208 -0.05032086 -0.02249991 0.02618008 -0.05089849 -0.02249991 0.02612495 -0.05152845 -0.0205 0.02617698 -0.05091583 -0.0205 0.02612495 -0.05152845 -0.0205 0.02692949 -0.04925113 -0.02249991 0.02697348 -0.04919797 -0.0205 0.02735507 -0.04880726 -0.02249991 0.0274201 -0.04875135 -0.0205 0.03021037 -0.04793286 -0.0205 0.02959609 -0.04790669 -0.02249991 0.02968877 -0.04790395 -0.0205 0.02898627 -0.04798483 -0.02249991 0.02849096 -0.0481292 -0.02249991 0.02908039 -0.04796588 -0.02249991 0.03145533 -0.04832965 -0.0205 0.03190547 -0.0486139 -0.0205 0.03138196 -0.04829168 -0.02249991 0.03029882 -0.04794526 -0.02249991 0.0308935 -0.04808855 -0.0205 0.03081142 -0.04806238 -0.0205 0.03275322 -0.04949849 -0.02249991 0.03279346 -0.04955929 -0.0205 0.0330531 -0.05003529 -0.0205 0.03236705 -0.04902017 -0.02249991 0.03196889 -0.04866188 -0.02249991 0.0324192 -0.04907566 -0.0205 0.03336185 -0.05183589 -0.0205 0.03336185 -0.05122107 -0.02249991 0.03336668 -0.05128371 -0.02249991 0.03327405 -0.0506792 -0.0205 0.03325796 -0.05061507 -0.02249991 0.03308117 -0.05009889 -0.02249991 0.03303092 -0.05306965 -0.0205 0.03275322 -0.05355829 -0.0205 0.0330531 -0.0530216 -0.02249991 0.0333563 -0.0518952 -0.02249991 0.03324329 -0.05249625 -0.0205 0.03325796 -0.05244189 -0.0205 0.03190547 -0.054443 -0.02249991 0.03187078 -0.05446839 -0.0205 0.03138196 -0.0547654 -0.0205 0.03236705 -0.05403673 -0.02249991 0.03272527 -0.05359929 -0.02249991 0.0323348 -0.05406993 -0.0205 0.02959609 -0.05515015 -0.0205 0.03021037 -0.0551241 -0.02249991 0.03017759 -0.05512809 -0.02249991 0.03077656 -0.05500507 -0.0205 0.03081142 -0.05499458 -0.02249991 0.03134638 -0.0547831 -0.02249991 0.02837681 -0.05488336 -0.0205 0.02839839 -0.05489206 -0.02249991 0.0289604 -0.0550664 -0.02249991 0.02956628 -0.05514883 -0.0205 0.02898627 -0.055072 -0.0205 0.02784937 -0.05461519 -0.02249991 0.02783238 -0.0546047 -0.02249991 0.02734261 -0.05423861 -0.0205 0.02735507 -0.0542497 -0.02249991 0.02692127 -0.05379539 -0.0205 0.02692949 -0.0538057 -0.0205 0.02658528 -0.05329632 -0.02249991 0.02658045 -0.05328768 -0.02249991 0.02632987 -0.0527299 -0.0205 0.02633208 -0.0527361 -0.02249991 0.02617657 -0.05213785 -0.0205 0.02617698 -0.05214107 -0.02249991 0.0263946 -0.04959022 -0.02249991 0.02610898 -0.05020242 -0.0205 0.026367 -0.04963862 -0.0205 0.02830517 -0.04793286 -0.02249991 0.02781248 -0.04817265 -0.0205 0.0277183 -0.0482288 -0.0205 0.02609628 -0.05023753 -0.02249991 0.02593398 -0.0508551 -0.02249991 0.02587497 -0.05152845 -0.0205 0.0259307 -0.05087351 -0.0205 0.02587497 -0.05152845 -0.0205 0.026735 -0.0490942 -0.0205 0.02718985 -0.04861962 -0.02249991 0.02678197 -0.04903709 -0.02249991 0.0272594 -0.0485599 -0.0205 0.0302422 -0.04768478 -0.02249991 0.0296846 -0.04765409 -0.0205 0.02958548 -0.04765695 -0.0205 0.02893358 -0.04774039 -0.02249991 0.02903413 -0.04772019 -0.02249991 0.02840417 -0.04789459 -0.02249991 0.03157299 -0.04810905 -0.0205 0.03149443 -0.0480684 -0.0205 0.03205412 -0.04841291 -0.02249991 0.03033673 -0.04769814 -0.0205 0.03088468 -0.0478233 -0.02249991 0.0309723 -0.04785126 -0.0205 0.03296047 -0.04935848 -0.0205 0.0332809 -0.04993236 -0.02249991 0.03300333 -0.04942339 -0.0205 0.03254759 -0.04884713 -0.02249991 0.03260326 -0.04890656 -0.02249991 0.03212183 -0.04846423 -0.0205 0.03361093 -0.05185705 -0.02249991 0.03361618 -0.05126678 -0.0205 0.03361093 -0.05119985 -0.02249991 0.03351718 -0.05062067 -0.02249991 0.03331089 -0.0500003 -0.0205 0.03349989 -0.05055207 -0.02249991 0.0332573 -0.05317592 -0.0205 0.0332809 -0.05312448 -0.0205 0.03296047 -0.05369836 -0.02249991 0.03360503 -0.05192047 -0.0205 0.03349989 -0.05250483 -0.02249991 0.03348433 -0.05256295 -0.0205 0.03205412 -0.05464392 -0.0205 0.03149443 -0.05498856 -0.02249991 0.03201705 -0.05467098 -0.0205 0.03254759 -0.0542097 -0.02249991 0.03251308 -0.05424529 -0.02249991 0.03293049 -0.05374217 -0.0205 0.02958548 -0.05539995 -0.02249991 0.03020703 -0.05537647 -0.0205 0.0302422 -0.05537199 -0.02249991 0.03084737 -0.05524486 -0.02249991 0.03145647 -0.05500739 -0.0205 0.03088468 -0.05523359 -0.02249991 0.02828216 -0.0551148 -0.02249991 0.02890592 -0.05531042 -0.0205 0.02830517 -0.0551241 -0.02249991 0.02955365 -0.05539846 -0.0205 0.02893358 -0.05531638 -0.0205 0.0277183 -0.0548281 -0.02249991 0.0277003 -0.05481696 -0.0205 0.02718985 -0.05443733 -0.02249991 0.02717649 -0.05442559 -0.02249991 0.02672618 -0.05395174 -0.0205 0.026735 -0.05396282 -0.0205 0.026367 -0.05341821 -0.02249991 0.02636188 -0.05340903 -0.0205 0.02609628 -0.05281937 -0.02249991 0.0260939 -0.05281275 -0.02249991 0.0259301 -0.05217987 -0.0205 0.0259307 -0.05218333 -0.02249991 -0.031304 -0.04825341 -0.0205 -0.0316506 -0.04844158 -0.02249991 -0.03180915 -0.04854518 -0.0205 -0.0275945 -0.0486139 -0.0205 -0.02811795 -0.04829168 -0.02249991 -0.02793747 -0.04838913 -0.0205 -0.0321449 -0.04880726 -0.02249991 -0.03226107 -0.04891419 -0.02249991 -0.0326479 -0.04935073 -0.0205 -0.03257036 -0.04925113 -0.0205 -0.03291463 -0.04976058 -0.02249991 -0.03295969 -0.04984378 -0.0205 -0.03316783 -0.05032086 -0.02249991 -0.0331884 -0.05038052 -0.02249991 -0.03332799 -0.05094695 -0.0205 -0.03332287 -0.05091583 -0.0205 -0.03337496 -0.05152845 -0.02249991 -0.03337496 -0.05152845 -0.0205 -0.03110158 -0.0481649 -0.02249991 -0.0307585 -0.04804652 -0.0205 -0.0305137 -0.04798483 -0.02249991 -0.03018689 -0.04792988 -0.0205 -0.0299037 -0.04790669 -0.0205 -0.0292896 -0.04793286 -0.02249991 -0.02960389 -0.04790639 -0.02249991 -0.02902483 -0.04797679 -0.0205 -0.02868849 -0.04806238 -0.02249991 -0.02846455 -0.04813903 -0.0205 -0.0264467 -0.05003529 -0.0205 -0.02674669 -0.04949849 -0.02249991 -0.02664929 -0.0496506 -0.0205 -0.0271328 -0.04902017 -0.02249991 -0.02743929 -0.04873538 -0.02249991 -0.02700585 -0.04915988 -0.02249991 -0.02612817 -0.0513767 -0.0205 -0.026138 -0.05183589 -0.0205 -0.026138 -0.05122107 -0.02249991 -0.02637958 -0.05019408 -0.02249991 -0.0262041 -0.05077475 -0.0205 -0.02624189 -0.05061507 -0.0205 -0.0264467 -0.0530216 -0.02249991 -0.0265029 -0.05314028 -0.0205 -0.02674669 -0.05355829 -0.0205 -0.02624189 -0.05244189 -0.02249991 -0.02615356 -0.05198276 -0.02249991 -0.02627962 -0.0525763 -0.0205 -0.02811795 -0.0547654 -0.0205 -0.0275945 -0.054443 -0.02249991 -0.02768117 -0.0545051 -0.02249991 -0.02721369 -0.05411845 -0.0205 -0.0271328 -0.05403673 -0.02249991 -0.02681726 -0.0536592 -0.02249991 -0.02937108 -0.0551337 -0.0205 -0.0299037 -0.05515015 -0.0205 -0.0292896 -0.0551241 -0.02249991 -0.02820652 -0.05480843 -0.02249991 -0.02877515 -0.05501997 -0.0205 -0.02868849 -0.05499458 -0.0205 -0.03110158 -0.05489206 -0.02249991 -0.03115469 -0.05487018 -0.0205 -0.0316506 -0.05461519 -0.0205 -0.0305137 -0.055072 -0.02249991 -0.02997756 -0.05514633 -0.02249991 -0.03057771 -0.0550577 -0.02249991 -0.03169232 -0.05458915 -0.02249991 -0.0321756 -0.0542224 -0.0205 -0.0321449 -0.0542497 -0.02249991 -0.0325908 -0.05378013 -0.0205 -0.03257036 -0.0538057 -0.0205 -0.03291463 -0.05329632 -0.02249991 -0.03292649 -0.05327481 -0.02249991 -0.03317338 -0.0527206 -0.0205 -0.03316783 -0.0527361 -0.02249991 -0.03332418 -0.05213296 -0.0205 -0.03332287 -0.05214107 -0.02249991 -0.03141117 -0.04802757 -0.02249991 -0.03195112 -0.04833942 -0.0205 -0.03178167 -0.0482288 -0.0205 -0.02744579 -0.04841291 -0.02249991 -0.02781248 -0.04817265 -0.0205 -0.02800548 -0.0480684 -0.0205 -0.03231 -0.04861962 -0.02249991 -0.03243428 -0.04873389 -0.02249991 -0.03284776 -0.04920059 -0.0205 -0.03276485 -0.0490942 -0.02249991 -0.03318107 -0.04972761 -0.0205 -0.03313285 -0.04963862 -0.0205 -0.03340351 -0.05023753 -0.02249991 -0.0334255 -0.05030137 -0.02249991 -0.0335747 -0.05090683 -0.0205 -0.03356921 -0.05087351 -0.02249991 -0.03362488 -0.05152845 -0.0205 -0.03362488 -0.05152845 -0.0205 -0.0311948 -0.04793286 -0.0205 -0.03056639 -0.04774039 -0.02249991 -0.03082799 -0.0478065 -0.02249991 -0.03021705 -0.04768168 -0.0205 -0.02991443 -0.04765695 -0.0205 -0.02925777 -0.04768478 -0.02249991 -0.029594 -0.04765659 -0.0205 -0.02861529 -0.0478233 -0.02249991 -0.02897489 -0.04773169 -0.02249991 -0.02837586 -0.0479052 -0.0205 -0.02621895 -0.04993236 -0.02249991 -0.02643549 -0.04952108 -0.0205 -0.0265395 -0.04935848 -0.0205 -0.02695238 -0.04884713 -0.02249991 -0.0268166 -0.04899638 -0.02249991 -0.02727997 -0.04854273 -0.02249991 -0.02587831 -0.05136615 -0.0205 -0.02588891 -0.05119985 -0.0205 -0.02588891 -0.05185705 -0.02249991 -0.026147 -0.05010193 -0.0205 -0.02599996 -0.05055207 -0.02249991 -0.02595967 -0.05072283 -0.0205 -0.02621895 -0.05312448 -0.0205 -0.0265395 -0.05369836 -0.02249991 -0.02627909 -0.0532515 -0.0205 -0.02599996 -0.05250483 -0.02249991 -0.02604037 -0.05264848 -0.02249991 -0.02590548 -0.05201417 -0.0205 -0.02800548 -0.05498856 -0.02249991 -0.02753841 -0.05471038 -0.0205 -0.02744579 -0.05464392 -0.02249991 -0.02703875 -0.05429702 -0.02249991 -0.02661508 -0.05380612 -0.0205 -0.02695238 -0.0542097 -0.02249991 -0.02934497 -0.05538225 -0.0205 -0.02925777 -0.05537199 -0.0205 -0.02991443 -0.05539995 -0.02249991 -0.02810007 -0.05503463 -0.0205 -0.02861529 -0.05523359 -0.02249991 -0.02870786 -0.05526071 -0.0205 -0.0311948 -0.0551241 -0.0205 -0.03178167 -0.0548281 -0.02249991 -0.03125149 -0.05510061 -0.0205 -0.03056639 -0.05531638 -0.02249991 -0.03063488 -0.05530107 -0.02249991 -0.02999329 -0.0553959 -0.02249991 -0.03182619 -0.05480027 -0.0205 -0.03231 -0.05443733 -0.02249991 -0.03234285 -0.05440819 -0.02249991 -0.03278672 -0.0539354 -0.0205 -0.03276485 -0.05396282 -0.0205 -0.03313285 -0.05341821 -0.02249991 -0.0331456 -0.05339527 -0.0205 -0.03340351 -0.05281937 -0.02249991 -0.03340941 -0.05280286 -0.02249991 -0.03357058 -0.05217462 -0.0205 -0.03356921 -0.05218333 0.02249991 0.03799808 0.0527836 0.02249991 0.04255068 0.04918789 0.02249991 0.005790174 0.06478089 0.02249991 2.04226e-5 0.06503796 0.02249991 -0.0214582 0.05768662 0.02249991 -0.01717799 0.06272977 0.02249991 -0.02652209 0.0555424 0.02249991 -0.04423421 0.04279839 0.02249991 -0.05057197 0.04089444 0.02249991 -0.05835527 0.01956647 0.02249991 -0.05958354 0.02607446 0.02249991 -0.0632618 0.01509976 0.02249991 0.002526164 -0.0614978 0.02249991 0.008008122 -0.06454324 0.02249991 -0.01610535 -0.07176327 0.02249991 -0.02086979 -0.06688058 0.02249991 -0.06089997 0.008910119 0.02249991 -0.06493657 0.003646552 0.02249991 -0.028364 0.06785917 0.02249991 -0.03217107 0.06223803 0.02249991 0.02877235 0.06387966 0.02249991 0.03390341 0.06130957 0.02249991 -0.0536558 -0.04504936 0.02249991 -0.04982519 -0.04925376 0.02249991 -0.05715113 -0.04052382 0.02249991 -0.0601806 -0.01290357 0.02249991 -0.06455457 -0.007921934 0.02249991 -0.04252082 0.04921245 0.02249991 0.06186407 -0.03288215 0.02249991 0.06433802 -0.02773147 0.02249991 0.04596525 -0.05741679 0.02249991 0.04808896 -0.05094885 0.02249991 0.03604358 -0.0641123 0.02249991 0.02925556 -0.06365859 0.02249991 0.04788178 0.03867352 0.02249991 0.05403035 0.03620266 0.02249991 -0.005786716 0.0647813 0.02249991 -0.03312259 0.05597132 0.02249991 -0.05690169 0.0465998 0.02249991 -0.05291181 0.05108731 0.02249991 -0.07305389 0.008524298 0.02249991 -0.07211786 0.01443403 0.02249991 -0.0621277 -0.01923972 0.02249991 -0.06016719 -0.02469468 0.02249991 0.001719892 -0.07352966 0.02249991 -0.004051804 -0.06994211 0.02249991 0.007709503 -0.073143 0.02249991 -0.07001727 0.002427697 0.02249991 -0.06882268 0.02593779 0.02249991 -0.07070386 0.02026093 0.02249991 0.06151527 -0.002055764 0.02249991 0.06493705 0.003614068 0.02249991 -0.01257485 -0.06025123 0.02249991 -0.008019745 -0.06454241 0.02249991 -0.01749998 -0.05900979 0.02249991 0.04675519 0.0452094 0.02249991 -0.06025218 -0.03575038 0.02249991 -0.06332761 0.02996903 0.02249991 -0.0227282 0.06995016 0.02249991 0.06968259 -0.0235328 0.02249991 0.06798392 -0.01692885 0.02249991 0.03707206 -0.04913306 0.02249991 0.04128396 -0.04564917 0.02249991 0.05441737 0.04947787 0.02249991 0.05829358 0.04484879 0.02249991 0.05703926 0.03124994 0.02249991 -0.05189329 -0.03309583 0.02249991 -0.05773311 -0.02994811 0.02249991 0.05693238 -0.02338951 0.02249991 0.05878329 -0.01824045 0.02249991 -0.02622431 -0.06496638 0.02249991 -0.0729447 -0.009403824 0.02249991 -0.07193839 -0.01530879 0.02249991 -0.04859113 0.05521082 0.02249991 0.01093041 0.06057041 0.02249991 -0.03798514 0.05279427 0.02249991 0.04781138 0.05121099 0.02249991 0.07330286 -0.006006062 0.02249991 0.07354998 0 0.02249991 -0.06049776 0.04182809 0.02249991 -0.06068378 0.03501135 0.02249991 0.007001221 0.073215 0.02249991 0.01297855 0.07239437 0.02249991 -0.03899395 0.06236058 0.02249991 -0.06998395 -0.003274798 0.02249991 -0.03257071 -0.05222451 0.02249991 -0.03918141 -0.05191177 0.02249991 0.04519408 -0.04178369 0.02249991 0.06358832 -0.0136606 0.02249991 0.06982266 0.005757868 0.02249991 0.05639588 0.0246514 0.02249991 -0.01759994 -0.05897992 0.02249991 -0.0685026 -0.02677422 0.02249991 -0.06610035 -0.03225141 0.02249991 -0.07045465 -0.02110701 0.02249991 -0.005040705 0.07337576 0.02249991 -0.01048439 0.0692721 0.02249991 9.48445e-4 0.07005363 0.02249991 0.0617612 0.03993582 0.02249991 0.06167554 0.020644 0.02249991 0.01759994 -0.05897992 0.02249991 0.01842427 -0.06237173 0.02249991 0.0487228 -0.03760707 0.02249991 0.0548262 -0.03498834 0.02249991 0.06483179 0.03473347 0.02249991 0.0674498 0.02932316 0.02249991 -0.05112016 0.03427976 0.02249991 -0.05702108 0.03128063 0.02249991 0.05848819 -0.04459249 0.02249991 0.05466943 -0.04920095 0.02249991 -0.03144192 -0.06260967 0.02249991 -0.03641349 -0.05985337 0.02249991 0.01257485 -0.06025123 0.02249991 -0.06151485 -0.002028644 0.02249991 0.05898833 -0.03779971 0.02249991 -0.04392445 0.05899339 0.02249991 -0.01150965 0.06401127 0.02249991 -0.04323148 -0.05950313 0.02249991 -0.04563868 -0.0531553 0.02249991 0.0162636 0.05936169 0.02249991 0.06435835 0.009384274 0.02249991 0.0194689 -0.07092446 0.02249991 0.01362407 -0.07227689 0.02249991 -0.04365479 -0.04821026 0.02249991 -0.02279675 -0.05717128 0.02249991 0.06108593 -0.007529616 0.02249991 0.06912177 0.01143419 0.02249991 0.0251671 -0.06910979 0.02249991 0.01885592 0.07109099 0.02249991 0.06963145 0.0236864 0.02249991 0.06326746 0.01507019 0.02249991 0.03137832 0.05294972 0.02249991 -0.0169025 0.07157987 0.02249991 0.07133066 0.01792407 0.02249991 -0.02777993 -0.05492377 0.02249991 -0.05150973 -0.03970813 0.02249991 -0.04776531 -0.04414123 0.02249991 0.02279675 -0.05717128 0.02249991 0.02777588 -0.05492621 0.02249991 0.05771476 -0.02998149 0.02249991 0.02149498 0.05767357 0.02249991 0.02653205 0.0555368 0.02249991 0.04561555 0.05769336 0.02249991 0.07257586 -0.01193022 0.02249991 0.03253728 -0.05224508 0.02249991 0.02461469 0.06930708 0.02249991 0.04074496 0.06123203 0.02249991 0.04114258 -0.06096398 0.02249991 -0.002688884 -0.06498229 0.02249991 -0.009744763 -0.06937998 0.02249991 0.03595936 0.04995185 0.02249991 0.04026788 0.0465489 0.02249991 0.005479097 0.0613054 0.02249991 1.97833e-5 0.06154865 0.02249991 -0.02267521 0.06095683 0.02249991 -0.0162568 0.05936414 0.02249991 -0.02802532 0.05869144 0.02249991 -0.04674172 0.04522502 0.02249991 -0.04785853 0.03870064 0.02249991 -0.06166362 0.02067548 0.02249991 -0.05638688 0.0246753 0.02249991 -0.05986779 0.01428943 0.02249991 0.002669215 -0.06498378 0.02249991 0.007578492 -0.06108099 0.02249991 -0.01534098 -0.06835925 0.02249991 -0.02190858 -0.07021117 0.02249991 -0.06435251 0.00941509 0.02249991 -0.06145262 0.00345087 0.02249991 -0.02701902 0.0646401 0.02249991 -0.0337736 0.06533706 0.02249991 0.03020519 0.0670607 0.02249991 0.03559178 0.0643627 0.02249991 -0.05632799 -0.04729235 0.02249991 -0.05230599 -0.05170679 0.02249991 -0.0599969 -0.04254209 0.02249991 -0.06359237 -0.01363515 0.02249991 -0.06109118 -0.007496953 0.02249991 -0.04023927 0.04657238 0.02249991 0.06494486 -0.03451937 0.02249991 0.06754177 -0.02911275 0.02249991 0.04378491 -0.05469322 0.02249991 0.0504837 -0.05348592 0.02249991 0.03433376 -0.06107115 0.02249991 0.03071236 -0.06682866 0.02249991 0.05059623 0.04086607 0.02249991 0.0511316 0.03426039 0.02249991 -0.005476713 0.06130576 0.02249991 -0.03134518 0.05296868 0.02249991 -0.05420273 0.04438906 0.02249991 -0.05040174 0.04866427 0.02249991 -0.06958854 0.00812 0.02249991 -0.06869697 0.01374924 0.02249991 -0.05879449 -0.01820749 0.02249991 -0.05693918 -0.02336978 0.02249991 0.001637995 -0.07004177 0.02249991 -0.004253983 -0.07342505 0.02249991 0.007344126 -0.06967341 0.02249991 -0.07350397 0.002548635 0.02249991 -0.06555813 0.02470725 0.02249991 -0.06734997 0.01930004 0.02249991 0.06500267 -0.00217247 0.02249991 0.06145316 0.003419995 0.02249991 -0.0132879 -0.06366646 0.02249991 -0.007589817 -0.06108009 0.02249991 -0.01842427 -0.06237173 0.02249991 0.04424667 0.04278391 0.02249991 -0.0632528 -0.03753036 0.02249991 -0.06648129 0.03146111 0.02249991 -0.02165049 0.06663191 0.02249991 0.0663771 -0.02241688 0.02249991 0.07136917 -0.01777255 0.02249991 0.03917336 -0.05191874 0.02249991 0.04362475 -0.04823678 0.02249991 0.05183589 0.047131 0.02249991 0.05552858 0.04272115 0.02249991 0.05397903 0.02957338 0.02249991 -0.05483531 -0.03497201 0.02249991 -0.05463576 -0.02834135 0.02249991 0.06015992 -0.02471584 0.02249991 0.0621159 -0.01927423 0.02249991 -0.02753067 -0.06820136 0.02249991 -0.06948453 -0.008957684 0.02249991 -0.06852596 -0.01458269 0.02249991 -0.04628658 0.05259168 0.02249991 0.01154977 0.06400436 0.02249991 -0.0359475 0.04996162 0.02249991 0.05019211 0.05376136 0.02249991 0.0698257 -0.005721688 0.02249991 0.07006108 -4.60096e-7 0.02249991 -0.05762785 0.03984427 0.02249991 -0.0637055 0.03675508 0.02249991 0.006668806 0.06974202 0.02249991 0.01236307 0.06896024 0.02249991 -0.03714466 0.05940228 0.02249991 -0.07346898 -0.003437817 0.02249991 -0.03441697 -0.05518543 0.02249991 -0.03707903 -0.04912686 0.02249991 0.04775601 -0.04415279 0.02249991 0.06017678 -0.01292747 0.02249991 0.0732997 0.00604403 0.02249991 0.05959314 0.02604901 0.02249991 -0.06525307 -0.02550446 0.02249991 -0.06296497 -0.03072136 0.02249991 -0.06711268 -0.02010565 0.02249991 -0.004802346 0.06989508 0.02249991 -0.01100665 0.07272166 0.02249991 9.95295e-4 0.07354217 0.02249991 0.05883133 0.03804171 0.02249991 0.05836653 0.01953655 0.02249991 0.05148524 -0.03973871 0.02249991 0.05188488 -0.03311091 0.02249991 0.06175661 0.03308552 0.02249991 0.06425011 0.02793252 0.02249991 -0.05401808 0.03622341 0.02249991 -0.05396175 0.0296027 0.02249991 0.05571371 -0.04247736 0.02249991 0.05207628 -0.04686701 0.02249991 -0.0330072 -0.06572771 0.02249991 -0.03822726 -0.0628336 0.02249991 0.0132876 -0.06366652 0.02249991 0.01749998 -0.05900979 0.02249991 -0.06500226 -0.00214374 0.02249991 0.06192559 -0.0396822 0.02249991 -0.04184049 0.05619537 0.02249991 -0.01089161 0.06057715 0.02249991 -0.04118126 -0.05668032 0.02249991 -0.04791188 -0.0558018 0.02249991 0.01718592 0.06272697 0.02249991 0.06090539 0.008880972 0.02249991 0.01854556 -0.06756007 0.02249991 0.01297748 -0.06884849 0.02249991 -0.04131287 -0.04562366 0.02249991 -0.02408874 -0.06041258 0.02249991 -0.01867127 -0.06229805 0.02249991 0.06454908 -0.007956206 0.02249991 0.07256376 0.01200413 0.02249991 0.02397316 -0.0658316 0.02249991 0.01796138 0.0677188 0.02249991 0.06632858 0.02256244 0.02249991 0.05987316 0.0142616 0.02249991 0.03315711 0.05595171 0.02249991 -0.01610022 0.06818455 0.02249991 0.06794697 0.01707422 0.02249991 -0.02935522 -0.05803728 0.02249991 -0.04874628 -0.03757762 0.02249991 -0.04520255 -0.0417732 0.02249991 0.02408856 -0.06041264 0.02249991 0.02935057 -0.05804008 0.02249991 0.05461812 -0.0283733 0.02249991 0.0227133 0.0609433 0.02249991 0.02803647 0.05868524 0.02249991 0.0434516 0.05495667 0.02249991 0.06913322 -0.01136445 0.02249991 0.03438228 -0.05520665 0.02249991 0.01867127 -0.06229805 0.02249991 0.02344715 0.06601941 0.02249991 0.03881222 0.05832743 0.02249991 0.03919094 -0.05807214 0.02249991 -0.00254482 -0.06149643 0.02249991 -0.01022958 -0.07283496</float_array>
          <technique_common>
            <accessor source="#ID4-mesh-positions-array" count="4728" stride="3">
              <param name="X" type="float"/>
              <param name="Y" type="float"/>
              <param name="Z" type="float"/>
            </accessor>
          </technique_common>
        </source>
        <source id="ID4-mesh-normals">
          <float_array id="ID4-mesh-normals-array" count="9456">0 -0.9863609 -0.1645971 0 -1 -2.13161e-5 0 -1 -2.1264e-5 0 -0.7891437 -0.6142086 0 -0.8794725 -0.4759497 0 -0.8794744 -0.4759463 0 -0.945813 -0.3247122 0 -0.9863615 -0.1645937 0 -0.9458141 -0.3247087 0 -0.5469499 -0.8371654 0 -0.4016858 -0.9157776 0 -0.5469471 -0.8371672 0 -0.7891457 -0.6142062 0 -0.6772816 -0.7357239 0 -0.6772795 -0.7357258 0 -0.08258879 -0.9965837 0 -0.08259207 -0.9965835 0 0.08259207 -0.9965835 0 -0.2454845 -0.9694005 0 -0.401689 -0.9157761 0 -0.2454877 -0.9693998 0 0.5469498 -0.8371655 0 0.401689 -0.9157762 0 0.4016858 -0.9157775 0 0.2454845 -0.9694005 0 0.2454877 -0.9693998 0 0.08258879 -0.9965837 0 0.7891438 -0.6142085 0 0.7891457 -0.6142063 0 0.6772795 -0.7357258 0 0.5469472 -0.8371672 0 0.6772816 -0.735724 0 0.8794743 -0.4759464 0 0.8794726 -0.4759495 0 0.945813 -0.3247121 0 0.9458141 -0.3247088 0 0.9863609 -0.1645969 0 0.9863615 -0.1645938 0 1 -2.13012e-5 0 1 -2.12565e-5 0 0.9863613 0.1645944 -3.96229e-6 1 4.27291e-5 2.76996e-5 1 4.27663e-5 0 0.7891445 0.6142076 0 0.879475 0.4759453 0 0.8794733 0.4759483 0 0.9458173 0.3246994 0 0.9458183 0.3246966 0 0.9863618 0.1645919 0 0.5469403 0.8371717 0 0.5469372 0.8371737 0 0.4016943 0.9157739 0 0.7891463 0.6142053 0 0.6772773 0.7357279 0 0.6772799 0.7357255 0 0.08257454 0.996585 0 -0.08257776 0.9965847 0 0.08257782 0.9965847 0 0.2454881 0.9693997 0 0.2454914 0.9693989 0 0.4016975 0.9157724 0 -0.5469401 0.8371717 0 -0.4016944 0.9157739 0 -0.4016973 0.9157726 0 -0.2454881 0.9693997 0 -0.08257454 0.996585 0 -0.2454913 0.9693989 0 -0.7891445 0.6142076 0 -0.6772774 0.7357278 0 -0.7891464 0.6142054 0 -0.5469374 0.8371735 0 -0.6772798 0.7357256 0 -0.8794748 0.4759454 0 -0.8794733 0.4759482 0 -0.9458182 0.3246967 0 -0.9458173 0.3246993 0 -0.9863613 0.1645944 0 -0.9863618 0.1645919 3.96229e-6 -1 4.27514e-5 -3.94359e-6 -1 4.27216e-5 0 1 0 0 -1 0 0 -1 4.27565e-7 0 1 2.67228e-7 -1 0 0 -1 -1.38589e-6 0 -1 -1.38591e-6 0 -1 6.92924e-7 0 0 -0.4999778 -0.8660383 0 -0.4999794 -0.8660373 0 -0.8660196 0.5000101 0 0.499994 0.8660289 0 0.4999939 0.866029 0 -0.8660158 0.5000166 0 -0.8660162 0.500016 0 0.5000178 0.8660152 0 0.500019 0.8660145 0 0.8660299 -0.4999924 0 0.866028 -0.4999954 0 0.4999778 0.8660383 0 0.4999786 0.8660378 0 0.8660175 -0.5000138 0 0.8660196 -0.5000101 0 -0.499975 -0.86604 0 -0.4999732 -0.866041 0 0.8660198 -0.5000097 0 0.8660222 -0.5000057 0 -0.4999409 -0.8660595 0 -0.499943 -0.8660583 0 -0.866022 0.500006 0 -0.866023 0.5000045 -1 3.04729e-6 0 -1 -5.93224e-6 0 -1 2.24188e-6 0 -1 5.53636e-6 0 -1 1.44209e-6 0 -1 2.60988e-6 0 -1 -2.34976e-6 0 -1 -2.37569e-6 0 -1 2.68933e-6 0 -1 9.21659e-6 0 -1 -2.3758e-6 0 -1 1.6212e-6 0 -1 -3.87282e-6 0 -1 -3.10822e-6 0 -1 -2.85789e-6 0 -1 1.03722e-5 0 -1 -2.98561e-6 0 -1 6.11853e-6 0 -1 3.01819e-6 0 -1 -2.99183e-6 0 -1 5.77721e-6 0 -1 -2.16961e-6 0 -1 -8.08475e-7 0 -1 -1.38584e-6 0 -1 1.38588e-6 0 0 -0.4999732 0.866041 0 -0.499975 0.86604 0 0.8660175 0.5000138 0 0.8660196 0.5000101 0 0.4999778 -0.8660383 0 0.4999786 -0.8660378 0 0.8660299 0.4999924 0 0.866028 0.4999954 0 0.5000199 -0.866014 0 0.5000169 -0.8660157 0 -0.8660158 -0.5000166 0 -0.8660162 -0.500016 0 0.4999932 -0.8660295 0 0.4999948 -0.8660284 0 -0.8660196 -0.5000101 0 -0.4999787 0.8660377 0 -0.4999786 0.8660378 0 -0.866022 -0.500006 0 -0.866023 -0.5000045 0 -0.499943 0.8660583 0 -0.4999409 0.8660595 0 0.8660198 0.5000097 0 0.8660222 0.5000057 -1 -2.90588e-6 0 -1 4.87567e-6 0 -1 4.15227e-6 0 -1 2.8886e-6 0 -1 -1.18786e-6 0 -1 -4.19444e-6 0 -1 2.95097e-6 0 -1 2.56813e-6 0 -1 -1.1879e-6 0 -1 7.77911e-6 0 -1 5.66672e-6 0 -1 -1.59523e-6 0 -1 2.16159e-6 0 -1 -6.1965e-6 0 -1 6.11851e-6 0 -1 -2.33116e-6 0 -1 2.26365e-6 0 -1 1.38584e-6 0 -1 2.77183e-6 0 -1 -1.38588e-6 0 0 0.4999732 -0.866041 0 0.499975 -0.86604 0 -0.8660175 -0.5000138 0 -0.4999778 0.8660383 0 -0.866028 -0.4999954 0 -0.8660299 -0.4999924 0 -0.5000199 0.866014 0 -0.5000169 0.8660157 0 0.8660168 0.5000151 0 0.8660153 0.5000175 0 -0.4999932 0.8660295 0 -0.4999948 0.8660284 0 0.4999787 -0.8660377 0 0.866023 0.5000045 0 0.866022 0.500006 0 0.499943 -0.8660583 0 0.4999409 -0.8660595 0 -0.8660217 -0.5000066 0 -0.8660204 -0.5000088 -1 -2.56321e-6 0 -1 4.26954e-6 0 -1 -2.93876e-6 0 -1 -1.39363e-6 0 -1 2.37569e-6 0 -1 -1.26449e-6 0 -1 1.3871e-6 0 -1 1.18786e-6 0 -1 -2.21591e-6 0 -1 -2.74802e-6 0 -1 5.91373e-6 0 -1 2.1569e-6 0 -1 1.1879e-6 0 -1 -2.16088e-6 0 -1 -2.96799e-6 0 -1 2.877e-6 0 -1 -2.53835e-6 0 -1 -5.83937e-6 0 -1 0 0 -1 -1.47656e-6 0 -1 -1.89433e-6 0 -1 1.47203e-6 0 0 0 1 0 0 -1 -1 2.59823e-6 0 -1 2.96898e-6 0 -1 -2.77716e-6 0 -1 -2.9688e-6 0 -1 -1.18742e-5 0 -1 -5.55642e-6 0 -1 1.18739e-5 0 -1 5.55531e-6 0 -1 2.77864e-6 0 -1 1.11089e-5 0 -1 2.77716e-6 0 -1 2.77861e-6 0 -1 1.18787e-5 0 -1 2.77765e-6 0 -1 -1.111e-5 0 -1 -1.1878e-5 0 -1 4.16727e-6 0 -1 -1.18756e-5 0 -1 2.7787e-6 0 -1 -2.77725e-6 0 -1 -5.55488e-6 0 -1 -1.48414e-6 0 -1 -3.71281e-6 0 -1 -5.94078e-6 0 -1 -1.18731e-5 0 -1 -2.43042e-6 0 -1 -3.47238e-6 0 -1 -2.77713e-6 0 -1 2.7775e-6 0 -1 -2.77778e-6 0 -1 2.96813e-6 0 -1 2.22721e-6 0 -1 1.48403e-6 0 -1 4.86084e-6 0 -1 1.18789e-5 0 -1 6.68147e-6 0 -1 2.5977e-6 0 -1 2.96873e-6 0 -1 -2.77728e-6 0 -1 -2.96884e-6 0 -1 -5.55543e-6 0 -1 1.18742e-5 0 -1 5.55432e-6 0 -1 2.7784e-6 0 -1 2.77704e-6 0 -1 2.77787e-6 0 -1 1.18732e-5 0 -1 -1.11126e-5 0 -1 -1.1872e-5 0 -1 4.16556e-6 0 -1 -1.18779e-5 0 -1 2.77799e-6 0 -1 -5.55383e-6 0 -1 -1.48435e-6 0 -1 -3.71228e-6 0 -1 -1.18725e-5 0 -1 -2.42991e-6 0 -1 -3.47164e-6 0 -1 -2.7771e-6 0 -1 2.77741e-6 0 -1 -2.77731e-6 0 -1 2.22695e-6 0 -1 1.48417e-6 0 -1 4.86219e-6 0 -1 1.18735e-5 0 -1 6.68306e-6 0 -1 1.38589e-6 0 -1 8.08475e-7 0 -1 1.38591e-6 0 -1 -6.92924e-7 0 -1 6.9292e-7 0 0 0.4999794 0.8660373 0 -0.499994 -0.8660289 0 -0.4999939 -0.866029 0 0.8660168 -0.5000151 0 0.8660153 -0.5000175 0 -0.5000178 -0.8660152 0 -0.500019 -0.8660145 0 -0.866028 0.4999954 0 -0.8660299 0.4999924 0 -0.4999786 -0.8660378 0 -0.8660175 0.5000138 0 0.499975 0.86604 0 0.4999732 0.866041 0 -0.8660217 0.5000066 0 -0.8660204 0.5000088 0 0.4999409 0.8660595 0 0.499943 0.8660583 0 0.866023 -0.5000045 0 0.866022 -0.500006 -1 -5.62917e-6 0 -1 5.85384e-6 0 -1 -7.31782e-7 0 -1 -1.25094e-5 0 -1 -1.12602e-5 0 -1 -6.01909e-6 0 -1 1.12595e-5 0 -1 4.32539e-6 0 -1 6.01808e-6 0 -1 -5.62871e-6 0 -1 7.52215e-7 0 -1 6.01685e-6 0 -1 5.63164e-6 0 -1 5.63092e-6 0 -1 -2.25615e-6 0 -1 -5.63063e-6 0 -1 2.92624e-6 0 -1 -5.62898e-6 0 -1 -5.8509e-6 0 -1 -5.63101e-6 0 -1 -1.20409e-5 0 -1 -4.04638e-6 0 -1 -9.14689e-6 0 -1 9.85338e-6 0 -1 5.62981e-6 0 -1 -8.44604e-6 0 -1 -8.44404e-6 0 -1 -1.20349e-5 0 -1 -4.92619e-6 0 -1 2.19542e-6 0 -1 5.85179e-6 0 -1 5.8535e-6 0 -1 -5.85316e-6 0 -1 -5.85274e-6 0 -1 5.85192e-6 0 -1 -5.85382e-6 0 -1 3.12844e-6 0 -1 -2.34586e-6 0 -1 2.92521e-6 0 -1 6.25516e-6 0 -1 -1.51243e-6 0 -1 2.57667e-6 0 -1 5.93873e-6 0 -1 2.77615e-7 0 -1 2.73845e-6 0 -1 -2.57667e-6 0 -1 1.43405e-6 0 -1 -2.8681e-6 0 -1 1.28834e-6 0 -1 1.43729e-6 0 -1 -5.93877e-6 0 -1 2.40119e-6 0 -1 2.8681e-6 0 -1 -5.93877e-6 0 -1 -1.43729e-6 0 -1 -2.77615e-7 0 -1 -3.71163e-6 0 -1 -1.11094e-5 0 -1 -2.96828e-6 0 -1 5.55368e-6 0 -1 -2.77738e-6 0 -1 2.96956e-6 0 -1 -1.18772e-5 0 -1 5.55503e-6 0 -1 5.55506e-6 0 -1 -1.1109e-5 0 -1 -2.77807e-6 0 -1 -1.11089e-5 0 -1 -6.9425e-7 0 -1 8.33524e-6 0 -1 -5.93811e-6 0 -1 -1.18776e-5 0 -1 5.55492e-6 0 -1 -2.77705e-6 0 -1 1.18785e-5 0 -1 8.33344e-6 0 -1 -5.55448e-6 0 -1 5.55503e-6 0 -1 5.55505e-6 0 -1 -1.48452e-6 0 -1 5.19518e-6 0 -1 -2.96849e-6 0 -1 -7.63883e-6 0 -1 -3.47216e-6 0 -1 2.77723e-6 0 -1 -5.55444e-6 0 -1 5.55493e-6 0 -1 2.96815e-6 0 -1 -7.42214e-7 0 -1 1.48473e-6 0 -1 -2.96906e-6 0 -1 -2.0832e-6 0 -1 2.22695e-6 0 -1 -4.03517e-6 0 -1 -2.83587e-6 0 -1 1.18786e-6 0 -1 -2.5407e-6 0 -1 -1.10795e-6 0 -1 -1.40615e-6 0 -1 2.42475e-6 0 -1 1.15858e-6 0 -1 5.46705e-6 0 -1 2.96245e-6 0 -1 2.54215e-6 0 -1 -5.12641e-6 0 -1 5.69273e-6 0 -1 2.94405e-6 0 -1 -3.71096e-6 0 -1 -2.96912e-6 0 -1 -1.38889e-6 0 -1 1.18749e-5 0 -1 1.38852e-6 0 -1 -2.77704e-6 0 -1 1.1113e-5 0 -1 -1.18718e-5 0 -1 4.1656e-6 0 -1 -2.77846e-6 0 -1 -5.55537e-6 0 -1 -1.48431e-6 0 -1 2.22668e-6 0 -1 -7.63736e-6 0 -1 2.43018e-6 0 -1 -2.77688e-6 0 -1 5.55426e-6 0 -1 5.55438e-6 0 -1 1.48463e-6 0 -1 5.55673e-6 0 -1 -5.94001e-6 0 -1 -1.39251e-6 0 -1 2.55965e-6 0 -1 9.18525e-6 0 -1 -2.63999e-6 0 -1 2.85287e-6 0 -1 -5.12627e-7 0 -1 2.89717e-6 0 -1 4.94811e-6 0 -1 2.18118e-6 0 -1 -5.56298e-6 0 -1 2.85791e-7 0 -1 5.70573e-6 0 -1 -3.71174e-6 0 -1 -2.96825e-6 0 -1 5.55368e-6 0 -1 -2.77722e-6 0 -1 2.96958e-6 0 -1 -1.18775e-5 0 -1 5.555e-6 0 -1 -1.11113e-5 0 -1 -2.77806e-6 0 -1 -6.94263e-7 0 -1 8.33522e-6 0 -1 -5.93807e-6 0 -1 -1.18779e-5 0 -1 5.55485e-6 0 -1 -2.77705e-6 0 -1 1.18789e-5 0 -1 8.33368e-6 0 -1 -5.55565e-6 0 -1 5.55499e-6 0 -1 5.55504e-6 0 -1 -1.48417e-6 0 -1 5.19612e-6 0 -1 -2.9685e-6 0 -1 -7.63906e-6 0 -1 -3.47226e-6 0 -1 2.77716e-6 0 -1 5.55484e-6 0 -1 2.96817e-6 0 -1 -7.42364e-7 0 -1 1.48448e-6 0 -1 -2.96904e-6 0 -1 -2.08317e-6 0 -1 2.22692e-6 0 -1 8.22317e-7 0 -1 -1.64571e-6 0 -1 -1.64419e-6 0 -1 1.02875e-6 0 -1 -4.10517e-7 0 -1 5.88432e-7 0 -1 -1.27642e-6 0 -1 -8.23369e-7 0 -1 5.42283e-7 0 -1 1.56746e-6 0 -1 -8.23411e-7 0 -1 -4.11654e-7 0 -1 8.21329e-7 0 -1 4.11614e-7 0 -1 7.83645e-7 0 -1 1.2824e-7 0 -1 8.21329e-7 0 -1 1.27539e-6 0 -1 1.64599e-6 0 -1 1.80129e-7 0 -1 -4.11705e-7 0 -1 4.408e-7 0 -1 -6.54352e-6 0 1 1.21137e-5 0 1 0 0 1 -1.91523e-5 0 1 9.81528e-6 0 1 -7.47984e-6 0 1 9.63033e-6 0 1 -1.01443e-5 0 -1 2.60495e-6 0 -1 2.53248e-5 0 -1 -2.11089e-5 0 -1 1.44026e-5 0 -1 1.65472e-6 0 -1 1.86992e-6 0 -1 -3.45354e-7 0 -1 -2.53248e-5 0 -1 1.05545e-5 0 -1 -1.44025e-5 0 -1 2.37124e-6 0 -1 -7.94712e-7 0 -1 -1.38142e-6 0 -1 7.94712e-7 0 -1 4.89744e-7 0 -1 5.74118e-7 0 -1 5.69562e-7 0 -1 -5.72532e-7 0 -1 1.13823e-6 0 -1 5.71021e-7 0 -1 -5.71694e-7 0 -1 -4.32322e-7 0 -1 0 0 -1 3.61716e-7 0 -1 -5.71586e-7 0 -1 2.86749e-7 0 -1 -2.85145e-7 0 -1 -1.39425e-7 0 -1 0 0 -1 5.70995e-7 0 -1 -5.72182e-7 0 -1 2.84801e-7 0 -1 -1.11157e-6 0 -1 -4.31357e-7 0 -1 0 0 -1 1.1417e-6 0 -1 2.86024e-7 0 -1 5.71634e-7 0 -1 -4.27361e-7 0 -1 1.14285e-6 0 -1 5.70686e-7 0 -1 -5.73922e-7 0 -1 -1.15024e-6 0 -1 1.42753e-7 0 -1 5.69492e-7 0 -1 -1.15314e-6 0 -1 -2.85738e-7 0 -1 0 0 -1 -2.79366e-7 0 -1 -5.6034e-7 0 -1 -5.72748e-7 0 -1 5.7849e-7 0 -1 1.13925e-6 0 -1 -5.69156e-7 0 -1 -2.15788e-7 0 -1 0 0 -1 -5.76815e-7 0 -1 -2.86417e-7 0 -1 1.4384e-7 0 -1 2.85915e-7 0 -1 2.87054e-7 0 -1 -5.59592e-7 0 -1 5.63307e-7 0 -1 5.60297e-7 0 -1 -4.20881e-7 0 -1 -2.82091e-7 0 -1 0 0 -1 -1.41027e-7 0 -1 4.21046e-7 0 -1 -5.61249e-7 0 -1 2.81735e-7 0 -1 -5.60923e-7 0 -1 -5.62898e-7 0 -1 -5.60431e-7 0 -1 -5.59775e-7 0 -1 5.58953e-7 0 -1 -5.60082e-7 0 -1 5.57965e-7 0 -1 5.58811e-7 0 -1 1.11101e-6 0 -1 -3.43416e-7 0 -1 0 0 -1 6.48967e-7 0 -1 -4.31139e-7 0 -1 -5.75556e-7 0 -1 -2.86712e-7 0 -1 5.60817e-7 0 -1 5.61583e-7 0 -1 -2.81221e-7 0 -1 2.80968e-7 0 -1 2.81076e-7 0 -1 2.81684e-7 0 -1 -2.10809e-7 0 -1 1.58506e-7 0 -1 1.40498e-7 0 -1 1.40903e-7 0 -1 -2.8174e-7 0 -1 -2.80576e-7 0 -1 5.63149e-7 0 -1 -5.60471e-7 0 -1 -5.6201e-7 0 -1 -5.58604e-7 0 -1 2.86024e-7 0 -1 2.09395e-7 0 -1 7.68905e-7 0 -1 -3.07394e-7 0 -1 3.05247e-7 0 -1 0 0 -1 -6.09982e-7 0 -1 3.04516e-7 0 -1 -1.22908e-6 0 -1 -3.31364e-7 0 -1 6.21241e-7 0 -1 -1.5404e-7 0 -1 0 0 -1 -6.17408e-7 0 -1 -1.23147e-6 0 -1 6.18153e-7 0 -1 -4.67291e-7 0 -1 -6.14527e-7 0 -1 -9.24026e-7 0 -1 -4.57224e-7 0 -1 -3.06841e-7 0 -1 6.11609e-7 0 -1 6.13328e-7 0 -1 3.13143e-7 0 -1 -6.18797e-7 0 -1 -6.15759e-7 0 -1 -6.16842e-7 0 -1 -6.13155e-7 0 -1 -6.15471e-7 0 -1 2.3189e-7 0 -1 6.17577e-7 0 -1 -6.1354e-7 0 -1 4.24882e-7 0 -1 6.14606e-7 0 -1 6.14684e-7 0 -1 6.18661e-7 0 -1 -6.1471e-7 0 -1 -6.17704e-7 0 -1 -6.17724e-7 0 -1 -6.17867e-7 0 -1 -6.13514e-7 0 -1 6.11853e-7 0 -1 -3.07331e-7 0 -1 3.05502e-7 0 -1 -1.52055e-7 0 -1 6.17985e-7 0 -1 -6.15806e-7 0 -1 6.15161e-7 0 -1 -6.14767e-7 0 -1 -6.11909e-7 0 -1 3.03344e-7 0 -1 4.57086e-7 0 -1 5.29505e-7 0 -1 0 0 -1 1.51794e-7 0 -1 -3.00894e-7 0 -1 6.2028e-7 0 -1 -6.18557e-7 0 -1 6.14497e-7 0 -1 6.16999e-7 0 1 2.55198e-7 0 1 -5.1012e-7 0 1 -3.78222e-7 0 1 -4.93245e-7 0 1 0 0 1 4.95437e-7 0 1 1.85334e-7 0 1 -3.83904e-7 0 1 -2.48226e-7 0 1 -7.38774e-7 0 1 4.95724e-7 0 1 -2.48268e-7 0 1 4.99916e-7 0 1 -2.47375e-7 0 1 -5.10177e-7 0 1 4.93165e-7 0 1 3.83669e-7 0 1 4.96131e-7 0 1 -2.5571e-7 0 1 -5.36905e-7 0 1 5.00837e-7 0 1 1.23265e-7 0 1 4.93884e-7 0 1 2.72623e-7 0 1 2.47757e-7 0 1 3.82493e-7 0 1 1.34312e-7 0 1 3.84311e-7 0 1 -2.47993e-7 0 1 4.94163e-7 0 1 -4.93495e-7 0 1 4.93206e-7 0 1 -3.71991e-7 0 1 2.54011e-7 0 1 -2.47368e-7 0 1 -2.56713e-7 0 1 8.15625e-7 0 1 -5.44776e-6 0 1 5.11103e-7 0 1 1.26935e-7 0 1 -5.10106e-7 0 1 5.15465e-7 0 1 9.85283e-7 0 1 -2.37696e-7 0 1 -2.47764e-7 0 1 2.55069e-7 0 1 -2.47177e-7 0 1 2.47076e-7 0 1 -3.94519e-5 0 1 -5.11623e-7 0 1 -4.98993e-7 0 1 5.04831e-5 0 1 -4.95985e-7 0 1 -5.13292e-7 0 1 7.89493e-7 0 1 -2.5631e-7 0 1 1.5e-5 0 1 2.51192e-5 0 1 -1.27781e-7 0 1 -1.57e-6 0 1 1.25676e-5 0 1 -3.15637e-6 0 1 1.57109e-6 0 1 -1.58007e-6 0 1 -9.41586e-6 0 1 4.99636e-7 0 1 -1.02633e-5 0 1 7.89443e-7 0 1 -2.25001e-5 0 1 -2.51203e-5 0 1 4.94429e-7 0 1 -5.11867e-7 0 1 -5.01965e-5 0 1 -2.57763e-7 0 1 -2.55877e-7 0 1 3.94519e-5 0 1 5.46152e-6 0 -1 1.47933e-6 0 -1 -3.96443e-7 0 -1 -8.31926e-7 0 -1 0 0 -1 1.55473e-6 0 -1 4.16061e-6 0 -1 -2.64741e-6 0 -1 9.34353e-6 0 -1 7.40903e-7 0 -1 8.81979e-7 0 -1 7.52263e-6 0 -1 -1.83832e-6 0 -1 -7.86668e-7 0 -1 5.60821e-6 0 -1 -5.35884e-6 0 -1 3.027e-7 0 -1 7.09412e-7 0 -1 -5.37067e-6 0 -1 1.33577e-7 0 -1 -5.87154e-7 0 -1 -1.25064e-7 0 -1 -2.4699e-6 0 -1 -4.43439e-7 0 -1 4.89405e-7 0 -1 -1.2774e-6 0 -1 -2.92104e-6 0 -1 -8.76924e-6 0 -1 -3.67072e-7 0 -1 9.31136e-6 0 -1 -4.45708e-7 0 -1 9.35983e-7 0 -1 4.31243e-6 0 -1 0 0 -1 1.88719e-7 0 -1 1.40463e-6 0 -1 1.28968e-7 0 -1 -3.29191e-7 0 -1 4.98591e-7 0 -1 -1.209e-7 0 -1 -8.94811e-7 0 -1 -6.80833e-7 0 -1 0 0 -1 -5.99257e-7 0 -1 -3.19523e-6 0 -1 -1.83755e-7 0 -1 2.05383e-6 0 -1 2.21306e-6 0 -1 3.44544e-6 0 -1 3.53551e-6 0 -1 1.44379e-7 0 -1 0 0 -1 -7.68285e-6 0 -1 4.23643e-7 0 -1 8.31462e-7 0 -1 -1.82823e-6 0 -1 -5.54174e-7 0 -1 -2.42058e-6 0 -1 4.36357e-6 0 -1 4.20705e-7 0 -1 3.52976e-7 0 -1 -1.28065e-6 0 -1 4.12681e-6 0 -1 3.93487e-6 0 -1 -4.45307e-6 0 -1 1.3009e-7 0 -1 -6.12277e-7 0 -1 0 0 -1 5.47046e-6 0 -1 -3.58368e-6 0 -1 9.87518e-6 0 -1 -7.83539e-6 0 -1 -9.03391e-6 0 -1 -7.67295e-6 0 -1 -4.4996e-6 0 -1 3.52676e-6 0 -1 7.07026e-6 0 -1 -4.38048e-6 0 -1 5.26201e-6 0 -1 -5.79033e-6 0 -1 3.19918e-6 0 -1 7.31816e-7 0 -1 1.85186e-6 0 -1 -6.5534e-6 0 -1 -6.70026e-7 0 -1 -1.50573e-7 0 -1 2.71577e-6 0 -1 3.0407e-6 0 -1 -1.51677e-6 0 -1 2.5661e-7 0 -1 0 0 -1 -1.53126e-7 0 -1 1.6637e-6 0 -1 -2.33608e-6 0 -1 -1.34768e-7 0 -1 -8.76168e-7 0 -1 7.33212e-6 0 -1 1.56034e-6 0 -1 -7.66991e-6 0 -1 -1.79383e-6 0 -1 -7.4288e-7 0 -1 -1.87173e-6 0 -1 6.98352e-6 0 -1 1.56087e-6 0 -1 6.84262e-7 0 -1 0 0 -1 -1.34441e-7 0 -1 0 0 -1 2.43726e-7 0 -1 1.75622e-5 0 -1 -1.40578e-5 0 -1 2.44661e-7 0 -1 -3.32217e-6 0 -1 0 0 -1 4.95807e-7 0 -1 -5.9085e-7 0 -1 2.60559e-7 0 -1 -6.46792e-6 0 -1 1.0235e-6 0 -1 -6.83247e-6 0 -1 -7.94986e-7 0 -1 4.2427e-7 0 -1 -7.13435e-6 0 -1 4.69304e-7 0 -1 4.50518e-7 0 -1 -5.15512e-6 0 -1 5.26155e-6 0 -1 -2.93086e-6 0 -1 1.36509e-7 0 -1 1.0739e-6 0 -1 0 0 -1 -3.35425e-7 0 -1 7.99539e-7 0 -1 -1.40307e-5 0 -1 -1.20953e-6 0 -1 1.75097e-5 0 -1 -1.64504e-6 0 -1 8.87189e-7 0 -1 6.15343e-6 0 -1 -7.66891e-6 0 -1 -8.25494e-7 0 -1 3.74671e-6 0 -1 -6.36068e-7 0 -1 1.47577e-6 0 -1 -2.45911e-6 0 -1 4.11297e-6 0 -1 1.49341e-6 0 -1 -1.28307e-6 0 -1 -3.83984e-6 0 -1 -8.26173e-7 0 -1 -3.01353e-6 0 -1 -6.05832e-7 0 -1 5.38911e-6 0 -1 -4.99836e-7 0 -1 -5.03138e-7 0 -1 -8.32528e-7 0 -1 -8.31988e-7 0 -1 -5.00292e-6 0 -1 -2.17771e-7 0 -1 3.79037e-6 0 -1 -4.07174e-7 0 -1 -5.38636e-6 0 -1 -2.78778e-6 0 -1 -8.73905e-7 0 -1 -3.70269e-6 0 -1 1.84012e-7 0 -1 2.03805e-6 0 -1 2.43873e-7 0 -1 4.3757e-7 0 -1 3.4236e-7 0 -1 3.42363e-7 0 -1 -4.33859e-7 0 -1 7.00005e-7 0 -1 -2.07883e-7 0 -1 0 0 -1 2.03839e-6 0 -1 2.36477e-7 0 -1 -2.67295e-7 0 -1 2.6704e-7 0 -1 -3.05813e-7 0 -1 -5.23201e-6 0 -1 -2.44434e-7 0 -1 0 0 -1 -6.63158e-7 0 1 -8.30065e-7 0 1 2.07815e-7 0 1 -8.29204e-7 0 1 -2.59405e-7 0 1 8.30814e-7 0 1 2.07926e-7 0 1 -3.3785e-7 0 1 3.23207e-7 0 1 -8.47881e-7 0 1 0 0 1 1.68875e-7 0 1 -1.18157e-6 0 1 8.32878e-7 0 1 1.77257e-6 0 1 9.28521e-7 0 1 -1.66594e-6 0 1 8.321e-7 0 1 1.35102e-6 0 1 0 0 1 -2.04987e-7 0 1 3.7184e-7 0 1 3.47395e-7 0 1 -1.44523e-6 0 1 1.61068e-7 0 1 1.23328e-6 0 1 -1.41324e-6 0 1 -5.73294e-7 0 1 -1.41619e-6 0 1 -2.65713e-7 0 1 -1.78179e-7 0 1 -1.42013e-6 0 1 6.85558e-7 0 1 6.86547e-7 0 1 -6.88012e-7 0 1 7.07104e-7 0 1 -1.40938e-6 0 1 5.1538e-7 0 1 7.06393e-7 0 1 7.08465e-7 0 1 -7.08503e-7 0 1 7.08266e-7 0 1 3.40979e-7 0 1 6.8536e-7 0 1 5.1519e-7 0 1 -1.3772e-6 0 1 -8.62007e-7 0 1 -1.41351e-6 0 1 1.40734e-6 0 1 -1.38769e-6 0 1 1.38401e-6 0 1 -1.37969e-6 0 1 1.41638e-6 0 1 7.12973e-7 0 1 3.41872e-7 0 1 6.89611e-7 0 1 6.86893e-7 0 1 -6.9076e-7 0 1 -1.38018e-6 0 1 7.07912e-7 0 1 -1.41493e-6 0 1 -7.08771e-7 0 1 1.42543e-6 0 1 6.84401e-7 0 1 -6.82528e-7 0 1 -3.43731e-7 0 1 -3.42611e-7 0 1 1.72088e-7 0 1 6.89022e-7 0 1 2.58358e-7 0 1 1.29731e-7 0 1 5.60164e-7 0 1 -6.93618e-7 0 1 1.03905e-6 0 1 7.0846e-7 0 1 -1.38671e-6 0 0.6265851 0.2719551 0.730364 0.6265856 0.2220465 0.7470514 0.6266137 0.2928386 0.7222194 0.6265947 -0.2663488 -0.732419 0.6266092 -0.2884203 -0.7239991 0.6265937 -0.2228814 -0.746796 0.6264692 0.2058948 0.7517606 0.6266819 0.1491455 0.7648696 0.6265934 0.360936 0.6907286 0.6265645 0.3358824 0.703278 0.6265822 0.455233 0.6325803 0.6266521 0.4256525 0.6527841 0.6266322 0.4864582 0.6088436 0.6265251 0.3971592 0.6706197 0.6265528 0.5097424 0.5895713 0.6265644 0.5601819 0.5418611 0.6266654 0.593988 0.504449 0.6265586 0.6061878 0.4898579 0.6266474 0.5427418 0.5592356 0.6265245 0.6474123 0.4339638 0.6266337 0.6795895 0.3814295 0.6263849 0.6836394 0.3745384 0.6266176 0.6397743 0.4450161 0.6267673 0.7130295 0.3142478 0.6265521 0.7735538 -0.09511607 0.6266058 0.7690473 -0.1262204 0.6265934 0.7619878 -0.1635704 0.6266236 0.7389389 0.2476129 0.6265984 0.71407 0.3122156 0.6266247 0.7400348 0.2443153 0.6267082 0.7600277 0.1720317 0.6263842 0.7582464 0.1808465 0.6266183 0.7788962 -0.02588939 0.6265671 0.7776514 -0.05169296 0.6266616 0.7730893 0.09812408 0.6264625 0.7712723 0.112623 0.6264719 0.7782276 0.04352957 0.626625 0.7789717 0.02332782 0.6266565 0.7533087 -0.199569 0.6265225 0.7444589 -0.2307609 0.6266102 0.7306621 -0.2710956 0.6266183 0.7012034 -0.3400932 0.6264923 0.7209882 -0.2961142 0.6264999 0.1381772 0.7670757 0.6266099 0.6917014 -0.3590393 0.6265761 0.6570213 -0.4191963 0.6265988 0.6652652 -0.4059512 0.6266064 0.623143 -0.4680357 0.6265822 0.6171036 -0.476002 0.6266062 0.5752511 -0.5257861 0.6264453 0.5721236 -0.5293778 0.6267861 0.5218269 -0.5786502 0.6267579 0.5227051 -0.5778876 0.626646 0.4640096 -0.6261069 0.6266194 0.4695234 -0.6220096 0.6264218 0.4122967 -0.6615188 0.6266634 0.4016005 -0.6678399 0.6266107 0.3517085 -0.6954569 0.6266392 0.3355246 -0.7033823 0.6265942 0.2663489 -0.7324193 0.6265826 0.2884338 -0.7240167 0.6265938 0.2228814 -0.7467958 0.6266127 0.07491695 0.7757216 0.6266433 0.06898182 0.7762473 0.6268308 4.21968e-4 0.7791554 0.6266645 2.09566e-5 0.7792893 0.6263555 -0.06904757 0.7764737 0.6266381 -0.07492876 0.7756999 0.6266354 -0.1491762 0.7649016 0.626415 -0.1380931 0.7671602 0.6265431 -0.2058722 0.751705 0.626572 -0.2220475 0.7470627 0.6265747 -0.2719531 0.7303736 0.6266291 -0.2928374 0.7222065 0.6266373 -0.3609223 0.6906958 0.6266216 -0.3358648 0.7032355 0.6265105 -0.3971477 0.6706402 0.6266522 -0.4256577 0.6527807 0.6264795 -0.4552727 0.6326534 0.6266296 -0.4864666 0.6088396 0.6266061 -0.5427661 0.5592582 0.6266157 -0.5097055 0.5895364 0.6265436 -0.5601877 0.541879 0.6266974 -0.5939835 0.5044145 0.6265428 -0.6061909 0.4898744 0.6266002 -0.6397862 0.4450236 0.6266949 -0.6795678 0.3813676 0.6264786 -0.6474239 0.4340125 0.62621 -0.6837067 0.3747082 0.6265908 -0.7131473 0.3143326 0.6266357 -0.7139905 0.3123225 0.6265019 -0.738915 0.247992 0.6266521 -0.7400166 0.2443003 0.6260753 -0.758403 0.1812587 0.6264218 -0.7712942 0.1126993 0.6266892 -0.7600526 0.1719908 0.6265802 -0.7781402 0.04353511 0.6266864 -0.7730703 0.09811484 0.626658 -0.7789456 0.02331727 0.6265771 -0.7789294 -0.02588808 0.6266129 -0.7735054 -0.09510904 0.6266152 -0.7776128 -0.05168861 0.626615 -0.7619705 -0.1635684 0.6266472 -0.7690135 -0.1262205 0.6266034 -0.7533484 -0.1995859 0.6265741 -0.7444234 -0.2307354 0.6265775 -0.720932 -0.2960704 0.6266637 -0.7306188 -0.2710883 0.6264739 -0.6918006 -0.3590857 0.6266642 -0.7011655 -0.3400868 0.6266466 -0.6652283 -0.4059376 0.6264391 -0.6571153 -0.4192537 0.6260599 -0.6174243 -0.4762735 0.6267458 -0.6230213 -0.468011 0.626628 -0.5721295 -0.5291552 0.6266398 -0.5752032 -0.5257983 0.6267094 -0.5232139 -0.5774796 0.6267901 -0.5219649 -0.5785214 0.6265516 -0.463994 -0.626213 0.6262508 -0.4698892 -0.6221047 0.6265107 -0.4122864 -0.6614412 0.6266145 -0.4016076 -0.6678814 0.6265498 -0.3517427 -0.6954945 0.6266132 -0.3355276 -0.703404 1.56502e-4 0.5503038 0.8349645 1.14335e-4 0.4640947 0.8857856 8.3132e-5 0.5504217 0.8348868 0 0.3728798 0.9278797 0 0.4640737 0.8857967 0 0.372879 0.92788 5.65051e-6 0.7057621 0.708449 -4.65421e-4 0.7733256 0.634009 -6.59193e-4 0.7728974 0.6345309 1.44114e-4 0.7056288 0.7085817 -3.44515e-5 0.6312115 0.7756108 -1.86502e-4 0.631352 0.7754965 8.12428e-6 0.9264544 0.3764071 2.38168e-5 0.8840884 0.4673197 -5.38376e-5 0.9264801 0.376344 4.94317e-4 0.884001 0.467485 -1.61546e-5 0.8327341 0.5536733 4.39212e-6 0.83283 0.5535289 2.4813e-5 0.9964027 0.084746 -2.17045e-5 0.9964039 0.08473074 5.63284e-5 0.9828869 0.1842105 6.07931e-5 0.959514 0.2816611 -1.03208e-4 0.9828782 0.1842566 4.12759e-5 0.9594892 0.2817459 -4.42375e-5 0.9932652 -0.1158642 2.30102e-4 0.9766962 -0.2146264 1.46777e-4 0.976748 -0.2143907 -2.6481e-4 0.9998825 -0.01533323 -1.14363e-4 0.99988 -0.0155006 -3.98795e-5 0.9933147 -0.1154384 -7.3155e-5 0.8692423 -0.4943863 -1.42079e-6 0.9143766 -0.4048646 -1.52446e-4 0.8691819 -0.4944927 4.8249e-5 0.9143998 -0.4048124 3.68879e-6 0.9503336 -0.3112332 -1.80601e-4 0.9502847 -0.3113822 -8.72871e-5 0.6834148 -0.7300303 -7.26304e-5 0.6836045 -0.7298527 8.63257e-5 0.7531773 -0.6578177 4.30975e-5 0.8152139 -0.57916 3.16744e-4 0.7533075 -0.6576684 -1.86097e-6 0.8153383 -0.578985 -8.82668e-5 0.5242577 -0.8515598 9.12836e-5 0.4362262 -0.8998371 6.57583e-5 0.4365007 -0.899704 9.27849e-5 0.6070225 -0.7946848 3.85363e-5 0.606941 -0.7947469 -1.97028e-5 0.5243154 -0.8515242 5.99127e-4 0.1502581 -0.9886466 -1.07742e-5 0.2481355 -0.9687254 6.31596e-5 0.1499047 -0.9887005 -4.60951e-5 0.2483519 -0.9686699 -3.26174e-4 0.3442094 -0.9388929 -1.70751e-4 0.3439339 -0.9389938 -6.02886e-5 -0.14998 -0.9886891 -1.40272e-4 -0.1498501 -0.9887087 2.63844e-6 -0.05015438 -0.9987415 2.76095e-5 0.05018323 -0.9987401 1.2512e-4 -0.05000495 -0.998749 -2.66172e-6 0.05015432 -0.9987415 3.26236e-4 -0.3442104 -0.9388926 -6.61499e-5 -0.4365018 -0.8997035 -4.20533e-5 -0.4362992 -0.8998017 2.68966e-5 -0.2480456 -0.9687484 1.20543e-5 -0.2482675 -0.9686916 1.70777e-4 -0.3439344 -0.9389938 8.72847e-5 -0.6834147 -0.7300304 -9.3253e-5 -0.6070227 -0.7946846 -7.21269e-6 -0.6835206 -0.7299312 -3.83219e-5 -0.6069411 -0.7947469 8.87105e-5 -0.5242574 -0.8515598 1.89835e-5 -0.524316 -0.8515238 1.507e-4 -0.8692676 -0.494342 1.52754e-4 -0.8691815 -0.4944933 8.27276e-6 -0.8154469 -0.578832 -2.30794e-5 -0.7532131 -0.6577767 -1.02036e-5 -0.815293 -0.5790489 -4.9306e-4 -0.7530241 -0.657993 -2.93052e-6 -0.9503338 -0.3112325 -3.97857e-4 -0.9767749 -0.2142679 -4.06473e-5 -0.9767258 -0.2144921 -2.87218e-5 -0.9143626 -0.4048966 1.10415e-5 -0.9143712 -0.404877 -3.00527e-5 -0.950343 -0.3112049 3.97918e-5 -0.9933146 -0.1154391 1.14366e-4 -0.99988 -0.01550018 3.19214e-5 -0.9932757 -0.1157729 -2.37931e-5 -0.9964027 0.08474612 2.64815e-4 -0.9998825 -0.01533275 2.15144e-5 -0.9964039 0.08473122 2.466e-5 -0.9828953 0.184165 2.91056e-5 -0.9828886 0.1842008 7.94255e-6 -0.9594962 0.2817217 1.34208e-4 -0.9265232 0.3762377 6.90073e-5 -0.9595139 0.2816618 4.83907e-5 -0.9264263 0.3764762 -1.47e-4 -0.8841201 0.4672598 -4.94228e-4 -0.8840014 0.4674842 -2.89971e-5 -0.8329065 0.5534138 4.65135e-4 -0.773325 0.6340096 5.37906e-6 -0.8327856 0.5535956 2.68939e-4 -0.7730614 0.6343312 -3.46063e-5 -0.705787 0.7084242 -1.42959e-4 -0.7056276 0.7085829 7.71313e-5 -0.6312842 0.7755517 -8.39954e-5 -0.5504208 0.8348875 1.03488e-4 -0.6311625 0.7756507 -3.06151e-5 -0.5503532 0.8349321 -1.14335e-4 -0.4640938 0.8857861 0 -0.4640741 0.8857965 0 -0.3728834 0.9278783 0 -0.3728842 0.927878 -0.5579266 -0.7503055 -0.3546262 -0.5579293 -0.799444 -0.2227203 -0.6896263 -0.6745511 -0.2634323 -0.0840699 0.7857998 -0.6127405 -0.2508385 0.7633793 -0.5952581 -0.08457946 0.878012 -0.4711064 0.2509359 -0.9629834 -0.09845888 0.08407199 -0.9912921 -0.1013509 0.2509328 -0.9324929 -0.259788 -0.2507891 -0.9630212 -0.09846293 -0.2505913 -0.9658605 0.06570822 -0.4103138 -0.9098414 0.06189763 -0.5579178 -0.8255923 -0.08441066 -0.6895889 -0.7083804 -0.150547 -0.08408075 -0.9684314 0.2346723 -0.08407163 -0.9148408 0.3949664 -0.2507869 -0.8887513 0.3837019 0.08406877 -0.9941622 0.0676307 0.2505928 -0.9658601 0.06570816 -0.2509409 -0.940775 0.2279722 -0.4102655 -0.8863145 0.2147761 -0.6896179 -0.7233898 -0.0336821 -0.5579089 -0.8279885 0.05632883 -0.0840789 -0.8349332 0.543891 -0.2509437 -0.8110874 0.5283603 -0.5579118 -0.8065569 0.1954497 -0.6895911 -0.7193002 0.0840916 -0.4102715 -0.837266 0.3614735 0.250991 -0.9407621 0.2279699 0.08408033 -0.9684305 0.2346763 -0.2508466 -0.7101462 0.6578513 -0.08407235 -0.731003 0.6771754 -0.5579152 -0.7619223 0.3289455 -0.6896126 -0.6775829 0.2555696 -0.4102678 -0.7641348 0.4977734 0.557911 -0.8065573 0.1954499 0.6896449 -0.6775488 0.255573 0.5579494 -0.761901 0.3289367 -0.08406955 -0.606047 0.7909737 -0.2507866 -0.5887631 0.7684168 -0.6896171 -0.7182487 -0.09245014 0.2507961 -0.7101556 0.6578605 0.2508442 -0.8111086 0.5283749 0.4101776 -0.764169 0.4977953 -0.4102261 -0.6690325 0.6197662 -0.08444815 -0.4636604 0.8819794 -0.2509387 -0.4504886 0.8567904 -0.5579126 -0.6953721 0.4529803 -0.6896439 -0.6271343 0.362069 0.4103181 -0.6690025 0.6197377 0.2508371 -0.5887553 0.7684062 -0.6896439 -0.2790678 0.6682159 -0.6003257 -0.2471233 0.7606177 -0.6896347 -0.2237734 0.6887158 -0.4101834 -0.5546802 0.7239333 -0.6896211 -0.332505 0.6433221 -0.5579515 -0.3861386 0.734566 -0.5579497 -0.6087967 0.5639671 -0.6896418 -0.5601142 0.4589841 -0.6896216 -0.4782774 0.543758 -0.5579487 -0.5047301 0.6587419 -0.1742427 -0.3042886 0.9365085 -0.2886649 -0.2958618 0.9105703 -0.6896494 -0.4324243 0.5808554 -0.68963 -0.3837465 0.6141247 -0.4103223 -0.4243021 0.8072196 -0.3983967 -0.2834348 0.8723216 -0.502825 -0.2671113 0.822082 -0.6896507 -0.5209029 0.5030329 -0.6896274 -0.5955989 0.4119177 -0.05845785 -0.3084879 0.9494304 0.410228 -0.5546683 0.7239173 0.2509499 -0.4504433 0.8568109 0.08441382 -0.4637424 0.8819395 0.05840885 -0.3084889 0.949433 0.1747287 -0.3042635 0.936426 0.2892059 -0.2958108 0.9104153 0.4102656 -0.4243848 0.8072049 0.3984353 -0.2834291 0.8723057 0.5579203 -0.3861542 0.7345814 0.5579407 -0.5047338 0.6587458 0.6896005 -0.3837699 0.6141432 0.6003421 -0.2471338 0.7606014 0.5027596 -0.2671225 0.8221183 0.689645 -0.2790685 0.6682145 0.6896352 -0.2237794 0.6887135 -0.08406984 -0.994162 0.06763315 -0.6896126 -0.6229073 -0.3693522 -0.5579165 -0.6795868 -0.4763308 -0.2507864 -0.9325296 -0.2597979 -0.4102198 -0.9072569 -0.09276074 -0.08407175 -0.991292 -0.1013524 0.557939 -0.7502976 -0.3546233 0.5579412 -0.7994365 -0.2227175 0.4101796 -0.8785476 -0.2447587 -0.5579473 -0.5892968 -0.5843152 -0.6895993 -0.554769 -0.4654935 -0.4102714 -0.8785079 -0.2447476 -0.2507938 -0.8752079 -0.4136587 -0.08406913 -0.9599052 -0.2674219 0.4103175 -0.8244898 -0.3896874 0.5579295 -0.67958 -0.4763253 -0.6895862 -0.4719313 -0.5493195 -0.5579289 -0.4820774 -0.6755123 -0.2507916 -0.7927107 -0.5556198 -0.4101339 -0.8245645 -0.3897225 -0.08407807 -0.9009003 -0.4258047 0.4102271 -0.7468065 -0.5234442 0.557915 -0.5893114 -0.5843312 -0.6896091 -0.376586 -0.6185649 -0.557954 -0.3609738 -0.7472518 -0.2507968 -0.6874067 -0.6815959 -0.4102272 -0.7468066 -0.5234439 -0.08407098 -0.8159832 -0.5719296 0.5579315 -0.482078 -0.6755097 0.4102253 -0.647602 -0.642127 -0.5579317 -0.2294988 -0.7975227 -0.6896288 -0.271272 -0.6714341 -0.4103162 -0.6475736 -0.6420974 -0.2507373 -0.5623385 -0.7879762 -0.08407902 -0.7075869 -0.7016065 0.2509316 -0.5623064 -0.7879371 0.4101302 -0.5297916 -0.7423707 0.2508451 -0.6873982 -0.6815868 -0.689588 -0.1587862 -0.7065801 -0.5579439 -0.09141373 -0.8248286 -0.4102217 -0.5297679 -0.742337 -0.2510386 -0.421047 -0.8716072 -0.08407098 -0.5788393 -0.8110963 0.4102168 -0.3966923 -0.8211926 0.2508428 -0.4210696 -0.8716526 -0.6895987 -0.04209727 -0.7229672 -0.5579149 0.04929941 -0.8284326 -0.2509382 -0.2676956 -0.9302522 -0.4103108 -0.3966753 -0.8211541 0.6895939 -0.04209619 -0.7229717 0.557939 -0.09141623 -0.8248316 0.5579432 0.04929405 -0.8284139 0.2509887 -0.2676935 -0.9302392 0.4101356 -0.2522149 -0.8764568 -0.6895918 0.4524574 -0.5654605 -0.5579283 0.4470543 -0.6991842 -0.6896503 0.4049419 -0.600337 -0.08408147 -0.4334338 -0.8972544 0.6896067 0.1340188 -0.7116751 0.689595 0.07571506 -0.7202264 -0.2509418 -0.1066314 -0.9621112 -0.4103204 -0.252192 -0.8763769 -0.6895974 0.07571804 -0.7202237 -0.5579154 0.1885938 -0.8081849 -0.0840699 -0.2755673 -0.9575985 0.2507923 0.376141 -0.891976 0.2507367 0.2199889 -0.942728 0.08442562 0.2264378 -0.9703599 -0.4102703 -0.1004586 -0.906414 -0.2505971 0.05750519 -0.9663821 -0.5579559 0.322454 -0.7646625 -0.6895949 0.2476677 -0.6805289 -0.0840767 -0.1097679 -0.990395 -0.6896162 0.3547607 -0.6313276 -0.4101751 0.05417358 -0.9103963 -0.2507842 0.2199861 -0.9427161 0.08407461 0.3871844 -0.9181611 0.2507435 0.5214821 -0.8155882 -0.08407747 0.05919176 -0.9946997 -0.5579513 0.5587764 -0.6135628 -0.410223 0.207247 -0.888125 -0.2508412 0.3761364 -0.8919643 0.0840764 0.536785 -0.8395196 0.2509382 0.6517817 -0.7156889 -0.08407163 0.2264452 -0.9703889 -0.6896052 0.538163 -0.4845879 -0.5579168 0.6544495 -0.5103184 -0.2507437 0.5214824 -0.815588 -0.4101811 0.3543676 -0.8403424 -0.08407366 0.3871849 -0.9181609 -0.557916 0.7312808 -0.3923751 -0.6896396 0.6096047 -0.39087 -0.4102205 0.4912792 -0.7683515 -0.2509372 0.6517819 -0.7156893 -0.0840758 0.5367856 -0.8395193 0.5579196 0.5587913 -0.6135782 0.4102243 0.6140634 -0.6742717 0.5579324 0.6544414 -0.5103117 -0.6896043 0.6649578 -0.2868399 -0.5579127 0.7870755 -0.2631462 -0.4101774 0.6140775 -0.6742874 -0.08407652 0.6709422 -0.7367278 0.4102284 0.7191819 -0.5607941 0.5579304 0.7312723 -0.3923704 -0.5579416 0.820207 -0.1263402 -0.6896007 0.7026798 -0.1751915 -0.4102751 0.7191652 -0.5607815 -0.2506891 0.8530322 -0.4577021 0.4101287 0.8036514 -0.4312065 0.5579265 0.7870671 -0.2631416 -0.4102665 0.8035963 -0.4311782 -0.2506873 0.9181142 -0.3069567 0.4102259 0.9013535 -0.1388398 0.2509332 0.9180538 -0.3069363 0.2506961 0.9567812 -0.1473813 -0.689589 0.7218006 -0.05891358 -0.5579153 0.8297783 0.01409482 -0.2507954 0.9679005 0.01644158 -0.4103651 0.91179 0.01548439 -0.2509858 0.9511516 0.1797689 -0.6896123 0.7023976 0.1762743 -0.5579113 0.7776867 0.2897214 -0.5579295 0.8154518 0.1541209 0.2509371 0.951164 0.1797711 0.2507954 0.9071365 0.3379424 0.4103149 0.8545685 0.318362 -0.2508422 0.9071243 0.3379405 -0.4102205 0.8961216 0.1693676 -0.08407932 0.9337667 0.3478654 -0.08407938 0.9791241 0.1850585 -0.5579318 0.7175266 0.4169746 -0.6896094 0.6082419 0.3930404 -0.557953 0.6367232 0.5322333 0.250794 0.627128 0.7374367 0.08407026 0.7645406 0.6390697 0.08407443 0.6455403 0.7590845 -0.557949 0.02113729 0.829606 -0.6896542 0.009889364 0.7240713 -0.6895984 -0.04941433 0.7225042 -0.2509393 0.7427064 0.6208195 -0.4102297 0.6997238 0.5848917 -0.2509439 0.6271027 0.7374072 0.4102307 0.02322757 0.911686 0.4102212 0.1769699 0.894651 0.2508401 0.1878449 0.9496282 -0.5579116 0.5376368 0.6322036 -0.6896101 0.4013113 0.602816 -0.5579372 0.4230517 0.7139562 -0.08407318 0.6455407 0.7590842 -0.5579419 0.2963059 0.7751797 -0.6896005 0.185849 0.6999366 -0.5579275 0.1610369 0.8141155 -0.6896126 0.2975649 0.6602194 -0.2509507 -0.1392031 0.9579386 -0.4102916 -0.1311622 0.9024729 -0.5579446 -0.1193732 0.8212479 -0.6895994 -0.1666487 0.7047559 -0.6896105 0.06915575 0.720871 0.2509908 0.02465432 0.9676755 0.4102652 -0.1311271 0.90249 -0.08407449 0.02538102 0.9961362 -0.08407157 0.1933619 0.9775189 -0.2505939 0.1878574 0.9496907 0.2507448 0.4934865 0.8328256 0.08408141 0.5079687 0.857262 -0.08407068 0.7645407 0.6390694 -0.08407282 0.8615458 0.5006703 -0.2509401 0.8369415 0.4863724 0.6896051 0.06913959 0.7208777 0.5579391 0.1610371 0.8141076 0.5579159 0.02113717 0.8296284 0.410227 0.3256207 0.8518716 0.2507931 0.3456353 0.9042341 0.08407425 0.3557803 0.9307802 0.5579335 -0.1193713 0.8212556 0.6895998 -0.1666501 0.7047552 0.6896495 -0.1083962 0.7159845 0.6896166 -0.04941695 0.7224867 -0.6896219 0.4942923 0.5292418 -0.4102712 0.7884903 0.4582148 -0.4102248 0.8546066 0.3183759 0.2507911 0.742735 0.620845 0.5579498 0.636726 0.5322331 0.6895942 0.6082522 0.3930512 0.5579254 0.717529 0.416979 -0.08408033 0.9963153 0.01692372 -0.250747 0.9567686 -0.1473765 -0.08407539 0.9848436 -0.1517049 -0.6896098 0.3505948 0.6336573 -0.6896299 0.664204 0.28852 0.2507448 0.9679136 0.01643878 0.4102195 0.8961218 0.1693682 0.4102281 0.9118516 0.01548588 -0.08406913 0.9450396 -0.3159628 -0.4102711 0.9013335 -0.1388372 -0.4101788 0.8649442 -0.2891797 -0.6896425 0.7217184 0.05929321 0.410224 0.8649251 -0.289173 0.2507871 0.8530096 -0.4576904 -0.6896447 -0.6545032 0.3098644 0.08406919 -0.6060481 0.790973 0.5579397 -0.6088027 0.5639703 0.68962 -0.4782857 0.5437527 0.6896358 -0.332507 0.6433053 -0.6896024 -0.6961302 0.1996279 0.08442801 -0.7309811 0.6771547 0.5579456 -0.6953538 0.452968 0.6896172 -0.5601317 0.4589996 0.6896366 -0.4324297 0.5808666 -0.689603 -0.7100687 0.1423036 0.0840786 -0.8349318 0.5438933 0.6896486 -0.6271336 0.3620611 0.2506884 -0.8887749 0.3837118 0.6896435 -0.5209071 0.5030385 -0.6895982 -0.7237515 0.02526336 0.08407181 -0.9148417 0.394964 0.4102718 -0.837266 0.3614731 0.6896454 -0.5955862 0.4119056 -0.6896449 -0.6937226 -0.2076992 0.4102636 -0.8863156 0.2147756 0.6896081 -0.6961231 0.1996329 0.6896468 -0.654501 0.3098642 -0.6896493 -0.6508539 -0.3174479 0.4102671 -0.9098625 0.06189882 0.5579123 -0.8279861 0.05632805 0.6896027 -0.7192903 0.08408051 0.6895933 -0.7100771 0.1423084 -0.6896229 -0.5907782 -0.4188097 0.5579239 -0.8255882 -0.08441084 0.4102211 -0.9072563 -0.09276109 0.6896017 -0.7234051 -0.03368514 0.689593 -0.7237565 0.02526259 -0.6896563 -0.5150141 -0.5090529 0.0840699 -0.9599047 -0.2674231 0.2507452 -0.8752195 -0.4136636 0.6895999 -0.7083688 -0.1505513 0.6896376 -0.7182306 -0.09243857 -0.6896072 -0.4256709 -0.5858722 0.08407795 -0.9009018 -0.4258016 0.2509394 -0.7926793 -0.5555979 0.6895893 -0.6745821 -0.2634494 0.6896048 -0.693759 -0.2077108 -0.6896435 -0.3250061 -0.6471189 0.08407139 -0.8159818 -0.5719317 0.6895893 -0.6229224 -0.3693703 0.6895908 -0.6509034 -0.3174735 -0.6896365 -0.2157626 -0.6912655 0.0840792 -0.7075893 -0.7016041 0.689584 -0.5547735 -0.4655109 0.6896503 -0.5907545 -0.4187979 -0.6896405 -0.1007913 -0.7171033 0.08457678 -0.5788119 -0.8110634 0.5579479 -0.3609758 -0.7472554 0.6895976 -0.376582 -0.61858 0.6896036 -0.4719163 -0.5493103 0.6896097 -0.5150411 -0.5090886 -0.689618 0.01683932 -0.7239776 0.08408147 -0.433438 -0.8972523 0.5579215 -0.2295025 -0.7975288 0.6895868 -0.2712837 -0.6714725 0.689599 -0.4256734 -0.5858799 -0.6896095 0.1340246 -0.7116714 0.08406943 -0.2755643 -0.9575995 0.6895914 -0.1587948 -0.7065748 0.2509402 -0.1066315 -0.9621117 0.6896479 -0.3249954 -0.6471197 -0.6896451 0.1914965 -0.6983687 0.08443212 -0.1097666 -0.9903649 0.410224 -0.1004605 -0.9064348 0.2507939 0.05750173 -0.9663313 0.6896454 -0.2157462 -0.6912618 -0.6896031 0.3022425 -0.6581011 0.08407539 0.05919051 -0.9947 0.4101302 0.05417478 -0.9104167 0.6895928 0.01683771 -0.7240015 0.6896144 -0.1007995 -0.7171273 -0.6896405 0.4969447 -0.5267276 0.4102703 0.2072427 -0.888104 0.5579398 0.1885903 -0.8081689 -0.6896368 0.575793 -0.4391624 0.4101787 0.3543681 -0.8403432 0.5579165 0.3224629 -0.7646875 0.6896251 0.247665 -0.6804993 0.6895906 0.1915193 -0.6984161 -0.6896248 0.639402 -0.3399745 0.5579392 0.4470501 -0.6991782 0.4103131 0.4912571 -0.7683162 0.6895891 0.3547728 -0.6313503 0.6896219 0.3022347 -0.6580849 -0.6896038 0.6860913 -0.2317875 0.08407568 0.6709412 -0.7367287 0.2509367 0.763359 -0.5952427 0.6895942 0.452462 -0.5654538 0.6896523 0.4049381 -0.6003373 -0.6896405 0.7145644 -0.1174468 0.08406984 0.7858007 -0.6127395 0.6895934 0.5381805 -0.4845851 0.6896322 0.4969556 -0.5267282 -0.6896259 0.7241659 -4.70364e-6 0.0840736 0.8780502 -0.4711257 0.6896128 0.6096276 -0.3908816 0.6896367 0.5757954 -0.4391592 -0.6895944 0.7144921 0.1181549 0.08406937 0.9450402 -0.315961 0.5579229 0.8202192 -0.1263436 0.6896033 0.7026776 -0.1751901 0.6895858 0.664978 -0.2868376 0.6896454 0.6393892 -0.3399568 -0.6896262 0.6856042 0.2331577 0.08443105 0.9848138 -0.1517013 0.5579149 0.8297786 0.01409292 0.689589 0.7218009 -0.05891209 0.689637 0.6860631 -0.2317722 -0.6895969 0.6383973 0.3419138 0.08408063 0.9963154 0.01692247 0.5579177 0.8154598 0.1541209 0.6896426 0.7217184 0.05929464 0.6896563 0.714551 -0.1174356 -0.6896273 0.5740245 0.4414862 0.08458507 0.9790821 0.1850506 0.55795 0.7776623 0.2897123 0.6896107 0.7023993 0.1762738 0.6896258 0.7241659 -3.53996e-6 -0.689601 0.5359597 0.4870295 0.08407855 0.9337673 0.3478642 0.6896224 0.6642092 0.2885258 0.2510401 0.8369191 0.4863595 0.6895996 0.7144864 0.1181595 -0.6896218 0.4492856 0.5679476 0.08407205 0.8615458 0.5006705 0.4101781 0.7885262 0.4582362 0.6896241 0.6856078 0.2331537 -0.6896482 0.242489 0.6823376 0.41023 0.6997237 0.5848917 0.6895872 0.57406 0.4415026 0.6896364 0.6383601 0.3419036 -0.6896305 0.1279073 0.712776 -0.4101816 0.5908257 0.694749 0.5579098 0.2963131 0.7752001 0.4102743 0.5907984 0.6947174 0.5579577 0.5376147 0.6321817 0.6896268 0.494297 0.529231 0.6896294 0.535943 0.4870077 -0.2509907 0.4934545 0.8327704 -0.08408075 0.5079665 0.8572633 -0.4102195 0.4649052 0.7845911 0.4103133 0.4648833 0.784555 0.5579384 0.4230514 0.7139555 0.6895838 0.4013324 0.6028321 0.689601 0.4492938 0.5679663 -0.2508413 0.3456306 0.9042225 -0.08407628 0.3557804 0.9307801 -0.410229 0.3256204 0.8518707 0.6896259 0.2975693 0.6602035 0.6896355 0.3505822 0.6336364 -0.4102223 0.1769695 0.8946505 0.08407199 0.1933615 0.9775189 0.6896091 0.185852 0.6999274 0.689648 0.2424882 0.682338 -0.2509433 0.0246548 0.9676878 -0.4102752 0.02322721 0.911666 0.08446651 -0.1433562 0.9860601 -0.0844326 -0.1432635 0.9860765 0.08407533 0.02538108 0.9961362 0.6895899 0.1279059 0.7128155 -0.6896279 -0.1084011 0.7160047 0.2509495 -0.1392033 0.9579389 0.6896522 0.009886562 0.7240733 0 0.9964798 -0.08383458 0 1 0 0 1 -4.96103e-7 -3.37832e-4 0.9444189 -0.3287445 1.4027e-5 0.9686015 -0.2486186 5.91588e-6 0.968566 -0.2487571 0 0.9859965 -0.1667667 0 0.9965072 -0.08350741 1.03789e-4 0.9859948 -0.166776 -1.70562e-4 0.8762776 -0.4818068 4.40976e-5 0.8329868 -0.5532929 -9.54411e-5 0.876325 -0.4817203 -1.15759e-4 0.9443637 -0.3289034 1.10882e-5 0.9135172 -0.4068002 -2.70759e-6 0.9135403 -0.4067485 3.42677e-5 0.7290328 -0.6844788 1.1127e-5 0.7289415 -0.6845761 -4.39517e-5 0.6691442 -0.7431326 -1.25373e-4 0.7837259 -0.6211069 6.3472e-6 0.8329083 -0.5534111 -5.81706e-5 0.7836807 -0.6211639 4.37264e-5 0.4633576 -0.8861715 -3.15416e-6 0.5358281 -0.8443271 -1.67532e-4 0.5357726 -0.8443624 1.03676e-5 0.6045804 -0.7965442 1.12064e-5 0.6046153 -0.7965177 -4.21611e-5 0.6691204 -0.743154 9.65886e-6 0.3090009 -0.9510618 -2.01934e-5 0.2283601 -0.9735768 3.03015e-5 0.3090604 -0.9510425 2.35838e-5 0.4632545 -0.8862254 -7.43894e-7 0.3875159 -0.921863 -5.7959e-5 0.3875381 -0.9218537 -7.23589e-5 0.06282603 -0.9980245 -8.42281e-5 0.0627585 -0.9980288 5.21024e-5 -0.02088153 -0.999782 8.11532e-5 0.146189 -0.9892567 7.56001e-6 0.2283539 -0.9735783 2.68905e-5 0.1460404 -0.9892786 5.66966e-6 -0.2689227 -0.9631618 7.16061e-5 -0.1872999 -0.9823028 1.12293e-5 -0.1873972 -0.9822843 -5.66582e-5 -0.104549 -0.9945198 -3.92536e-5 -0.10451 -0.994524 3.78282e-5 -0.02099692 -0.9997795 -4.13007e-5 -0.4257948 -0.9048198 3.41482e-5 -0.4999716 -0.8660419 -2.95683e-5 -0.4257645 -0.904834 -8.34349e-5 -0.2689528 -0.9631534 1.32232e-5 -0.348587 -0.9372765 7.88387e-5 -0.3485031 -0.9373076 3.43232e-5 -0.6374026 -0.7705309 4.51445e-5 -0.6374601 -0.7704834 -3.69509e-5 -0.6996474 -0.7144884 1.75368e-6 -0.5707151 -0.8211482 4.79227e-5 -0.5000481 -0.8659977 -4.09936e-5 -0.570729 -0.8211385 3.44359e-5 -0.8553502 -0.5180501 1.72295e-7 -0.8090173 -0.5877849 -9.63768e-5 -0.8090433 -0.5877491 5.09031e-5 -0.757025 -0.6533859 5.96351e-5 -0.7569669 -0.6534534 -3.81824e-5 -0.6996756 -0.7144607 1.31628e-5 -0.9297806 -0.3681142 -1.90882e-5 -0.957316 -0.2890436 4.65908e-5 -0.9297651 -0.3681536 7.06133e-5 -0.855399 -0.5179697 -3.6885e-6 -0.8957126 -0.4446336 0 -0.8957121 -0.4446346 -2.29564e-5 -0.9921126 -0.1253494 -4.17226e-5 -0.9921177 -0.1253097 2.77841e-5 -0.9991222 -0.04189205 5.97539e-5 -0.9781399 -0.2079484 1.00455e-5 -0.957318 -0.2890372 7.20932e-5 -0.9781595 -0.2078557 -3.48229e-5 -0.9781534 0.2078849 4.12906e-5 -0.9921177 0.1253095 2.3423e-5 -0.9921127 0.1253497 -2.79457e-5 -0.9991222 0.04189217 -4.6188e-5 -0.9991244 0.04184055 4.64497e-5 -0.9991243 -0.04184061 -4.72243e-5 -0.9297648 0.3681542 4.492e-6 -0.8957129 0.444633 -1.32674e-5 -0.9297806 0.3681144 -6.00724e-5 -0.9781398 0.2079491 1.82826e-5 -0.957316 0.2890436 3.22685e-5 -0.9573242 0.2890167 5.43429e-5 -0.8090317 0.587765 3.98157e-5 -0.8090032 0.5878043 -4.93349e-5 -0.7570241 0.6533871 -2.31038e-6 -0.8553655 0.518025 3.96918e-5 -0.8957003 0.4446582 2.70153e-6 -0.8553652 0.5180255 4.1164e-5 -0.5707293 0.8211384 -1.21761e-5 -0.6374336 0.7705054 -6.71714e-5 -0.6373805 0.7705492 -4.21002e-5 -0.699681 0.7144554 4.01554e-5 -0.6996764 0.7144599 -1.92153e-5 -0.7569856 0.6534317 7.5154e-5 -0.4257422 0.9048445 -1.4585e-5 -0.3485878 0.9372763 4.59882e-5 -0.4257965 0.904819 3.85733e-5 -0.5706955 0.8211619 -3.64922e-5 -0.4999701 0.8660427 -1.79693e-5 -0.5000184 0.8660149 1.42523e-5 -0.1873611 0.9822911 -1.16762e-5 -0.1873677 0.9822899 5.42486e-5 -0.1045483 0.9945199 8.36845e-5 -0.2689531 0.9631533 -1.24574e-5 -0.3485609 0.9372862 3.52559e-5 -0.268902 0.9631676 8.12642e-5 0.06275999 0.9980287 -4.95768e-5 -0.02088433 0.999782 1.11554e-4 0.0628457 0.9980232 -3.58974e-5 -0.02099418 0.9997796 3.69784e-5 -0.1045104 0.9945239 -5.07348e-5 0.1461499 0.9892625 -5.06428e-5 0.1460018 0.9892843 1.9727e-5 0.2283602 0.9735768 7.94892e-5 0.2283226 0.9735856 -1.00218e-5 0.3089991 0.9510624 -2.93066e-5 0.3090592 0.9510428 1.82919e-5 0.3875222 0.9218605 9.36732e-5 0.3874877 0.9218749 -4.39252e-5 0.4633575 0.8861715 -2.3623e-6 0.4632917 0.886206 7.94837e-5 0.535801 0.8443444 3.063e-6 0.5358279 0.8443273 -3.48856e-5 0.6046504 0.796491 -9.05874e-6 0.6045826 0.7965425 4.44164e-5 0.6691444 0.7431324 1.30395e-4 0.6690989 0.7431735 1.31479e-6 0.7289726 0.6845429 -2.12615e-6 0.7289726 0.684543 3.71347e-5 0.7837029 0.621136 -3.16412e-5 0.7837008 0.6211387 -1.10386e-5 0.8329378 0.5533668 -2.0016e-5 0.8328829 0.5534493 1.70325e-4 0.876277 0.4818076 2.26015e-4 0.8763505 0.481674 1.36434e-5 0.9135226 0.4067882 -1.10468e-5 0.9135181 0.4067983 3.38121e-4 0.9444191 0.328744 2.48988e-4 0.9443489 0.3289455 -5.94002e-6 0.9685657 0.2487581 -1.27603e-5 0.9686014 0.2486194 0 0.9859965 0.1667662 -1.03779e-4 0.9859949 0.1667757 0 0.9964798 0.08383417 0 0.9964798 0.08383482 -8.27236e-5 0.9990769 0.0429601 -7.43179e-5 0.9990723 0.04306697 8.25578e-5 0.9990769 -0.04295992 3.92986e-5 0.9916808 0.1287222 -1.12711e-5 0.9916785 0.1287388 4.07081e-6 0.9769392 0.213518 -5.61301e-5 0.9769472 0.2134813 8.43843e-5 0.9549845 0.296656 1.693e-5 0.9549624 0.2967272 -3.50638e-5 0.9259343 0.3776845 3.41318e-5 0.9259322 0.37769 3.71053e-5 0.8900122 0.4559368 3.90585e-5 0.8900409 0.4558808 -1.11675e-5 0.8475447 0.5307242 1.73291e-5 0.8475456 0.5307226 2.3731e-5 0.798791 0.6016087 6.43465e-5 0.7987416 0.6016742 -7.93741e-5 0.7440783 0.6680925 -1.03797e-4 0.7441467 0.6680163 2.05101e-5 0.6839317 0.7295461 4.62101e-5 0.6838847 0.7295901 -1.14699e-4 0.6187253 0.7856075 -3.31399e-5 0.6186591 0.7856596 -6.20028e-7 0.5488435 0.8359252 9.30298e-6 0.5488501 0.8359208 2.06521e-7 0.4749509 0.8800123 -1.36518e-5 0.4749464 0.8800148 1.29953e-5 0.3975551 0.9175783 -5.98433e-6 0.3975495 0.9175807 -4.47994e-5 0.3171732 0.9483677 1.28266e-5 0.3171841 0.9483641 2.35771e-5 0.2345174 0.972112 2.5067e-5 0.2344579 0.9721263 -9.3743e-5 0.1501066 0.9886699 -7.98546e-5 0.1500195 0.9886831 4.7126e-5 0.06443756 0.9979218 6.4677e-5 0.06459176 0.9979118 -4.24229e-5 -0.02149385 0.999769 -6.89145e-5 -0.02154374 0.9997679 9.08732e-5 -0.1072601 0.9942311 6.58281e-5 -0.1074851 0.9942067 -8.31535e-5 -0.1924844 0.9813001 -5.19649e-5 -0.1924263 0.9813115 3.45875e-5 -0.2760439 0.9611451 2.9658e-5 -0.2761504 0.9611145 -1.45542e-4 -0.3576373 0.9338606 -1.03366e-4 -0.3577318 0.9338245 2.05467e-5 -0.4366905 0.899612 1.25589e-6 -0.436649 0.899632 -6.88113e-5 -0.5123435 0.8587806 -1.12275e-4 -0.5124059 0.8587435 2.44487e-5 -0.5842623 0.811565 8.89494e-6 -0.5843133 0.8115282 -7.26802e-5 -0.6519187 0.758289 4.28475e-5 -0.6519138 0.7582932 2.54631e-5 -0.714623 0.6995098 2.64596e-5 -0.7147376 0.6993928 -1.41507e-4 -0.7721167 0.6354808 -8.14563e-5 -0.7721762 0.6354086 -1.84245e-6 -0.8239187 0.5667083 1.02813e-5 -0.823906 0.5667266 -9.01162e-5 -0.8695726 0.4938052 -3.03658e-6 -0.8695894 0.4937756 1.42423e-5 -0.9087852 0.4172644 7.31749e-6 -0.9088427 0.4171389 -1.44671e-4 -0.9413328 0.3374801 -8.32625e-5 -0.9413073 0.3375508 1.33758e-6 -0.9668466 0.2553582 -1.75505e-6 -0.966847 0.2553566 -1.15794e-4 -0.9852138 0.1713299 -3.40627e-4 -0.9852352 0.1712058 0 -0.9962856 0.08611142 -1.53971e-5 -0.9962853 0.08611345 0 -1 3.83964e-7 0 -1 -3.83964e-7 7.43219e-5 0.9990722 -0.04306703 1.24844e-6 0.9916774 -0.1287485 1.16895e-5 0.9916786 -0.1287387 1.71093e-5 0.9769411 -0.2135091 -4.93275e-6 0.9769392 -0.2135183 -1.68234e-5 0.9549623 -0.2967271 -4.46378e-5 0.9549761 -0.2966827 7.48541e-5 0.9259449 -0.3776588 5.06972e-5 0.9259141 -0.3777343 -3.98704e-5 0.8900411 -0.4558804 -1.09719e-4 0.8899822 -0.4559953 -1.67186e-5 0.8475456 -0.5307227 9.42173e-6 0.8475441 -0.5307251 -6.32154e-5 0.7988097 -0.601584 -2.86887e-5 0.7987623 -0.6016469 6.18831e-5 0.7441294 -0.6680355 1.2328e-4 0.7440638 -0.6681087 -1.09072e-5 0.6839106 -0.7295659 -5.70239e-5 0.6839539 -0.7295253 3.29837e-5 0.6186865 -0.7856381 3.8706e-5 0.6186568 -0.7856615 2.78957e-5 0.5488232 -0.8359385 -3.2865e-5 0.5488143 -0.8359444 1.488e-5 0.4749457 -0.8800152 9.05013e-7 0.4749514 -0.8800121 -1.67388e-5 0.3975578 -0.9175772 -5.97542e-5 0.3974795 -0.917611 7.19912e-5 0.3172287 -0.9483491 4.60003e-5 0.3171724 -0.9483679 3.82564e-6 0.2344959 -0.9721171 -5.77156e-5 0.2345547 -0.972103 9.77977e-5 0.1501088 -0.9886696 8.41368e-5 0.1500177 -0.9886833 -3.2912e-5 0.06455045 -0.9979145 -1.85745e-5 0.06448024 -0.997919 6.59244e-5 -0.02154272 -0.999768 4.01337e-5 -0.0214954 -0.999769 -6.21619e-5 -0.1072968 -0.9942271 -6.70491e-5 -0.1074874 -0.9942064 5.50864e-5 -0.1924248 -0.9813117 8.66458e-5 -0.1924858 -0.9812998 -5.14871e-5 -0.2761923 -0.9611024 -3.43055e-5 -0.2760442 -0.9611449 6.02081e-5 -0.3576728 -0.933847 1.07112e-4 -0.3577326 -0.9338241 -6.39586e-7 -0.4366499 -0.8996316 -3.99861e-5 -0.4367281 -0.8995937 1.66815e-5 -0.5123761 -0.8587611 1.11016e-4 -0.5123269 -0.8587905 2.17649e-5 -0.5843298 -0.8115164 1.24534e-5 -0.5842767 -0.8115546 4.56558e-5 -0.6518837 -0.7583191 7.11104e-5 -0.6519184 -0.7582892 -2.55567e-5 -0.7147377 -0.6993926 -8.94838e-6 -0.7146555 -0.6994767 5.12287e-5 -0.7721419 -0.6354503 -1.08388e-5 -0.772154 -0.6354355 4.72454e-6 -0.8239312 -0.5666899 -1.01498e-5 -0.8239443 -0.5666707 2.49519e-6 -0.8695903 -0.4937741 9.00684e-5 -0.8695734 -0.4938038 -6.80646e-6 -0.9088051 -0.4172212 -8.94887e-6 -0.9088424 -0.4171397 8.32374e-5 -0.9413073 -0.3375508 5.1416e-5 -0.9413228 -0.3375079 -3.79806e-6 -0.966859 -0.255311 -9.63704e-6 -0.9668338 -0.2554062 4.36781e-4 -0.9851935 -0.1714462 3.40559e-4 -0.9852354 -0.1712047 1.53998e-5 -0.9962853 -0.08611404 0 -0.9962855 -0.08611208 -4.86232e-5 0.8794801 0.4759357 4.36704e-5 0.942093 0.335352 -8.44628e-6 0.9458183 0.3246965 -3.21909e-5 0.5469256 0.8371813 -1.89524e-6 0.6562641 0.7545313 1.51852e-5 0.67728 0.7357254 -6.5357e-5 0.7750744 -0.6318699 1.05365e-4 0.6772886 -0.7357175 -3.32535e-6 0.6562328 -0.7545585 -3.92831e-5 0.9863687 0.1645507 1.76868e-4 0.985423 0.1701217 0 -0.9458113 -0.3247169 0 -0.9458117 -0.3247159 0 -0.8794732 -0.4759488 0 -0.9863623 -0.1645893 6.4841e-5 1 0 0 -0.9863625 -0.1645879 0 -1 -8.70972e-7 4.44313e-5 0.8712897 0.490769 -5.89457e-6 0.7891414 0.6142117 -1.18394e-5 0.7750726 0.6318724 0 -0.4016888 0.9157763 0 -0.5469473 0.8371671 0 -0.5469478 0.8371667 0 0.08259028 0.9965836 0 -0.08258932 0.9965837 0 0.08258932 0.9965837 0 -1 8.70972e-7 0 -0.8794727 0.4759497 0 -0.9458113 0.3247168 0 -0.879473 0.4759488 0 -0.8794726 -0.4759497 0 -0.7891523 -0.6141976 0 -0.7891517 -0.6141983 0 -0.6772829 -0.7357228 0 -0.6772834 -0.7357223 0 -0.5469479 -0.8371667 0 -0.5469473 -0.8371672 0 -0.4016889 -0.9157763 0 -0.4016879 -0.9157766 0 -0.2454831 -0.9694009 0 -0.08258932 -0.9965837 0 0.08258932 -0.9965837 0 0.08259028 -0.9965836 0 -0.08259028 -0.9965836 0 -0.2454822 -0.9694012 -1.49013e-5 0.5469573 -0.8371605 0 0.401688 -0.9157766 0 0.2454831 -0.969401 0 0.2454823 -0.9694012 0 0.4016888 -0.9157763 5.55441e-6 0.546952 -0.8371641 3.02494e-6 0.6562426 -0.7545501 3.76841e-5 0.7750737 -0.6318709 -3.36412e-5 0.6772859 -0.7357199 -5.45587e-5 0.7891471 -0.6142044 4.43917e-5 0.8712899 -0.4907688 -4.88984e-5 0.8794797 -0.4759364 4.37405e-5 0.9420927 -0.3353528 1.76877e-4 0.985423 -0.1701217 -1.00252e-4 0.9458304 -0.3246614 -3.92901e-5 0.9863687 -0.1645507 7.77841e-5 0.7891463 -0.6142053 -4.07642e-5 0.8712898 -0.4907689 -2.24415e-4 0.9854252 -0.1701093 1.211e-4 0.9458271 -0.3246709 -7.81699e-5 0.9420945 -0.3353477 5.11779e-5 0.8794779 -0.4759398 1.31378e-5 1 2.02965e-7 5.14311e-5 0.9863682 -0.1645537 0 -0.9863623 0.1645892 0 -0.9863625 0.1645879 0 -0.9458116 0.324716 0 -0.7891523 0.6141976 0 -0.7891517 0.6141983 0 -0.6772834 0.7357223 0 -0.6772829 0.7357228 0 -0.401688 0.9157766 0 -0.2454831 0.969401 0 -0.2454823 0.9694012 0 -0.08259028 0.9965836 0 0.2454822 0.9694012 0 0.2454831 0.9694009 0 0.4016879 0.9157766 0 0.4016889 0.9157763 -1.46523e-5 0.5469573 0.8371605 1.05363e-4 0.6772886 0.7357175 -1.69105e-6 0.6562569 0.7545376 -1.59731e-5 0.7750732 0.6318716 7.77722e-5 0.7891463 0.6142053 -8.99571e-5 0.8712922 0.4907647 -2.25201e-4 0.9421009 0.3353297 5.11639e-5 0.879478 0.4759396 7.31662e-5 0.9458232 0.3246822 -3.20726e-4 0.985429 0.1700873 5.13974e-5 0.9863681 0.1645537 -0.7556625 -0.6526006 -0.05555838 -0.7556708 -0.6338176 -0.1650359 -0.7556278 -0.6393353 -0.1423978 -0.7556774 -0.6531888 -0.04791939 -0.7557231 -0.6525335 0.05552136 -0.7556935 -0.6531825 0.04774904 -0.7555073 -0.6394924 0.1423321 -0.755732 -0.6337518 0.1650084 -0.7556659 -0.6117436 0.2339636 -0.7556165 -0.5712108 0.3205652 -0.755724 -0.5967555 0.2697482 -0.7556592 -0.5184032 0.4002968 -0.7556645 -0.5426402 0.36676 -0.7556824 -0.4728374 0.4531768 -0.7556608 -0.454588 0.4715152 -0.7556961 -0.3810968 0.5326244 -0.7557016 -0.3894305 0.5265539 -0.7557029 -0.2997883 0.5822716 -0.7557026 -0.294849 0.5847886 -0.7556584 -0.2114981 0.6198783 -0.7557101 -0.1917757 0.6261984 -0.7556755 -0.08318942 0.6496416 -0.7556551 -0.118979 0.6440727 -0.755589 -0.02394336 0.6546083 -0.7556909 0.02779537 0.6543384 -0.7556188 0.07163554 0.6510827 -0.7557187 0.1379767 0.6401966 -0.7556766 0.2441963 0.6077181 -0.7556097 0.1656904 0.6337198 -0.7556659 0.2561926 0.6027723 -0.7557229 0.3433598 0.5576621 -0.7556863 0.3413119 0.5589674 -0.7556065 0.4189397 0.5035361 -0.7557096 0.4326767 0.4916238 -0.7556238 0.4878132 0.4371169 -0.7556025 0.5462839 0.3614401 -0.7557448 0.5095065 0.4114038 -0.7556441 0.5930513 0.278015 -0.7557012 0.5717517 0.3193991 -0.7557033 0.6175044 0.2181761 -0.7556213 0.6272392 0.1886993 -0.7556999 0.6479372 0.09536767 -0.7556652 0.6455361 0.1106954 -0.7556882 0.6549316 0 -0.755721 0.6548938 1.31025e-7 -0.7556465 -0.6117616 -0.2339794 -0.7557235 -0.5967558 -0.269749 -0.7556961 -0.5426091 -0.3667408 -0.7556192 -0.5711972 -0.3205832 -0.7557128 -0.4728088 -0.4531556 -0.7557491 -0.5183314 -0.4002202 -0.755626 -0.4545946 -0.4715647 -0.7557287 -0.389403 -0.5265353 -0.755703 -0.2948489 -0.5847882 -0.7555757 -0.3807219 -0.5330631 -0.7557121 -0.2997376 -0.5822857 -0.7556629 -0.2114851 -0.6198772 -0.755675 -0.1189632 -0.6440522 -0.7556822 -0.1917802 -0.6262306 -0.7556762 -0.08318871 -0.6496409 -0.7556288 -0.02391397 -0.6545634 -0.7556867 0.02779632 -0.6543432 -0.7556177 0.07165789 -0.6510815 -0.7555503 0.1657607 -0.6337721 -0.7556827 0.1379811 -0.6402381 -0.7557357 0.2441898 -0.607647 -0.7554374 0.2567422 -0.6028249 -0.7556911 0.3433836 -0.5576905 -0.7556951 0.3410423 -0.5591198 -0.7557106 0.4326757 -0.4916231 -0.7554897 0.4189887 -0.5036706 -0.7556794 0.5095685 -0.4114474 -0.7555807 0.4878619 -0.437137 -0.7556171 0.5462839 -0.3614093 -0.7557308 0.571722 -0.319382 -0.7557337 0.6174724 -0.2181619 -0.7556512 0.5930497 -0.2779994 -0.7556673 0.6455337 -0.1106948 -0.7556169 0.6272495 -0.1886834 -0.7556887 0.6479518 -0.09535866 0 0.9963988 0.08479088 0 0.9963984 0.08479607 0 0.9963988 -0.08479088 0 0.9677401 0.2519508 0 0.9677342 0.2519732 0 0.9112465 0.4118615 0 0.9112487 0.4118565 0 0.8285043 0.5599828 0 0.8285115 0.5599721 0 0.7219089 0.6919882 0 0.7219168 0.6919799 0 0.5946295 0.8039999 0 0.5946209 0.8040063 0 0.4502043 0.8929256 0 0.4502097 0.8929229 0 0.2928003 0.9561737 0 0.2928062 0.9561718 0 0.127011 0.9919013 0 0.1270074 0.9919019 0 -0.04241156 0.9991002 0 -0.04240781 0.9991004 0 -0.2106857 0.9775539 0 -0.2106832 0.9775545 0 -0.3728733 0.9278823 0 -0.3728719 0.9278829 0 -0.5242852 0.8515428 0 -0.5242901 0.8515397 0 -0.6606401 0.7507028 0 -0.6606461 0.7506976 0 -0.7780274 0.6282304 0 -0.7780236 0.6282353 0 -0.8730362 0.4876556 0 -0.873038 0.4876522 0 -0.9428778 0.333139 0 -0.9428762 0.3331434 0 -0.985616 0.1690011 0 -0.9856158 0.1690017 0 -1 7.42863e-6 0 -1 -7.42863e-6 0 0.9963984 -0.08479607 0 0.9677401 -0.2519508 0 0.9677342 -0.2519732 0 0.9112487 -0.4118565 0 0.9112465 -0.4118615 0 0.8285114 -0.5599723 0 0.8285045 -0.5599824 0 0.7219095 -0.6919876 0 0.7219163 -0.6919805 0 0.594621 -0.8040062 0 0.5946293 -0.8040001 0 0.4502097 -0.8929228 0 0.4502044 -0.8929256 0 0.2928004 -0.9561737 0 0.292806 -0.9561719 0 0.1270073 -0.9919019 0 0.1270112 -0.9919013 0 -0.04240775 -0.9991004 0 -0.04241168 -0.9991002 0 -0.2106859 -0.9775538 0 -0.2106829 -0.9775545 0 -0.372872 -0.9278828 0 -0.3728732 -0.9278823 0 -0.5242901 -0.8515397 0 -0.5242852 -0.8515428 0 -0.6606397 -0.7507032 0 -0.6606463 -0.7506974 0 -0.7780233 -0.6282354 0 -0.7780277 -0.62823 0 -0.8730381 -0.487652 0 -0.873036 -0.4876559 0 -0.9428777 -0.3331391 0 -0.9428763 -0.3331431 0 -0.9856158 -0.1690017 0 -0.985616 -0.1690011 0 0.9856061 -0.1690584 0 1 2.17553e-6 0 1 -2.20409e-6 0 0.7780316 -0.6282252 0 0.8730394 -0.4876496 0 0.8730436 -0.4876424 0 0.9428634 -0.3331796 0 0.9856061 -0.1690583 0 0.942865 -0.3331751 0 0.5243129 -0.8515257 0 0.3728554 -0.9278896 0 0.5243092 -0.851528 0 0.7780407 -0.628214 0 0.660666 -0.7506801 0 0.6606579 -0.7506871 0 0.04246073 -0.9990982 0 0.04246604 -0.999098 0 -0.1270164 -0.9919007 0 0.2107069 -0.9775493 0 0.3728595 -0.9278879 0 0.2107124 -0.9775481 0 -0.5945999 -0.8040218 0 -0.4502156 -0.8929199 0 -0.45021 -0.8929227 0 -0.2928534 -0.9561575 0 -0.2928593 -0.9561557 0 -0.1270125 -0.9919012 0 -0.8285326 -0.5599408 0 -0.9112071 -0.4119489 0 -0.8285435 -0.5599247 0 -0.5945916 -0.8040279 0 -0.7219572 -0.6919378 0 -0.7219693 -0.6919252 0 -0.9964032 -0.0847395 0 -0.9964028 -0.08474379 0 -0.9964028 0.08474391 0 -0.9677309 -0.2519859 0 -0.9112055 -0.4119523 0 -0.967732 -0.251982 0 -0.8285329 0.5599404 0 -0.9112055 0.4119523 0 -0.9112071 0.4119489 0 -0.9677309 0.2519857 0 -0.967732 0.251982 0 -0.9964032 0.08473938 0 -0.5945999 0.8040218 0 -0.4502103 0.8929226 0 -0.5945916 0.8040279 0 -0.8285434 0.559925 0 -0.721969 0.6919255 0 -0.7219574 0.6919376 0 -0.1270125 0.9919012 0 -0.1270166 0.9919007 0 0.04246592 0.999098 0 -0.2928534 0.9561574 0 -0.4502155 0.89292 0 -0.2928591 0.9561557 0 0.04246085 0.9990982 0 0.210707 0.9775493 0 0.2107123 0.9775481 0 0.3728554 0.9278896 0 0.3728595 0.9278879 0 0.5243129 0.8515257 0 0.5243092 0.851528 0 0.6606579 0.7506871 0 0.660666 0.7506801 0 0.7780316 0.6282252 0 0.7780407 0.628214 0 0.8730434 0.4876427 0 0.8730397 0.4876495 0 0.9428635 0.3331793 0 0.942865 0.3331753 0 0.9856061 0.1690584 -1.1784e-4 0.9051139 0.4251693 -5.22309e-6 0.8207635 0.5712682 1.56872e-4 0.8285105 0.5599736 5.0016e-5 -0.5243102 -0.8515273 7.00173e-5 -0.66068 -0.7506678 -4.51016e-6 -0.6427887 -0.7660436 5.9889e-5 0.7219556 0.6919394 -1.27329e-4 0.7130478 0.7011155 -2.18682e-4 0.5850479 0.8109989 1.03468e-4 0.5946341 0.8039965 -1.36766e-4 0.4403845 0.8978094 1.55158e-4 0.4502028 0.8929265 9.87599e-5 0.2928161 0.9561688 -1.39048e-4 0.2831901 0.9590638 -4.14299e-6 0.1179558 0.9930189 4.58584e-5 0.1270152 0.9919008 -1.73801e-4 -0.05065447 0.9987163 1.78229e-4 -0.04244464 0.9990988 1.35712e-4 -0.2106779 0.9775555 -1.96696e-4 -0.2178326 0.9759862 -1.30271e-5 -0.3787794 0.9254871 5.49143e-5 -0.3728557 0.9278894 -2.73692e-5 -0.5289674 0.8486423 2.28544e-4 -0.5243144 0.8515248 1.02796e-4 -0.6606765 0.7506709 -5.13644e-4 -0.6641195 0.7476263 -3.95662e-4 -0.7803272 0.6253713 4.87968e-4 -0.7780443 0.6282092 5.59566e-5 -0.8743376 0.4853183 3.86566e-4 -0.8730589 0.4876149 2.86766e-4 -0.9428768 0.3331416 -1.75688e-4 -0.9434974 0.3313801 -7.9447e-5 -0.9857742 0.1680757 1.49478e-4 -0.9856187 0.1689852 3.43347e-6 -1 1.4021e-5 3.95658e-5 -1 -3.38703e-5 1.69715e-4 0.9112277 0.4119033 4.00755e-5 0.9677334 0.2519768 -3.19695e-5 0.9637051 0.266969 -1.57196e-6 0.9948694 0.1011682 4.75815e-5 0.9963976 0.08480542 2.87732e-5 0.9963975 -0.08480584 1.58179e-5 0.9977187 -0.06750994 5.81825e-5 0.9677332 -0.2519773 -3.88904e-5 0.9721729 -0.2342646 -3.57083e-5 0.9189586 -0.3943541 0 0.9112286 -0.4119012 9.89051e-5 0.8285104 -0.5599738 -7.39209e-5 0.8395918 -0.543218 4.0279e-5 0.721956 -0.691939 -9.59153e-5 0.7363279 -0.676625 -1.34365e-4 0.6121088 -0.7907736 7.62406e-5 0.5946318 -0.8039982 7.01125e-5 0.4502036 -0.892926 -1.01051e-4 0.4704682 -0.882417 3.77756e-5 0.292823 -0.9561667 -3.85465e-5 0.3154363 -0.9489468 -3.21863e-5 0.1514294 -0.9884682 7.57517e-5 0.1270173 -0.9919006 5.56004e-5 -0.04244172 -0.999099 -7.34185e-6 -0.01688933 -0.9998574 6.45574e-5 -0.2106788 -0.9775554 -4.46923e-5 -0.1847253 -0.9827903 -4.13374e-5 -0.347304 -0.9377527 1.87366e-5 -0.372856 -0.9278893 1.49538e-5 -0.499994 -0.8660289 -7.96082e-5 -0.8660324 -0.499988 -6.17725e-5 -0.7660501 -0.6427809 3.58408e-6 -0.7780358 -0.6282201 2.60952e-4 -0.9856446 -0.1688334 -5.64454e-5 -0.984811 -0.1736299 3.66936e-5 -0.942881 -0.3331298 -4.84323e-5 -0.9396969 -0.3420088 1.57165e-4 -0.8730297 -0.4876673 -4.22401e-6 -0.9051144 -0.4251681 -6.11899e-5 -0.8285108 -0.5599731 4.508e-5 -0.8207631 -0.5712688 -4.15151e-5 0.5243111 0.8515268 4.61855e-5 0.6427919 0.7660409 -5.18046e-5 0.6606795 0.7506681 -1.28347e-4 -0.7219547 -0.6919404 2.30031e-5 -0.7130516 -0.7011116 1.06246e-4 -0.5850437 -0.8110019 -4.9476e-5 -0.5946317 -0.8039982 -8.79992e-5 -0.4502047 -0.8929254 8.30289e-5 -0.4403913 -0.8978059 -3.59084e-5 -0.2928223 -0.9561669 1.43784e-4 -0.2832015 -0.9590606 7.56175e-5 -0.1179494 -0.9930197 -5.35566e-5 -0.1270158 -0.9919008 -1.26427e-4 0.04244643 -0.9990987 1.19457e-4 0.05066102 -0.9987159 -1.65394e-4 0.2106775 -0.9775556 2.24382e-4 0.21781 -0.9759911 2.3889e-4 0.3788068 -0.9254758 -1.0408e-4 0.3728547 -0.9278898 -2.40878e-4 0.5243164 -0.8515236 1.36511e-4 0.5289734 -0.8486384 -6.38028e-4 0.6606567 -0.7506879 2.03103e-4 0.6640957 -0.7476476 4.05811e-4 0.7803811 -0.6253041 -5.2309e-4 0.7780965 -0.6281445 -4.24113e-4 0.873036 -0.4876556 2.73768e-4 0.8743575 -0.4852824 -3.06045e-4 0.9428865 -0.3331143 1.76098e-4 0.9435024 -0.3313656 5.93807e-5 0.9857813 -0.1680334 -1.78532e-4 0.9856274 -0.1689339 -6.0176e-5 1 5.16055e-5 -1.0073e-5 1 -3.86409e-5 -1.07233e-4 -0.9112288 -0.4119006 5.64777e-6 -0.9637057 -0.2669672 -1.09655e-4 -0.9677333 -0.2519769 6.01121e-5 -0.9948691 -0.1011704 -1.20005e-4 -0.9963977 -0.08480393 -1.29648e-4 -0.9963976 0.08480447 1.43564e-4 -0.9977192 0.06750214 8.00658e-6 -0.9721726 0.2342662 -6.92655e-5 -0.9677331 0.2519776 2.15166e-5 -0.9189581 0.3943552 -5.86e-5 -0.9112286 0.4119012 -9.16387e-5 -0.8285104 0.5599739 3.33488e-5 -0.8395899 0.5432208 8.92398e-5 -0.7363272 0.6766257 1.78886e-5 -0.7219561 0.6919389 7.24033e-6 -0.6121063 0.7907755 -8.82202e-5 -0.594632 0.8039981 -2.99048e-5 -0.4502032 0.8929262 -3.20943e-5 -0.4704641 0.8824192 -1.93485e-5 -0.3154351 0.9489472 -4.53305e-5 -0.2928226 0.9561668 8.32975e-6 -0.151428 0.9884683 3.17348e-7 -0.1270181 0.9919004 -3.46934e-5 0.04244208 0.999099 3.2915e-5 0.01688849 0.9998574 6.09856e-5 0.1847227 0.9827907 -4.17319e-5 0.2106792 0.9775553 2.94808e-5 0.3473042 0.9377526 1.10781e-5 0.3728562 0.9278892 1.76332e-5 0.500007 0.8660214 5.24782e-5 0.8660303 0.4999915 -9.06707e-5 0.7780429 0.6282113 4.17964e-5 0.7660485 0.6427829 -2.75222e-4 0.9856587 0.1687508 -3.24636e-4 0.9429039 0.3330646 1.72374e-4 0.9848163 0.1735997 4.88209e-5 0.9396964 0.3420099 3.32797e-6 0.8730139 0.4876955 -3.95963e-5 0.08257722 0.9965847 -1.89692e-5 -0.08258068 0.9965845 6.27525e-6 -0.04244136 0.999099 1.65012e-5 0.9963975 -0.08480572 -1.34762e-5 1 -1.2046e-7 1.65058e-5 0.9963976 0.08480626 8.18004e-6 -0.2106795 0.9775552 -6.44675e-5 -0.2454892 0.9693994 -2.42295e-5 -0.401697 0.9157727 2.29138e-5 -0.3728572 0.9278888 -5.65872e-5 -0.5469521 0.837164 1.84593e-5 -0.5243079 0.8515288 2.5878e-5 -0.6606758 0.7506715 -7.75829e-5 -0.6772879 0.7357181 -2.61026e-6 -0.7891409 0.6142122 9.62534e-5 -0.7780387 0.6282163 -1.91406e-4 -0.8794881 0.4759209 9.57642e-5 -0.8730188 0.4876867 8.03521e-5 -0.94288 0.3331325 1.83195e-5 -0.9458161 0.3247027 -2.50006e-4 -0.9863971 0.1643801 2.4296e-4 -0.9856244 0.1689513 -2.74931e-5 -1 0 3.24929e-5 0.1270173 0.9919006 5.703e-5 0.2928221 0.956167 1.07195e-5 0.245485 0.9694004 -2.55262e-5 0.4016944 0.9157738 6.32894e-5 0.4502032 0.8929261 4.95762e-5 0.5946328 0.8039976 -8.19378e-6 0.5469481 0.8371666 -2.34749e-5 0.7219558 0.6919392 -2.37073e-5 0.677281 0.7357244 -3.2228e-5 0.7891395 0.6142141 3.27965e-5 0.8285095 0.559975 3.58713e-5 0.9112289 0.4119005 -3.38154e-5 0.8794738 0.4759475 3.06154e-5 0.9677332 0.2519774 1.93422e-5 0.9458175 0.3246987 -4.86616e-5 0.9863612 0.1645954 3.27956e-5 0.8285094 -0.5599752 -3.3821e-5 0.8794739 -0.4759472 3.58755e-5 0.9112285 -0.4119013 8.00183e-5 0.967733 -0.2519782 -3.00161e-5 0.9458172 -0.3246998 -4.86621e-5 0.9863613 -0.164595 -8.23103e-6 0.5469474 -0.837167 4.95049e-5 0.5946326 -0.8039975 1.38753e-5 0.4502036 -0.892926 -3.22466e-5 0.7891395 -0.6142142 -2.34577e-5 0.7219558 -0.6919393 -2.37334e-5 0.6772815 -0.735724 3.24901e-5 0.1270171 -0.9919005 6.23427e-6 -0.04244172 -0.999099 -3.95714e-5 0.08257758 -0.9965847 5.71106e-5 0.2928221 -0.956167 1.06827e-5 0.2454864 -0.9694001 -2.55555e-5 0.4016945 -0.9157738 6.78697e-5 -0.5243089 -0.8515282 -2.4216e-5 -0.4016969 -0.9157727 2.29538e-5 -0.3728571 -0.9278888 -1.51843e-5 -0.2454861 -0.9694001 -1.89389e-5 -0.08258062 -0.9965845 8.18446e-6 -0.2106795 -0.9775552 -1.00854e-4 -0.7891471 -0.6142042 -7.76283e-5 -0.6772878 -0.7357182 4.68849e-5 -0.7780373 -0.6282182 -1.05871e-4 -0.5469547 -0.8371622 7.52669e-5 -0.6606772 -0.7506703 1.44951e-4 -0.8730211 -0.4876827 -1.91509e-4 -0.8794879 -0.4759214 8.03423e-5 -0.94288 -0.3331325 6.63921e-5 -0.9458124 -0.3247138 -2.50006e-4 -0.9863971 -0.1643801 4.95022e-5 -0.9856176 -0.1689914 8.53185e-6 -0.08257842 -0.9965847 -7.19787e-5 0.04244244 -0.9990989 3.84359e-5 0.08258146 -0.9965843 2.86223e-5 -0.9963975 0.08480602 2.86233e-5 -0.9963975 -0.08480578 -1.89007e-5 -1 0 -5.26167e-5 0.2106805 -0.977555 3.81856e-5 0.2454876 -0.9693997 1.99932e-5 0.4016969 -0.9157728 -8.34691e-5 0.3728584 -0.9278884 -7.86958e-5 0.5243098 -0.8515277 4.44553e-5 0.546951 -0.8371647 -1.09402e-4 0.6606779 -0.7506695 1.06314e-4 0.6772897 -0.7357164 -4.39573e-6 0.7891402 -0.6142131 -2.7105e-5 0.778037 -0.6282184 -9.00802e-5 0.8730181 -0.487688 3.3658e-6 0.8794739 -0.475947 -2.40384e-5 0.9428781 -0.3331379 -1.02421e-4 0.9458051 -0.3247351 2.99583e-4 0.9863961 -0.164386 -3.31733e-4 0.9856263 -0.1689402 1.57504e-4 1 0 1.68653e-5 -0.1270181 -0.9919004 3.02023e-5 -0.2454839 -0.9694007 -4.79412e-5 -0.2928224 -0.9561669 1.81133e-5 -0.4016942 -0.9157739 1.06585e-5 -0.4502035 -0.892926 5.61494e-6 -0.5946332 -0.8039972 2.60919e-5 -0.5469476 -0.8371669 1.35386e-5 -0.6772814 -0.7357241 7.90693e-7 -0.7219559 -0.6919391 1.01966e-5 -0.78914 -0.6142135 0 -0.8285098 -0.5599748 -5.39464e-5 -0.9112286 -0.4119009 4.56432e-5 -0.8794738 -0.4759473 -3.31597e-6 -0.9458173 -0.3246993 -1.21212e-5 -0.967733 -0.251978 3.57637e-5 -0.9863612 -0.1645951 0 -0.8285097 0.5599749 -5.39403e-5 -0.9112284 0.4119017 4.56357e-5 -0.8794736 0.4759477 -1.2117e-5 -0.967733 0.251978 3.57614e-5 -0.9863612 0.1645955 4.31752e-5 -0.9458171 0.3246999 7.25631e-5 -0.5469458 0.837168 -3.57875e-5 -0.4502037 0.892926 -4.09586e-5 -0.5946329 0.8039974 1.01938e-5 -0.78914 0.6142135 6.00084e-5 -0.6772807 0.7357248 -4.57065e-5 -0.721956 0.691939 1.69892e-5 -0.1270185 0.9919005 8.60402e-6 -0.08257871 0.9965846 -7.19819e-5 0.04244279 0.999099 -4.78267e-5 -0.2928227 0.9561668 6.46734e-5 -0.4016939 0.915774 3.02717e-5 -0.2454847 0.9694005 -7.8711e-5 0.5243096 0.8515278 -8.34335e-5 0.3728583 0.9278884 1.12703e-4 0.4017029 0.9157701 -8.21962e-6 0.245485 0.9694005 -5.26502e-5 0.2106803 0.977555 3.84154e-5 0.08258146 0.9965843 4.17606e-5 0.7891438 0.6142086 -7.34862e-5 0.7780388 0.6282163 6.00745e-5 0.6772865 0.7357194 -1.93436e-6 0.5469484 0.8371664 -6.29542e-5 0.660677 0.7506704 -4.38296e-5 0.8730161 0.4876915 9.50779e-5 0.8794814 0.4759334 7.23507e-5 0.9458256 0.324675 -1.16531e-4 0.9428811 0.3331295 2.99583e-4 0.9863961 0.164386 -2.39691e-4 0.9856241 0.168953 0 0.4257904 0.9048219 0 0.4257958 0.9048193 0 0.5706936 0.8211631 0 0.354598 -0.935019 -7.66789e-7 0.5000837 -0.8659771 0 0.5000353 -0.8660051 0 0.2689799 0.9631459 0 0.2689834 0.9631449 0 0.1045579 0.9945188 0 0.1045535 0.9945193 0 -0.06285142 0.998023 0 -0.06284785 0.9980231 0 -0.2284023 0.9735669 0 -0.2283999 0.9735674 0 -0.3875165 0.9218629 0 -0.3875194 0.9218616 0 -0.5358037 0.8443426 0 -0.5358025 0.8443434 0 -0.6691147 0.7431591 0 -0.6691135 0.7431603 0 -0.783718 0.6211168 0 -0.7837159 0.6211196 0 -0.8762921 0.4817802 0 -0.8762961 0.481773 0 -0.9443799 0.3288567 0 -0.9443814 0.3288524 0 -0.9860063 0.1667084 0 -0.9860054 0.1667136 0 -1 -2.69754e-5 -6.43336e-7 -1 -2.25694e-5 0 0.5706893 0.8211662 0 0.6996456 0.71449 0 0.6996435 0.7144921 0 0.8090019 0.5878063 0 0.8089967 0.5878134 0 0.8957054 0.444648 0 0.8957101 0.4446387 0 0.9573335 0.2889855 0 0.9573318 0.2889913 0 0.9921203 0.125289 0 0.9921195 0.1252954 0 0.9991244 -0.04183882 0 0.9991243 -0.04184049 0 0.9781395 -0.2079501 0 0.9781388 -0.2079533 0 0.9297584 -0.3681704 0 0.9297581 -0.3681709 0 0.8553863 -0.5179908 0 0.8553863 -0.5179908 0 0.7570157 -0.6533968 0 0.7570186 -0.6533935 0 0.6374139 -0.7705216 0 0.6374197 -0.7705169 0 -0.1204905 -0.9927145 0 0.04034483 -0.9991859 0 0.0403406 -0.999186 0 0.2000418 -0.9797874 0 0.2000458 -0.9797866 0 0.3546025 -0.9350172 0 -0.4287364 -0.9034296 0 -0.428739 -0.9034285 0 -0.5681172 -0.8229477 0 -0.1204866 -0.992715 0 -0.2782319 -0.960514 0 -0.2782267 -0.9605155 0 -0.7994083 -0.6007881 0 -0.8854689 -0.4646989 0 -0.7994015 -0.6007974 0 -0.6926987 -0.7212272 0 -0.6926925 -0.7212331 0 -0.5681186 -0.8229467 0 -0.885467 -0.4647023 0 -0.9485318 -0.3166822 0 -0.9485306 -0.3166859 0 -0.9870471 -0.1604314 0 -0.9870485 -0.1604225 0 -0.4258131 -0.9048112 0 -0.5706987 -0.8211596 0 -0.4258153 -0.9048101 0 -0.3546442 0.9350014 0 -0.5001257 0.8659529 1.05909e-6 -0.5000059 0.8660221 0 -0.2689113 -0.963165 0 -0.2689079 -0.9631659 0 -0.1045432 -0.9945204 0 -0.104539 -0.9945208 0 0.06280511 -0.9980258 0 0.06279981 -0.9980263 0 0.2284408 -0.9735579 0 0.2284473 -0.9735563 0 0.3875066 -0.921867 0 0.3875099 -0.9218655 0 0.5357764 -0.84436 0 0.5357745 -0.8443612 0 0.6691071 -0.743166 0 0.6691106 -0.7431628 0 0.7836989 -0.6211411 0 0.7836995 -0.6211403 0 0.8762964 -0.4817726 0 0.8762941 -0.4817767 0 0.9443917 -0.328823 0 0.9443958 -0.3288109 0 0.9860058 -0.1667116 0 0.9860072 -0.1667031 0 1 4.73093e-5 0 1 4.34459e-5 0 -0.5706976 -0.8211604 0 -0.6996731 -0.7144632 0 -0.6996713 -0.7144649 0 -0.8090126 -0.5877914 0 -0.8090142 -0.5877892 0 -0.8957026 -0.4446536 0 -0.8957038 -0.4446512 0 -0.9573264 -0.2890089 0 -0.9573245 -0.2890151 0 -0.9921121 -0.1253545 0 -0.9921129 -0.125348 0 -0.9991221 0.04189276 0 -0.9991219 0.04190152 0 -0.97815 0.2079005 0 -0.9781523 0.2078896 0 -0.9297724 0.3681351 0 -0.9297706 0.3681395 0 -0.8553647 0.5180264 0 -0.8553635 0.5180283 0 -0.7569965 0.653419 0 -0.7569994 0.6534156 0 -0.6373951 0.7705372 0 -0.6373933 0.7705386 0 0.1205455 0.9927079 0 -0.04021835 0.999191 0 -0.04022264 0.9991908 0 -0.199966 0.9798029 0 -0.3546474 0.9350001 0 -0.1999702 0.979802 0 0.4287222 0.9034363 0 0.5681283 0.8229401 0 0.4287241 0.9034355 0 0.1205412 0.9927083 0 0.2781769 0.9605299 0 0.2781792 0.9605292 0 0.7994338 0.6007544 0 0.7994335 0.6007548 0 0.8854357 0.4647619 0 0.6927062 0.7212198 0 0.5681248 0.8229424 0 0.6927027 0.7212232 0 0.8854336 0.4647658 0 0.9485348 0.316673 0 0.9485389 0.3166607 0 0.9870548 0.1603837 0 0.9870561 0.1603752 -1.14226e-4 -0.8660236 0.5000031 -2.47924e-5 -0.9396926 0.3420206 2.67841e-4 -0.8730399 0.4876489 1.84276e-5 -0.372856 0.9278892 -4.16869e-5 -0.5000144 0.8660171 7.04157e-5 -0.5243114 0.8515267 2.59636e-4 -0.9428994 0.333078 -1.22681e-4 -0.9848085 0.1736443 1.10336e-5 -1 -4.25558e-5 -1.85027e-5 -0.9856138 0.1690137 3.95858e-5 -1 3.3856e-5 3.02934e-5 -0.7780379 0.6282173 6.44552e-5 -0.6606796 0.7506682 -1.25945e-5 -0.7660443 0.6427879 1.31282e-5 -0.6427879 0.7660441 7.5751e-5 0.1270171 0.9919006 -7.33929e-6 -0.01688921 0.9998574 5.56067e-5 -0.04244124 0.999099 1.13968e-4 -0.2106794 0.9775553 -4.46921e-5 -0.1847255 0.9827902 -4.13419e-5 -0.3473041 0.9377527 -5.14809e-5 0.4704676 0.8824173 7.04236e-5 0.4502038 0.8929258 7.62779e-5 0.5946317 0.8039982 -8.1256e-5 0.151431 0.9884679 3.8207e-5 0.2928231 0.9561668 1.12748e-5 0.3154348 0.9489473 9.94047e-5 0.8285104 0.5599738 4.90379e-5 0.9112288 0.4119007 -1.23064e-4 0.8395933 0.5432155 9.02412e-5 0.721956 0.691939 -9.56589e-5 0.7363279 0.676625 -3.53954e-5 0.6121069 0.7907752 4.75827e-5 0.9963975 -0.08480554 -3.36516e-5 0.9977187 0.06750893 2.87578e-5 0.9963976 0.08480566 1.0428e-5 0.9721725 0.2342663 -3.57733e-5 0.9189587 0.3943541 5.78722e-5 0.9677332 0.2519773 -6.84344e-5 0.9051142 -0.4251686 7.08782e-5 0.911228 -0.4119024 1.56872e-4 0.8285105 -0.5599736 -1.56148e-6 0.9948694 -0.1011683 4.00743e-5 0.9677334 -0.2519767 -8.12944e-5 0.9637044 -0.2669717 1.52519e-4 0.5946347 -0.8039961 1.05217e-4 0.4502032 -0.8929262 -1.20084e-4 0.5850484 -0.8109985 1.58727e-4 0.7219561 -0.6919389 -1.27326e-4 0.7130477 -0.7011155 -5.46367e-5 0.8207635 -0.5712682 7.92142e-5 -0.04244196 -0.999099 -5.05976e-6 0.1179558 -0.9930189 4.54019e-5 0.1270152 -0.9919008 -9.16606e-5 0.2831965 -0.9590619 -1.87347e-4 0.4403795 -0.8978117 1.47088e-4 0.2928129 -0.9561699 -1.30724e-5 -0.378781 -0.9254865 1.49017e-6 -0.2178144 -0.9759903 5.55558e-5 -0.3728563 -0.9278891 -1.73844e-4 -0.05065441 -0.9987163 1.85379e-4 -0.2106783 -0.9775554 2.28526e-4 -0.5243144 -0.8515247 -1.2521e-4 -0.5289819 -0.8486331 1.02422e-4 -0.6606767 -0.7506707 -5.13644e-4 -0.6641194 -0.7476264 9.80837e-5 -0.7803256 -0.6253735 4.87761e-4 -0.7780443 -0.6282092 3.86612e-4 -0.8730588 -0.4876148 -2.77224e-4 -0.874383 -0.4852364 2.8706e-4 -0.9428768 -0.3331416 -1.75432e-4 -0.9434973 -0.3313803 -7.94423e-5 -0.9857742 -0.1680757 1.49503e-4 -0.9856187 -0.1689853 -8.01829e-5 0.8660252 -0.5000004 -1.22615e-4 0.8730232 -0.4876787 6.66082e-5 0.9396926 -0.3420204 1.11009e-5 0.3728564 -0.9278892 -1.00295e-4 0.5243154 -0.8515242 3.49036e-5 0.5000129 -0.866018 -3.54236e-4 0.9429071 -0.3330556 1.88879e-4 0.9848098 -0.1736367 -5.68113e-6 1 2.14293e-5 -2.82675e-4 0.9856602 -0.1687427 -6.01847e-5 1 -5.15888e-5 -1.08174e-4 0.7780444 -0.6282092 2.95825e-5 0.7660438 -0.6427884 -9.99402e-5 0.6606831 -0.7506651 3.55006e-5 0.6427881 -0.7660441 6.03264e-7 -0.1270179 -0.9919005 -3.42915e-5 0.04244148 -0.999099 3.33211e-5 0.01688838 -0.9998574 -4.20196e-5 0.2106792 -0.9775553 2.97558e-5 0.3473044 -0.9377526 6.12917e-5 0.184723 -0.9827907 1.3968e-5 -0.470467 -0.8824176 -8.82896e-5 -0.5946319 -0.8039982 -3.04796e-5 -0.4502034 -0.892926 7.74954e-6 -0.1514282 -0.9884684 -2.01706e-5 -0.3154351 -0.9489473 -9.25979e-5 -0.2928223 -0.9561669 -9.17802e-5 -0.8285104 -0.5599738 3.26643e-5 -0.83959 -0.5432207 -5.87709e-5 -0.9112284 -0.4119017 -2.85532e-5 -0.7219557 -0.6919394 5.33045e-5 -0.6121082 -0.790774 4.22196e-5 -0.7363266 -0.6766263 -1.20006e-4 -0.9963977 0.08480393 -1.29667e-4 -0.9963977 -0.08480453 5.06864e-5 -0.9977189 -0.06750679 7.9358e-6 -0.9721726 -0.2342662 -6.94082e-5 -0.9677331 -0.2519776 6.79113e-5 -0.9189587 -0.3943538 4.2213e-5 -0.9051139 0.4251694 -6.11983e-5 -0.8285108 0.5599732 -1.4125e-5 -0.9112285 0.4119011 6.00434e-5 -0.9948691 0.1011704 -4.07959e-5 -0.9637062 0.2669654 -6.29716e-5 -0.9677333 0.2519769 -3.23076e-6 -0.5946332 0.8039973 1.53501e-4 -0.5850407 0.8110041 4.82693e-6 -0.450204 0.8929258 -8.19033e-5 -0.721955 0.69194 9.15206e-5 -0.8207625 0.5712696 2.29953e-5 -0.7130516 0.7011116 -8.00926e-5 0.04244446 0.9990989 -8.1365e-6 -0.1270177 0.9919005 -1.72234e-5 -0.1179574 0.9930187 1.89962e-4 -0.2831997 0.959061 -3.72456e-5 -0.2928221 0.9561669 2.23545e-4 -0.4403896 0.8978068 5.39978e-5 0.3787845 0.9254849 -1.04166e-4 0.3728546 0.9278898 -8.89256e-6 0.2178099 0.9759913 1.18493e-4 0.05066084 0.998716 -1.65554e-4 0.2106775 0.9775556 -2.40558e-4 0.5243151 0.8515243 1.36395e-4 0.5289734 0.8486385 5.28845e-4 0.6640974 0.7476459 -6.37416e-4 0.6606569 0.7506878 4.05207e-4 0.7803812 0.6253042 -5.23393e-4 0.7780964 0.6281446 -4.24471e-4 0.8730359 0.4876559 2.73255e-4 0.8743575 0.4852825 1.76293e-4 0.9435026 0.3313655 -3.05988e-4 0.9428864 0.3331143 5.93785e-5 0.9857813 0.1680334 -1.78543e-4 0.9856274 0.1689339 1.98488e-5 -0.4286926 0.9034506 -5.25957e-5 -0.5680677 0.8229818 7.45473e-5 -0.5243088 0.8515282 2.89623e-5 0.5946326 0.8039976 -5.64945e-5 0.5000163 0.866016 9.57958e-6 0.4502043 0.8929256 2.95825e-5 -0.6606764 0.7506709 -1.72351e-5 -0.6927253 0.7212016 -2.03752e-5 -0.7994441 0.6007405 6.72252e-6 -0.7780359 0.6282198 -4.72711e-5 -0.8854603 0.4647151 6.0868e-5 -0.8730167 0.4876904 8.85071e-5 -0.9428809 0.3331302 -4.76604e-5 -0.9485401 0.3166573 -2.06192e-4 -0.9870759 0.1602537 1.15723e-4 -0.9856202 0.1689766 6.27482e-7 -1 -1.18006e-5 1.78591e-5 -1 -8.3905e-6 2.58829e-5 -0.3728563 0.9278891 4.26257e-5 -0.2106788 0.9775554 -4.23053e-5 -0.2782184 0.960518 -3.30228e-5 -0.1205365 0.992709 9.02638e-6 -0.04244118 0.999099 8.58819e-6 0.1270179 0.9919005 -3.36105e-5 0.04026633 0.9991891 1.4239e-5 0.2928232 0.9561666 -9.71416e-6 0.2000261 0.9797906 -6.67465e-5 0.3546071 0.9350155 3.11192e-5 0.9112288 0.4119008 -8.87839e-5 0.8553656 0.5180248 1.36187e-5 0.8285099 0.5599745 2.03596e-5 0.7219561 0.6919389 -5.28158e-5 0.7569959 0.6534196 -5.53126e-5 0.637425 0.7705124 1.57531e-5 0.9991229 0.04187607 -4.35221e-5 0.9963975 0.08480602 6.25523e-6 0.9963975 -0.08480602 2.82354e-5 0.9297763 0.3681251 2.28086e-5 0.9677331 0.2519777 -6.4357e-5 0.9781479 0.2079107 1.30679e-5 0.9112284 -0.4119014 1.23545e-5 0.8285096 -0.5599749 -5.97858e-5 0.8957108 -0.4446372 1.37526e-5 0.967733 -0.2519776 -8.36309e-5 0.957319 -0.2890337 1.20949e-5 0.9921148 -0.1253326 1.81079e-5 0.4502037 -0.8929259 -8.25936e-5 0.5707106 -0.8211513 7.43284e-5 0.5946328 -0.8039975 -5.06127e-6 0.6996626 -0.7144734 4.96244e-5 0.809018 -0.5877839 6.9567e-5 0.7219559 -0.6919391 -1.9344e-5 0.104527 -0.9945222 8.02791e-5 0.1270157 -0.9919007 4.30455e-5 -0.04244232 -0.999099 1.2666e-6 0.4257789 -0.9048272 9.13145e-5 0.2928195 -0.9561678 -9.92552e-5 0.2689172 -0.9631633 1.04175e-4 -0.3728577 -0.9278886 1.11755e-4 -0.5243108 -0.851527 -1.1466e-4 -0.3875206 -0.9218611 1.57485e-4 -0.2106809 -0.9775549 -8.04316e-5 -0.2283581 -0.9735772 -6.93796e-5 -0.06279641 -0.9980264 7.14698e-5 -0.5358226 -0.8443307 7.6343e-5 -0.6606773 -0.7506701 -7.59967e-5 -0.6691358 -0.7431402 1.01071e-4 -0.7836856 -0.6211578 1.31633e-4 -0.7780396 -0.6282153 2.4936e-4 -0.8730295 -0.4876675 -1.83291e-4 -0.8763207 -0.4817281 6.9244e-4 -0.9429026 -0.3330678 7.62935e-5 -0.944371 -0.3288822 -1.58205e-4 -0.9860268 -0.1665872 4.08413e-4 -0.9856364 -0.1688808 2.7033e-5 0.4286944 -0.9034496 -1.88025e-5 0.5243079 -0.8515289 -1.88844e-5 0.568064 -0.8229844 -2.74009e-5 -0.5946328 -0.8039975 -3.59542e-5 -0.4502048 -0.8929254 5.21182e-5 -0.5000157 -0.8660164 -3.86741e-5 0.6606764 -0.7506709 7.92104e-5 0.6927282 -0.7211987 -1.00345e-5 0.7994427 -0.6007425 -4.72246e-5 0.7780374 -0.6282179 -1.54076e-5 0.8730149 -0.4876937 5.77446e-5 0.8854602 -0.4647154 -5.6013e-5 0.942879 -0.3331353 1.42382e-4 0.9485477 -0.3166344 5.23503e-4 0.9871251 -0.1599494 -5.00466e-5 0.9856177 -0.1689906 5.73533e-5 1 -2.64369e-5 0 1 -3.70824e-5 -6.42249e-5 0.3728567 -0.927889 4.25056e-6 0.2782173 -0.9605181 -3.15378e-5 0.2106791 -0.9775553 5.6522e-6 0.1205372 -0.9927089 1.48239e-5 0.04244124 -0.999099 -1.87377e-5 -0.127018 -0.9919005 7.81799e-5 -0.04026544 -0.9991891 1.16522e-5 -0.2000257 -0.9797907 -3.7374e-5 -0.2928231 -0.9561667 -1.13253e-5 -0.3546048 -0.9350163 -1.01889e-4 -0.9112285 -0.4119014 -8.12979e-5 -0.82851 -0.5599744 4.50211e-5 -0.8553651 -0.5180258 -1.74688e-5 -0.721956 -0.6919391 3.92571e-5 -0.6374247 -0.7705128 6.80941e-5 -0.7569961 -0.6534194 2.8017e-5 -0.9991229 -0.04187464 5.14323e-6 -0.9963975 0.08480584 1.16127e-5 -0.9963975 -0.08480596 1.04251e-4 -0.929777 -0.3681231 1.28979e-5 -0.9781478 -0.207911 -1.73938e-5 -0.967733 -0.2519779 8.86293e-6 -0.9112286 0.4119012 -1.16043e-5 -0.895712 0.4446349 -9.61986e-6 -0.8285098 0.5599749 -4.8276e-5 -0.9677331 0.2519777 -4.9097e-6 -0.9921148 0.1253327 7.68376e-5 -0.9573188 0.2890343 -5.5335e-5 -0.4502038 0.8929259 -1.07057e-4 -0.5946314 0.8039985 4.90341e-5 -0.570712 0.8211504 1.1751e-5 -0.6996628 0.7144734 -5.82677e-5 -0.7219558 0.6919393 5.71692e-5 -0.8090156 0.5877872 2.00206e-5 -0.1045265 0.9945222 -1.03895e-4 0.04244369 0.9990989 -6.94587e-5 -0.1270155 0.9919008 7.68807e-5 -0.4257767 0.9048283 1.65468e-5 -0.2689194 0.9631627 -4.47642e-5 -0.2928223 0.9561669 -9.38727e-5 0.3728573 0.9278887 9.69459e-5 0.3875218 0.9218606 -7.80264e-5 0.5243094 0.8515279 -5.75918e-5 0.2106803 0.977555 1.16675e-4 0.0627985 0.9980263 8.13698e-5 0.2283588 0.9735771 8.63604e-6 0.5358274 0.8443275 3.46637e-5 0.6691331 0.7431426 -7.7657e-5 0.6606769 0.7506704 1.37126e-4 0.7837063 0.6211316 -1.56025e-4 0.7780456 0.6282079 -1.86762e-4 0.8730266 0.4876726 3.46923e-4 0.8763325 0.4817065 4.19946e-4 0.944421 0.3287382 7.17641e-5 0.9428766 0.3331422 1.76443e-4 0.9860284 0.1665772 6.10029e-5 0.9856111 0.1690293 0 0 0 1 -7.29417e-7 0 1 6.99406e-7 0 1 3.46464e-7 0 1 6.99023e-7 0 1 -7.30042e-7 0 1 6.9599e-7 0 1 3.64867e-7 0 1 1.39535e-6 0 1 -5.67678e-7 0 1 2.05674e-7 0 1 3.65225e-7 0 1 7.30006e-7 0 1 1.39698e-6 0 1 -3.49594e-7 0 1 1.39379e-6 0 1 6.98948e-7 0 1 1.72977e-7 0 1 -1.39462e-6 0 1 -7.69597e-7 0 1 -3.66402e-7 0 1 -6.98667e-7 0 1 0 0 1 3.6613e-7 0 1 6.96462e-7 0 1 -7.2915e-7 0 1 -3.62679e-7 0 1 -8.23228e-7 0 1 -6.98051e-7 0 1 -7.24958e-7 0 1 -7.28904e-7 0 1 -1.7459e-7 0 1 3.45038e-7 0 1 6.42504e-7 0 1 -7.27386e-7 0 1 7.26808e-7 0 1 -6.97296e-7 0 1 1.81151e-7 0 1 7.29468e-7 0 1 5.49189e-7 0 1 7.30845e-7 0 1 -1.61949e-5 0 1 -3.43767e-6 0 1 -7.34365e-7 0 1 3.66976e-7 0 1 -7.30574e-7 0 1 5.21635e-7 0 1 3.66421e-7 0 1 -7.3336e-7 0 1 -6.91417e-7 0 1 -6.40136e-7 0 1 -3.66928e-7 0 1 3.64214e-7 0 1 8.20166e-7 0 1 -2.05884e-7 0 1 1.38017e-6 0 1 1.8277e-7 0 1 7.33546e-7 0 1 0 0 1 -3.64421e-7 0 1 -6.97499e-7 0 1 -3.65546e-7 0 1 -7.34125e-7 0 1 6.91033e-7 0 1 7.34587e-7 0 1 -3.65288e-7 0 1 3.47918e-7 0 1 1.39408e-6 0 1 6.97976e-7 0 1 0 0 1 7.32865e-7 0 1 1.38134e-6 0 1 6.94458e-7 0 1 3.48104e-7 0 1 1.73782e-7 0 1 5.47184e-7 0 1 6.91863e-7 0 1 3.46433e-7 0 1 -6.92339e-7 0 1 7.33845e-7 0 1 -3.47603e-7 0 1 -2.16041e-7 0 1 -6.94998e-7 0 1 3.43767e-6 0 1 1.61949e-5 0</float_array>
          <technique_common>
            <accessor source="#ID4-mesh-normals-array" count="3152" stride="3">
              <param name="X" type="float"/>
              <param name="Y" type="float"/>
              <param name="Z" type="float"/>
            </accessor>
          </technique_common>
        </source>
        <vertices id="ID4-mesh-vertices">
          <input semantic="POSITION" source="#ID4-mesh-positions"/>
        </vertices>
        <triangles material="Black-material" count="5018">
          <input semantic="VERTEX" source="#ID4-mesh-vertices" offset="0"/>
          <input semantic="NORMAL" source="#ID4-mesh-normals" offset="1"/>
          <p>0 0 2 1 1 2 3 3 5 4 4 5 6 6 8 7 7 8 9 9 11 10 10 11 12 12 14 13 13 14 15 15 17 16 16 17 18 18 20 19 19 20 21 21 23 22 22 23 24 24 26 25 25 26 27 27 29 28 28 29 30 30 28 29 31 31 32 32 27 27 33 33 27 27 32 32 29 28 33 33 35 34 34 35 34 35 32 32 33 33 36 36 37 37 35 34 34 35 35 34 37 37 38 38 36 36 39 39 36 36 38 38 37 37 21 21 30 30 31 31 28 29 29 28 31 31 22 23 23 22 24 24 30 30 21 21 22 23 26 25 16 17 25 26 23 22 26 25 24 24 15 15 19 20 17 16 16 17 17 16 25 26 11 10 20 19 18 18 18 18 19 20 15 15 14 13 9 9 10 11 9 9 20 19 11 10 12 12 13 14 3 3 14 13 10 11 13 14 4 5 5 4 7 8 12 12 3 3 4 5 6 6 0 0 8 7 5 4 6 6 7 8 1 2 8 7 0 0 40 40 42 41 41 42 43 43 45 44 44 45 46 46 48 47 47 48 49 49 51 50 50 51 52 52 54 53 53 54 55 55 57 56 56 57 58 58 60 59 59 60 61 61 63 62 62 63 64 64 66 65 65 66 67 67 69 68 68 69 70 70 71 71 69 68 72 72 73 73 67 67 67 67 68 69 72 72 73 73 75 74 74 75 75 74 73 73 72 72 76 76 74 75 77 77 75 74 77 77 74 75 78 78 79 79 76 76 76 76 77 77 78 78 61 61 71 71 70 70 69 68 71 71 68 69 63 62 64 64 62 63 70 70 63 62 61 61 65 66 66 65 57 56 62 63 64 64 65 66 55 55 56 57 60 59 57 56 66 65 56 57 50 51 58 58 59 60 58 58 55 55 60 59 53 54 51 50 49 49 49 49 50 51 59 60 52 52 43 43 54 53 53 54 54 53 51 50 45 44 48 47 44 45 52 52 45 44 43 43 46 46 47 48 40 40 44 45 48 47 46 46 42 41 40 40 47 48 80 80 82 80 81 80 83 80 80 80 84 80 82 80 80 80 85 80 80 80 83 80 85 80 86 81 88 81 87 81 89 81 90 81 86 81 87 81 91 81 86 81 86 82 91 82 89 82 92 80 94 80 93 80 95 80 94 80 96 80 96 80 94 80 97 80 97 83 94 83 92 83 98 81 100 81 99 81 101 81 102 81 98 81 99 81 103 81 98 81 98 81 103 81 101 81 104 84 106 84 105 84 106 84 107 84 105 84 108 85 109 85 106 85 110 86 107 86 106 86 108 84 106 84 104 84 111 87 113 87 112 87 113 84 114 84 104 84 104 84 105 84 113 84 112 84 113 84 105 84 113 84 115 84 114 84 116 88 118 88 117 88 116 89 119 89 118 89 120 90 122 90 121 90 122 90 120 90 123 90 124 91 126 91 125 91 126 92 124 92 127 92 128 93 130 93 129 93 130 94 128 94 131 94 132 95 134 95 133 95 134 96 132 96 135 96 136 97 138 97 137 97 136 98 139 98 138 98 140 99 142 99 141 99 142 100 140 100 143 100 144 101 146 101 145 101 144 102 147 102 146 102 148 103 150 103 149 103 148 104 151 104 150 104 152 105 154 105 153 105 152 106 155 106 154 106 156 107 158 107 157 107 156 108 159 108 158 108 160 109 162 109 161 109 162 110 160 110 163 110 164 84 166 84 165 84 167 84 169 84 168 84 170 84 171 84 165 84 165 84 166 84 172 84 173 84 174 84 165 84 166 111 164 111 175 111 173 84 165 84 176 84 177 84 166 84 175 84 167 84 178 84 176 84 179 112 166 112 180 112 178 113 167 113 181 113 182 114 166 114 179 114 183 115 185 115 184 115 182 84 184 84 166 84 185 116 186 116 184 116 168 84 187 84 167 84 184 84 186 84 188 84 187 117 168 117 189 117 184 118 188 118 190 118 191 119 189 119 168 119 192 120 188 120 186 120 193 84 188 84 194 84 195 84 168 84 196 84 170 84 165 84 174 84 197 84 198 84 196 84 199 121 196 121 200 121 196 84 199 84 197 84 188 122 193 122 199 122 199 84 193 84 201 84 196 123 203 123 202 123 204 84 196 84 198 84 202 84 195 84 196 84 188 124 205 124 194 124 206 84 168 84 195 84 192 84 207 84 188 84 187 84 208 84 167 84 167 125 208 125 181 125 197 126 199 126 209 126 206 127 210 127 168 127 191 84 168 84 210 84 203 128 196 128 204 128 201 84 211 84 199 84 212 84 209 84 199 84 212 84 199 84 211 84 205 129 188 129 207 129 213 130 183 130 184 130 177 84 180 84 166 84 182 131 213 131 184 131 165 84 171 84 164 84 165 132 167 132 176 132 214 133 216 133 215 133 217 84 219 84 218 84 214 84 215 84 220 84 221 86 214 86 220 86 217 134 218 134 215 134 214 135 222 135 216 135 214 84 223 84 222 84 217 84 216 84 224 84 216 84 217 84 215 84 224 84 225 84 217 84 226 136 228 136 227 136 226 137 229 137 228 137 230 138 232 138 231 138 232 139 230 139 233 139 234 140 236 140 235 140 236 141 234 141 237 141 238 142 240 142 239 142 240 143 238 143 241 143 242 144 244 144 243 144 244 145 242 145 245 145 246 146 248 146 247 146 246 147 249 147 248 147 250 148 252 148 251 148 252 149 250 149 253 149 254 150 256 150 255 150 254 150 257 150 256 150 258 151 260 151 259 151 258 152 261 152 260 152 262 153 264 153 263 153 262 154 265 154 264 154 266 155 268 155 267 155 266 156 269 156 268 156 270 157 272 157 271 157 272 158 270 158 273 158 274 84 276 84 275 84 277 84 279 84 278 84 280 84 282 84 281 84 283 132 277 132 284 132 281 159 286 159 285 159 287 84 284 84 288 84 276 84 290 84 289 84 288 160 292 160 291 160 293 118 276 118 274 118 294 84 292 84 274 84 295 130 274 130 296 130 292 161 294 161 297 161 274 162 295 162 294 162 274 84 275 84 298 84 299 84 291 84 292 84 288 84 284 84 292 84 300 84 276 84 301 84 292 163 284 163 302 163 284 164 287 164 303 164 290 84 281 84 304 84 284 165 306 165 305 165 277 166 308 166 307 166 281 84 285 84 309 84 277 84 307 84 279 84 280 167 281 167 310 167 281 168 282 168 286 168 311 119 312 119 279 119 307 117 311 117 279 117 279 127 314 127 313 127 315 84 282 84 280 84 316 169 279 169 313 169 280 170 317 170 315 170 280 84 279 84 316 84 318 84 280 84 316 84 304 84 281 84 309 84 283 84 284 84 305 84 281 171 290 171 276 171 277 125 319 125 308 125 318 172 320 172 280 172 317 173 280 173 320 173 314 84 279 84 312 84 300 120 275 120 276 120 321 113 319 113 277 113 303 84 306 84 284 84 283 84 321 84 277 84 322 84 299 84 292 84 297 112 322 112 292 112 296 115 274 115 298 115 289 174 323 174 276 174 301 175 276 175 323 175 324 84 326 84 325 84 327 84 325 84 328 84 327 176 329 176 324 176 327 84 330 84 329 84 326 84 324 84 331 84 331 177 332 177 326 177 326 84 334 84 333 84 324 84 325 84 327 84 326 178 333 178 325 178 328 84 335 84 327 84 336 179 338 179 337 179 336 180 339 180 338 180 340 150 342 150 341 150 340 181 343 181 342 181 344 182 346 182 345 182 346 152 344 152 347 152 348 183 350 183 349 183 348 184 351 184 350 184 352 185 354 185 353 185 354 186 352 186 355 186 356 187 358 187 357 187 358 188 356 188 359 188 360 189 362 189 361 189 362 190 360 190 363 190 364 139 366 139 365 139 366 139 364 139 367 139 368 191 370 191 369 191 368 141 371 141 370 141 372 192 374 192 373 192 374 193 372 193 375 193 376 194 378 194 377 194 376 195 379 195 378 195 380 196 382 196 381 196 380 197 383 197 382 197 384 84 386 84 385 84 385 198 386 198 387 198 385 199 387 199 388 199 389 84 391 84 390 84 392 200 394 200 393 200 395 201 397 201 396 201 398 202 392 202 399 202 400 84 401 84 396 84 402 203 403 203 400 203 404 84 399 84 405 84 405 84 399 84 406 84 407 84 403 84 402 84 399 84 404 84 402 84 408 84 399 84 409 84 410 204 399 204 408 204 411 205 402 205 396 205 400 84 396 84 402 84 399 206 392 206 409 206 412 84 396 84 401 84 392 207 414 207 413 207 394 84 392 84 415 84 395 208 396 208 416 208 417 84 391 84 397 84 396 209 397 209 391 209 418 210 384 210 385 210 419 84 390 84 391 84 420 84 390 84 421 84 421 84 390 84 419 84 422 84 423 84 390 84 386 84 384 84 424 84 425 84 390 84 423 84 384 211 426 211 424 211 384 84 390 84 425 84 390 84 420 84 422 84 427 84 384 84 425 84 388 212 428 212 385 212 385 213 428 213 415 213 391 214 429 214 419 214 427 84 430 84 384 84 426 84 384 84 430 84 413 84 409 84 392 84 431 84 429 84 391 84 416 215 396 215 412 215 417 216 431 216 391 216 432 84 407 84 402 84 404 84 432 84 402 84 406 217 399 217 410 217 392 218 385 218 415 218 414 219 392 219 393 219 433 84 435 84 434 84 436 84 438 84 437 84 438 84 439 84 437 84 436 84 440 84 438 84 441 84 439 84 438 84 438 84 442 84 441 84 434 84 439 84 433 84 443 84 437 84 434 84 439 84 434 84 437 84 434 84 444 84 443 84 445 81 447 81 446 81 445 81 448 81 447 81 449 220 451 220 450 220 451 220 449 220 452 220 453 80 455 80 454 80 453 80 454 80 456 80 457 220 459 220 458 220 457 220 460 220 459 220 461 80 463 80 462 80 461 80 462 80 464 80 465 221 467 221 466 221 465 221 468 221 467 221 469 80 471 80 470 80 469 80 470 80 472 80 473 221 475 221 474 221 474 221 476 221 473 221 477 81 479 81 478 81 477 81 480 81 479 81 481 221 483 221 482 221 481 221 484 221 483 221 485 81 487 81 486 81 485 81 488 81 487 81 489 220 491 220 490 220 489 220 492 220 491 220 493 84 495 84 494 84 496 222 498 222 497 222 499 84 495 84 500 84 501 84 494 84 502 84 499 223 504 223 503 223 505 84 502 84 506 84 507 84 508 84 503 84 505 224 510 224 509 224 508 225 512 225 511 225 509 84 514 84 513 84 515 226 511 226 516 226 517 84 496 84 515 84 518 84 520 84 519 84 521 84 518 84 513 84 519 227 523 227 522 227 524 228 497 228 525 228 526 84 527 84 522 84 525 84 529 84 528 84 530 229 532 229 531 229 531 84 533 84 529 84 534 230 536 230 535 230 537 231 530 231 535 231 538 232 540 232 539 232 541 233 527 233 542 233 543 84 545 84 544 84 546 84 545 84 547 84 548 84 549 84 547 84 539 84 551 84 550 84 550 84 552 84 548 84 553 234 555 234 554 234 554 84 543 84 556 84 557 84 534 84 558 84 540 235 559 235 558 235 560 84 562 84 561 84 561 236 563 236 560 236 560 84 564 84 562 84 541 237 566 237 565 237 563 238 555 238 553 238 561 239 555 239 563 239 553 240 554 240 556 240 556 241 543 241 544 241 544 242 545 242 546 242 546 84 547 84 549 84 549 84 548 84 552 84 552 84 550 84 551 84 539 243 550 243 538 243 540 244 538 244 559 244 558 84 559 84 557 84 534 245 557 245 536 245 535 84 536 84 537 84 530 84 537 84 532 84 531 246 532 246 533 246 529 84 533 84 528 84 525 84 528 84 524 84 525 247 497 247 498 247 498 248 496 248 517 248 517 249 515 249 516 249 516 250 511 250 512 250 512 84 508 84 507 84 507 251 503 251 504 251 504 84 499 84 500 84 500 84 495 84 493 84 493 84 494 84 501 84 502 252 494 252 506 252 505 253 506 253 510 253 509 254 510 254 514 254 513 84 514 84 521 84 518 84 521 84 520 84 519 84 520 84 523 84 522 84 523 84 526 84 527 84 526 84 542 84 541 255 565 255 564 255 541 256 542 256 566 256 562 257 564 257 565 257 567 84 569 84 568 84 570 258 572 258 571 258 573 84 569 84 574 84 575 84 568 84 576 84 573 259 578 259 577 259 579 84 576 84 580 84 581 84 582 84 577 84 579 260 584 260 583 260 582 261 586 261 585 261 583 84 588 84 587 84 589 226 585 226 590 226 591 84 570 84 589 84 592 84 594 84 593 84 595 84 592 84 587 84 593 262 597 262 596 262 598 263 571 263 599 263 600 84 601 84 596 84 599 84 603 84 602 84 604 264 606 264 605 264 605 84 607 84 603 84 608 265 610 265 609 265 611 231 604 231 609 231 612 266 614 266 613 266 615 267 601 267 616 267 617 84 619 84 618 84 620 84 619 84 621 84 622 84 623 84 621 84 613 84 625 84 624 84 624 84 626 84 622 84 627 268 629 268 628 268 628 84 617 84 630 84 631 84 608 84 632 84 614 235 633 235 632 235 634 84 636 84 635 84 635 269 637 269 634 269 634 84 638 84 636 84 615 270 640 270 639 270 637 271 629 271 627 271 635 272 629 272 637 272 627 273 628 273 630 273 630 241 617 241 618 241 618 274 619 274 620 274 620 84 621 84 623 84 623 84 622 84 626 84 626 84 624 84 625 84 613 275 624 275 612 275 614 276 612 276 633 276 632 84 633 84 631 84 608 245 631 245 610 245 609 84 610 84 611 84 604 84 611 84 606 84 605 277 606 277 607 277 603 84 607 84 602 84 599 84 602 84 598 84 599 278 571 278 572 278 572 279 570 279 591 279 591 280 589 280 590 280 590 281 585 281 586 281 586 84 582 84 581 84 581 282 577 282 578 282 578 84 573 84 574 84 574 84 569 84 567 84 567 84 568 84 575 84 576 252 568 252 580 252 579 283 580 283 584 283 583 284 584 284 588 284 587 84 588 84 595 84 592 84 595 84 594 84 593 84 594 84 597 84 596 84 597 84 600 84 601 84 600 84 616 84 615 285 639 285 638 285 615 286 616 286 640 286 636 287 638 287 639 287 641 288 643 288 642 288 642 289 645 289 644 289 642 290 647 290 646 290 641 84 642 84 644 84 646 85 645 85 642 85 648 291 650 291 649 291 645 292 649 292 650 292 651 135 644 135 650 135 645 84 650 84 644 84 650 84 652 84 651 84 653 99 655 99 654 99 653 293 656 293 655 293 657 102 659 102 658 102 657 102 660 102 659 102 661 294 663 294 662 294 663 295 661 295 664 295 665 296 667 296 666 296 665 297 668 297 667 297 669 298 671 298 670 298 671 299 669 299 672 299 673 300 675 300 674 300 675 301 673 301 676 301 677 88 679 88 678 88 679 302 677 302 680 302 681 90 683 90 682 90 683 303 681 303 684 303 685 304 687 304 686 304 685 305 688 305 687 305 689 306 691 306 690 306 691 307 689 307 692 307 693 308 695 308 694 308 693 309 696 309 695 309 697 310 699 310 698 310 697 311 700 311 699 311 701 312 703 312 702 312 704 84 706 84 705 84 707 84 708 84 705 84 709 313 704 313 710 313 708 84 712 84 711 84 713 314 714 314 710 314 711 84 716 84 715 84 717 84 719 84 718 84 720 84 715 84 721 84 722 315 720 315 723 315 724 316 726 316 725 316 727 317 729 317 728 317 730 318 732 318 731 318 733 319 735 319 734 319 736 320 738 320 737 320 739 321 741 321 740 321 742 84 744 84 743 84 742 322 746 322 745 322 747 84 736 84 748 84 748 323 743 323 749 323 750 324 751 324 741 324 750 84 752 84 746 84 753 84 754 84 737 84 755 325 739 325 756 325 754 326 757 326 733 326 758 84 759 84 734 84 731 327 755 327 760 327 761 84 762 84 732 84 726 84 763 84 758 84 764 84 725 84 765 84 766 84 703 84 762 84 701 84 768 84 767 84 714 328 717 328 718 328 769 84 722 84 770 84 767 84 772 84 771 84 728 329 773 329 727 329 773 330 775 330 774 330 765 84 729 84 764 84 728 331 729 331 765 331 725 84 764 84 724 84 726 84 724 84 763 84 758 332 763 332 759 332 758 333 734 333 735 333 735 334 733 334 757 334 757 335 754 335 753 335 753 336 737 336 738 336 738 337 736 337 747 337 747 338 748 338 749 338 749 84 743 84 744 84 744 329 742 329 745 329 745 84 746 84 752 84 750 84 746 84 751 84 741 84 751 84 740 84 739 84 740 84 756 84 755 84 756 84 760 84 731 84 760 84 730 84 732 84 730 84 761 84 762 84 761 84 766 84 703 339 766 339 702 339 701 84 702 84 768 84 701 340 767 340 771 340 771 84 772 84 776 84 776 341 769 341 770 341 772 84 769 84 776 84 770 342 722 342 723 342 723 84 720 84 721 84 721 343 715 343 716 343 716 344 711 344 712 344 712 345 708 345 707 345 707 346 705 346 706 346 706 347 704 347 709 347 710 348 704 348 713 348 714 349 713 349 717 349 718 350 719 350 775 350 773 351 774 351 727 351 775 84 719 84 774 84 777 84 779 84 778 84 780 84 782 84 781 84 778 352 779 352 783 352 778 353 784 353 777 353 785 354 778 354 783 354 786 84 778 84 787 84 786 355 784 355 778 355 788 84 784 84 786 84 785 84 789 84 778 84 780 84 791 84 790 84 786 356 792 356 788 356 793 84 795 84 794 84 795 357 797 357 796 357 798 84 794 84 799 84 800 358 780 358 801 358 802 359 804 359 803 359 805 84 780 84 806 84 807 84 802 84 808 84 809 360 806 360 781 360 807 361 811 361 810 361 812 362 807 362 813 362 814 84 802 84 807 84 808 84 811 84 807 84 781 84 807 84 815 84 807 84 812 84 815 84 816 84 802 84 817 84 802 363 816 363 808 363 804 84 802 84 794 84 780 355 781 355 806 355 791 84 780 84 805 84 794 359 798 359 804 359 801 84 780 84 790 84 818 84 794 84 796 84 819 84 794 84 818 84 786 364 800 364 820 364 800 84 786 84 780 84 821 365 795 365 789 365 797 84 795 84 822 84 781 366 823 366 809 366 820 84 824 84 786 84 792 84 786 84 824 84 794 367 795 367 796 367 825 84 823 84 781 84 810 84 813 84 807 84 815 354 825 354 781 354 826 84 817 84 802 84 803 84 826 84 802 84 799 84 794 84 819 84 789 84 795 84 778 84 822 84 795 84 821 84 827 84 829 84 828 84 830 368 832 368 831 368 833 84 829 84 834 84 835 369 828 369 836 369 833 370 838 370 837 370 839 371 836 371 840 371 841 84 842 84 837 84 839 372 844 372 843 372 842 373 846 373 845 373 843 84 848 84 847 84 849 84 845 84 850 84 851 374 830 374 849 374 852 375 854 375 853 375 855 376 852 376 847 376 853 84 857 84 856 84 858 84 831 84 859 84 860 377 861 377 856 377 859 378 863 378 862 378 864 84 866 84 865 84 865 84 867 84 863 84 868 84 870 84 869 84 871 379 864 379 869 379 872 380 874 380 873 380 875 381 861 381 876 381 877 84 879 84 878 84 880 84 879 84 881 84 882 84 883 84 881 84 873 84 885 84 884 84 884 382 886 382 882 382 887 383 889 383 888 383 888 84 877 84 890 84 891 384 868 384 892 384 874 385 893 385 892 385 894 84 896 84 895 84 895 84 897 84 894 84 894 84 898 84 896 84 875 386 900 386 899 386 897 387 889 387 887 387 895 84 889 84 897 84 887 381 888 381 890 381 890 388 877 388 878 388 878 84 879 84 880 84 880 389 881 389 883 389 883 390 882 390 886 390 886 84 884 84 885 84 873 391 884 391 872 391 874 392 872 392 893 392 892 393 893 393 891 393 868 84 891 84 870 84 869 84 870 84 871 84 864 84 871 84 866 84 865 84 866 84 867 84 863 84 867 84 862 84 859 84 862 84 858 84 859 394 831 394 832 394 832 395 830 395 851 395 851 84 849 84 850 84 850 378 845 378 846 378 846 84 842 84 841 84 841 396 837 396 838 396 838 397 833 397 834 397 834 84 829 84 827 84 827 398 828 398 835 398 836 399 828 399 840 399 839 400 840 400 844 400 843 401 844 401 848 401 847 402 848 402 855 402 852 84 855 84 854 84 853 84 854 84 857 84 856 84 857 84 860 84 861 84 860 84 876 84 875 403 899 403 898 403 875 383 876 383 900 383 896 404 898 404 899 404 901 208 903 208 902 208 902 405 905 405 904 405 901 201 902 201 906 201 902 84 908 84 907 84 909 406 910 406 906 406 907 407 911 407 902 407 912 84 910 84 909 84 907 203 908 203 913 203 914 84 915 84 907 84 914 84 907 84 916 84 917 84 918 84 909 84 919 84 907 84 915 84 920 84 909 84 921 84 915 84 922 84 919 84 917 84 909 84 920 84 923 204 924 204 919 204 920 408 925 408 917 408 924 84 926 84 919 84 927 409 919 409 926 409 927 202 928 202 919 202 929 410 931 410 930 410 927 411 926 411 932 411 929 412 934 412 933 412 935 413 927 413 936 413 937 210 938 210 929 210 929 84 938 84 934 84 927 218 935 218 938 218 903 215 905 215 902 215 929 414 939 414 931 414 940 84 929 84 933 84 941 84 927 84 932 84 927 200 942 200 936 200 920 84 930 84 943 84 930 84 920 84 929 84 918 415 944 415 909 415 909 84 944 84 912 84 904 84 908 84 902 84 934 416 938 416 945 416 943 84 946 84 920 84 925 84 920 84 946 84 939 84 929 84 940 84 947 417 945 417 938 417 935 213 948 213 938 213 947 212 938 212 948 212 942 418 927 418 941 418 949 217 923 217 919 217 922 84 949 84 919 84 913 84 916 84 907 84 902 209 909 209 906 209 950 245 952 245 951 245 953 419 955 419 954 419 956 420 952 420 957 420 958 84 951 84 959 84 956 84 961 84 960 84 962 84 959 84 963 84 964 277 965 277 960 277 962 260 967 260 966 260 965 84 969 84 968 84 966 421 971 421 970 421 972 84 968 84 973 84 974 422 953 422 972 422 975 84 977 84 976 84 978 84 975 84 970 84 976 274 980 274 979 274 981 263 954 263 982 263 983 84 984 84 979 84 982 281 986 281 985 281 987 84 989 84 988 84 988 84 990 84 986 84 991 84 993 84 992 84 994 84 987 84 992 84 995 423 997 423 996 423 998 273 984 273 999 273 1000 84 1002 84 1001 84 1003 84 1002 84 1004 84 1005 84 1006 84 1004 84 996 84 1008 84 1007 84 1007 84 1009 84 1005 84 1010 286 1012 286 1011 286 1011 84 1000 84 1013 84 1014 84 991 84 1015 84 997 424 1016 424 1015 424 1017 84 1019 84 1018 84 1018 425 1020 425 1017 425 1017 84 1021 84 1019 84 998 426 1023 426 1022 426 1020 427 1012 427 1010 427 1018 272 1012 272 1020 272 1010 267 1011 267 1013 267 1013 428 1000 428 1001 428 1001 429 1002 429 1003 429 1003 84 1004 84 1006 84 1006 84 1005 84 1009 84 1009 84 1007 84 1008 84 996 430 1007 430 995 430 997 431 995 431 1016 431 1015 84 1016 84 1014 84 991 84 1014 84 993 84 992 84 993 84 994 84 987 84 994 84 989 84 988 84 989 84 990 84 986 84 990 84 985 84 982 226 985 226 981 226 982 432 954 432 955 432 955 433 953 433 974 433 974 434 972 434 973 434 973 84 968 84 969 84 969 84 965 84 964 84 964 435 960 435 961 435 961 436 956 436 957 436 957 84 952 84 950 84 950 84 951 84 958 84 959 223 951 223 963 223 962 283 963 283 967 283 966 437 967 437 971 437 970 84 971 84 978 84 975 84 978 84 977 84 976 84 977 84 980 84 979 84 980 84 983 84 984 84 983 84 999 84 998 438 1022 438 1021 438 998 268 999 268 1023 268 1019 439 1021 439 1022 439 1024 84 1026 84 1025 84 1027 84 1028 84 1024 84 1029 84 1026 84 1024 84 1030 84 1029 84 1024 84 1027 84 1024 84 1025 84 1026 84 1032 84 1031 84 1032 84 1033 84 1031 84 1034 84 1025 84 1031 84 1025 84 1026 84 1031 84 1031 84 1035 84 1034 84 1036 80 1038 80 1037 80 1037 80 1039 80 1036 80 1040 221 1042 221 1041 221 1041 221 1043 221 1040 221 1044 81 1046 81 1045 81 1046 81 1044 81 1047 81 1048 221 1050 221 1049 221 1048 221 1051 221 1050 221 1052 81 1054 81 1053 81 1054 81 1052 81 1055 81 1056 220 1058 220 1057 220 1056 220 1059 220 1058 220 1060 81 1062 81 1061 81 1062 81 1060 81 1063 81 1064 220 1066 220 1065 220 1066 220 1064 220 1067 220 1068 80 1070 80 1069 80 1069 80 1071 80 1068 80 1072 220 1074 220 1073 220 1072 220 1075 220 1074 220 1076 80 1078 80 1077 80 1077 80 1079 80 1076 80 1080 221 1082 221 1081 221 1080 221 1083 221 1082 221 1084 84 1086 84 1085 84 1087 440 1089 440 1088 440 1089 441 1090 441 1088 441 1087 84 1088 84 1091 84 1092 84 1088 84 1090 84 1089 442 1087 442 1093 442 1092 84 1094 84 1088 84 1087 443 1095 443 1093 443 1088 444 1094 444 1096 444 1097 84 1098 84 1087 84 1084 445 1096 445 1099 445 1100 446 1101 446 1086 446 1102 84 1103 84 1097 84 1097 440 1105 440 1104 440 1106 84 1108 84 1107 84 1109 84 1111 84 1110 84 1112 84 1113 84 1108 84 1114 84 1111 84 1108 84 1107 84 1108 84 1115 84 1113 84 1116 84 1108 84 1112 447 1111 447 1109 447 1108 84 1111 84 1112 84 1108 84 1106 84 1105 84 1101 84 1117 84 1111 84 1105 441 1118 441 1104 441 1119 84 1105 84 1097 84 1111 448 1086 448 1101 448 1120 449 1086 449 1121 449 1104 442 1102 442 1097 442 1122 84 1097 84 1123 84 1124 447 1121 447 1086 447 1086 450 1084 450 1124 450 1122 84 1098 84 1097 84 1125 84 1084 84 1099 84 1126 84 1084 84 1127 84 1087 84 1098 84 1128 84 1118 84 1105 84 1129 84 1128 84 1130 84 1087 84 1095 84 1087 84 1130 84 1123 84 1097 84 1103 84 1124 84 1084 84 1126 84 1106 451 1131 451 1105 451 1129 84 1105 84 1131 84 1116 84 1115 84 1108 84 1132 84 1110 84 1111 84 1117 446 1132 446 1111 446 1100 84 1086 84 1120 84 1084 84 1088 84 1096 84 1127 84 1084 84 1125 84 1133 84 1135 84 1134 84 1136 452 1138 452 1137 452 1139 84 1135 84 1140 84 1141 369 1134 369 1142 369 1139 453 1144 453 1143 453 1145 454 1142 454 1146 454 1147 84 1148 84 1143 84 1145 455 1150 455 1149 455 1148 456 1152 456 1151 456 1149 84 1154 84 1153 84 1155 84 1151 84 1156 84 1157 457 1136 457 1155 457 1158 458 1160 458 1159 458 1161 375 1158 375 1153 375 1159 84 1163 84 1162 84 1164 84 1137 84 1165 84 1166 459 1167 459 1162 459 1165 460 1169 460 1168 460 1170 84 1172 84 1171 84 1171 84 1173 84 1169 84 1174 84 1176 84 1175 84 1177 379 1170 379 1175 379 1178 461 1180 461 1179 461 1181 462 1167 462 1182 462 1183 84 1185 84 1184 84 1186 84 1185 84 1187 84 1188 84 1189 84 1187 84 1179 84 1191 84 1190 84 1190 463 1192 463 1188 463 1193 464 1195 464 1194 464 1194 84 1183 84 1196 84 1197 465 1174 465 1198 465 1180 466 1199 466 1198 466 1200 84 1202 84 1201 84 1201 84 1203 84 1200 84 1200 84 1204 84 1202 84 1181 467 1206 467 1205 467 1203 468 1195 468 1193 468 1201 84 1195 84 1203 84 1193 462 1194 462 1196 462 1196 469 1183 469 1184 469 1184 84 1185 84 1186 84 1186 470 1187 470 1189 470 1189 471 1188 471 1192 471 1192 84 1190 84 1191 84 1179 472 1190 472 1178 472 1180 473 1178 473 1199 473 1198 474 1199 474 1197 474 1174 84 1197 84 1176 84 1175 84 1176 84 1177 84 1170 84 1177 84 1172 84 1171 84 1172 84 1173 84 1169 84 1173 84 1168 84 1165 84 1168 84 1164 84 1165 475 1137 475 1138 475 1138 476 1136 476 1157 476 1157 84 1155 84 1156 84 1156 460 1151 460 1152 460 1152 84 1148 84 1147 84 1147 477 1143 477 1144 477 1144 397 1139 397 1140 397 1140 84 1135 84 1133 84 1133 478 1134 478 1141 478 1142 479 1134 479 1146 479 1145 480 1146 480 1150 480 1149 481 1150 481 1154 481 1153 482 1154 482 1161 482 1158 84 1161 84 1160 84 1159 84 1160 84 1163 84 1162 84 1163 84 1166 84 1167 84 1166 84 1182 84 1181 483 1205 483 1204 483 1181 464 1182 464 1206 464 1202 484 1204 484 1205 484 1207 84 1209 84 1208 84 1210 84 1212 84 1211 84 1209 84 1214 84 1213 84 1215 485 1216 485 1207 485 1217 486 1218 486 1214 486 1219 487 1216 487 1220 487 1221 84 1222 84 1219 84 1222 84 1224 84 1223 84 1225 488 1217 488 1226 488 1227 489 1229 489 1228 489 1226 84 1231 84 1230 84 1232 84 1234 84 1233 84 1235 84 1237 84 1236 84 1238 84 1240 84 1239 84 1241 84 1243 84 1242 84 1244 84 1246 84 1245 84 1247 84 1249 84 1248 84 1250 490 1252 490 1251 490 1253 84 1255 84 1254 84 1256 84 1235 84 1236 84 1257 84 1259 84 1258 84 1260 491 1246 491 1237 491 1244 84 1262 84 1261 84 1263 492 1265 492 1264 492 1266 84 1268 84 1267 84 1261 84 1269 84 1239 84 1270 493 1210 493 1234 493 1271 84 1212 84 1240 84 1241 494 1273 494 1272 494 1243 495 1241 495 1272 495 1274 84 1233 84 1275 84 1276 496 1278 496 1277 496 1275 84 1228 84 1279 84 1280 497 1227 497 1223 497 1281 498 1231 498 1278 498 1268 84 1242 84 1243 84 1242 499 1268 499 1266 499 1276 84 1277 84 1273 84 1277 492 1272 492 1273 492 1281 84 1278 84 1276 84 1230 84 1231 84 1281 84 1225 84 1226 84 1230 84 1218 84 1217 84 1225 84 1213 84 1214 84 1218 84 1208 84 1209 84 1213 84 1215 84 1207 84 1208 84 1220 84 1216 84 1215 84 1221 84 1219 84 1220 84 1224 84 1222 84 1221 84 1280 84 1223 84 1224 84 1229 84 1227 84 1280 84 1279 84 1228 84 1229 84 1274 493 1275 493 1279 493 1232 84 1233 84 1274 84 1270 84 1234 84 1232 84 1211 500 1234 500 1210 500 1271 489 1211 489 1212 489 1238 501 1271 501 1240 501 1269 84 1238 84 1239 84 1262 84 1269 84 1261 84 1245 84 1262 84 1244 84 1260 84 1245 84 1246 84 1235 84 1260 84 1237 84 1256 502 1236 502 1252 502 1253 503 1250 503 1251 503 1250 486 1256 486 1252 486 1258 84 1254 84 1255 84 1255 84 1253 84 1251 84 1257 496 1263 496 1259 496 1258 498 1259 498 1254 498 1265 494 1247 494 1264 494 1257 84 1265 84 1263 84 1248 504 1249 504 1267 504 1264 505 1247 505 1248 505 1266 506 1267 506 1249 506 1282 80 1284 80 1283 80 1282 80 1285 80 1284 80 1286 84 1288 84 1287 84 1289 84 1291 84 1290 84 1289 84 1290 84 1292 84 1293 84 1294 84 1291 84 1290 84 1291 84 1294 84 1293 507 1295 507 1294 507 1286 84 1287 84 1295 84 1295 84 1293 84 1286 84 1287 84 1288 84 1296 84 1297 508 1299 508 1298 508 1300 509 1302 509 1301 509 1300 509 1301 509 1303 509 1304 510 1305 510 1302 510 1301 509 1302 509 1305 509 1304 511 1306 511 1305 511 1297 512 1298 512 1306 512 1306 513 1304 513 1297 513 1298 514 1299 514 1307 514 1308 515 1310 515 1309 515 1311 84 1313 84 1312 84 1312 516 1314 516 1311 516 1313 517 1316 517 1315 517 1316 84 1313 84 1311 84 1317 84 1315 84 1318 84 1316 518 1318 518 1315 518 1319 519 1320 519 1317 519 1317 84 1318 84 1319 84 1320 84 1310 84 1308 84 1310 84 1320 84 1319 84 1321 84 1323 84 1322 84 1309 84 1325 84 1324 84 1326 84 1328 84 1327 84 1329 520 1331 520 1330 520 1332 84 1334 84 1333 84 1335 84 1337 84 1336 84 1338 521 1340 521 1339 521 1341 522 1343 522 1342 522 1342 84 1345 84 1344 84 1337 523 1344 523 1345 523 1344 84 1341 84 1342 84 1336 524 1337 524 1345 524 1338 84 1335 84 1340 84 1340 84 1335 84 1336 84 1329 84 1330 84 1339 84 1339 525 1330 525 1338 525 1333 526 1334 526 1331 526 1329 84 1333 84 1331 84 1332 84 1327 84 1328 84 1334 84 1332 84 1328 84 1326 84 1321 84 1322 84 1326 527 1327 527 1321 527 1325 528 1323 528 1324 528 1325 84 1322 84 1323 84 1324 84 1308 84 1309 84 1346 529 1348 529 1347 529 1349 84 1351 84 1350 84 1352 84 1354 84 1353 84 1352 84 1356 84 1355 84 1357 530 1354 530 1358 530 1359 531 1360 531 1355 531 1361 532 1362 532 1360 532 1363 84 1351 84 1364 84 1364 533 1362 533 1365 533 1366 534 1367 534 1358 534 1368 535 1369 535 1349 535 1370 84 1369 84 1371 84 1372 84 1374 84 1373 84 1375 536 1377 536 1376 536 1378 537 1379 537 1370 537 1380 84 1381 84 1379 84 1382 84 1384 84 1383 84 1385 538 1387 538 1386 538 1381 539 1389 539 1388 539 1390 84 1392 84 1391 84 1393 84 1395 84 1394 84 1396 540 1398 540 1397 540 1399 541 1401 541 1400 541 1402 84 1404 84 1403 84 1405 542 1407 542 1406 542 1408 543 1410 543 1409 543 1411 544 1413 544 1412 544 1414 545 1416 545 1415 545 1417 546 1419 546 1418 546 1420 547 1422 547 1421 547 1423 84 1425 84 1424 84 1426 548 1428 548 1427 548 1429 84 1431 84 1430 84 1432 549 1434 549 1433 549 1435 550 1437 550 1436 550 1429 84 1435 84 1438 84 1439 551 1441 551 1440 551 1442 84 1444 84 1443 84 1440 552 1446 552 1445 552 1447 84 1448 84 1439 84 1449 553 1433 553 1450 553 1437 554 1445 554 1451 554 1452 84 1447 84 1442 84 1450 555 1430 555 1453 555 1454 556 1444 556 1455 556 1425 84 1434 84 1456 84 1455 557 1427 557 1457 557 1458 558 1418 558 1459 558 1459 559 1423 559 1460 559 1461 560 1422 560 1462 560 1463 84 1426 84 1461 84 1464 84 1465 84 1415 84 1466 561 1464 561 1419 561 1410 562 1468 562 1467 562 1469 84 1468 84 1421 84 1412 84 1471 84 1470 84 1416 84 1472 84 1471 84 1473 84 1474 84 1402 84 1408 84 1475 84 1473 84 1405 84 1477 84 1476 84 1411 563 1476 563 1413 563 1396 564 1397 564 1478 564 1479 84 1478 84 1403 84 1480 84 1346 84 1481 84 1480 84 1482 84 1407 84 1483 565 1484 565 1399 565 1398 84 1484 84 1485 84 1391 566 1392 566 1486 566 1374 84 1366 84 1373 84 1393 567 1488 567 1487 567 1489 545 1401 545 1487 545 1395 568 1388 568 1490 568 1491 569 1392 569 1390 569 1390 84 1492 84 1491 84 1493 84 1491 84 1492 84 1486 570 1347 570 1348 570 1486 84 1348 84 1391 84 1347 571 1481 571 1346 571 1481 572 1482 572 1480 572 1482 573 1406 573 1407 573 1406 574 1477 574 1405 574 1477 575 1413 575 1476 575 1412 84 1470 84 1411 84 1471 576 1472 576 1470 576 1416 577 1414 577 1472 577 1415 578 1465 578 1414 578 1464 84 1466 84 1465 84 1419 84 1417 84 1466 84 1418 84 1458 84 1417 84 1459 579 1460 579 1458 579 1423 580 1424 580 1460 580 1425 581 1456 581 1424 581 1434 582 1432 582 1456 582 1433 583 1449 583 1432 583 1450 84 1453 84 1449 84 1430 584 1431 584 1453 584 1429 585 1438 585 1431 585 1435 586 1436 586 1438 586 1437 587 1451 587 1436 587 1445 588 1446 588 1451 588 1440 84 1441 84 1446 84 1439 589 1448 589 1441 589 1447 84 1452 84 1448 84 1442 590 1443 590 1452 590 1444 591 1454 591 1443 591 1455 592 1457 592 1454 592 1427 593 1428 593 1457 593 1426 84 1463 84 1428 84 1461 84 1462 84 1463 84 1422 594 1420 594 1462 594 1422 595 1469 595 1421 595 1469 596 1467 596 1468 596 1467 597 1409 597 1410 597 1409 598 1475 598 1408 598 1475 599 1474 599 1473 599 1474 600 1404 600 1402 600 1404 84 1479 84 1403 84 1479 84 1396 84 1478 84 1398 601 1485 601 1397 601 1484 84 1483 84 1485 84 1399 84 1400 84 1483 84 1401 602 1489 602 1400 602 1487 603 1488 603 1489 603 1393 604 1394 604 1488 604 1395 84 1490 84 1394 84 1388 605 1389 605 1490 605 1381 606 1380 606 1389 606 1379 607 1378 607 1380 607 1370 608 1371 608 1378 608 1369 609 1368 609 1371 609 1349 610 1350 610 1368 610 1351 84 1363 84 1350 84 1364 611 1365 611 1363 611 1362 612 1361 612 1365 612 1360 613 1359 613 1361 613 1355 614 1356 614 1359 614 1352 84 1353 84 1356 84 1354 84 1357 84 1353 84 1358 615 1367 615 1357 615 1366 616 1374 616 1367 616 1376 617 1372 617 1373 617 1375 84 1384 84 1377 84 1376 84 1377 84 1372 84 1383 84 1386 84 1382 84 1375 84 1383 84 1384 84 1387 618 1385 618 1493 618 1382 619 1386 619 1387 619 1491 569 1493 569 1385 569 1494 84 1496 84 1495 84 1497 620 1499 620 1498 620 1500 84 1502 84 1501 84 1503 84 1505 84 1504 84 1506 84 1508 84 1507 84 1500 84 1508 84 1509 84 1510 621 1507 621 1511 621 1501 622 1512 622 1505 622 1513 84 1495 84 1503 84 1511 623 1515 623 1514 623 1516 84 1518 84 1517 84 1518 624 1519 624 1515 624 1520 84 1521 84 1496 84 1522 625 1524 625 1523 625 1523 84 1521 84 1525 84 1526 626 1528 626 1527 626 1516 84 1529 84 1527 84 1530 627 1528 627 1531 627 1532 84 1533 84 1524 84 1534 84 1536 84 1535 84 1530 84 1538 84 1537 84 1539 628 1541 628 1540 628 1542 84 1543 84 1536 84 1544 84 1546 84 1545 84 1547 629 1539 629 1548 629 1549 84 1551 84 1550 84 1552 84 1554 84 1553 84 1555 84 1557 84 1556 84 1558 630 1560 630 1559 630 1561 631 1563 631 1562 631 1564 632 1563 632 1565 632 1566 633 1568 633 1567 633 1569 84 1571 84 1570 84 1497 634 1573 634 1572 634 1574 635 1576 635 1575 635 1577 84 1579 84 1578 84 1580 84 1582 84 1581 84 1498 84 1499 84 1583 84 1580 636 1584 636 1578 636 1585 637 1587 637 1586 637 1588 638 1585 638 1579 638 1586 639 1589 639 1573 639 1590 640 1592 640 1591 640 1593 84 1582 84 1594 84 1595 84 1597 84 1596 84 1598 84 1591 84 1594 84 1567 84 1595 84 1599 84 1592 84 1600 84 1597 84 1568 641 1601 641 1571 641 1602 84 1604 84 1603 84 1569 84 1606 84 1605 84 1607 642 1609 642 1608 642 1605 84 1611 84 1610 84 1610 643 1613 643 1612 643 1561 84 1565 84 1563 84 1560 644 1615 644 1614 644 1612 84 1616 84 1556 84 1617 645 1618 645 1549 645 1617 646 1557 646 1619 646 1620 647 1621 647 1553 647 1621 648 1622 648 1559 648 1623 84 1624 84 1545 84 1550 84 1625 84 1623 84 1547 84 1627 84 1626 84 1552 649 1626 649 1628 649 1546 84 1630 84 1629 84 1631 84 1633 84 1632 84 1629 650 1634 650 1632 650 1635 84 1636 84 1633 84 1637 84 1541 84 1543 84 1638 651 1640 651 1639 651 1640 84 1636 84 1639 84 1638 652 1642 652 1641 652 1537 84 1643 84 1535 84 1642 653 1533 653 1644 653 1562 84 1645 84 1561 84 1607 654 1645 654 1562 654 1614 84 1615 84 1564 84 1614 655 1564 655 1565 655 1560 84 1558 84 1615 84 1559 84 1622 84 1558 84 1621 84 1620 84 1622 84 1553 84 1554 84 1620 84 1552 656 1628 656 1554 656 1626 657 1627 657 1628 657 1547 84 1548 84 1627 84 1539 84 1540 84 1548 84 1541 84 1637 84 1540 84 1543 658 1542 658 1637 658 1536 659 1534 659 1542 659 1535 660 1643 660 1534 660 1537 84 1538 84 1643 84 1530 84 1531 84 1538 84 1528 84 1526 84 1531 84 1527 84 1529 84 1526 84 1516 661 1517 661 1529 661 1516 84 1519 84 1518 84 1519 84 1514 84 1515 84 1514 84 1510 84 1511 84 1510 84 1506 84 1507 84 1506 84 1509 84 1508 84 1509 84 1502 84 1500 84 1502 84 1512 84 1501 84 1512 662 1504 662 1505 662 1504 84 1513 84 1503 84 1513 84 1494 84 1495 84 1494 84 1520 84 1496 84 1520 84 1525 84 1521 84 1525 84 1522 84 1523 84 1522 663 1532 663 1524 663 1532 664 1644 664 1533 664 1644 84 1641 84 1642 84 1641 665 1640 665 1638 665 1636 84 1635 84 1639 84 1633 84 1631 84 1635 84 1632 84 1634 84 1631 84 1629 84 1630 84 1634 84 1546 84 1544 84 1630 84 1545 84 1624 84 1544 84 1623 84 1625 84 1624 84 1550 84 1551 84 1625 84 1549 84 1618 84 1551 84 1617 666 1619 666 1618 666 1557 84 1555 84 1619 84 1556 84 1616 84 1555 84 1612 84 1613 84 1616 84 1610 84 1611 84 1613 84 1605 84 1606 84 1611 84 1569 84 1570 84 1606 84 1571 667 1601 667 1570 667 1568 668 1566 668 1601 668 1567 669 1599 669 1566 669 1595 670 1596 670 1599 670 1597 84 1600 84 1596 84 1592 671 1590 671 1600 671 1591 672 1598 672 1590 672 1591 84 1593 84 1594 84 1593 84 1581 84 1582 84 1581 673 1584 673 1580 673 1584 84 1577 84 1578 84 1577 84 1588 84 1579 84 1588 84 1587 84 1585 84 1587 84 1589 84 1586 84 1589 84 1572 84 1573 84 1572 84 1499 84 1497 84 1583 84 1574 84 1498 84 1576 674 1603 674 1575 674 1583 675 1576 675 1574 675 1604 676 1602 676 1609 676 1575 84 1603 84 1604 84 1607 84 1608 84 1645 84 1609 84 1602 84 1608 84 4657 677 4508 677 4681 677 4717 509 4448 509 4723 509 4612 509 4642 509 4641 509 4723 509 4705 509 4695 509 4708 509 4428 509 4724 509 4708 678 4724 678 4449 678 4652 679 4660 679 4659 679 4429 680 4719 680 4428 680 4525 681 4431 681 4430 681 4463 682 4642 682 4612 682 4672 683 4464 683 4431 683 4544 684 4524 684 4709 684 4582 509 4433 509 4636 509 4668 509 4680 509 4679 509 4493 685 4675 685 4463 685 4596 686 4584 686 4582 686 4465 687 4584 687 4447 687 4465 509 4447 509 4661 509 4527 509 4710 509 4706 509 4585 509 4617 509 4616 509 4503 509 4691 509 4455 509 4535 688 4681 688 4508 688 4616 689 4436 689 4585 689 4587 690 4438 690 4626 690 4677 691 4684 691 4683 691 4587 692 4627 692 4439 692 4594 509 4619 509 4618 509 4475 693 4512 693 4689 693 4721 509 4610 509 4725 509 4470 694 4669 694 4471 694 4687 695 4698 695 4697 695 4576 696 4622 696 4590 696 4441 509 4590 509 4624 509 4538 509 4711 509 4539 509 4577 509 4630 509 4592 509 4443 509 4592 509 4632 509 4498 697 4700 697 4711 697 4563 698 4450 698 4564 698 4452 509 4563 509 4644 509 4663 509 4514 509 4693 509 4551 509 4564 509 4451 509 4546 699 4514 699 4551 699 4701 509 4700 509 4443 509 4576 700 4473 700 4622 700 4577 509 4473 509 4481 509 4484 509 4644 509 4495 509 4622 509 4624 509 4590 509 4471 701 4670 701 4495 701 4671 509 4470 509 4603 509 4624 509 4698 509 4441 509 4512 702 4649 702 4454 702 4698 703 4687 703 4441 703 4687 509 4697 509 4529 509 4689 509 4512 509 4454 509 4618 704 4475 704 4445 704 4461 705 4715 705 4714 705 4608 509 4639 509 4725 509 4594 706 4618 706 4445 706 4619 509 4594 509 4439 509 4459 509 4665 509 4640 509 4542 509 4531 509 4683 509 4627 509 4587 509 4626 509 4567 509 4531 509 4456 509 4542 509 4456 509 4531 509 4637 509 4647 509 4646 509 4535 509 4508 509 4485 509 4702 509 4516 509 4720 509 4647 707 4488 707 4516 707 4702 708 4655 708 4628 708 4681 709 4436 709 4657 709 4656 710 4517 710 4479 710 4479 711 4628 711 4656 711 4548 509 4517 509 4554 509 4651 509 4455 509 4691 509 4558 509 4554 509 4710 509 4646 509 4567 509 4457 509 4535 509 4485 509 4438 509 4722 712 4697 712 4704 712 4473 509 4576 509 4481 509 4577 509 4481 509 4630 509 4592 713 4630 713 4632 713 4443 714 4632 714 4701 714 4443 715 4700 715 4498 715 4498 509 4711 509 4538 509 4539 509 4711 509 4663 509 4636 509 4433 509 4709 509 4649 716 4650 716 4603 716 4585 717 4651 717 4617 717 4503 509 4661 509 4691 509 4584 718 4596 718 4447 718 4544 719 4709 719 4433 719 4464 509 4524 509 4544 509 4431 720 4525 720 4672 720 4430 509 4652 509 4659 509 4660 509 4652 509 4705 509 4723 721 4695 721 4717 721 4449 509 4448 509 4718 509 4449 509 4718 509 4708 509 4719 722 4429 722 4504 722 4483 723 4504 723 4429 723 4612 724 4641 724 4483 724 4679 509 4675 509 4493 509 4493 509 4668 509 4679 509 4680 509 4668 509 4706 509 4710 509 4527 509 4558 509 1734 725 1796 725 1748 725 1796 509 1797 509 1748 509 4546 509 4693 509 4514 509 4693 509 4539 509 4663 509 4451 726 4546 726 4551 726 4450 509 4451 509 4564 509 4452 509 4450 509 4563 509 4484 509 4452 509 4644 509 4670 509 4484 509 4495 509 4669 509 4670 509 4471 509 4671 509 4669 509 4470 509 4650 509 4671 509 4603 509 4454 727 4649 727 4603 727 1798 728 1799 728 1796 728 4445 729 4475 729 4689 729 1800 509 1801 509 1798 509 4619 730 4439 730 4627 730 1800 731 1803 731 1802 731 4485 732 4626 732 4438 732 1799 509 1798 509 1801 509 1803 733 1805 733 1804 733 1806 509 1805 509 1807 509 1800 734 1802 734 1801 734 4616 735 4657 735 4436 735 1803 509 1804 509 1802 509 1806 736 1809 736 1808 736 4455 509 4651 509 4585 509 1805 509 1806 509 1804 509 1810 509 1808 509 1811 509 4465 509 4661 509 4503 509 1807 509 1809 509 1806 509 1812 737 1810 737 1813 737 4596 509 4582 509 4636 509 1809 509 1811 509 1808 509 1814 509 1815 509 1812 509 1815 509 1817 509 1816 509 1813 738 1810 738 1811 738 4672 509 4524 509 4464 509 1816 739 1819 739 1818 739 1814 740 1812 740 1813 740 4659 509 4525 509 4430 509 1818 741 1821 741 1820 741 1817 509 1815 509 1814 509 4695 742 4705 742 4652 742 1819 509 1816 509 1817 509 1822 509 1820 509 1823 509 4718 509 4448 509 4717 509 1819 509 1821 509 1818 509 1824 509 1822 509 1825 509 4719 509 4724 509 4428 509 1821 509 1823 509 1820 509 1825 743 1827 743 1826 743 4641 509 4504 509 4483 509 1823 509 1825 509 1822 509 1827 744 1829 744 1828 744 4675 509 4642 509 4463 509 1824 509 1825 509 1826 509 1829 745 1831 745 1830 745 1832 509 1831 509 1833 509 1827 746 1828 746 1826 746 4527 509 4706 509 4668 509 1834 509 1833 509 1835 509 1829 509 1830 509 1828 509 4548 509 4554 509 4558 509 1831 509 1832 509 1830 509 4479 747 4517 747 4548 747 4656 748 4628 748 4655 748 1832 749 1833 749 1834 749 4720 750 4655 750 4702 750 4488 509 4720 509 4516 509 1834 509 1835 509 1790 509 4637 751 4488 751 4647 751 4457 509 4637 509 4646 509 4456 509 4457 509 4567 509 1790 752 1835 752 1758 752 4665 509 4684 509 4677 509 4677 509 4683 509 4531 509 4640 509 4608 509 4459 509 4665 509 4459 509 4684 509 4639 509 4721 509 4725 509 4640 509 4639 509 4608 509 4721 509 4715 509 4610 509 4461 509 4714 509 4704 509 4610 509 4715 509 4461 509 4697 753 4722 753 4529 753 4704 509 4714 509 4722 509 1799 509 1797 509 1796 509 1836 754 1838 754 1837 754 1839 84 1841 84 1840 84 1842 84 1844 84 1843 84 1845 84 1846 84 1843 84 1844 84 1848 84 1847 84 1849 84 1851 84 1850 84 1845 84 1853 84 1852 84 1854 84 1856 84 1855 84 1857 755 1859 755 1858 755 1860 756 1862 756 1861 756 1863 757 1865 757 1864 757 1865 758 1866 758 1864 758 1867 84 1869 84 1868 84 1839 759 1871 759 1870 759 1872 760 1864 760 1873 760 1874 84 1876 84 1875 84 1877 84 1879 84 1878 84 1875 84 1881 84 1880 84 1882 84 1884 84 1883 84 1885 761 1887 761 1886 761 1888 762 1890 762 1889 762 1891 763 1893 763 1892 763 1894 84 1896 84 1895 84 1897 84 1861 84 1862 84 1898 84 1900 84 1899 84 1901 764 1903 764 1902 764 1904 84 1906 84 1905 84 1907 765 1909 765 1908 765 1910 84 1912 84 1911 84 1913 84 1915 84 1914 84 1916 84 1918 84 1917 84 1919 84 1921 84 1920 84 1904 766 1922 766 1906 766 1923 84 1925 84 1924 84 1926 84 1928 84 1927 84 1929 84 1931 84 1930 84 1932 767 1934 767 1933 767 1905 84 1936 84 1935 84 1937 84 1939 84 1938 84 1940 84 1942 84 1941 84 1904 84 1943 84 1922 84 1944 84 1946 84 1945 84 1947 84 1948 84 1860 84 1949 768 1934 768 1932 768 1950 769 1951 769 1945 769 1952 770 1954 770 1953 770 1955 84 1950 84 1945 84 1956 84 1958 84 1957 84 1959 84 1960 84 1921 84 1961 84 1962 84 1915 84 1963 771 1965 771 1964 771 1966 772 1968 772 1967 772 1961 773 1907 773 1969 773 1970 774 1972 774 1971 774 1973 775 1975 775 1974 775 1976 84 1966 84 1977 84 1900 776 1901 776 1978 776 1979 777 1981 777 1980 777 1982 778 1984 778 1983 778 1893 779 1985 779 1892 779 1986 780 1988 780 1987 780 1968 84 1990 84 1989 84 1991 781 1993 781 1992 781 1836 84 1994 84 1988 84 1995 782 1997 782 1996 782 1998 783 2000 783 1999 783 1886 84 2002 84 2001 84 2003 784 2005 784 2004 784 1869 84 2006 84 1841 84 2007 785 1881 785 2008 785 2009 786 2011 786 2010 786 2012 787 2014 787 2013 787 2015 788 1893 788 2016 788 2017 84 2019 84 2018 84 2020 789 2014 789 2012 789 1948 84 2014 84 2020 84 2010 790 2012 790 2021 790 2013 84 2021 84 2012 84 2010 791 2021 791 2009 791 1972 792 2010 792 2022 792 2011 84 2022 84 2010 84 2023 84 1972 84 2024 84 1972 793 2022 793 2024 793 1972 84 2026 84 2025 84 1972 794 2023 794 2026 794 2027 84 2029 84 2028 84 2025 795 1971 795 1972 795 2030 84 2029 84 1970 84 1972 796 1970 796 2029 796 2029 797 2031 797 2028 797 2029 84 2030 84 2031 84 1907 798 2029 798 2032 798 2027 799 2032 799 2029 799 1908 84 2033 84 1907 84 1907 800 2032 800 1909 800 1907 801 2035 801 2034 801 2033 84 2035 84 1907 84 1969 84 2036 84 1961 84 2034 84 1969 84 1907 84 1961 802 2037 802 1962 802 2036 84 2037 84 1961 84 1962 84 1914 84 1915 84 1913 803 1911 803 1915 803 1912 804 2038 804 1911 804 1913 805 1910 805 1911 805 1950 84 2039 84 1951 84 2040 84 2041 84 1925 84 1855 84 2043 84 2042 84 1860 84 1948 84 2020 84 2044 806 2045 806 1941 806 2039 84 2047 84 2046 84 2048 84 2046 84 2047 84 1922 807 2038 807 1944 807 1956 84 1936 84 1905 84 2049 808 2051 808 2050 808 1936 84 2051 84 1935 84 1935 84 2051 84 2049 84 2049 84 2053 84 2052 84 2050 84 2053 84 2049 84 2054 84 1938 84 2052 84 2049 84 2052 84 1938 84 1938 809 2055 809 1937 809 1938 810 2054 810 2055 810 1917 84 1938 84 2056 84 1939 811 2056 811 1938 811 2057 84 1917 84 2058 84 1917 812 2056 812 2058 812 1917 813 2057 813 1916 813 1929 84 1917 84 2059 84 1918 84 2059 84 1917 84 1931 84 1929 84 2060 84 1929 814 2059 814 2060 814 1930 815 2061 815 1929 815 1929 816 2062 816 2044 816 2061 817 2062 817 1929 817 2045 84 2063 84 1941 84 1929 818 2044 818 1941 818 1942 84 1924 84 1941 84 2063 84 1940 84 1941 84 1925 84 2041 84 1924 84 1942 819 1923 819 1924 819 2040 84 2064 84 2041 84 1952 820 2066 820 2065 820 2040 84 1920 84 2064 84 2067 821 2069 821 2068 821 2066 84 2071 84 2070 84 2072 822 2074 822 2073 822 2075 84 2077 84 2076 84 2078 84 2080 84 2079 84 1884 823 2082 823 2081 823 2083 824 1850 824 2084 824 1866 825 2085 825 1876 825 1872 84 1863 84 1864 84 1883 84 1884 84 2081 84 2081 84 2079 84 2080 84 2082 826 2079 826 2081 826 1857 84 2080 84 2086 84 2078 827 2086 827 2080 827 1857 84 2087 84 1859 84 1857 828 2086 828 2087 828 2088 84 2084 84 1858 84 1857 84 1858 84 2084 84 2089 829 2084 829 2090 829 2084 830 2088 830 2090 830 2084 831 2091 831 2083 831 2084 832 2089 832 2091 832 2092 833 1851 833 2093 833 2084 834 1850 834 1851 834 1851 84 1849 84 2093 84 1851 835 2095 835 2094 835 2092 836 2095 836 1851 836 1853 837 1845 837 2094 837 1851 838 2094 838 1845 838 1852 84 2096 84 1845 84 2096 84 2097 84 1845 84 1845 839 2098 839 1846 839 2097 840 2098 840 1845 840 1846 84 2099 84 1843 84 1844 84 1847 84 1843 84 2099 84 1842 84 1843 84 1867 841 1847 841 1848 841 2100 84 1869 84 1841 84 1867 842 1868 842 1847 842 1882 84 1878 84 2101 84 1839 84 1870 84 2102 84 2103 843 2105 843 2104 843 2106 84 1885 84 2043 84 2077 844 1883 844 2076 844 2107 84 2109 84 2108 84 1882 845 1883 845 2077 845 2110 846 2111 846 1996 846 1877 847 1878 847 2102 847 1868 84 1869 84 2100 84 2042 848 1885 848 1886 848 1887 849 2002 849 1886 849 2107 84 2001 84 2112 84 2002 84 2112 84 2001 84 2107 850 2113 850 2109 850 2107 851 2112 851 2113 851 2110 84 2107 84 2114 84 2108 84 2114 84 2107 84 2115 84 2110 84 2116 84 2110 852 2114 852 2116 852 2110 754 2117 754 2111 754 2110 853 2115 853 2117 853 2110 84 1996 84 1997 84 1997 84 2119 84 2118 84 1997 854 1995 854 2119 854 2118 84 2120 84 1997 84 1997 855 2122 855 2121 855 2120 84 2122 84 1997 84 1838 84 1836 84 2121 84 1997 84 2121 84 1836 84 1837 84 2123 84 1836 84 1836 852 2124 852 1994 852 2123 84 2124 84 1836 84 1994 84 2125 84 1988 84 1988 856 2126 856 1987 856 2125 84 2126 84 1988 84 1986 857 2016 857 1988 857 2015 84 1985 84 1893 84 1986 84 2015 84 2016 84 2019 858 2127 858 2105 858 2103 859 2129 859 2128 859 2127 84 2130 84 2105 84 2128 84 2106 84 2043 84 2131 860 2129 860 2103 860 2042 84 2043 84 1885 84 2132 84 2134 84 2133 84 1979 861 2136 861 2135 861 2137 862 2138 862 1898 862 2137 863 1894 863 1895 863 1895 864 1896 864 2139 864 2134 865 2136 865 1979 865 2135 866 1993 866 1991 866 2136 84 1993 84 2135 84 1998 84 1991 84 2140 84 1992 84 2140 84 1991 84 1998 867 2141 867 2000 867 1998 868 2140 868 2141 868 1982 869 1998 869 2142 869 1999 84 2142 84 1998 84 2143 84 1982 84 2144 84 1982 870 2142 870 2144 870 2145 84 1982 84 2146 84 1982 871 2143 871 2146 871 1982 84 2145 84 1984 84 1890 872 1888 872 1983 872 1982 873 1983 873 1888 873 1889 84 2147 84 1888 84 1888 874 2149 874 2148 874 2147 84 2149 84 1888 84 2008 84 1881 84 2148 84 1888 84 2148 84 1881 84 2007 84 2150 84 1881 84 1881 875 2151 875 1880 875 2150 84 2151 84 1881 84 1880 84 2152 84 1875 84 1876 876 2085 876 1875 876 2152 84 1874 84 1875 84 1866 877 1865 877 2085 877 2003 878 2004 878 2153 878 2153 879 2004 879 2154 879 2155 880 2157 880 2156 880 2132 881 2133 881 2155 881 2005 882 2157 882 2155 882 2133 883 2134 883 1979 883 2158 884 2159 884 1976 884 1990 84 1896 84 1894 84 1919 84 1933 84 1934 84 2160 885 1949 885 2161 885 1959 84 1921 84 2065 84 1952 886 2071 886 2066 886 1964 887 2070 887 2162 887 2071 888 2162 888 2070 888 1964 889 2162 889 1963 889 2072 890 1964 890 2163 890 1965 84 2163 84 1964 84 2072 891 2164 891 2074 891 2072 892 2163 892 2164 892 2069 893 2072 893 2165 893 2073 894 2165 894 2072 894 2166 895 2069 895 2167 895 2069 896 2165 896 2167 896 2069 897 2168 897 2068 897 2069 84 2166 84 2168 84 2169 84 1974 84 2067 84 2069 84 2067 84 1974 84 1975 84 2170 84 1974 84 1974 898 2169 898 1973 898 1974 899 2171 899 1903 899 2170 900 2171 900 1974 900 1902 901 2172 901 1901 901 1974 902 1903 902 1901 902 1901 903 2173 903 1978 903 2172 84 2173 84 1901 84 1978 84 2174 84 1900 84 1898 904 2138 904 1900 904 2174 905 1899 905 1900 905 2137 906 1895 906 2138 906 2175 84 1968 84 1989 84 1968 907 2175 907 1967 907 1894 84 1989 84 1990 84 2139 84 1980 84 1981 84 1896 908 1980 908 2139 908 1966 84 1967 84 1977 84 1862 84 1860 84 2020 84 2133 909 1979 909 1980 909 1947 910 2176 910 1948 910 2075 911 1863 911 2077 911 2155 912 2156 912 2132 912 2154 913 2004 913 1872 913 2157 914 2005 914 2003 914 2075 84 1865 84 1863 84 2154 84 1872 84 1873 84 1882 915 2101 915 1884 915 2100 84 1855 84 1856 84 1878 916 1879 916 2101 916 1839 917 1840 917 1871 917 1877 84 2102 84 1870 84 2100 918 1856 918 1868 918 1841 919 2006 919 1840 919 1854 84 1855 84 2042 84 1891 920 1861 920 1897 920 2128 921 2129 921 2106 921 2104 922 2105 922 2130 922 2131 923 2103 923 2104 923 2018 84 1891 84 1892 84 2018 924 1892 924 2017 924 2017 925 2127 925 2019 925 1891 926 2018 926 1861 926 1905 84 1906 84 1956 84 2048 927 1947 927 2046 927 1947 928 2048 928 2176 928 1922 929 1943 929 2038 929 1946 84 1955 84 1945 84 2039 930 2046 930 1951 930 1946 84 1944 84 1912 84 2038 84 1912 84 1944 84 1957 84 1958 84 1928 84 1906 84 1958 84 1956 84 1926 931 1927 931 2160 931 1928 932 1958 932 1927 932 1934 84 1949 84 2160 84 2161 933 1926 933 2160 933 1933 84 1919 84 1920 84 2064 84 1920 84 1921 84 2066 934 1959 934 2065 934 1921 935 1960 935 2064 935 2065 84 1954 84 1952 84 1953 936 1954 936 2158 936 1976 772 2159 772 1966 772 2158 84 1954 84 2159 84 2177 509 2179 509 2178 509 2180 509 2182 509 2181 509 2183 937 2185 937 2184 937 2186 938 2188 938 2187 938 2189 509 2191 509 2190 509 2180 939 2193 939 2192 939 2194 509 2196 509 2195 509 2197 509 2196 509 2194 509 2198 940 2200 940 2199 940 2201 509 2194 509 2195 509 2202 509 2204 509 2203 509 2205 509 2206 509 2202 509 2207 509 2209 509 2208 509 2210 941 2212 941 2211 941 2213 942 2215 942 2214 942 2216 509 2217 509 2207 509 2218 943 2219 943 2213 943 2220 509 2178 509 2221 509 2222 509 2223 509 2178 509 2178 944 2225 944 2224 944 2226 509 2178 509 2227 509 2228 509 2178 509 2224 509 2227 509 2178 509 2228 509 2178 945 2229 945 2225 945 2221 509 2178 509 2230 509 2226 509 2230 509 2178 509 2231 509 2178 509 2223 509 2222 509 2178 509 2220 509 2218 509 2178 509 2179 509 2177 509 2178 509 2231 509 2215 509 2213 509 2219 509 2219 946 2218 946 2179 946 2213 509 2214 509 2216 509 2217 509 2209 509 2207 509 2214 509 2217 509 2216 509 2208 947 2211 947 2207 947 2212 948 2204 948 2211 948 2208 509 2210 509 2211 509 2203 509 2205 509 2202 509 2212 949 2203 949 2204 949 2206 509 2198 509 2202 509 2199 950 2195 950 2198 950 2206 509 2200 509 2198 509 2197 951 2190 951 2196 951 2199 509 2201 509 2195 509 2193 509 2190 509 2191 509 2189 952 2190 952 2197 952 2181 509 2193 509 2180 509 2192 509 2193 509 2191 509 2182 953 2183 953 2184 953 2181 509 2182 509 2184 509 2185 509 2233 509 2232 509 2184 954 2185 954 2232 954 2234 509 2232 509 2233 509 2235 509 2236 509 2234 509 2232 509 2234 509 2236 509 2235 509 2188 509 2186 509 2186 509 2236 509 2235 509 2237 509 2186 509 2187 509 2237 509 2239 509 2238 509 2239 509 2237 509 2187 509 2238 509 2241 509 2240 509 2239 955 2241 955 2238 955 2238 956 2243 956 2242 956 2240 509 2243 509 2238 509 2238 509 2245 509 2244 509 2242 509 2245 509 2238 509 2238 957 2247 957 2246 957 2244 509 2247 509 2238 509 2238 958 2249 958 2248 958 2246 959 2249 959 2238 959 2238 960 2251 960 2250 960 2248 509 2251 509 2238 509 2250 961 2252 961 2238 961 2253 509 2255 509 2254 509 2256 509 2258 509 2257 509 2259 509 2261 509 2260 509 2262 509 2264 509 2263 509 2254 509 2264 509 2265 509 2262 509 2265 509 2264 509 2266 509 2268 509 2267 509 2269 962 2263 962 2267 962 2270 963 2272 963 2271 963 2273 964 2266 964 2271 964 2274 965 2276 965 2275 965 2277 509 2270 509 2275 509 2278 966 2280 966 2279 966 2281 509 2274 509 2279 509 2282 509 2283 509 2256 509 2284 967 2278 967 2283 967 2285 968 2287 968 2286 968 2288 509 2258 509 2287 509 2289 969 2291 969 2290 969 2285 509 2292 509 2291 509 2293 970 2295 970 2294 970 2289 509 2296 509 2295 509 2297 509 2298 509 2293 509 2297 971 2299 971 2298 971 2300 509 2302 509 2301 509 2303 509 2299 509 2301 509 2304 509 2306 509 2305 509 2307 509 2300 509 2305 509 2308 972 2310 972 2309 972 2311 973 2304 973 2309 973 2312 509 2314 509 2313 509 2315 974 2308 974 2313 974 2316 509 2318 509 2317 509 2319 975 2312 975 2317 975 2320 976 2322 976 2321 976 2323 977 2316 977 2321 977 2324 509 2325 509 2260 509 2326 509 2320 509 2325 509 2327 978 2329 978 2328 978 2259 509 2328 509 2330 509 2331 509 2333 509 2332 509 2327 979 2334 979 2333 979 2335 980 2337 980 2336 980 2331 981 2338 981 2337 981 2339 509 2341 509 2340 509 2335 509 2341 509 2339 509 2342 509 2344 509 2343 509 2345 982 2339 982 2340 982 2346 509 2348 509 2347 509 2349 509 2342 509 2347 509 2350 983 2352 983 2351 983 2353 984 2346 984 2351 984 2354 509 2356 509 2355 509 2357 509 2350 509 2355 509 2358 509 2360 509 2359 509 2359 509 2354 509 2358 509 2360 509 2362 509 2361 509 2362 509 2360 509 2358 509 2363 509 2365 509 2364 509 2357 509 2355 509 2356 509 2356 509 2354 509 2359 509 2352 509 2350 509 2357 509 2353 509 2351 509 2352 509 2348 985 2346 985 2353 985 2349 509 2347 509 2348 509 2344 986 2342 986 2349 986 2345 987 2343 987 2344 987 2335 509 2336 509 2341 509 2345 988 2340 988 2343 988 2332 509 2338 509 2331 509 2336 509 2337 509 2338 509 2334 989 2332 989 2333 989 2327 509 2328 509 2334 509 2330 990 2328 990 2329 990 2261 509 2259 509 2330 509 2324 509 2260 509 2261 509 2326 991 2325 991 2324 991 2322 992 2320 992 2326 992 2323 993 2321 993 2322 993 2318 509 2316 509 2323 509 2319 509 2317 509 2318 509 2314 509 2312 509 2319 509 2315 509 2313 509 2314 509 2310 509 2308 509 2315 509 2311 509 2309 509 2310 509 2306 509 2304 509 2311 509 2307 509 2305 509 2306 509 2302 509 2300 509 2307 509 2303 509 2301 509 2302 509 2298 994 2299 994 2303 994 2294 995 2297 995 2293 995 2290 509 2296 509 2289 509 2294 996 2295 996 2296 996 2292 997 2290 997 2291 997 2285 509 2286 509 2292 509 2287 998 2258 998 2286 998 2257 999 2258 999 2288 999 2282 1000 2256 1000 2257 1000 2284 1001 2283 1001 2282 1001 2280 1002 2278 1002 2284 1002 2281 1003 2279 1003 2280 1003 2276 1004 2274 1004 2281 1004 2277 1005 2275 1005 2276 1005 2272 1006 2270 1006 2277 1006 2273 1007 2271 1007 2272 1007 2268 1008 2266 1008 2273 1008 2269 509 2267 509 2268 509 2262 1009 2263 1009 2269 1009 2265 509 2253 509 2254 509 2366 1010 2365 1010 2255 1010 2253 1011 2366 1011 2255 1011 2366 509 2364 509 2365 509 2364 509 2367 509 2363 509 2368 1012 2370 1013 2369 1014 2371 1015 2373 1016 2372 1017 2370 1013 2375 1018 2374 1019 2375 1018 2370 1013 2368 1012 2376 1020 2377 1021 2369 1014 2377 1021 2368 1012 2369 1014 2378 1022 2380 1023 2379 1024 2376 1020 2381 1025 2377 1021 2380 1023 2381 1025 2376 1020 2381 1025 2380 1023 2378 1022 2378 1022 2379 1024 2382 1026 2383 1027 2385 1028 2384 1029 2386 1030 2382 1026 2379 1024 2387 1031 2389 1032 2388 1033 2389 1032 2387 1031 2390 1034 2387 1031 2384 1029 2390 1034 2384 1029 2385 1028 2390 1034 2391 1035 2388 1033 2389 1032 2386 1030 2385 1028 2383 1027 2392 1036 2394 1037 2393 1038 2383 1027 2382 1026 2386 1030 2395 1039 2397 1040 2396 1041 2397 1040 2391 1035 2396 1041 2396 1041 2399 1042 2398 1043 2398 1043 2395 1039 2396 1041 2392 1036 2401 1044 2400 1045 2402 1046 2403 1047 2399 1042 2404 1048 2403 1047 2402 1046 2401 1044 2404 1048 2405 1049 2404 1048 2402 1046 2405 1049 2399 1042 2403 1047 2398 1043 2405 1049 2400 1045 2401 1044 2388 1033 2391 1035 2397 1040 2392 1036 2400 1045 2394 1037 2393 1038 2407 1050 2406 1051 2393 1038 2394 1037 2407 1050 2407 1050 2408 1052 2406 1051 2409 1053 2410 1054 2408 1052 2406 1051 2408 1052 2410 1054 2374 1019 2375 1018 2411 1055 2412 1056 2410 1054 2409 1053 2413 1057 2415 1058 2414 1059 2413 1057 2412 1056 2415 1058 2413 1057 2414 1059 2416 1060 2416 1060 2418 1061 2417 1062 2416 1060 2414 1059 2418 1061 2417 1062 2420 1063 2419 1064 2417 1062 2418 1061 2420 1063 2420 1063 2421 1065 2419 1064 2422 1066 2421 1065 2423 1067 2419 1064 2421 1065 2422 1066 2423 1067 2425 1068 2424 1069 2423 1067 2421 1065 2425 1068 2425 1068 2426 1070 2424 1069 2427 1071 2428 1072 2426 1070 2424 1069 2426 1070 2428 1072 2415 1058 2412 1056 2409 1053 2427 1071 2429 1073 2428 1072 2430 1074 2374 1019 2411 1055 2430 1074 2411 1055 2431 1075 2432 1076 2433 1077 2430 1074 2430 1074 2431 1075 2432 1076 2433 1077 2435 1078 2434 1079 2435 1078 2433 1077 2432 1076 2436 1080 2434 1079 2437 1081 2435 1078 2437 1081 2434 1079 2438 1082 2439 1083 2436 1080 2436 1080 2437 1081 2438 1082 2439 1083 2441 1084 2440 1085 2441 1084 2439 1083 2438 1082 2442 1086 2440 1085 2443 1087 2441 1084 2443 1087 2440 1085 2444 1088 2445 1089 2442 1086 2442 1086 2443 1087 2444 1088 2445 1089 2447 1090 2446 1091 2447 1090 2445 1089 2444 1088 2448 1092 2446 1091 2449 1093 2447 1090 2449 1093 2446 1091 2450 1094 2451 1095 2448 1092 2448 1092 2449 1093 2450 1094 2451 1095 2453 1096 2452 1097 2453 1096 2451 1095 2450 1094 2454 1098 2452 1097 2455 1099 2453 1096 2455 1099 2452 1097 2456 1100 2457 1101 2454 1098 2454 1098 2455 1099 2456 1100 2458 1102 2459 1103 2457 1101 2458 1102 2457 1101 2456 1100 2460 1104 2459 1103 2461 1105 2459 1103 2460 1104 2457 1101 2462 1106 2463 1107 2461 1105 2460 1104 2461 1105 2463 1107 2462 1106 2465 1108 2464 1109 2464 1109 2463 1107 2462 1106 2466 1110 2465 1108 2467 1111 2465 1108 2466 1110 2464 1109 2468 1112 2469 1113 2467 1111 2466 1110 2467 1111 2469 1113 2468 1112 2471 1114 2470 1115 2470 1115 2469 1113 2468 1112 2472 1116 2471 1114 2473 1117 2471 1114 2472 1116 2470 1115 2474 1118 2475 1119 2473 1117 2472 1116 2473 1117 2475 1119 2474 1118 2477 1120 2476 1121 2476 1121 2475 1119 2474 1118 2478 1122 2477 1120 2479 1123 2477 1120 2478 1122 2476 1121 2480 1124 2481 1125 2479 1123 2478 1122 2479 1123 2481 1125 2480 1124 2483 1126 2482 1127 2482 1127 2481 1125 2480 1124 2482 1127 2485 1128 2484 1129 2485 1128 2482 1127 2483 1126 2486 1130 2484 1129 2487 1131 2485 1128 2487 1131 2484 1129 2488 1132 2489 1133 2486 1130 2486 1130 2487 1131 2488 1132 2489 1133 2491 1134 2490 1135 2491 1134 2489 1133 2488 1132 2371 1015 2490 1135 2373 1016 2491 1134 2373 1016 2490 1135 2492 1136 2494 1137 2493 1138 2495 1139 2497 1140 2496 1141 2498 1142 2500 1143 2499 1144 2501 1145 2503 1146 2502 1147 2504 1148 2506 1149 2505 1150 2507 1151 2509 1152 2508 1153 2510 1154 2512 1155 2511 1156 2513 1157 2515 1158 2514 1159 2516 1160 2518 1161 2517 1162 2519 1163 2521 1164 2520 1165 2522 1166 2524 1167 2523 1168 2525 1169 2527 1170 2526 1171 2528 1172 2530 1173 2529 1174 2531 1175 2533 1176 2532 1177 2534 1178 2536 1179 2535 1180 2537 1181 2539 1182 2538 1183 2540 1184 2542 1185 2541 1186 2543 1187 2545 1188 2544 1189 2546 1190 2548 1191 2547 1192 2549 1193 2551 1194 2550 1195 2552 1196 2554 1197 2553 1198 2555 1199 2557 1200 2556 1201 2558 1202 2560 1203 2559 1204 2561 1205 2563 1206 2562 1207 2564 1208 2566 1209 2565 1210 2567 1211 2569 1212 2568 1213 2570 1214 2572 1215 2571 1216 2573 1217 2575 1218 2574 1219 2576 1220 2578 1221 2577 1222 2577 1222 2572 1215 2576 1220 2579 1223 2578 1221 2580 1224 2576 1220 2580 1224 2578 1221 2579 1223 2582 1225 2581 1226 2582 1225 2579 1223 2580 1224 2583 1227 2584 1228 2581 1226 2581 1226 2582 1225 2583 1227 2585 1229 2584 1228 2586 1230 2583 1227 2586 1230 2584 1228 2585 1229 2588 1231 2587 1232 2588 1231 2585 1229 2586 1230 2589 1233 2590 1234 2587 1232 2587 1232 2588 1231 2589 1233 2591 1235 2590 1234 2592 1236 2589 1233 2592 1236 2590 1234 2591 1235 2594 1237 2593 1238 2594 1237 2591 1235 2592 1236 2595 1239 2596 1240 2593 1238 2593 1238 2594 1237 2595 1239 2597 1241 2596 1240 2598 1242 2595 1239 2598 1242 2596 1240 2597 1241 2600 1243 2599 1244 2600 1243 2597 1241 2598 1242 2601 1245 2602 1246 2599 1244 2599 1244 2600 1243 2601 1245 2574 1219 2570 1214 2571 1216 2601 1245 2603 1247 2602 1246 2572 1215 2577 1222 2571 1216 2575 1218 2573 1217 2564 1208 2570 1214 2574 1219 2575 1218 2566 1209 2569 1212 2565 1210 2573 1217 2566 1209 2564 1208 2568 1213 2559 1204 2567 1211 2569 1212 2567 1211 2565 1210 2561 1205 2560 1203 2558 1202 2558 1202 2559 1204 2568 1213 2554 1197 2562 1207 2563 1206 2562 1207 2560 1203 2561 1205 2552 1196 2553 1198 2556 1201 2554 1197 2563 1206 2553 1198 2557 1200 2555 1199 2546 1190 2552 1196 2556 1201 2557 1200 2548 1191 2551 1194 2547 1192 2555 1199 2548 1191 2546 1190 2550 1195 2541 1186 2549 1193 2551 1194 2549 1193 2547 1192 2543 1187 2542 1185 2540 1184 2540 1184 2541 1186 2550 1195 2536 1179 2544 1189 2545 1188 2544 1189 2542 1185 2543 1187 2534 1178 2535 1180 2538 1183 2536 1179 2545 1188 2535 1180 2539 1182 2537 1181 2528 1172 2534 1178 2538 1183 2539 1182 2530 1173 2533 1176 2529 1174 2537 1181 2530 1173 2528 1172 2532 1177 2523 1168 2531 1175 2533 1176 2531 1175 2529 1174 2525 1169 2524 1167 2522 1166 2522 1166 2523 1168 2532 1177 2518 1161 2526 1171 2527 1170 2526 1171 2524 1167 2525 1169 2516 1160 2517 1162 2520 1165 2518 1161 2527 1170 2517 1162 2521 1164 2519 1163 2510 1154 2516 1160 2520 1165 2521 1164 2512 1155 2515 1158 2511 1156 2519 1163 2512 1155 2510 1154 2514 1159 2505 1150 2513 1157 2515 1158 2513 1157 2511 1156 2507 1151 2506 1149 2504 1148 2504 1148 2505 1150 2514 1159 2500 1143 2508 1153 2509 1152 2508 1153 2506 1149 2507 1151 2498 1142 2499 1144 2501 1145 2500 1143 2509 1152 2499 1144 2502 1147 2503 1146 2493 1138 2498 1142 2501 1145 2502 1147 2492 1136 2497 1140 2494 1137 2503 1146 2492 1136 2493 1138 2495 1139 2494 1137 2497 1140 2604 1248 2606 1249 2605 1250 2607 1251 2609 1252 2608 1253 2610 1254 2612 1255 2611 1256 2613 1257 2615 1258 2614 1259 2616 1260 2617 1261 2606 1249 2618 1262 2620 1263 2619 1264 2621 1265 2610 1254 2622 1266 2615 1258 2624 1267 2623 1268 2625 1269 2616 1260 2626 1270 2627 1271 2628 1272 2620 1263 2626 1270 2630 1273 2629 1274 2624 1267 2619 1264 2631 1275 2632 1276 2633 1277 2622 1266 2634 1278 2627 1271 2635 1279 2630 1273 2637 1280 2636 1281 2628 1272 2638 1282 2619 1264 2639 1283 2641 1284 2640 1285 2635 1279 2643 1286 2642 1287 2616 1260 2644 1288 2617 1261 2645 1289 2647 1290 2646 1291 2628 1272 2634 1278 2648 1292 2649 1293 2650 1294 2643 1286 2651 1295 2652 1296 2637 1280 2645 1289 2654 1297 2653 1298 2655 1299 2657 1300 2656 1301 2642 1287 2658 1302 2634 1278 2659 1303 2660 1304 2655 1299 2661 1305 2662 1306 2651 1295 2663 1307 2661 1305 2664 1308 2665 1309 2666 1310 2650 1294 2667 1311 2664 1308 2668 1312 2657 1300 2655 1299 2660 1304 2669 1313 2666 1310 2670 1314 2668 1312 2660 1304 2659 1303 2671 1315 2657 1300 2660 1304 2663 1307 2672 1316 2661 1305 2673 1317 2651 1295 2662 1306 2670 1314 2671 1315 2669 1313 2674 1318 2665 1309 2649 1293 2668 1312 2664 1308 2660 1304 2675 1319 2676 1320 2653 1298 2650 1294 2649 1293 2665 1309 2677 1321 2678 1322 2674 1318 2674 1318 2649 1293 2677 1321 2678 1322 2677 1321 2679 1323 2679 1323 2677 1321 2676 1320 2680 1324 2679 1323 2676 1320 2681 1325 2680 1324 2676 1320 2681 1325 2682 1326 2680 1324 2683 1327 2685 1328 2684 1329 2686 1330 2687 1331 2683 1327 2681 1325 2687 1331 2682 1326 2688 1332 2686 1330 2683 1327 2681 1325 2683 1327 2687 1331 2689 1333 2686 1330 2688 1332 2612 1255 2610 1254 2621 1265 2624 1267 2690 1334 2618 1262 2691 1335 2692 1336 2604 1248 2693 1337 2613 1257 2694 1338 2615 1258 2695 1339 2690 1334 2696 1340 2698 1341 2697 1342 2699 1343 2692 1336 2700 1344 2701 1345 2702 1346 2693 1337 2703 1347 2695 1339 2613 1257 2696 1340 2705 1348 2704 1349 2706 1350 2707 1351 2699 1343 2708 1352 2702 1346 2709 1353 2703 1347 2693 1337 2710 1354 2711 1355 2712 1356 2704 1349 2713 1357 2714 1358 2707 1351 2715 1359 2708 1352 2716 1360 2702 1346 2717 1361 2710 1354 2718 1362 2712 1356 2719 1363 2720 1364 2714 1358 2721 1365 2715 1359 2723 1366 2722 1367 2724 1368 2717 1361 2708 1352 2725 1369 2727 1370 2726 1371 2720 1364 2729 1372 2728 1373 2730 1374 2731 1375 2722 1367 2724 1368 2715 1359 2732 1376 2733 1377 2725 1369 2734 1378 2728 1373 2736 1379 2735 1380 2737 1381 2731 1375 2738 1382 2739 1383 2741 1384 2740 1385 2734 1378 2743 1386 2742 1387 2744 1388 2746 1389 2745 1390 2732 1376 2722 1367 2747 1391 2740 1385 2749 1392 2748 1393 2750 1394 2737 1381 2751 1395 2735 1380 2753 1396 2752 1397 2731 1375 2754 1398 2747 1391 2755 1399 2757 1400 2756 1401 2750 1394 2759 1402 2758 1403 2760 1404 2752 1397 2761 1405 2762 1406 2754 1398 2737 1381 2746 1389 2760 1404 2763 1407 2764 1408 2765 1409 2758 1403 2755 1399 2767 1410 2766 1411 2762 1406 2750 1394 2768 1412 2746 1389 2744 1388 2769 1413 2765 1409 2771 1414 2770 1415 2772 1416 2773 1417 2766 1411 2758 1403 2774 1418 2768 1412 2775 1419 2776 1420 2769 1413 2777 1421 2770 1415 2778 1422 2766 1411 2767 1410 2772 1416 2774 1418 2765 1409 2779 1423 2780 1424 2776 1420 2781 1425 2777 1421 2783 1426 2782 1427 2784 1428 2779 1423 2770 1415 2785 1429 2787 1430 2786 1431 2780 1424 2789 1432 2788 1433 2609 1252 2782 1427 2790 1434 2784 1428 2777 1421 2791 1435 2792 1436 2793 1437 2786 1431 2794 1438 2788 1433 2795 1439 2609 1252 2797 1440 2796 1441 2607 1251 2791 1435 2782 1427 2793 1437 2799 1442 2798 1443 2800 1444 2801 1445 2796 1441 2802 1446 2804 1447 2803 1448 2805 1449 2806 1450 2794 1438 2807 1451 2809 1452 2808 1453 2810 1454 2812 1455 2811 1456 2813 1457 2815 1458 2814 1459 2816 1460 2808 1453 2817 1461 2818 1462 2819 1463 2808 1453 2820 1464 2822 1465 2821 1466 2823 1467 2825 1468 2824 1469 2826 1470 2828 1471 2827 1472 2829 1473 2831 1474 2830 1475 2832 1476 2834 1477 2833 1478 2835 1479 2837 1480 2836 1481 2829 1473 2830 1475 2838 1482 2839 1483 2841 1484 2840 1485 2842 1486 2839 1483 2836 1481 2666 1310 2844 1487 2843 1488 2845 1489 2843 1488 2826 1470 2671 1315 2670 1314 2843 1488 2845 1489 2671 1315 2843 1488 2846 1490 2657 1300 2845 1489 2671 1315 2845 1489 2657 1300 2656 1301 2657 1300 2846 1490 2840 1485 2847 1491 2826 1470 2848 1492 2849 1493 2832 1476 2850 1494 2852 1495 2851 1496 2853 1497 2824 1469 2854 1498 2855 1499 2857 1500 2856 1501 2858 1502 2860 1503 2859 1504 2861 1505 2853 1497 2862 1506 2862 1506 2863 1507 2833 1478 2832 1476 2833 1478 2848 1492 2859 1504 2832 1476 2864 1508 2859 1504 2860 1503 2834 1477 2865 1509 2866 1510 2864 1508 2867 1511 2859 1504 2864 1508 2686 1330 2689 1333 2865 1509 2855 1499 2838 1482 2824 1469 2862 1506 2853 1497 2854 1498 2818 1462 2816 1460 2857 1500 2853 1497 2823 1467 2824 1469 2868 1512 2835 1479 2821 1466 2856 1501 2869 1513 2829 1473 2856 1501 2816 1460 2870 1514 2871 1515 2825 1468 2823 1467 2872 1516 2874 1517 2873 1518 2819 1463 2875 1519 2807 1451 2876 1520 2875 1519 2877 1521 2842 1486 2836 1481 2878 1522 2812 1455 2879 1523 2820 1464 2880 1524 2813 1457 2881 1525 2882 1526 2803 1448 2880 1524 2877 1521 2883 1527 2801 1445 2796 1441 2883 1527 2608 1253 2876 1520 2884 1528 2807 1451 2876 1520 2801 1445 2885 1529 2806 1450 2886 1530 2811 1456 2804 1447 2888 1531 2887 1532 2660 1304 2669 1313 2671 1315 2663 1307 2664 1308 2667 1311 2637 1280 2652 1296 2889 1533 2669 1313 2650 1294 2666 1310 2658 1302 2669 1313 2660 1304 2890 1534 2653 1298 2677 1321 2669 1313 2642 1287 2650 1294 2685 1328 2892 1535 2891 1536 2643 1286 2650 1294 2642 1287 2645 1289 2653 1298 2890 1534 2649 1293 2890 1534 2677 1321 2681 1325 2685 1328 2683 1327 2677 1321 2653 1298 2676 1320 2683 1327 2893 1537 2688 1332 2675 1319 2685 1328 2681 1325 2684 1329 2893 1537 2683 1327 2658 1302 2660 1304 2664 1308 2662 1306 2661 1305 2672 1316 2636 1281 2894 1538 2630 1273 2658 1302 2642 1287 2669 1313 2648 1292 2658 1302 2664 1308 2895 1539 2645 1289 2890 1534 2896 1540 2897 1541 2892 1535 2643 1286 2890 1534 2649 1293 2642 1287 2634 1278 2635 1279 2647 1290 2645 1289 2895 1539 2643 1286 2895 1539 2890 1534 2675 1319 2892 1535 2685 1328 2898 1542 2684 1329 2685 1328 2676 1320 2675 1319 2681 1325 2654 1297 2892 1535 2675 1319 2891 1536 2898 1542 2685 1328 2648 1292 2664 1308 2661 1305 2652 1296 2651 1295 2673 1317 2630 1273 2899 1543 2629 1274 2648 1292 2634 1278 2658 1302 2638 1282 2648 1292 2661 1305 2900 1544 2647 1290 2895 1539 2640 1285 2901 1545 2896 1540 2635 1279 2895 1539 2643 1286 2634 1278 2628 1272 2627 1271 2902 1546 2647 1290 2900 1544 2635 1279 2900 1544 2895 1539 2654 1297 2896 1540 2892 1535 2903 1547 2891 1536 2892 1535 2653 1298 2654 1297 2675 1319 2646 1291 2896 1540 2654 1297 2897 1541 2903 1547 2892 1535 2638 1282 2661 1305 2651 1295 2636 1281 2637 1280 2889 1533 2904 1548 2625 1269 2626 1270 2638 1282 2628 1272 2648 1292 2631 1275 2638 1282 2651 1295 2905 1549 2902 1546 2900 1544 2902 1546 2906 1550 2647 1290 2627 1271 2900 1544 2635 1279 2628 1272 2619 1264 2620 1263 2902 1546 2905 1549 2632 1276 2905 1549 2900 1544 2627 1271 2646 1291 2640 1285 2896 1540 2907 1551 2897 1541 2896 1540 2645 1289 2646 1291 2654 1297 2906 1550 2640 1285 2646 1291 2901 1545 2907 1551 2896 1540 2631 1275 2651 1295 2637 1280 2899 1543 2630 1273 2894 1538 2908 1552 2605 1250 2606 1249 2631 1275 2619 1264 2638 1282 2637 1280 2623 1268 2631 1275 2633 1277 2632 1276 2905 1549 2909 1553 2902 1546 2632 1276 2620 1263 2905 1549 2627 1271 2619 1264 2624 1267 2618 1262 2906 1550 2639 1283 2640 1285 2633 1277 2905 1549 2620 1263 2641 1284 2639 1283 2910 1554 2911 1555 2901 1545 2640 1285 2647 1290 2906 1550 2646 1291 2909 1553 2639 1283 2906 1550 2641 1284 2911 1555 2640 1285 2623 1268 2637 1280 2630 1273 2904 1548 2626 1270 2629 1274 2912 1556 2691 1335 2604 1248 2623 1268 2624 1267 2631 1275 2614 1259 2623 1268 2630 1273 2621 1265 2622 1266 2633 1277 2913 1557 2632 1276 2622 1266 2618 1262 2633 1277 2620 1263 2624 1267 2615 1258 2690 1334 2914 1558 2639 1283 2909 1553 2621 1265 2633 1277 2618 1262 2915 1559 2639 1283 2914 1558 2639 1283 2915 1559 2916 1560 2902 1546 2909 1553 2906 1550 2914 1558 2909 1553 2913 1557 2910 1554 2639 1283 2916 1560 2626 1270 2614 1259 2630 1273 2644 1288 2616 1260 2625 1269 2917 1561 2700 1344 2692 1336 2614 1259 2615 1258 2623 1268 2694 1338 2614 1259 2626 1270 2918 1562 2919 1563 2698 1341 2919 1563 2622 1266 2610 1254 2690 1334 2621 1265 2618 1262 2615 1258 2613 1257 2695 1339 2918 1562 2914 1558 2913 1557 2612 1255 2621 1265 2690 1334 2920 1564 2914 1558 2918 1562 2920 1564 2921 1565 2914 1558 2632 1276 2913 1557 2909 1553 2918 1562 2913 1557 2919 1563 2915 1559 2914 1558 2921 1565 2616 1260 2694 1338 2626 1270 2908 1552 2606 1249 2617 1261 2922 1566 2699 1343 2700 1344 2694 1338 2613 1257 2614 1259 2616 1260 2701 1345 2694 1338 2923 1567 2611 1256 2612 1255 2697 1342 2610 1254 2611 1256 2695 1339 2612 1255 2690 1334 2703 1347 2613 1257 2693 1337 2924 1568 2611 1256 2923 1567 2923 1567 2612 1255 2695 1339 2925 1569 2918 1562 2698 1341 2925 1569 2926 1570 2918 1562 2622 1266 2919 1563 2913 1557 2698 1341 2919 1563 2697 1342 2920 1564 2918 1562 2926 1570 2606 1249 2701 1345 2616 1260 2912 1556 2604 1248 2605 1250 2706 1350 2927 1571 2707 1351 2701 1345 2693 1337 2694 1338 2709 1353 2701 1345 2606 1249 2928 1572 2924 1568 2923 1567 2705 1348 2611 1256 2924 1568 2703 1347 2923 1567 2695 1339 2710 1354 2693 1337 2702 1346 2929 1573 2924 1568 2928 1572 2928 1572 2923 1567 2703 1347 2930 1574 2698 1341 2696 1340 2930 1574 2931 1575 2698 1341 2610 1254 2697 1342 2919 1563 2696 1340 2697 1342 2705 1348 2925 1569 2698 1341 2931 1575 2604 1248 2709 1353 2606 1249 2917 1561 2692 1336 2691 1335 2713 1357 2932 1576 2714 1358 2709 1353 2702 1346 2701 1345 2716 1360 2709 1353 2604 1248 2933 1577 2929 1573 2928 1572 2711 1355 2924 1568 2929 1573 2710 1354 2928 1572 2703 1347 2717 1361 2702 1346 2708 1352 2726 1371 2929 1573 2933 1577 2933 1577 2928 1572 2710 1354 2934 1578 2696 1340 2704 1349 2934 1578 2935 1579 2696 1340 2611 1256 2705 1348 2697 1342 2704 1349 2705 1348 2711 1355 2930 1574 2696 1340 2935 1579 2716 1360 2604 1248 2692 1336 2706 1350 2699 1343 2922 1566 2721 1365 2936 1580 2720 1364 2716 1360 2708 1352 2709 1353 2723 1366 2716 1360 2692 1336 2937 1581 2726 1371 2933 1577 2719 1363 2929 1573 2726 1371 2717 1361 2933 1577 2710 1354 2724 1368 2708 1352 2715 1359 2725 1369 2726 1371 2937 1581 2937 1581 2933 1577 2717 1361 2938 1582 2704 1349 2712 1356 2938 1582 2939 1583 2704 1349 2924 1568 2711 1355 2705 1348 2712 1356 2711 1355 2719 1363 2934 1578 2704 1349 2939 1583 2723 1366 2692 1336 2699 1343 2713 1357 2707 1351 2927 1571 2729 1372 2940 1584 2728 1373 2723 1366 2715 1359 2716 1360 2730 1374 2723 1366 2699 1343 2941 1585 2725 1369 2937 1581 2942 1586 2943 1587 2718 1362 2724 1368 2937 1581 2717 1361 2732 1376 2715 1359 2722 1367 2734 1378 2725 1369 2941 1585 2941 1585 2937 1581 2724 1368 2944 1588 2712 1356 2718 1362 2945 1589 2938 1582 2712 1356 2929 1573 2719 1363 2711 1355 2727 1370 2718 1362 2719 1363 2944 1588 2945 1589 2712 1356 2730 1374 2699 1343 2707 1351 2721 1365 2714 1358 2932 1576 2736 1379 2946 1590 2735 1380 2730 1374 2722 1367 2723 1366 2738 1382 2730 1374 2707 1351 2947 1591 2734 1378 2941 1585 2948 1592 2949 1593 2942 1586 2732 1376 2941 1585 2724 1368 2747 1391 2722 1367 2731 1375 2743 1386 2734 1378 2947 1591 2732 1376 2947 1591 2941 1585 2727 1370 2942 1586 2718 1362 2950 1594 2944 1588 2718 1362 2726 1371 2727 1370 2719 1363 2733 1377 2942 1586 2727 1370 2943 1587 2950 1594 2718 1362 2738 1382 2707 1351 2714 1358 2729 1372 2720 1364 2936 1580 2753 1396 2951 1595 2752 1397 2738 1382 2731 1375 2730 1374 2751 1395 2738 1382 2714 1358 2952 1596 2743 1386 2947 1591 2741 1384 2953 1597 2948 1592 2747 1391 2947 1591 2732 1376 2731 1375 2737 1381 2754 1398 2954 1598 2743 1386 2952 1596 2747 1391 2952 1596 2947 1591 2733 1377 2948 1592 2942 1586 2955 1599 2943 1587 2942 1586 2725 1369 2733 1377 2727 1370 2742 1387 2948 1592 2733 1377 2949 1593 2955 1599 2942 1586 2751 1395 2714 1358 2720 1364 2736 1379 2728 1373 2940 1584 2752 1397 2956 1600 2761 1405 2751 1395 2737 1381 2738 1382 2759 1402 2751 1395 2720 1364 2957 1601 2954 1598 2952 1596 2954 1598 2958 1602 2743 1386 2754 1398 2952 1596 2747 1391 2737 1381 2750 1394 2762 1406 2959 1603 2954 1598 2957 1601 2957 1601 2952 1596 2754 1398 2742 1387 2741 1384 2948 1592 2960 1604 2949 1593 2948 1592 2734 1378 2742 1387 2733 1377 2958 1602 2741 1384 2742 1387 2953 1597 2960 1604 2948 1592 2759 1402 2720 1364 2728 1373 2753 1396 2735 1380 2946 1590 2760 1404 2961 1605 2763 1407 2759 1402 2750 1394 2751 1395 2764 1408 2759 1402 2728 1373 2962 1606 2959 1603 2957 1601 2963 1607 2954 1598 2959 1603 2762 1406 2957 1601 2754 1398 2750 1394 2758 1403 2768 1412 2959 1603 2962 1606 2757 1400 2962 1606 2957 1601 2762 1406 2739 1383 2740 1385 2964 1608 2965 1609 2953 1597 2741 1384 2743 1386 2958 1602 2742 1387 2963 1607 2740 1385 2958 1602 2739 1383 2965 1609 2741 1384 2764 1408 2728 1373 2735 1380 2956 1600 2752 1397 2951 1595 2966 1610 2775 1419 2769 1413 2764 1408 2758 1403 2759 1402 2735 1380 2771 1414 2764 1408 2756 1401 2757 1400 2962 1606 2967 1611 2959 1603 2757 1400 2768 1412 2962 1606 2762 1406 2758 1403 2765 1409 2774 1418 2963 1607 2968 1612 2740 1385 2756 1401 2962 1606 2768 1412 2749 1392 2740 1385 2968 1612 2958 1602 2740 1385 2741 1384 2954 1598 2963 1607 2958 1602 2967 1611 2968 1612 2963 1607 2964 1608 2740 1385 2748 1393 2771 1414 2735 1380 2752 1397 2961 1605 2760 1404 2761 1405 2969 1613 2781 1425 2776 1420 2771 1414 2765 1409 2764 1408 2778 1422 2771 1414 2752 1397 2767 1410 2755 1399 2756 1401 2970 1614 2757 1400 2755 1399 2774 1418 2756 1401 2768 1412 2765 1409 2770 1415 2779 1423 2971 1615 2968 1612 2967 1611 2767 1410 2756 1401 2774 1418 2972 1616 2968 1612 2971 1615 2968 1612 2972 1616 2973 1617 2959 1603 2967 1611 2963 1607 2971 1615 2967 1611 2970 1614 2749 1392 2968 1612 2973 1617 2760 1404 2778 1422 2752 1397 2745 1390 2746 1389 2763 1407 2974 1618 2789 1432 2780 1424 2778 1422 2770 1415 2771 1414 2783 1426 2778 1422 2760 1404 2975 1619 2976 1620 2785 1429 2976 1620 2755 1399 2766 1411 2779 1423 2767 1410 2774 1418 2770 1415 2777 1421 2784 1428 2975 1619 2971 1615 2970 1614 2772 1416 2767 1410 2779 1423 2977 1621 2971 1615 2975 1619 2977 1621 2978 1622 2971 1615 2757 1400 2970 1614 2967 1611 2975 1619 2970 1614 2976 1620 2972 1616 2971 1615 2978 1622 2746 1389 2783 1426 2760 1404 2966 1610 2769 1413 2744 1388 2979 1623 2788 1433 2789 1432 2783 1426 2777 1421 2778 1422 2746 1389 2790 1434 2783 1426 2980 1624 2773 1417 2772 1416 2787 1430 2766 1411 2773 1417 2784 1428 2772 1416 2779 1423 2791 1435 2777 1421 2782 1427 2981 1625 2773 1417 2980 1624 2980 1624 2772 1416 2784 1428 2982 1626 2975 1619 2785 1429 2982 1626 2983 1627 2975 1619 2755 1399 2976 1620 2970 1614 2785 1429 2976 1620 2787 1430 2977 1621 2975 1619 2983 1627 2769 1413 2790 1434 2746 1389 2969 1613 2776 1420 2775 1419 2795 1439 2984 1628 2794 1438 2790 1434 2782 1427 2783 1426 2797 1440 2790 1434 2769 1413 2985 1629 2981 1625 2980 1624 2792 1436 2773 1417 2981 1625 2791 1435 2980 1624 2784 1428 2607 1251 2782 1427 2609 1252 2887 1532 2981 1625 2985 1629 2985 1629 2980 1624 2791 1435 2986 1630 2785 1429 2786 1431 2986 1630 2987 1631 2785 1429 2766 1411 2787 1430 2976 1620 2786 1431 2787 1430 2792 1436 2982 1626 2785 1429 2987 1631 2776 1420 2797 1440 2769 1413 2974 1618 2780 1424 2781 1425 2805 1449 2988 1632 2806 1450 2797 1440 2609 1252 2790 1434 2800 1444 2797 1440 2776 1420 2989 1633 2887 1532 2985 1629 2799 1442 2981 1625 2887 1532 2607 1251 2985 1629 2791 1435 2608 1253 2609 1252 2796 1441 2804 1447 2887 1532 2989 1633 2989 1633 2985 1629 2607 1251 2990 1634 2786 1431 2793 1437 2990 1634 2991 1635 2786 1431 2773 1417 2792 1436 2787 1430 2793 1437 2792 1436 2799 1442 2986 1630 2786 1431 2991 1635 2800 1444 2776 1420 2780 1424 2795 1439 2788 1433 2979 1623 2886 1530 2992 1636 2811 1456 2800 1444 2796 1441 2797 1440 2885 1529 2800 1444 2780 1424 2993 1637 2804 1447 2989 1633 2994 1638 2995 1639 2798 1443 2608 1253 2989 1633 2607 1251 2883 1527 2796 1441 2801 1445 2803 1448 2804 1447 2993 1637 2993 1637 2989 1633 2608 1253 2996 1640 2793 1437 2798 1443 2996 1640 2997 1641 2793 1437 2981 1625 2799 1442 2792 1436 2798 1443 2799 1442 2888 1531 2990 1634 2793 1437 2997 1641 2885 1529 2780 1424 2788 1433 2805 1449 2794 1438 2984 1628 2810 1454 2998 1642 2812 1455 2885 1529 2801 1445 2800 1444 2884 1528 2885 1529 2788 1433 2999 1643 2803 1448 2993 1637 3000 1644 3001 1645 2994 1638 2883 1527 2993 1637 2608 1253 2877 1521 2801 1445 2876 1520 2880 1524 2803 1448 2999 1643 2883 1527 2999 1643 2993 1637 2888 1531 2994 1638 2798 1443 3002 1646 2996 1640 2798 1443 2887 1532 2888 1531 2799 1442 2802 1446 2994 1638 2888 1531 2995 1639 3002 1646 2798 1443 2884 1528 2788 1433 2794 1438 2886 1530 2806 1450 2988 1632 2879 1523 3003 1647 2820 1464 2884 1528 2876 1520 2885 1529 2809 1452 2884 1528 2794 1438 3004 1648 2880 1524 2999 1643 3005 1649 3006 1650 3000 1644 2877 1521 2999 1643 2883 1527 2875 1519 2876 1520 2807 1451 2813 1457 2880 1524 3004 1648 2877 1521 3004 1648 2999 1643 2802 1446 3000 1644 2994 1638 3007 1651 2995 1639 2994 1638 2804 1447 2802 1446 2888 1531 2882 1526 3000 1644 2802 1446 3001 1645 3007 1651 2994 1638 2809 1452 2794 1438 2806 1450 2810 1454 2811 1456 2992 1636 2822 1465 3008 1652 2821 1466 2809 1452 2807 1451 2884 1528 2817 1461 2809 1452 2806 1450 3009 1653 2813 1457 3004 1648 3010 1654 3011 1655 3005 1649 2875 1519 3004 1648 2877 1521 2819 1463 2807 1451 2808 1453 2815 1458 2813 1457 3009 1653 2875 1519 3009 1653 3004 1648 2882 1526 3005 1649 3000 1644 3012 1656 3001 1645 3000 1644 2803 1448 2882 1526 2802 1446 2881 1525 3005 1649 2882 1526 3006 1650 3012 1656 3000 1644 2817 1461 2806 1450 2811 1456 2879 1523 2812 1455 2998 1642 2821 1466 3013 1657 2868 1512 2817 1461 2808 1453 2809 1452 2870 1514 2817 1461 2811 1456 3014 1658 2815 1458 3009 1653 2873 1518 3015 1659 3010 1654 2819 1463 3009 1653 2875 1519 2808 1453 2816 1460 2818 1462 3016 1660 2815 1458 3014 1658 2819 1463 3014 1658 3009 1653 2881 1525 3010 1654 3005 1649 3017 1661 3006 1650 3005 1649 2880 1524 2881 1525 2882 1526 2814 1459 3010 1654 2881 1525 3011 1655 3017 1661 3005 1649 2870 1514 2811 1456 2812 1455 2822 1465 2820 1464 3003 1647 2837 1480 2835 1479 3018 1662 2870 1514 2816 1460 2817 1461 2869 1513 2870 1514 2812 1455 3019 1663 3016 1660 3014 1658 3016 1660 3020 1664 2815 1458 2818 1462 3014 1658 2819 1463 2816 1460 2856 1501 2857 1500 3016 1660 3019 1663 2871 1515 3019 1663 3014 1658 2818 1462 2814 1459 2873 1518 3010 1654 3021 1665 3011 1655 3010 1654 2813 1457 2814 1459 2881 1525 3020 1664 2873 1518 2814 1459 3015 1659 3021 1665 3010 1654 2869 1513 2812 1455 2820 1464 3013 1657 2821 1466 3008 1652 3022 1666 2841 1484 2839 1483 2869 1513 2856 1501 2870 1514 2869 1513 2820 1464 2831 1474 2825 1468 2871 1515 3019 1663 3023 1667 3016 1660 2871 1515 2857 1500 3019 1663 2818 1462 2856 1501 2829 1473 2855 1499 3020 1664 2872 1516 2873 1518 2825 1468 3019 1663 2857 1500 2874 1517 2872 1516 3024 1668 3025 1669 3015 1659 2873 1518 2815 1458 3020 1664 2814 1459 3023 1667 2872 1516 3020 1664 2874 1517 3025 1669 2873 1518 2831 1474 2820 1464 2821 1466 3018 1662 2835 1479 2868 1512 3026 1670 2847 1491 2840 1485 2831 1474 2829 1473 2869 1513 2821 1466 3027 1671 2831 1474 2861 1505 2860 1503 3028 1672 3029 1673 2871 1515 2823 1467 2855 1499 2825 1468 2857 1500 2855 1499 2829 1473 2838 1482 3030 1674 2872 1516 3023 1667 2824 1469 2825 1468 2855 1499 3031 1675 2872 1516 3030 1674 2872 1516 3031 1675 3032 1676 3016 1660 3023 1667 3020 1664 3029 1673 3030 1674 3023 1667 3024 1668 2872 1516 3032 1676 3027 1671 2821 1466 2835 1479 2878 1522 2836 1481 2837 1480 3033 1677 3034 1678 2830 1475 3027 1671 2830 1475 2831 1474 2835 1479 3035 1679 3027 1671 3034 1678 2854 1498 2838 1482 3027 1671 3033 1677 2830 1475 3036 1680 2823 1467 2853 1497 2830 1475 3034 1678 2838 1482 3037 1681 3030 1674 3029 1673 2824 1469 2838 1482 2854 1498 3038 1682 3030 1674 3037 1681 3030 1674 3038 1682 3039 1683 2871 1515 3029 1673 3023 1667 3037 1681 3029 1673 3036 1680 3031 1675 3030 1674 3039 1683 2836 1481 3035 1679 2835 1479 3022 1666 2839 1483 2842 1486 3040 1684 3041 1685 3033 1677 3035 1679 3033 1677 3027 1671 3042 1686 3035 1679 2836 1481 3034 1678 3041 1685 2863 1507 3033 1677 3035 1679 3040 1684 2863 1507 2862 1506 2854 1498 3033 1677 3041 1685 3034 1678 3028 1672 3037 1681 3036 1680 2863 1507 2854 1498 3034 1678 3043 1687 3037 1681 3028 1672 3043 1687 3044 1688 3037 1681 2823 1467 3036 1680 3029 1673 3028 1672 3036 1680 2861 1505 3038 1682 3037 1681 3044 1688 2839 1483 3042 1686 2836 1481 3026 1670 2840 1485 2841 1484 3040 1684 2851 1496 2852 1495 3042 1686 3040 1684 3035 1679 3045 1689 3042 1686 2839 1483 3041 1685 2852 1495 3046 1690 2851 1496 3040 1684 3042 1686 2863 1507 3046 1690 2833 1478 2852 1495 3041 1685 3040 1684 2833 1478 2834 1477 2862 1506 3041 1685 3046 1690 2863 1507 3047 1691 3028 1672 2860 1503 3047 1691 3048 1692 3028 1672 2853 1497 2861 1505 3036 1680 2860 1503 2861 1505 2834 1477 3043 1687 3028 1672 3048 1692 2840 1485 3045 1689 2839 1483 2828 1471 2826 1470 2847 1491 3049 1693 2851 1496 3045 1689 3045 1689 2851 1496 3042 1686 3045 1689 3050 1694 3049 1693 2678 1322 3052 1695 3051 1696 3049 1693 2850 1494 2851 1496 3053 1697 3046 1690 2852 1495 2852 1495 2850 1494 3053 1697 2848 1492 2833 1478 3046 1690 3053 1697 2848 1492 3046 1690 2864 1508 2686 1330 2865 1509 2858 1502 3054 1698 2860 1503 2862 1506 2834 1477 2861 1505 2859 1504 2834 1477 2832 1476 3047 1691 2860 1503 3054 1698 2826 1470 3050 1694 2840 1485 2845 1489 2827 1472 3055 1699 3049 1693 3050 1694 2844 1487 2840 1485 3050 1694 3045 1689 3050 1694 2843 1488 2844 1487 2850 1494 3049 1693 3051 1696 2844 1487 3051 1696 3049 1693 3053 1697 2850 1494 3052 1695 2850 1494 3051 1696 3052 1695 2848 1492 3053 1697 3056 1700 3053 1697 3052 1695 3056 1700 3056 1700 2680 1324 2849 1493 2849 1493 2848 1492 3056 1700 2867 1511 3057 1701 2859 1504 2864 1508 2832 1476 2849 1493 2858 1502 2859 1504 3057 1701 2827 1472 2845 1489 2826 1470 2845 1489 3055 1699 2846 1490 2666 1310 2843 1488 2670 1314 2826 1470 2843 1488 3050 1694 2666 1310 2665 1309 2844 1487 2665 1309 2674 1318 3051 1696 2665 1309 3051 1696 2844 1487 2678 1322 3051 1696 2674 1318 2678 1322 2679 1323 3052 1695 2679 1323 2680 1324 3056 1700 2679 1323 3056 1700 3052 1695 2680 1324 2682 1326 2849 1493 2682 1326 2687 1331 2849 1493 2687 1331 2686 1330 2864 1508 2864 1508 2849 1493 2687 1331 2867 1511 2864 1508 2866 1510 3058 1702 3060 1703 3059 1704 3061 1705 3063 1706 3062 1707 3064 1708 3066 1709 3065 1710 3067 1711 3069 1712 3068 1713 3070 1714 3072 1715 3071 1716 3073 1717 3075 1718 3074 1719 3076 1720 3078 1721 3077 1722 3079 1723 3081 1724 3080 1725 3082 1726 3084 1727 3083 1728 3085 1729 3087 1730 3086 1731 3088 1732 3090 1733 3089 1734 3091 1735 3093 1736 3092 1737 3094 1738 3096 1739 3095 1740 3097 1741 3099 1742 3098 1743 3100 1744 3102 1745 3101 1746 3103 1747 3105 1748 3104 1749 3106 1750 3108 1751 3107 1752 3109 1753 3111 1754 3110 1755 3112 1756 3114 1757 3113 1758 3115 1759 3117 1760 3116 1761 3118 1762 3120 1763 3119 1764 3121 1765 3123 1766 3122 1767 3124 1768 3126 1769 3125 1770 3127 1771 3129 1772 3128 1773 3130 1774 3132 1775 3131 1776 3133 1777 3135 1778 3134 1779 3136 1780 3138 1781 3137 1782 3139 1783 3141 1784 3140 1785 3142 1786 3144 1787 3143 1788 3145 1789 3147 1790 3146 1791 3148 1792 3150 1793 3149 1794 3151 1795 3153 1796 3152 1797 3154 1798 3156 1799 3155 1800 3157 1801 3159 1802 3158 1803 3160 1804 3162 1805 3161 1806 3163 1807 3165 1808 3164 1809 3166 1810 3168 1811 3167 1812 3169 1813 3171 1814 3170 1815 3171 1814 3173 1816 3172 1817 3170 1815 3175 1818 3174 1819 3174 1819 3169 1813 3170 1815 3176 1820 3177 1821 3175 1818 3174 1819 3175 1818 3177 1821 3178 1822 3176 1820 3179 1823 3176 1820 3178 1822 3177 1821 3179 1823 3181 1824 3180 1825 3180 1825 3178 1822 3179 1823 3182 1826 3183 1827 3181 1824 3180 1825 3181 1824 3183 1827 3184 1828 3182 1826 3185 1829 3182 1826 3184 1828 3183 1827 3185 1829 3187 1830 3186 1831 3186 1831 3184 1828 3185 1829 3188 1832 3189 1833 3187 1830 3186 1831 3187 1830 3189 1833 3190 1834 3188 1832 3191 1835 3188 1832 3190 1834 3189 1833 3191 1835 3193 1836 3192 1837 3192 1837 3190 1834 3191 1835 3194 1838 3195 1839 3193 1836 3192 1837 3193 1836 3195 1839 3196 1840 3194 1838 3197 1841 3194 1838 3196 1840 3195 1839 3197 1841 3199 1842 3198 1843 3198 1843 3196 1840 3197 1841 3200 1844 3201 1845 3199 1842 3198 1843 3199 1842 3201 1845 3202 1846 3200 1844 3203 1847 3200 1844 3202 1846 3201 1845 3203 1847 3205 1848 3204 1849 3204 1849 3202 1846 3203 1847 3206 1850 3207 1851 3205 1848 3204 1849 3205 1848 3207 1851 3060 1703 3206 1850 3059 1704 3206 1850 3060 1703 3207 1851 3164 1809 3172 1817 3173 1816 3169 1813 3173 1816 3171 1814 3163 1807 3167 1812 3165 1808 3164 1809 3165 1808 3172 1817 3159 1802 3168 1811 3166 1810 3166 1810 3167 1812 3163 1807 3162 1805 3157 1801 3158 1803 3157 1801 3168 1811 3159 1802 3160 1804 3161 1806 3151 1795 3162 1805 3158 1803 3161 1806 3152 1797 3153 1796 3154 1798 3160 1804 3151 1795 3152 1797 3156 1799 3146 1791 3155 1800 3153 1796 3156 1799 3154 1798 3145 1789 3149 1794 3147 1790 3146 1791 3147 1790 3155 1800 3141 1784 3150 1793 3148 1792 3148 1792 3149 1794 3145 1789 3144 1787 3139 1783 3140 1785 3139 1783 3150 1793 3141 1784 3142 1786 3143 1788 3133 1777 3144 1787 3140 1785 3143 1788 3134 1779 3135 1778 3136 1780 3142 1786 3133 1777 3134 1779 3138 1781 3128 1773 3137 1782 3135 1778 3138 1781 3136 1780 3127 1771 3131 1776 3129 1772 3128 1773 3129 1772 3137 1782 3123 1766 3132 1775 3130 1774 3130 1774 3131 1776 3127 1771 3126 1769 3121 1765 3122 1767 3121 1765 3132 1775 3123 1766 3124 1768 3125 1770 3115 1759 3126 1769 3122 1767 3125 1770 3116 1761 3117 1760 3118 1762 3124 1768 3115 1759 3116 1761 3120 1763 3110 1755 3119 1764 3117 1760 3120 1763 3118 1762 3109 1753 3113 1758 3111 1754 3110 1755 3111 1754 3119 1764 3105 1748 3114 1757 3112 1756 3112 1756 3113 1758 3109 1753 3108 1751 3103 1747 3104 1749 3103 1747 3114 1757 3105 1748 3106 1750 3107 1752 3097 1741 3108 1751 3104 1749 3107 1752 3098 1743 3099 1742 3100 1744 3106 1750 3097 1741 3098 1743 3102 1745 3092 1737 3101 1746 3099 1742 3102 1745 3100 1744 3091 1735 3095 1740 3093 1736 3092 1737 3093 1736 3101 1746 3087 1730 3096 1739 3094 1738 3094 1738 3095 1740 3091 1735 3090 1733 3085 1729 3086 1731 3085 1729 3096 1739 3087 1730 3088 1732 3089 1734 3079 1723 3090 1733 3086 1731 3089 1734 3080 1725 3081 1724 3082 1726 3088 1732 3079 1723 3080 1725 3084 1727 3074 1719 3083 1728 3081 1724 3084 1727 3082 1726 3073 1717 3077 1722 3075 1718 3074 1719 3075 1718 3083 1728 3069 1712 3078 1721 3076 1720 3076 1720 3077 1722 3073 1717 3072 1715 3067 1711 3068 1713 3067 1711 3078 1721 3069 1712 3070 1714 3071 1716 3061 1705 3072 1715 3068 1713 3071 1716 3062 1707 3063 1706 3065 1710 3070 1714 3061 1705 3062 1707 3064 1708 3058 1702 3066 1709 3063 1706 3064 1708 3065 1710 3059 1704 3066 1709 3058 1702 3208 1852 3210 1853 3209 1854 3210 1853 3212 1855 3211 1856 3212 1855 3210 1853 3208 1852 3213 1857 3211 1856 3214 1858 3212 1855 3214 1858 3211 1856 3215 1859 3216 1860 3213 1857 3213 1857 3214 1858 3215 1859 3216 1860 3218 1861 3217 1862 3218 1861 3216 1860 3215 1859 3219 1863 3217 1862 3220 1864 3218 1861 3220 1864 3217 1862 3221 1865 3222 1866 3219 1863 3219 1863 3220 1864 3221 1865 3222 1866 3224 1867 3223 1868 3224 1867 3222 1866 3221 1865 3225 1869 3223 1868 3226 1870 3224 1867 3226 1870 3223 1868 3227 1871 3228 1872 3225 1869 3225 1869 3226 1870 3227 1871 3228 1872 3230 1873 3229 1874 3230 1873 3228 1872 3227 1871 3231 1875 3229 1874 3232 1876 3230 1873 3232 1876 3229 1874 3233 1877 3234 1878 3231 1875 3231 1875 3232 1876 3233 1877 3234 1878 3236 1879 3235 1880 3236 1879 3234 1878 3233 1877 3237 1881 3235 1880 3238 1882 3236 1879 3238 1882 3235 1880 3239 1883 3240 1884 3237 1881 3237 1881 3238 1882 3239 1883 3240 1884 3242 1885 3241 1886 3242 1885 3240 1884 3239 1883 3243 1887 3241 1886 3244 1888 3242 1885 3244 1888 3241 1886 3245 1889 3246 1890 3243 1887 3243 1887 3244 1888 3245 1889 3246 1890 3248 1891 3247 1892 3248 1891 3246 1890 3245 1889 3249 1893 3247 1892 3250 1894 3248 1891 3250 1894 3247 1892 3251 1895 3252 1896 3249 1893 3249 1893 3250 1894 3251 1895 3252 1896 3254 1897 3253 1898 3254 1897 3252 1896 3251 1895 3255 1899 3253 1898 3256 1900 3254 1897 3256 1900 3253 1898 3257 1901 3258 1902 3255 1899 3255 1899 3256 1900 3257 1901 3258 1902 3260 1903 3259 1904 3260 1903 3258 1902 3257 1901 3261 1905 3259 1904 3262 1906 3260 1903 3262 1906 3259 1904 3263 1907 3264 1908 3261 1905 3261 1905 3262 1906 3263 1907 3264 1908 3266 1909 3265 1910 3266 1909 3264 1908 3263 1907 3267 1911 3265 1910 3268 1912 3266 1909 3268 1912 3265 1910 3269 1913 3270 1914 3267 1911 3267 1911 3268 1912 3269 1913 3270 1914 3272 1915 3271 1916 3272 1915 3270 1914 3269 1913 3273 1917 3271 1916 3274 1918 3272 1915 3274 1918 3271 1916 3275 1919 3276 1920 3273 1917 3273 1917 3274 1918 3275 1919 3276 1920 3278 1921 3277 1922 3278 1921 3276 1920 3275 1919 3279 1923 3277 1922 3280 1924 3278 1921 3280 1924 3277 1922 3281 1925 3282 1926 3279 1923 3279 1923 3280 1924 3281 1925 3208 1852 3209 1854 3283 1927 3284 1928 3285 1929 3283 1927 3283 1927 3209 1854 3284 1928 3285 1929 3287 1930 3286 1931 3287 1930 3285 1929 3284 1928 3288 1932 3286 1931 3289 1933 3287 1930 3289 1933 3286 1931 3290 1934 3291 1935 3288 1932 3288 1932 3289 1933 3290 1934 3291 1935 3293 1936 3292 1937 3293 1936 3291 1935 3290 1934 3294 1938 3292 1937 3295 1939 3293 1936 3295 1939 3292 1937 3296 1940 3297 1941 3294 1938 3294 1938 3295 1939 3296 1940 3297 1941 3299 1942 3298 1943 3299 1942 3297 1941 3296 1940 3300 1944 3298 1943 3301 1945 3299 1942 3301 1945 3298 1943 3302 1946 3303 1947 3300 1944 3300 1944 3301 1945 3302 1946 3303 1947 3305 1948 3304 1949 3305 1948 3303 1947 3302 1946 3306 1950 3304 1949 3307 1951 3305 1948 3307 1951 3304 1949 3308 1952 3309 1953 3306 1950 3306 1950 3307 1951 3308 1952 3309 1953 3311 1954 3310 1955 3311 1954 3309 1953 3308 1952 3312 1956 3310 1955 3313 1957 3311 1954 3313 1957 3310 1955 3314 1958 3315 1959 3312 1956 3312 1956 3313 1957 3314 1958 3315 1959 3317 1960 3316 1961 3317 1960 3315 1959 3314 1958 3318 1962 3316 1961 3319 1963 3317 1960 3319 1963 3316 1961 3320 1964 3321 1965 3318 1962 3318 1962 3319 1963 3320 1964 3321 1965 3323 1966 3322 1967 3323 1966 3321 1965 3320 1964 3324 1968 3322 1967 3325 1969 3323 1966 3325 1969 3322 1967 3326 1970 3327 1971 3324 1968 3324 1968 3325 1969 3326 1970 3327 1971 3329 1972 3328 1973 3329 1972 3327 1971 3326 1970 3330 1974 3328 1973 3331 1975 3329 1972 3331 1975 3328 1973 3332 1976 3333 1977 3330 1974 3330 1974 3331 1975 3332 1976 3333 1977 3335 1978 3334 1979 3335 1978 3333 1977 3332 1976 3336 1980 3334 1979 3337 1981 3335 1978 3337 1981 3334 1979 3338 1982 3339 1983 3336 1980 3336 1980 3337 1981 3338 1982 3339 1983 3341 1984 3340 1985 3341 1984 3339 1983 3338 1982 3342 1986 3340 1985 3343 1987 3341 1984 3343 1987 3340 1985 3344 1988 3345 1989 3342 1986 3342 1986 3343 1987 3344 1988 3345 1989 3347 1990 3346 1991 3347 1990 3345 1989 3344 1988 3348 1992 3346 1991 3349 1993 3347 1990 3349 1993 3346 1991 3350 1994 3351 1995 3348 1992 3348 1992 3349 1993 3350 1994 3351 1995 3353 1996 3352 1997 3353 1996 3351 1995 3350 1994 3353 1996 3282 1926 3352 1997 3352 1997 3282 1926 3281 1925 3354 1998 3356 1999 3355 2000 3357 2001 3359 2002 3358 2003 3360 2004 3362 2005 3361 2006 3363 2007 3355 2000 3364 2008 3356 1999 3364 2008 3355 2000 3365 2009 3367 2010 3366 2011 3368 2012 3367 2010 3365 2009 3369 2013 3370 80 3363 2007 3363 2007 3364 2008 3369 2013 3368 2012 3371 2014 3367 2010 3372 2015 3371 2014 3368 2012 3356 1999 3354 1998 3373 2016 3373 2016 3375 2017 3374 2018 3375 2017 3373 2016 3354 1998 3359 2002 3374 2018 3358 2003 3375 2017 3358 2003 3374 2018 3376 2019 3378 2020 3377 2021 3379 2022 3381 2023 3380 2024 3371 2014 3372 2015 3382 2025 3383 2026 3385 2027 3384 2028 3386 2029 3388 2030 3387 2031 3388 2030 3386 2029 3366 2011 3389 2032 3387 2031 3390 2033 3388 2030 3390 2033 3387 2031 3391 2034 3392 2035 3389 2032 3389 2032 3390 2033 3391 2034 3392 2035 3394 2036 3393 2037 3394 2036 3392 2035 3391 2034 3394 2036 3395 2038 3393 2037 3396 2039 3398 2040 3397 2041 3395 2038 3400 2042 3399 2043 3361 2006 3362 2005 3401 2044 3402 2045 3404 2046 3403 2047 3401 2044 3406 2048 3405 2049 3402 2045 3405 2049 3406 2048 3401 2044 3407 2050 3361 2006 3401 2044 3405 2049 3407 2050 3408 2051 3407 2050 3409 2052 3405 2049 3409 2052 3407 2050 3410 2053 3411 2054 3408 2051 3408 2051 3409 2052 3410 2053 3411 2054 3413 2055 3412 2056 3413 2055 3411 2054 3410 2053 3414 2057 3412 2056 3415 2058 3413 2055 3415 2058 3412 2056 3416 2059 3369 2013 3414 2057 3414 2057 3415 2058 3416 2059 3370 80 3369 2013 3416 2059 3397 2041 3403 2047 3404 2046 3406 2048 3404 2046 3402 2045 3400 2042 3398 2040 3396 2039 3398 2040 3403 2047 3397 2041 3396 2039 3399 2043 3400 2042 3395 2038 3399 2043 3393 2037 3386 2029 3365 2009 3366 2011 3417 2060 3360 2004 3418 2061 3419 2062 3421 2063 3420 2064 3422 2065 3420 2064 3421 2063 3419 2062 3424 2066 3423 2067 3423 2067 3421 2063 3419 2062 3425 80 3423 2067 3424 2066 3420 2064 3422 2065 3418 2061 3362 2005 3360 2004 3417 2060 3417 2060 3418 2061 3422 2065 3426 2068 3382 2025 3427 2069 3382 2025 3372 2015 3427 2069 3428 2070 3385 2027 3426 2068 3426 2068 3427 2069 3428 2070 3429 2071 3383 2026 3384 2028 3384 2028 3385 2027 3428 2070 3430 2072 3429 2071 3431 2073 3429 2071 3430 2072 3383 2026 3377 2021 3432 2074 3431 2073 3430 2072 3431 2073 3432 2074 3433 2075 3378 2020 3376 2019 3378 2020 3432 2074 3377 2021 3433 2075 3435 2076 3434 2077 3435 2076 3433 2075 3376 2019 3435 2076 3436 2078 3434 2077 3380 2024 3381 2023 3436 2078 3434 2077 3436 2078 3381 2023 3437 2079 3438 2080 3379 2022 3380 2024 3437 2079 3379 2022 3438 2080 3440 2081 3439 2082 3440 2081 3438 2080 3437 2079 3357 2001 3439 2082 3441 2083 3440 2081 3441 2083 3439 2082 3441 2083 3443 2084 3442 2085 3357 2001 3441 2083 3442 2085 3444 2086 3446 2087 3445 2088 3447 2089 3445 2088 3448 2090 3449 2091 3450 2092 3447 2089 3450 2092 3451 2093 3424 2066 3451 2093 3425 80 3424 2066 3449 2091 3451 2093 3450 2092 3448 2090 3449 2091 3447 2089 3446 2087 3448 2090 3445 2088 3443 2084 3446 2087 3444 2086 3444 2086 3442 2085 3443 2084 3357 2001 3442 2085 3359 2002 3452 2094 3454 2095 3453 2096 3455 2097 3456 2098 3452 2094 3452 2094 3453 2096 3455 2097 3457 2099 3458 2100 3456 2098 3457 2099 3456 2098 3455 2097 3459 2101 3458 2100 3460 2102 3458 2100 3459 2101 3456 2098 3461 2103 3462 2104 3460 2102 3459 2101 3460 2102 3462 2104 3461 2103 3464 2105 3463 2106 3463 2106 3462 2104 3461 2103 3465 2107 3464 2105 3466 2108 3464 2105 3465 2107 3463 2106 3467 2109 3468 2110 3466 2108 3465 2107 3466 2108 3468 2110 3467 2109 3470 2111 3469 2112 3469 2112 3468 2110 3467 2109 3469 2112 3472 2113 3471 2114 3472 2113 3469 2112 3470 2111 3473 2115 3471 2114 3474 2116 3472 2113 3474 2116 3471 2114 3475 2117 3476 2118 3473 2115 3473 2115 3474 2116 3475 2117 3476 2118 3478 2119 3477 2120 3478 2119 3476 2118 3475 2117 3479 2121 3477 2120 3480 2122 3478 2119 3480 2122 3477 2120 3481 2123 3482 2124 3479 2121 3479 2121 3480 2122 3481 2123 3483 2125 3484 2126 3482 2124 3483 2125 3482 2124 3481 2123 3485 2127 3484 2126 3486 2128 3484 2126 3485 2127 3482 2124 3487 2129 3488 2130 3486 2128 3485 2127 3486 2128 3488 2130 3487 2129 3490 2131 3489 2132 3489 2132 3488 2130 3487 2129 3491 2133 3490 2131 3492 2134 3490 2131 3491 2133 3489 2132 3493 2135 3494 2136 3492 2134 3491 2133 3492 2134 3494 2136 3493 2135 3496 2137 3495 2138 3495 2138 3494 2136 3493 2135 3497 2139 3454 2095 3498 2140 3454 2095 3497 2139 3453 2096 3499 2141 3500 2142 3498 2140 3497 2139 3498 2140 3500 2142 3499 2141 3502 2143 3501 2144 3501 2144 3500 2142 3499 2141 3503 2145 3502 2143 3504 2146 3502 2143 3503 2145 3501 2144 3505 2147 3506 2148 3504 2146 3503 2145 3504 2146 3506 2148 3507 2149 3505 2147 3508 2150 3507 2149 3506 2148 3505 2147 3509 2151 3508 2150 3510 2152 3505 2147 3510 2152 3508 2150 3511 2153 3512 2154 3509 2151 3509 2151 3510 2152 3511 2153 3512 2154 3514 2155 3513 2156 3514 2155 3512 2154 3511 2153 3515 2157 3513 2156 3516 2158 3514 2155 3516 2158 3513 2156 3517 2159 3518 2160 3515 2157 3515 2157 3516 2158 3517 2159 3518 2160 3520 2161 3519 2162 3520 2161 3518 2160 3517 2159 3521 2163 3522 2164 3520 2161 3519 2162 3520 2161 3522 2164 3521 2163 3524 2165 3523 2166 3523 2166 3522 2164 3521 2163 3525 2167 3524 2165 3526 2168 3524 2165 3525 2167 3523 2166 3527 2169 3528 2170 3526 2168 3525 2167 3526 2168 3528 2170 3527 2169 3530 2171 3529 2172 3529 2172 3528 2170 3527 2169 3531 2173 3530 2171 3495 2138 3530 2171 3531 2173 3529 2172 3531 2173 3495 2138 3496 2137 3532 2174 3534 2175 3533 2176 3534 2175 3536 2177 3535 2178 3536 2177 3534 2175 3532 2174 3537 2179 3535 2178 3538 2180 3536 2177 3538 2180 3535 2178 3539 2181 3540 2182 3537 2179 3537 2179 3538 2180 3539 2181 3540 2182 3542 2183 3541 2184 3542 2183 3540 2182 3539 2181 3543 2185 3541 2184 3544 2186 3542 2183 3544 2186 3541 2184 3545 2187 3546 2188 3543 2185 3543 2185 3544 2186 3545 2187 3546 2188 3548 2189 3547 2190 3548 2189 3546 2188 3545 2187 3549 2191 3547 2190 3550 2192 3548 2189 3550 2192 3547 2190 3551 2193 3552 2194 3549 2191 3549 2191 3550 2192 3551 2193 3552 2194 3554 2195 3553 2196 3554 2195 3552 2194 3551 2193 3555 2197 3553 2196 3556 2198 3554 2195 3556 2198 3553 2196 3557 2199 3558 2200 3555 2197 3555 2197 3556 2198 3557 2199 3558 2200 3560 2201 3559 2202 3560 2201 3558 2200 3557 2199 3561 2203 3559 2202 3562 2204 3560 2201 3562 2204 3559 2202 3563 2205 3564 2206 3561 2203 3561 2203 3562 2204 3563 2205 3564 2206 3566 2207 3565 2208 3566 2207 3564 2206 3563 2205 3567 2209 3565 2208 3568 2210 3566 2207 3568 2210 3565 2208 3569 2211 3570 2212 3567 2209 3567 2209 3568 2210 3569 2211 3532 2174 3533 2176 3571 2213 3572 2214 3573 2215 3571 2213 3571 2213 3533 2176 3572 2214 3573 2215 3575 2216 3574 2217 3575 2216 3573 2215 3572 2214 3576 2218 3574 2217 3577 2219 3575 2216 3577 2219 3574 2217 3578 2220 3579 2221 3576 2218 3576 2218 3577 2219 3578 2220 3579 2221 3581 2222 3580 2223 3581 2222 3579 2221 3578 2220 3582 2224 3580 2223 3583 2225 3581 2222 3583 2225 3580 2223 3584 2226 3585 2227 3582 2224 3582 2224 3583 2225 3584 2226 3585 2227 3587 2228 3586 2229 3587 2228 3585 2227 3584 2226 3588 2230 3586 2229 3589 2231 3587 2228 3589 2231 3586 2229 3590 2232 3591 2233 3588 2230 3588 2230 3589 2231 3590 2232 3591 2233 3593 2234 3592 2235 3593 2234 3591 2233 3590 2232 3594 2236 3592 2235 3595 2237 3593 2234 3595 2237 3592 2235 3596 2238 3597 2239 3594 2236 3594 2236 3595 2237 3596 2238 3597 2239 3599 2240 3598 2241 3599 2240 3597 2239 3596 2238 3600 2242 3598 2241 3601 2243 3599 2240 3601 2243 3598 2241 3602 2244 3603 2245 3600 2242 3600 2242 3601 2243 3602 2244 3603 2245 3605 2246 3604 2247 3605 2246 3603 2245 3602 2244 3605 2246 3570 2212 3604 2247 3604 2247 3570 2212 3569 2211 3606 2248 3608 2249 3607 2250 3609 2251 3611 2252 3610 2253 3612 2254 3614 2255 3613 2256 3615 2257 3617 2258 3616 2259 3618 2260 3620 2261 3619 2262 3621 2263 3623 2264 3622 2265 3624 2266 3626 2267 3625 2268 3627 2269 3629 2270 3628 2271 3630 2272 3632 2273 3631 2274 3633 2275 3635 2276 3634 2277 3636 2278 3638 2279 3637 2280 3639 2281 3641 2282 3640 2283 3642 2284 3644 2285 3643 2286 3645 2287 3647 2288 3646 2289 3648 2290 3650 2291 3649 2292 3651 2293 3653 2294 3652 2295 3654 2296 3656 2297 3655 2298 3657 2299 3659 2300 3658 2301 3660 2302 3662 2303 3661 2304 3663 2305 3665 2306 3664 2307 3664 2307 3658 2301 3663 2305 3666 2308 3667 2309 3665 2306 3664 2307 3665 2306 3667 2309 3668 2310 3666 2308 3669 2311 3666 2308 3668 2310 3667 2309 3669 2311 3671 2312 3670 2313 3670 2313 3668 2310 3669 2311 3672 2314 3673 2315 3671 2312 3670 2313 3671 2312 3673 2315 3674 2316 3672 2314 3675 2317 3672 2314 3674 2316 3673 2315 3675 2317 3677 2318 3676 2319 3676 2319 3674 2316 3675 2317 3678 2320 3679 2320 3677 2318 3676 2319 3677 2318 3679 2320 3608 2249 3678 2320 3607 2250 3678 2320 3608 2249 3679 2320 3659 2300 3657 2299 3661 2304 3658 2301 3659 2300 3663 2305 3653 2294 3662 2303 3660 2302 3660 2302 3661 2304 3657 2299 3656 2297 3651 2293 3652 2295 3651 2293 3662 2303 3653 2294 3654 2296 3655 2298 3645 2287 3656 2297 3652 2295 3655 2298 3646 2289 3647 2288 3648 2290 3654 2296 3645 2287 3646 2289 3650 2291 3640 2283 3649 2292 3647 2288 3650 2291 3648 2290 3639 2281 3643 2286 3641 2282 3640 2283 3641 2282 3649 2292 3635 2276 3644 2285 3642 2284 3642 2284 3643 2286 3639 2281 3638 2279 3633 2275 3634 2277 3633 2275 3644 2285 3635 2276 3636 2278 3637 2280 3627 2269 3638 2279 3634 2277 3637 2280 3628 2271 3629 2270 3630 2272 3636 2278 3627 2269 3628 2271 3632 2273 3622 2265 3631 2274 3629 2270 3632 2273 3630 2272 3621 2263 3625 2268 3623 2264 3622 2265 3623 2264 3631 2274 3617 2258 3626 2267 3624 2266 3624 2266 3625 2268 3621 2263 3620 2261 3615 2257 3616 2259 3615 2257 3626 2267 3617 2258 3618 2260 3619 2262 3609 2251 3620 2261 3616 2259 3619 2262 3610 2253 3611 2252 3613 2256 3618 2260 3609 2251 3610 2253 3612 2254 3606 2248 3614 2255 3611 2252 3612 2254 3613 2256 3607 2250 3614 2255 3606 2248 3680 2321 3682 2322 3681 2323 3683 2324 3685 2325 3684 2326 3686 2327 3682 2322 3687 2328 3682 2322 3686 2327 3681 2323 3688 2329 3689 2330 3687 2328 3686 2327 3687 2328 3689 2330 3688 2329 3691 2331 3690 2332 3690 2332 3689 2330 3688 2329 3692 2333 3691 2331 3693 2334 3691 2331 3692 2333 3690 2332 3694 2335 3695 2336 3693 2334 3692 2333 3693 2334 3695 2336 3694 2335 3697 2337 3696 2338 3696 2338 3695 2336 3694 2335 3698 2339 3697 2337 3699 2340 3697 2337 3698 2339 3696 2338 3700 2341 3701 2342 3699 2340 3698 2339 3699 2340 3701 2342 3700 2341 3703 2343 3702 2344 3702 2344 3701 2342 3700 2341 3704 2345 3703 2343 3705 2346 3703 2343 3704 2345 3702 2344 3706 2347 3707 2348 3705 2346 3704 2345 3705 2346 3707 2348 3706 2347 3709 2349 3708 2350 3708 2350 3707 2348 3706 2347 3710 2351 3709 2349 3711 2352 3709 2349 3710 2351 3708 2350 3712 2353 3713 2354 3711 2352 3710 2351 3711 2352 3713 2354 3712 2353 3715 2355 3714 2356 3714 2356 3713 2354 3712 2353 3680 2321 3681 2323 3716 2357 3716 2357 3718 2358 3717 2359 3717 2359 3680 2321 3716 2357 3719 2360 3718 2358 3720 2361 3718 2358 3719 2360 3717 2359 3721 2362 3722 2363 3720 2361 3719 2360 3720 2361 3722 2363 3721 2362 3724 2364 3723 2365 3723 2365 3722 2363 3721 2362 3725 2366 3724 2364 3726 2367 3724 2364 3725 2366 3723 2365 3727 2368 3728 2369 3726 2367 3725 2366 3726 2367 3728 2369 3727 2368 3730 2370 3729 2371 3729 2371 3728 2369 3727 2368 3731 2372 3730 2370 3732 2373 3730 2370 3731 2372 3729 2371 3733 2374 3734 2375 3732 2373 3731 2372 3732 2373 3734 2375 3733 2374 3736 2376 3735 2377 3735 2377 3734 2375 3733 2374 3737 2378 3736 2376 3738 2379 3736 2376 3737 2378 3735 2377 3739 2380 3740 2381 3738 2379 3737 2378 3738 2379 3740 2381 3739 2380 3742 2382 3741 2383 3741 2383 3740 2381 3739 2380 3743 2384 3742 2382 3744 2385 3742 2382 3743 2384 3741 2383 3683 2324 3745 2386 3744 2385 3743 2384 3744 2385 3745 2386 3746 2387 3748 2388 3747 2389 3749 2390 3751 2391 3750 2392 3752 2393 3753 2394 3750 2392 3749 2390 3714 2356 3715 2355 3715 2355 3751 2391 3749 2390 3746 2387 3753 2394 3752 2393 3751 2391 3752 2393 3750 2392 3747 2389 3748 2388 3685 2325 3753 2394 3746 2387 3747 2389 3683 2324 3684 2326 3745 2386 3685 2325 3748 2388 3684 2326 3754 2395 3756 2396 3755 2397 3757 2398 3759 2399 3758 2400 3760 2401 3761 2402 3755 2397 3755 2397 3756 2396 3760 2401 3762 2403 3761 2402 3763 2404 3760 2401 3763 2404 3761 2402 3762 2403 3765 2405 3764 2406 3765 2405 3762 2403 3763 2404 3766 2407 3767 2408 3764 2406 3764 2406 3765 2405 3766 2407 3768 2409 3767 2408 3769 2410 3766 2407 3769 2410 3767 2408 3768 2409 3771 2411 3770 2412 3771 2411 3768 2409 3769 2410 3772 2413 3773 2414 3770 2412 3770 2412 3771 2411 3772 2413 3774 2415 3773 2414 3775 2416 3772 2413 3775 2416 3773 2414 3774 2415 3777 2417 3776 2418 3777 2417 3774 2415 3775 2416 3778 2419 3779 2420 3776 2418 3776 2418 3777 2417 3778 2419 3780 2421 3779 2420 3781 2422 3778 2419 3781 2422 3779 2420 3780 2421 3783 2423 3782 2424 3783 2423 3780 2421 3781 2422 3784 2425 3785 2426 3782 2424 3782 2424 3783 2423 3784 2425 3786 2427 3785 2426 3787 2428 3784 2425 3787 2428 3785 2426 3786 2427 3789 2429 3788 2430 3789 2429 3786 2427 3787 2428 3754 2395 3790 2431 3756 2396 3790 2431 3792 2432 3791 2433 3792 2432 3790 2431 3754 2395 3793 2434 3794 2435 3791 2433 3791 2433 3792 2432 3793 2434 3795 2436 3794 2435 3796 2437 3793 2434 3796 2437 3794 2435 3795 2436 3798 2438 3797 2439 3798 2438 3795 2436 3796 2437 3799 2440 3800 2441 3797 2439 3797 2439 3798 2438 3799 2440 3801 2442 3800 2441 3802 2443 3799 2440 3802 2443 3800 2441 3801 2442 3804 2444 3803 2445 3804 2444 3801 2442 3802 2443 3805 2446 3806 2447 3803 2445 3803 2445 3804 2444 3805 2446 3807 2448 3806 2447 3808 2449 3805 2446 3808 2449 3806 2447 3807 2448 3810 2450 3809 2451 3810 2450 3807 2448 3808 2449 3811 2452 3812 2453 3809 2451 3809 2451 3810 2450 3811 2452 3813 2454 3812 2453 3814 2455 3811 2452 3814 2455 3812 2453 3813 2454 3816 2456 3815 2457 3816 2456 3813 2454 3814 2455 3817 2458 3818 2459 3815 2457 3815 2457 3816 2456 3817 2458 3757 2398 3818 2459 3819 2460 3817 2458 3819 2460 3818 2459 3820 2461 3822 2462 3821 2463 3823 2464 3825 2465 3824 2466 3826 2467 3825 2465 3827 2468 3823 2464 3788 2430 3789 2429 3788 2430 3823 2464 3824 2466 3820 2461 3826 2467 3827 2468 3824 2466 3825 2465 3826 2467 3822 2462 3758 2400 3821 2463 3827 2468 3822 2462 3820 2461 3757 2398 3819 2460 3759 2399 3758 2400 3759 2399 3821 2463 3828 2469 3830 2470 3829 2471 3831 2472 3833 2473 3832 2474 3834 2475 3830 2470 3835 2476 3830 2470 3834 2475 3829 2471 3836 2477 3837 2478 3835 2476 3834 2475 3835 2476 3837 2478 3836 2477 3839 2479 3838 2480 3838 2480 3837 2478 3836 2477 3840 2481 3839 2479 3841 2482 3839 2479 3840 2481 3838 2480 3842 2483 3843 2484 3841 2482 3840 2481 3841 2482 3843 2484 3842 2483 3845 2485 3844 2486 3844 2486 3843 2484 3842 2483 3846 2487 3845 2485 3847 2488 3845 2485 3846 2487 3844 2486 3848 2489 3849 2490 3847 2488 3846 2487 3847 2488 3849 2490 3848 2489 3851 81 3850 2491 3850 2491 3849 2490 3848 2489 3828 2469 3829 2471 3852 2492 3852 2492 3854 2493 3853 2494 3853 2494 3828 2469 3852 2492 3855 2495 3854 2493 3856 2496 3854 2493 3855 2495 3853 2494 3857 2497 3858 2498 3856 2496 3855 2495 3856 2496 3858 2498 3857 2497 3860 2499 3859 2500 3859 2500 3858 2498 3857 2497 3861 2501 3860 2499 3862 2502 3860 2499 3861 2501 3859 2500 3863 2503 3864 2504 3862 2502 3861 2501 3862 2502 3864 2504 3863 2503 3866 2505 3865 2506 3865 2506 3864 2504 3863 2503 3867 2507 3866 2505 3832 2474 3866 2505 3867 2507 3865 2506 3867 2507 3832 2474 3833 2473 3868 2508 3870 2509 3869 2510 3871 2511 3873 2512 3872 2513 3874 2514 3876 2515 3875 2516 3877 2517 3879 2518 3878 2519 3880 2520 3882 2521 3881 2522 3883 2523 3885 2524 3884 2525 3886 2526 3888 2527 3887 2528 3889 2529 3891 2530 3890 2531 3892 2532 3894 2533 3893 2534 3895 2535 3896 2536 3894 2533 3897 2537 3898 2538 3892 2532 3892 2532 3893 2534 3897 2537 3898 2538 3900 2539 3899 2540 3900 2539 3898 2538 3897 2537 3901 2541 3899 2540 3902 2542 3900 2539 3902 2542 3899 2540 3850 2491 3851 81 3901 2541 3901 2541 3902 2542 3850 2491 3886 2526 3896 2536 3895 2535 3894 2533 3896 2536 3893 2534 3888 2527 3889 2529 3887 2528 3895 2535 3888 2527 3886 2526 3890 2531 3891 2530 3882 2521 3887 2528 3889 2529 3890 2531 3880 2520 3881 2522 3885 2524 3882 2521 3891 2530 3881 2522 3875 2516 3883 2523 3884 2525 3883 2523 3880 2520 3885 2524 3878 2519 3876 2515 3874 2514 3874 2514 3875 2516 3884 2525 3877 2517 3868 2508 3879 2518 3878 2519 3879 2518 3876 2515 3870 2509 3873 2512 3869 2510 3877 2517 3870 2509 3868 2508 3871 2511 3872 2513 3831 2472 3869 2510 3873 2512 3871 2511 3833 2473 3831 2472 3872 2513 3903 2543 3905 2544 3904 2545 3906 2546 3908 2547 3907 2548 3909 2549 3910 2550 3904 2545 3904 2545 3905 2544 3909 2549 3911 2551 3910 2550 3912 2552 3909 2549 3912 2552 3910 2550 3911 2551 3914 2553 3913 2554 3914 2553 3911 2551 3912 2552 3915 2555 3916 2556 3913 2554 3913 2554 3914 2553 3915 2555 3917 2557 3916 2556 3918 2558 3915 2555 3918 2558 3916 2556 3917 2557 3920 2559 3919 2560 3920 2559 3917 2557 3918 2558 3921 2561 3922 2562 3919 2560 3919 2560 3920 2559 3921 2561 3923 2563 3922 2562 3924 2564 3921 2561 3924 2564 3922 2562 3923 2563 3926 2565 3925 80 3926 2565 3923 2563 3924 2564 3903 2543 3927 2566 3905 2544 3927 2566 3929 2567 3928 2568 3929 2567 3927 2566 3903 2543 3930 2569 3931 2570 3928 2568 3928 2568 3929 2567 3930 2569 3932 2571 3931 2570 3933 2572 3930 2569 3933 2572 3931 2570 3932 2571 3935 2573 3934 2574 3935 2573 3932 2571 3933 2572 3936 2575 3937 2576 3934 2574 3934 2574 3935 2573 3936 2575 3938 2577 3937 2576 3939 2578 3936 2575 3939 2578 3937 2576 3938 2577 3941 2579 3940 2580 3941 2579 3938 2577 3939 2578 3942 2581 3908 2547 3940 2580 3940 2580 3941 2579 3942 2581 3942 2581 3907 2548 3908 2547 3943 2582 3945 2583 3944 2584 3946 2585 3948 2586 3947 2587 3949 2588 3951 2589 3950 2590 3952 2591 3954 2592 3953 2593 3955 2594 3957 2595 3956 2596 3958 2597 3960 2598 3959 2599 3961 2600 3963 2601 3962 2602 3964 2603 3966 2604 3965 2605 3967 2606 3969 2607 3968 2608 3970 2609 3968 2608 3971 2610 3972 2611 3967 2606 3973 2612 3967 2606 3972 2611 3969 2607 3973 2612 3975 2613 3974 2614 3974 2614 3972 2611 3973 2612 3976 2615 3977 2616 3975 2613 3974 2614 3975 2613 3977 2616 3926 2565 3976 2615 3925 80 3976 2615 3926 2565 3977 2616 3961 2600 3970 2609 3971 2610 3968 2608 3969 2607 3971 2610 3962 2602 3963 2601 3964 2603 3970 2609 3961 2600 3962 2602 3966 2604 3956 2596 3965 2605 3963 2601 3966 2604 3964 2603 3955 2594 3959 2599 3957 2595 3956 2596 3957 2595 3965 2605 3951 2589 3960 2598 3958 2597 3958 2597 3959 2599 3955 2594 3954 2592 3949 2588 3950 2590 3949 2588 3960 2598 3951 2589 3952 2591 3953 2593 3943 2582 3954 2592 3950 2590 3953 2593 3944 2584 3945 2583 3947 2587 3952 2591 3943 2582 3944 2584 3946 2585 3906 2546 3948 2586 3945 2583 3946 2585 3947 2587 3907 2548 3948 2586 3906 2546 3978 2617 3980 2618 3979 2619 3981 2620 3983 2621 3982 2622 3980 2618 3985 2623 3984 2624 3985 2623 3980 2618 3978 2617 3986 2625 3984 2624 3987 2626 3985 2623 3987 2626 3984 2624 3988 2627 3989 2628 3986 2625 3986 2625 3987 2626 3988 2627 3989 2628 3991 2629 3990 2630 3991 2629 3989 2628 3988 2627 3992 2631 3990 2630 3993 2632 3991 2629 3993 2632 3990 2630 3994 2633 3995 2634 3992 2631 3992 2631 3993 2632 3994 2633 3995 2634 3997 2635 3996 2636 3997 2635 3995 2634 3994 2633 3998 2637 3996 2636 3999 2638 3997 2635 3999 2638 3996 2636 4000 2639 4001 2640 3998 2637 3998 2637 3999 2638 4000 2639 4001 2640 4003 2641 4002 2642 4003 2641 4001 2640 4000 2639 4004 2643 4002 2642 4005 2644 4003 2641 4005 2644 4002 2642 4006 2645 4007 2646 4004 2643 4004 2643 4005 2644 4006 2645 3978 2617 3979 2619 4008 2647 4009 2648 4010 2649 4008 2647 4008 2647 3979 2619 4009 2648 4010 2649 4012 2650 4011 2651 4012 2650 4010 2649 4009 2648 4013 2652 4011 2651 4014 2653 4012 2650 4014 2653 4011 2651 4015 2654 4016 2655 4013 2652 4013 2652 4014 2653 4015 2654 4016 2655 4018 2656 4017 2657 4018 2656 4016 2655 4015 2654 4019 2658 4017 2657 4020 2659 4018 2656 4020 2659 4017 2657 4021 2660 4022 2661 4019 2658 4019 2658 4020 2659 4021 2660 4022 2661 4024 2662 4023 2663 4024 2662 4022 2661 4021 2660 4025 2664 4023 2663 4026 2665 4024 2662 4026 2665 4023 2663 4027 2666 4028 2667 4025 2664 4025 2664 4026 2665 4027 2666 4028 2667 4030 2668 4029 2669 4030 2668 4028 2667 4027 2666 4030 2668 3982 2622 4029 2669 4029 2669 3982 2622 3983 2621 4031 2670 4033 2671 4032 2672 4034 2673 4036 2674 4035 2675 4037 2676 4039 2677 4038 2678 4040 2679 4042 2680 4041 2681 4043 2682 4045 2683 4044 2684 4046 2685 4048 2686 4047 2687 4049 2688 4051 2689 4050 2690 4051 2689 4049 2688 4045 2683 4052 2691 4050 2690 4053 2692 4051 2689 4053 2692 4050 2690 4007 2646 4006 2645 4052 2691 4052 2691 4053 2692 4007 2646 4044 2684 4048 2686 4043 2682 4045 2683 4049 2688 4044 2684 4038 2678 4046 2685 4047 2687 4046 2685 4043 2682 4048 2686 4041 2681 4039 2677 4037 2676 4037 2676 4038 2678 4047 2687 4040 2679 4031 2670 4042 2680 4041 2681 4042 2680 4039 2677 4033 2671 4036 2674 4032 2672 4040 2679 4033 2671 4031 2670 4034 2673 4035 2675 3981 2620 4032 2672 4036 2674 4034 2673 3983 2621 3981 2620 4035 2675 4054 2693 4056 2694 4055 2695 4057 2696 4059 2697 4058 2698 4055 2695 4061 2699 4060 2700 4060 2700 4054 2693 4055 2695 4062 2701 4063 2702 4061 2699 4060 2700 4061 2699 4063 2702 4064 2703 4062 2701 4065 2704 4062 2701 4064 2703 4063 2702 4065 2704 4067 2705 4066 2706 4066 2706 4064 2703 4065 2704 4068 2707 4069 2708 4067 2705 4066 2706 4067 2705 4069 2708 4070 2709 4068 2707 4071 2710 4068 2707 4070 2709 4069 2708 4071 2710 4073 2711 4072 2712 4072 2712 4070 2709 4071 2710 4074 2713 4075 2714 4073 2711 4072 2712 4073 2711 4075 2714 4076 2715 4074 2713 4077 2716 4074 2713 4076 2715 4075 2714 4077 2716 4079 2717 4078 2718 4078 2718 4076 2715 4077 2716 4080 2719 4081 2720 4079 2717 4078 2718 4079 2717 4081 2720 4082 2721 4080 2719 4083 2722 4080 2719 4082 2721 4081 2720 4054 2693 4084 2723 4056 2694 4085 2724 4084 2723 4086 2725 4084 2723 4085 2724 4056 2694 4086 2725 4088 2726 4087 2727 4087 2727 4085 2724 4086 2725 4089 2728 4090 2729 4088 2726 4087 2727 4088 2726 4090 2729 4091 2730 4089 2728 4092 2731 4089 2728 4091 2730 4090 2729 4092 2731 4094 2732 4093 2733 4093 2733 4091 2730 4092 2731 4095 2734 4096 2735 4094 2732 4093 2733 4094 2732 4096 2735 4097 2736 4095 2734 4098 2737 4095 2734 4097 2736 4096 2735 4098 2737 4100 2738 4099 2739 4099 2739 4097 2736 4098 2737 4101 2740 4102 2741 4100 2738 4099 2739 4100 2738 4102 2741 4103 2742 4101 2740 4104 2743 4101 2740 4103 2742 4102 2741 4104 2743 4106 2744 4105 2745 4105 2745 4103 2742 4104 2743 4105 2745 4106 2744 4059 2697 4106 2744 4058 2698 4059 2697 4107 2746 4109 2747 4108 2748 4110 2749 4112 2750 4111 2751 4113 2752 4115 2753 4114 2754 4116 2755 4118 2756 4117 2757 4119 2758 4121 2759 4120 2760 4122 2761 4124 2762 4123 2763 4125 2764 4127 2765 4126 2766 4126 2766 4120 2760 4125 2764 4128 2767 4129 2768 4127 2765 4126 2766 4127 2765 4129 2768 4083 2722 4128 2767 4082 2721 4128 2767 4083 2722 4129 2768 4121 2759 4119 2758 4123 2763 4120 2760 4121 2759 4125 2764 4115 2753 4124 2762 4122 2761 4122 2761 4123 2763 4119 2758 4118 2756 4113 2752 4114 2754 4113 2752 4124 2762 4115 2753 4116 2755 4117 2757 4107 2746 4118 2756 4114 2754 4117 2757 4108 2748 4109 2747 4111 2751 4116 2755 4107 2746 4108 2748 4110 2749 4057 2696 4112 2750 4109 2747 4110 2749 4111 2751 4058 2698 4112 2750 4057 2696 4130 2769 4132 2770 4131 2771 4133 2772 4135 2773 4134 2774 4136 2775 4132 2770 4137 2776 4132 2770 4136 2775 4131 2771 4138 2777 4139 2778 4137 2776 4136 2775 4137 2776 4139 2778 4140 2779 4139 2778 4138 2777 4141 2780 4130 2769 4131 2771 4141 2780 4143 2781 4142 2782 4142 2782 4130 2769 4141 2780 4144 2783 4143 2781 4134 2774 4143 2781 4144 2783 4142 2782 4144 2783 4134 2774 4135 2773 4145 2784 4147 2785 4146 2786 4148 2787 4150 2788 4149 2789 4151 2790 4153 2791 4152 2792 4154 2793 4156 2794 4155 2795 4157 2796 4159 2797 4158 2798 4160 2799 4162 2800 4161 2801 4163 2802 4165 2803 4164 2804 4166 2805 4168 2806 4167 2807 4169 2808 4171 2809 4170 2810 4172 2811 4174 2812 4173 2813 4175 2814 4177 2815 4176 2816 4178 2817 4180 2818 4179 2819 4181 2820 4183 2821 4182 2822 4184 2823 4186 2824 4185 2825 4187 2826 4189 2827 4188 2828 4190 2829 4191 2830 4189 2827 4192 2831 4193 2832 4187 2826 4187 2826 4188 2828 4192 2831 4193 2832 4195 2833 4194 2834 4195 2833 4193 2832 4192 2831 4196 2835 4194 2834 4197 2836 4195 2833 4197 2836 4194 2834 4198 2837 4199 2838 4196 2835 4196 2835 4197 2836 4198 2837 4199 2838 4201 2839 4200 2840 4201 2839 4199 2838 4198 2837 4202 2841 4200 2840 4203 2842 4201 2839 4203 2842 4200 2840 4140 2779 4138 2777 4202 2841 4202 2841 4203 2842 4140 2779 4181 2820 4191 2830 4190 2829 4189 2827 4191 2830 4188 2828 4183 2821 4184 2823 4182 2822 4190 2829 4183 2821 4181 2820 4185 2825 4186 2824 4177 2815 4182 2822 4184 2823 4185 2825 4175 2814 4176 2816 4180 2818 4177 2815 4186 2824 4176 2816 4170 2810 4178 2817 4179 2819 4178 2817 4175 2814 4180 2818 4173 2813 4171 2809 4169 2808 4169 2808 4170 2810 4179 2819 4172 2811 4163 2802 4174 2812 4173 2813 4174 2812 4171 2809 4165 2803 4166 2805 4164 2804 4172 2811 4165 2803 4163 2802 4167 2807 4168 2806 4159 2797 4164 2804 4166 2805 4167 2807 4157 2796 4158 2798 4162 2800 4159 2797 4168 2806 4158 2798 4152 2792 4160 2799 4161 2801 4160 2799 4157 2796 4162 2800 4155 2795 4153 2791 4151 2790 4151 2790 4152 2792 4161 2801 4154 2793 4145 2784 4156 2794 4155 2795 4156 2794 4153 2791 4147 2785 4150 2788 4146 2786 4154 2793 4147 2785 4145 2784 4148 2787 4149 2789 4133 2772 4146 2786 4150 2788 4148 2787 4135 2773 4133 2772 4149 2789 4204 2843 4206 2844 4205 2845 4207 2846 4209 2847 4208 2848 4210 2849 4211 2850 4205 2845 4205 2845 4206 2844 4210 2849 4212 2851 4211 2850 4213 2852 4210 2849 4213 2852 4211 2850 4214 2853 4212 2851 4213 2852 4215 2854 4206 2844 4204 2843 4215 2854 4217 2855 4216 2856 4217 2855 4215 2854 4204 2843 4218 2857 4209 2847 4216 2856 4216 2856 4217 2855 4218 2857 4218 2857 4208 2848 4209 2847 4219 2858 4221 2859 4220 2860 4222 2861 4224 2862 4223 2863 4225 2864 4227 2865 4226 2866 4228 2867 4230 2868 4229 2869 4231 2870 4233 2871 4232 2872 4234 2873 4236 2874 4235 2875 4237 2876 4239 2877 4238 2878 4240 2879 4242 2880 4241 2881 4243 2882 4245 2883 4244 2884 4246 2885 4248 2886 4247 2887 4249 2888 4251 2889 4250 2890 4252 2891 4254 2892 4253 2893 4255 2894 4257 2895 4256 2896 4258 2897 4260 2898 4259 2899 4261 2900 4263 2901 4262 2902 4264 2903 4262 2902 4265 2904 4266 2905 4261 2900 4267 2906 4261 2900 4266 2905 4263 2901 4267 2906 4269 2907 4268 2908 4268 2908 4266 2905 4267 2906 4270 2909 4271 2910 4269 2907 4268 2908 4269 2907 4271 2910 4272 2911 4270 2909 4273 2912 4270 2909 4272 2911 4271 2910 4273 2912 4275 2913 4274 2914 4274 2914 4272 2911 4273 2912 4276 2915 4277 2916 4275 2913 4274 2914 4275 2913 4277 2916 4214 2853 4276 2915 4212 2851 4276 2915 4214 2853 4277 2916 4255 2894 4264 2903 4265 2904 4262 2902 4263 2901 4265 2904 4256 2896 4257 2895 4258 2897 4264 2903 4255 2894 4256 2896 4260 2898 4250 2890 4259 2899 4257 2895 4260 2898 4258 2897 4249 2888 4253 2893 4251 2889 4250 2890 4251 2889 4259 2899 4245 2883 4254 2892 4252 2891 4252 2891 4253 2893 4249 2888 4248 2886 4243 2882 4244 2884 4243 2882 4254 2892 4245 2883 4246 2885 4247 2887 4237 2876 4248 2886 4244 2884 4247 2887 4238 2878 4239 2877 4240 2879 4246 2885 4237 2876 4238 2878 4242 2880 4232 2872 4241 2881 4239 2877 4242 2880 4240 2879 4231 2870 4235 2875 4233 2871 4232 2872 4233 2871 4241 2881 4227 2865 4236 2874 4234 2873 4234 2873 4235 2875 4231 2870 4230 2868 4225 2864 4226 2866 4225 2864 4236 2874 4227 2865 4228 2867 4229 2869 4219 2858 4230 2868 4226 2866 4229 2869 4220 2860 4221 2859 4223 2863 4228 2867 4219 2858 4220 2860 4222 2861 4207 2846 4224 2862 4221 2859 4222 2861 4223 2863 4208 2848 4224 2862 4207 2846 4278 2917 4280 2918 4279 2919 4281 2920 4283 2921 4282 2922 4284 2923 4280 2918 4285 2924 4280 2918 4284 2923 4279 2919 4286 2925 4287 2926 4285 2924 4284 2923 4285 2924 4287 2926 4286 2925 4289 2927 4288 2928 4288 2928 4287 2926 4286 2925 4290 2929 4289 2927 4291 2930 4289 2927 4290 2929 4288 2928 4292 2931 4293 2932 4291 2930 4290 2929 4291 2930 4293 2932 4292 2931 4295 2933 4294 2934 4294 2934 4293 2932 4292 2931 4278 2917 4279 2919 4296 2935 4296 2935 4298 2936 4297 2937 4297 2937 4278 2917 4296 2935 4299 2938 4298 2936 4300 2939 4298 2936 4299 2938 4297 2937 4301 2940 4302 2941 4300 2939 4299 2938 4300 2939 4302 2941 4301 2940 4304 2942 4303 2943 4303 2943 4302 2941 4301 2940 4305 2944 4304 2942 4282 2922 4304 2942 4305 2944 4303 2943 4305 2944 4282 2922 4283 2921 4306 2945 4308 2946 4307 2947 4309 2948 4311 2949 4310 2950 4312 2951 4314 2952 4313 2953 4315 2954 4317 2955 4316 2956 4318 2957 4320 2958 4319 2959 4321 2960 4323 2961 4322 2962 4324 2963 4326 2964 4325 2965 4327 2966 4329 2967 4328 2968 4330 2969 4332 2970 4331 2971 4333 2972 4335 2973 4334 2974 4336 2975 4338 2976 4337 2977 4339 2978 4341 2979 4340 2980 4342 2981 4344 2982 4343 2983 4344 2982 4342 2981 4338 2976 4345 2984 4343 2983 4346 2985 4344 2982 4346 2985 4343 2983 4347 2986 4348 2987 4345 2984 4345 2984 4346 2985 4347 2986 4348 2987 4350 2988 4349 2989 4350 2988 4348 2987 4347 2986 4351 2990 4349 2989 4352 2991 4350 2988 4352 2991 4349 2989 4294 2934 4295 2933 4351 2990 4351 2990 4352 2991 4294 2934 4337 2977 4341 2979 4336 2975 4338 2976 4342 2981 4337 2977 4331 2971 4339 2978 4340 2980 4339 2978 4336 2975 4341 2979 4334 2974 4332 2970 4330 2969 4330 2969 4331 2971 4340 2980 4333 2972 4324 2963 4335 2973 4334 2974 4335 2973 4332 2970 4326 2964 4327 2966 4325 2965 4333 2972 4326 2964 4324 2963 4328 2968 4329 2967 4320 2958 4325 2965 4327 2966 4328 2968 4318 2957 4319 2959 4323 2961 4320 2958 4329 2967 4319 2959 4313 2953 4321 2960 4322 2962 4321 2960 4318 2957 4323 2961 4316 2956 4314 2952 4312 2951 4312 2951 4313 2953 4322 2962 4315 2954 4306 2945 4317 2955 4316 2956 4317 2955 4314 2952 4308 2946 4311 2949 4307 2947 4315 2954 4308 2946 4306 2945 4309 2948 4310 2950 4281 2920 4307 2947 4311 2949 4309 2948 4283 2921 4281 2920 4310 2950 4353 2992 4355 2993 4354 2994 4356 2995 4358 2996 4357 2997 4359 2998 4360 2999 4354 2994 4354 2994 4355 2993 4359 2998 4361 3000 4360 2999 4362 3001 4359 2998 4362 3001 4360 2999 4361 3000 4364 3002 4363 3003 4364 3002 4361 3000 4362 3001 4365 3004 4366 3005 4363 3003 4363 3003 4364 3002 4365 3004 4367 3006 4366 3005 4368 3007 4365 3004 4368 3007 4366 3005 4367 3006 4370 3008 4369 3009 4370 3008 4367 3006 4368 3007 4353 2992 4371 3010 4355 2993 4371 3010 4373 3011 4372 3012 4373 3011 4371 3010 4353 2992 4374 3013 4375 3014 4372 3012 4372 3012 4373 3011 4374 3013 4376 3015 4375 3014 4377 3016 4374 3013 4377 3016 4375 3014 4376 3015 4379 3017 4378 3018 4379 3017 4376 3015 4377 3016 4380 3019 4358 2996 4378 3018 4378 3018 4379 3017 4380 3019 4380 3019 4357 2997 4358 2996 4381 3020 4383 3021 4382 3022 4384 3023 4386 3024 4385 3025 4387 3026 4389 3027 4388 3028 4390 3029 4392 3030 4391 3031 4393 3032 4395 3033 4394 3034 4396 3035 4398 3036 4397 3037 4399 3038 4401 3039 4400 3040 4402 3041 4404 3042 4403 3043 4405 3044 4407 3045 4406 3046 4408 3047 4410 3048 4409 3049 4411 3050 4413 3051 4412 3052 4414 3053 4416 3054 4415 3055 4417 3056 4419 3057 4418 3058 4418 3058 4412 3052 4417 3056 4420 3059 4421 3060 4419 3057 4418 3058 4419 3057 4421 3060 4422 3061 4420 3059 4423 3062 4420 3059 4422 3061 4421 3060 4423 3062 4425 3063 4424 3064 4424 3064 4422 3061 4423 3062 4426 3065 4427 3066 4425 3063 4424 3064 4425 3063 4427 3066 4370 3008 4426 3065 4369 3009 4426 3065 4370 3008 4427 3066 4413 3051 4411 3050 4415 3055 4412 3052 4413 3051 4417 3056 4407 3045 4416 3054 4414 3053 4414 3053 4415 3055 4411 3050 4410 3048 4405 3044 4406 3046 4405 3044 4416 3054 4407 3045 4408 3047 4409 3049 4399 3038 4410 3048 4406 3046 4409 3049 4400 3040 4401 3039 4402 3041 4408 3047 4399 3038 4400 3040 4404 3042 4394 3034 4403 3043 4401 3039 4404 3042 4402 3041 4393 3032 4397 3037 4395 3033 4394 3034 4395 3033 4403 3043 4389 3027 4398 3036 4396 3035 4396 3035 4397 3037 4393 3032 4392 3030 4387 3026 4388 3028 4387 3026 4398 3036 4389 3027 4390 3029 4391 3031 4381 3020 4392 3030 4388 3028 4391 3031 4382 3022 4383 3021 4385 3025 4390 3029 4381 3020 4382 3022 4384 3023 4356 2995 4386 3024 4383 3021 4384 3023 4385 3025 4357 2997 4386 3024 4356 2995 4578 220 1664 220 4579 220 4581 220 1667 220 4580 220 4432 220 1677 220 4583 220 4434 220 1675 220 4432 220 4586 220 1691 220 4435 220 4437 220 1701 220 4588 220 4589 220 1699 220 4437 220 4591 220 1723 220 4440 220 4593 220 1731 220 4442 220 4595 220 1707 220 4444 220 4446 220 1686 220 4597 220 4599 220 1651 220 4598 220 4600 220 1746 220 4601 220 4602 220 1739 220 4600 220 4453 220 1756 220 4604 220 4435 220 1695 220 4605 220 4606 220 1789 220 4607 220 4458 220 1765 220 4609 220 4611 220 1715 220 4460 220 4462 220 1669 220 4613 220 4614 220 1668 220 4581 220 4615 220 1684 220 4434 220 4467 220 1692 220 4466 220 4469 220 1708 220 4468 220 4621 220 1716 220 4620 220 4623 220 1724 220 4472 220 4472 220 1726 220 4474 220 4620 220 1755 220 4453 220 4468 220 1710 220 4625 220 4476 220 1706 220 4477 220 4629 3067 1780 3067 4478 3067 4631 220 1732 220 4480 220 4480 220 1734 220 4482 220 4633 220 1652 220 4462 220 4634 220 1740 220 4602 220 4635 220 1700 220 4476 220 4486 220 1683 220 4446 220 4487 220 1779 220 4638 220 4607 220 1772 220 4487 220 4490 220 1764 220 4489 220 4492 220 1653 220 4491 220 4613 220 1681 220 4643 220 4494 220 1752 220 4645 220 4645 220 1717 220 4621 220 4497 220 1773 220 4496 220 4648 220 1733 220 4593 220 4499 220 1792 220 4500 220 4501 220 1693 220 4467 220 4580 220 1661 220 4502 220 4653 220 1685 220 4615 220 4491 220 1794 220 4654 220 4505 220 1782 220 4506 220 4507 220 1648 220 4658 220 4510 220 1662 220 4509 220 4597 220 1687 220 4511 220 4605 220 1694 220 4653 220 4625 3067 1712 3067 4662 3067 4513 220 1744 220 4664 220 4515 220 1766 220 4490 220 4666 220 1774 220 4497 220 4506 220 1784 220 4667 220 4482 220 1748 220 4519 220 4643 220 1678 220 4518 220 4520 220 1753 220 4521 220 4522 220 1718 220 4520 220 4466 220 1646 220 4507 220 4523 220 1674 220 4673 220 4509 220 1666 220 4674 220 4526 220 1654 220 4492 220 4518 220 1688 220 4676 220 4528 220 1758 220 4688 220 4530 220 1767 220 4515 220 4678 220 1702 220 4530 220 4533 220 1679 220 4532 220 4682 220 1647 220 4534 220 4537 220 1703 220 4536 220 4686 220 1727 220 4685 220 4540 220 1725 220 4591 220 4688 220 1719 220 4540 220 4604 220 1711 220 4541 220 4536 220 1768 220 4690 220 4534 220 1698 220 4586 220 4685 220 1735 220 4648 220 4511 220 1696 220 4543 220 4692 220 1671 220 4614 220 4532 220 1682 220 4526 220 4694 220 1743 220 4545 220 4521 220 1751 220 4634 220 4541 3067 1759 3067 4595 3067 4502 220 1655 220 4547 220 4696 220 1783 220 4629 220 4550 220 1720 220 4549 220 4664 220 1745 220 4699 220 4519 220 1736 220 4552 220 4662 220 1757 220 4499 220 4690 220 1771 220 4606 220 4658 220 1775 220 4635 220 4553 220 1778 220 4666 220 4478 220 1776 220 4553 220 4667 220 1786 220 4703 220 4543 220 1787 220 4501 220 4549 220 1791 220 4555 220 4583 220 1672 220 4692 220 4556 220 1663 220 4510 220 4579 220 1795 220 4633 220 4557 220 1680 220 4533 220 4676 220 1788 220 4707 220 4545 220 1728 220 4686 220 4609 220 1704 220 4537 220 4555 220 1760 220 4611 220 4559 220 1659 220 4578 220 4673 220 1673 220 4560 220 4561 220 1689 220 4557 220 4552 220 1729 220 4562 220 4713 220 1737 220 4712 220 4712 220 1741 220 4494 220 4474 220 1721 220 4550 220 4566 220 1761 220 4565 220 4444 220 1705 220 4589 220 4716 220 1769 220 4678 220 4588 220 1697 220 4682 220 4562 220 1742 220 4513 220 4560 220 1676 220 4486 220 4547 220 1649 220 4568 220 4569 220 1657 220 4559 220 4654 220 1665 220 4570 220 4568 220 1793 220 4569 220 4707 220 1785 220 4696 220 4571 220 1781 220 4505 220 4638 220 1777 220 4571 220 4489 220 1713 220 4572 220 4572 220 1762 220 4566 220 4565 220 1790 220 4528 220 4598 220 1650 220 4573 220 4573 220 1656 220 4556 220 4574 220 1660 220 4599 220 4460 220 1714 220 4575 220 4440 220 1722 220 4726 220 4442 220 1730 220 4727 220 4699 220 1738 220 4713 220 4727 220 1749 220 4623 220 4575 220 1763 220 4458 220 4703 220 1690 220 4561 220 4496 220 1770 220 4716 220 4726 220 1750 220 4631 220 4674 220 1670 220 4523 220 4601 220 1747 220 4694 220 4500 220 1754 220 4522 220 4477 220 1709 220 4469 220 4570 220 1658 220 4574 220 4443 3068 4442 3068 4592 3068 4447 3069 4446 3069 4597 3069 4448 3070 4599 3070 4598 3070 4451 3071 4600 3071 4601 3071 4452 3072 4600 3072 4450 3072 4457 3073 4606 3073 4607 3073 4608 509 4609 509 4459 509 4610 509 4611 509 4460 509 4617 3074 4466 3074 4616 3074 4618 3075 4469 3075 4468 3075 4622 3076 4623 3076 4472 3076 4622 509 4474 509 4624 509 4618 3077 4625 3077 4475 3077 4627 509 4476 509 4477 509 4452 509 4634 509 4602 509 4485 3078 4476 3078 4626 3078 4636 509 4446 509 4596 509 4637 3079 4638 3079 4488 3079 4637 3080 4607 3080 4487 3080 4642 509 4491 509 4641 509 4443 3081 4648 3081 4593 3081 4650 3082 4499 3082 4500 3082 4617 3083 4501 3083 4467 3083 4504 509 4491 509 4654 509 4656 509 4505 509 4506 509 4657 509 4658 509 4508 509 4659 3084 4510 3084 4509 3084 4447 509 4511 509 4661 509 4512 3085 4625 3085 4662 3085 4656 3086 4667 3086 4517 3086 4669 3087 4521 3087 4670 3087 4669 509 4522 509 4520 509 4657 3088 4466 3088 4507 3088 4524 3089 4523 3089 4673 3089 4659 509 4674 509 4525 509 4642 509 4526 509 4492 509 4679 509 4533 509 4532 509 4684 3090 4536 3090 4683 3090 4538 509 4686 509 4685 509 4542 3091 4536 3091 4690 3091 4538 3092 4648 3092 4498 3092 4691 509 4511 509 4543 509 4679 3093 4526 3093 4675 3093 4693 509 4694 509 4545 509 4484 509 4521 509 4634 509 4698 509 4549 509 4697 509 4512 3094 4499 3094 4649 3094 4542 509 4606 509 4456 509 4485 509 4658 509 4635 509 4554 509 4667 509 4703 509 4691 509 4501 509 4651 509 4704 3095 4549 3095 4555 3095 4705 509 4510 509 4660 509 4706 3096 4533 3096 4680 3096 4693 3097 4686 3097 4539 3097 4684 509 4609 509 4537 509 4704 509 4611 509 4461 509 4524 509 4560 509 4709 509 4706 509 4561 509 4557 509 4698 3098 4474 3098 4550 3098 4636 3099 4560 3099 4486 3099 4504 509 4570 509 4719 509 4720 3100 4505 3100 4655 3100 4720 509 4638 509 4571 509 4448 3101 4573 3101 4723 3101 4705 509 4573 509 4556 509 4724 3102 4599 3102 4449 3102 4610 509 4575 509 4725 509 4577 509 4442 509 4727 509 4577 509 4623 509 4473 509 4608 3103 4575 3103 4458 3103 4554 3104 4561 3104 4710 3104 4525 509 4523 509 4672 509 4451 3105 4694 3105 4546 3105 4650 3106 4522 3106 4671 3106 4627 3107 4469 3107 4619 3107 4724 509 4570 509 4574 509 4632 3108 4519 3108 4701 3108 4529 3109 4528 3109 4688 3109 4578 220 1659 220 1664 220 4581 220 1668 220 1667 220 4432 220 1675 220 1677 220 4434 220 1684 220 1675 220 4586 220 1698 220 1691 220 4437 220 1699 220 1701 220 4589 220 1705 220 1699 220 4591 220 1725 220 1723 220 4593 220 1733 220 1731 220 4595 220 1759 220 1707 220 4446 220 1683 220 1686 220 4599 220 1660 220 1651 220 4600 220 1739 220 1746 220 4602 220 1740 220 1739 220 4453 220 1755 220 1756 220 4435 220 1691 220 1695 220 4606 220 1771 220 1789 220 4458 220 1763 220 1765 220 4611 220 1760 220 1715 220 4462 220 1652 220 1669 220 4614 220 1671 220 1668 220 4615 220 1685 220 1684 220 4467 220 1693 220 1692 220 4469 220 1709 220 1708 220 4621 220 1717 220 1716 220 4623 220 1749 220 1724 220 4472 220 1724 220 1726 220 4620 220 1716 220 1755 220 4468 220 1708 220 1710 220 4476 220 1700 220 1706 220 4629 3067 1783 3067 1780 3067 4631 220 1750 220 1732 220 4480 220 1732 220 1734 220 4633 220 1795 220 1652 220 4634 220 1751 220 1740 220 4635 220 1775 220 1700 220 4486 220 1676 220 1683 220 4487 220 1772 220 1779 220 4607 220 1789 220 1772 220 4490 220 1766 220 1764 220 4492 220 1654 220 1653 220 4613 220 1669 220 1681 220 4494 220 1741 220 1752 220 4645 220 1752 220 1717 220 4497 220 1774 220 1773 220 4648 220 1735 220 1733 220 4499 220 1757 220 1792 220 4501 220 1787 220 1693 220 4580 220 1667 220 1661 220 4653 220 1694 220 1685 220 4491 220 1653 220 1794 220 4505 220 1781 220 1782 220 4507 220 1646 220 1648 220 4510 220 1663 220 1662 220 4597 220 1686 220 1687 220 4605 220 1695 220 1694 220 4625 3067 1710 3067 1712 3067 4513 220 1742 220 1744 220 4515 220 1767 220 1766 220 4666 220 1778 220 1774 220 4506 220 1782 220 1784 220 4482 220 1734 220 1748 220 4643 220 1681 220 1678 220 4520 220 1718 220 1753 220 4522 220 1754 220 1718 220 4466 220 1692 220 1646 220 4523 220 1670 220 1674 220 4509 220 1662 220 1666 220 4526 220 1682 220 1654 220 4518 220 1678 220 1688 220 4528 220 1790 220 1758 220 4530 220 1702 220 1767 220 4678 220 1769 220 1702 220 4533 220 1680 220 1679 220 4682 220 1697 220 1647 220 4537 220 1704 220 1703 220 4686 220 1728 220 1727 220 4540 220 1719 220 1725 220 4688 220 1758 220 1719 220 4604 220 1756 220 1711 220 4536 220 1703 220 1768 220 4534 220 1647 220 1698 220 4685 220 1727 220 1735 220 4511 220 1687 220 1696 220 4692 220 1672 220 1671 220 4532 220 1679 220 1682 220 4694 220 1747 220 1743 220 4521 220 1753 220 1751 220 4541 3067 1711 3067 1759 3067 4502 220 1661 220 1655 220 4696 220 1785 220 1783 220 4550 220 1721 220 1720 220 4664 220 1744 220 1745 220 4519 220 1748 220 1736 220 4662 220 1712 220 1757 220 4690 220 1768 220 1771 220 4658 220 1648 220 1775 220 4553 220 1776 220 1778 220 4478 220 1780 220 1776 220 4667 220 1784 220 1786 220 4543 220 1696 220 1787 220 4549 220 1720 220 1791 220 4583 220 1677 220 1672 220 4556 220 1656 220 1663 220 4579 220 1664 220 1795 220 4557 220 1689 220 1680 220 4676 220 1688 220 1788 220 4545 220 1743 220 1728 220 4609 220 1765 220 1704 220 4555 220 1791 220 1760 220 4559 220 1657 220 1659 220 4673 220 1674 220 1673 220 4561 220 1690 220 1689 220 4552 220 1736 220 1729 220 4713 220 1738 220 1737 220 4712 220 1737 220 1741 220 4474 220 1726 220 1721 220 4566 220 1762 220 1761 220 4444 220 1707 220 1705 220 4716 220 1770 220 1769 220 4588 220 1701 220 1697 220 4562 220 1729 220 1742 220 4560 220 1673 220 1676 220 4547 220 1655 220 1649 220 4569 220 1793 220 1657 220 4654 220 1794 220 1665 220 4568 220 1649 220 1793 220 4707 220 1788 220 1785 220 4571 220 1777 220 1781 220 4638 220 1779 220 1777 220 4489 220 1764 220 1713 220 4572 220 1713 220 1762 220 4565 220 1761 220 1790 220 4598 220 1651 220 1650 220 4573 220 1650 220 1656 220 4574 220 1658 220 1660 220 4460 220 1715 220 1714 220 4440 220 1723 220 1722 220 4442 220 1731 220 1730 220 4699 220 1745 220 1738 220 4727 220 1730 220 1749 220 4575 220 1714 220 1763 220 4703 220 1786 220 1690 220 4496 220 1773 220 1770 220 4726 220 1722 220 1750 220 4674 220 1666 220 1670 220 4601 220 1746 220 1747 220 4500 220 1792 220 1754 220 4477 220 1706 220 1709 220 4570 220 1665 220 1658 220 4443 509 4593 509 4442 509 4447 3110 4596 3110 4446 3110 4448 509 4449 509 4599 509 4451 3111 4450 3111 4600 3111 4452 509 4602 509 4600 509 4457 3112 4456 3112 4606 3112 4608 509 4458 509 4609 509 4610 509 4461 509 4611 509 4617 509 4467 509 4466 509 4618 509 4619 509 4469 509 4622 509 4473 509 4623 509 4622 3113 4472 3113 4474 3113 4618 509 4468 509 4625 509 4627 3114 4626 3114 4476 3114 4452 509 4484 509 4634 509 4485 509 4635 509 4476 509 4636 509 4486 509 4446 509 4637 509 4487 509 4638 509 4637 3115 4457 3115 4607 3115 4642 3116 4492 3116 4491 3116 4443 509 4498 509 4648 509 4650 3117 4649 3117 4499 3117 4617 3118 4651 3118 4501 3118 4504 3119 4641 3119 4491 3119 4656 3120 4655 3120 4505 3120 4657 509 4507 509 4658 509 4659 509 4660 509 4510 509 4447 509 4597 509 4511 509 4512 3121 4475 3121 4625 3121 4656 3122 4506 3122 4667 3122 4669 509 4520 509 4521 509 4669 3123 4671 3123 4522 3123 4657 3124 4616 3124 4466 3124 4524 509 4672 509 4523 509 4659 3125 4509 3125 4674 3125 4642 3126 4675 3126 4526 3126 4679 509 4680 509 4533 509 4684 3127 4537 3127 4536 3127 4538 509 4539 509 4686 509 4542 3128 4683 3128 4536 3128 4538 509 4685 509 4648 509 4691 3129 4661 3129 4511 3129 4679 3130 4532 3130 4526 3130 4693 3131 4546 3131 4694 3131 4484 3132 4670 3132 4521 3132 4698 3133 4550 3133 4549 3133 4512 3134 4662 3134 4499 3134 4542 3135 4690 3135 4606 3135 4485 509 4508 509 4658 509 4554 3136 4517 3136 4667 3136 4691 509 4543 509 4501 509 4704 3137 4697 3137 4549 3137 4705 509 4556 509 4510 509 4706 3138 4557 3138 4533 3138 4693 3139 4545 3139 4686 3139 4684 509 4459 509 4609 509 4704 3140 4555 3140 4611 3140 4524 3141 4673 3141 4560 3141 4706 3142 4710 3142 4561 3142 4698 509 4624 509 4474 509 4636 509 4709 509 4560 509 4504 3143 4654 3143 4570 3143 4720 509 4571 509 4505 509 4720 509 4488 509 4638 509 4448 3144 4598 3144 4573 3144 4705 509 4723 509 4573 509 4724 3145 4574 3145 4599 3145 4610 509 4460 509 4575 509 4577 3146 4592 3146 4442 3146 4577 3147 4727 3147 4623 3147 4608 509 4725 509 4575 509 4554 509 4703 509 4561 509 4525 3148 4674 3148 4523 3148 4451 3149 4601 3149 4694 3149 4650 509 4500 509 4522 509 4627 509 4477 509 4469 509 4724 509 4719 509 4570 509 4632 3150 4482 3150 4519 3150 4529 3151 4722 3151 4528 3151</p>
        </triangles>
      </mesh>
    </geometry>
  </library_geometries>
  <library_visual_scenes>
    <visual_scene id="Scene" name="Scene">
      <node id="Light_001" name="Light.001" type="NODE">
        <matrix sid="transform">-0.2908646 -0.7711008 0.5663933 4.076245 0.9551712 -0.1998833 0.2183913 1.005454 -0.05518912 0.6045247 0.7946723 5.903862 0 0 0 1</matrix>
        <instance_light url="#Light_001-light"/>
      </node>
      <node id="Camera_001" name="Camera.001" type="NODE">
        <matrix sid="transform">0.6859207 -0.3240135 0.6515582 7.358891 0.7276763 0.3054209 -0.6141704 -6.925791 -4.01133e-9 0.8953956 0.4452714 4.958309 0 0 0 1</matrix>
        <instance_camera url="#Camera_001-camera"/>
      </node>
      <node id="RASM-1004-V1_000_10IN_ROUND_SHELL_MODEL" name="RASM-1004-V1.000_10IN ROUND SHELL MODEL" type="NODE">
        <matrix sid="transform">1 0 0 0 0 1 0 0 0 0 1 0 0 0 0 1</matrix>
        <node id="Wheel" name="Wheel" type="NODE">
          <matrix sid="transform">7.54979e-8 1.50996e-7 -1 -1.09207e-7 0 -1 -1.50996e-7 2.00959e-6 -1 1.13999e-14 -7.54979e-8 -0.0794988 0 0 0 1</matrix>
          <instance_geometry url="#ID4-mesh" name="Wheel">
            <bind_material>
              <technique_common>
                <instance_material symbol="Black-material" target="#Black-material"/>
              </technique_common>
            </bind_material>
          </instance_geometry>
        </node>
        <node id="Line" name="Line" type="NODE">
          <matrix sid="transform">7.54979e-8 1.50996e-7 -1 -1.09207e-7 0 -1 -1.50996e-7 2.00959e-6 -1 1.13999e-14 -7.54979e-8 -0.0794988 0 0 0 1</matrix>
          <instance_geometry url="#ID4_001-mesh" name="Line">
            <bind_material>
              <technique_common>
                <instance_material symbol="ALUMINUM-material" target="#ALUMINUM-material"/>
              </technique_common>
            </bind_material>
          </instance_geometry>
        </node>
      </node>
      <node id="Camera" name="Camera" type="NODE">
        <matrix sid="transform">0.6859207 -0.3240135 0.6515582 7.358891 0.7276763 0.3054208 -0.6141704 -6.925791 0 0.8953956 0.4452714 4.958309 0 0 0 1</matrix>
        <instance_camera url="#Camera-camera"/>
      </node>
      <node id="Light" name="Light" type="NODE">
        <matrix sid="transform">-0.2908646 -0.7711008 0.5663932 4.076245 0.9551712 -0.1998834 0.2183912 1.005454 -0.05518906 0.6045247 0.7946723 5.903862 0 0 0 1</matrix>
        <instance_light url="#Light-light"/>
      </node>
    </visual_scene>
  </library_visual_scenes>
  <scene>
    <instance_visual_scene url="#Scene"/>
  </scene>
</COLLADA>